subset,token,label,document_count,document_rate,log_odds
all,jp,0,346,0.014149593096961517,4.743675731619882
all,2d,0,201,0.008219850325113484,4.1955855849257615
all,whatsapp,0,178,0.007279270437165174,4.073436898324405
all,kontol,1,22,0.005506883604505632,4.01426882267044
all,order,0,149,0.006093321882795567,3.894950782836039
all,200,0,118,0.004825583772952194,3.6612926793552627
all,night,0,105,0.004293951662372715,3.5445566153200176
all,shio,0,707,0.02891260785997628,3.5259571109292502
all,hubungi,0,102,0.004171267329162066,3.5155852576967828
all,colok,0,97,0.003966793440477651,3.4653695320380464
all,balai,0,96,0.003925898662740768,3.4550191064199067
all,medali,0,95,0.003885003885003885,3.4445612912878953
all,usk,0,94,0.003844109107267002,3.4339938257125366
all,bego,1,21,0.005256570713391739,3.3806863501403415
all,adadikompas,0,86,0.003516950885371938,3.3452100451009312
all,kerbau,0,84,0.003435161329898172,3.3217350923579505
all,twins,0,84,0.003435161329898172,3.3217350923579505
all,bbfs,0,83,0.003394266552161289,3.309789155793358
all,loker,0,82,0.003353371774424406,3.297699784902634
all,size,0,81,0.003312476996687523,3.285463481117853
all,prediksijitu,0,80,0.00327158221895064,3.27307661628804
all,meuseuraya,0,79,0.003230687441213757,3.2605354261996045
all,polresta,0,78,0.003189792663476874,3.24783600368665
all,smk,0,78,0.003189792663476874,3.24783600368665
all,harimau,0,77,0.003148897885739991,3.2349742912995914
all,kuala,0,230,0.00940579887948309,3.232380932913404
all,bma,0,74,0.003026213552529342,3.1953724185486365
all,ditampung,0,74,0.003026213552529342,3.1953724185486365
all,pengecut,1,29,0.007259073842302879,3.1880902054333795
all,industri,0,70,0.00286263444158181,3.1400219441658925
all,set,0,68,0.002780844886108044,3.1111609603002544
all,penyelundupan,0,63,0.002576370997423629,3.0351621020682673
all,sahh,0,63,0.002576370997423629,3.0351621020682673
all,fakultas,0,62,0.002535476219686746,3.0192477541829317
all,kecamatan,0,185,0.007565533881323355,3.013328975747921
all,diskon,0,61,0.002494581441949863,3.0030773752048296
all,resultchina,0,61,0.002494581441949863,3.0030773752048296
all,rohani,0,61,0.002494581441949863,3.0030773752048296
all,ajnn,0,59,0.002412791886476097,2.969934523889435
all,prediksitogel,0,176,0.007197480881691408,2.9632241877187746
all,asiangames,0,58,0.002371897108739214,2.9529439735690968
all,lowongankerja,0,57,0.002331002331002331,2.9356611768083023
all,match,0,57,0.002331002331002331,2.9356611768083023
all,kombes,0,56,0.002290107553265448,2.918075878511242
all,tangerang,0,56,0.002290107553265448,2.918075878511242
all,banda,0,275,0.011246063877642825,2.901501127571162
all,humas,0,55,0.002249212775528565,2.900177274145085
all,diperkirakan,0,54,0.002208317997791682,2.8819539697756067
all,mendatang,0,54,0.002208317997791682,2.8819539697756067
all,andi,0,53,0.002167423220054799,2.863393938401806
all,togelakurat,0,53,0.002167423220054799,2.863393938401806
all,fajar,0,52,0.002126528442317916,2.844484472170447
all,kemenkumham,0,52,0.002126528442317916,2.844484472170447
all,zhejiang,0,52,0.002126528442317916,2.844484472170447
all,3d,0,156,0.006379585326953748,2.8421358524165146
all,kadrun,1,50,0.012515644555694618,2.827663908182249
all,bandarjudi,0,51,0.002085633664581033,2.825212129995033
all,masyaallah,0,51,0.002085633664581033,2.825212129995033
all,penganiayaan,0,51,0.002085633664581033,2.825212129995033
all,rohingnya,0,51,0.002085633664581033,2.825212129995033
all,truk,0,51,0.002085633664581033,2.825212129995033
all,result,0,547,0.022369443422075003,2.8103805172976877
all,nurul,0,50,0.00204473888684415,2.805562680038442
all,pentingnya,0,50,0.00204473888684415,2.805562680038442
all,bangsat,1,33,0.008260325406758449,2.8052241625348224
all,bagas,0,49,0.002003844109107267,2.7855210364427325
all,togelindonesia,0,49,0.002003844109107267,2.7855210364427325
all,twin,0,49,0.002003844109107267,2.7855210364427325
all,situstogel,0,48,0.001962949331370384,2.7650711896015214
all,sport,0,48,0.001962949331370384,2.7650711896015214
all,bangladesh,0,143,0.005847953216374269,2.754879986247324
all,irwan,0,47,0.001922054553633501,2.744196129167575
all,jusuf,0,47,0.001922054553633501,2.744196129167575
all,rangkaian,0,47,0.001922054553633501,2.744196129167575
all,joo,0,139,0.005684374105426737,2.7264450278871037
all,66,0,46,0.001881159775896618,2.7228777588679467
all,atlet,0,46,0.001881159775896618,2.7228777588679467
all,mewujudkan,0,46,0.001881159775896618,2.7228777588679467
all,pemindahan,0,46,0.001881159775896618,2.7228777588679467
all,sari,0,46,0.001881159775896618,2.7228777588679467
all,setiawan,0,46,0.001881159775896618,2.7228777588679467
all,win,0,46,0.001881159775896618,2.7228777588679467
all,togel,0,410,0.01676685887212203,2.717600942468017
all,tolol,1,61,0.015269086357947435,2.7063253971216543
all,maranatha,0,45,0.001840264998159735,2.7010968020578217
all,part,0,45,0.001840264998159735,2.7010968020578217
all,pengamanan,0,45,0.001840264998159735,2.7010968020578217
all,premium,0,45,0.001840264998159735,2.7010968020578217
all,r32,0,45,0.001840264998159735,2.7010968020578217
all,semifinal,0,45,0.001840264998159735,2.7010968020578217
all,togelslot,0,45,0.001840264998159735,2.7010968020578217
all,toto,0,45,0.001840264998159735,2.7010968020578217
all,pasaran,0,224,0.009160430213061793,2.6946821156436753
all,achmad,0,44,0.001799370220422852,2.678832696777879
all,lokerjakarta,0,44,0.001799370220422852,2.678832696777879
all,penyebab,0,44,0.001799370220422852,2.678832696777879
all,pusing,0,44,0.001799370220422852,2.678832696777879
all,pesek,1,54,0.013516896120150187,2.665471270700847
all,kanwil,0,43,0.001758475442685969,2.6560634788834383
all,pembayaran,0,43,0.001758475442685969,2.6560634788834383
all,4d,0,128,0.005234531550321024,2.643857028321668
all,hangzhou2022,0,42,0.001717580664949086,2.6327656515804985
all,single,0,42,0.001717580664949086,2.6327656515804985
all,termurah,0,42,0.001717580664949086,2.6327656515804985
all,wang,0,42,0.001717580664949086,2.6327656515804985
all,wijaya,0,42,0.001717580664949086,2.6327656515804985
all,wahabi,1,63,0.01576971214017522,2.627488131222136
all,jackpot,0,208,0.008506113769271665,2.6200853155865125
all,iblis,1,25,0.006257822277847309,2.6137628058397366
all,59,0,41,0.001676685887212203,2.608914039426181
all,email,0,41,0.001676685887212203,2.608914039426181
all,jo,0,41,0.001676685887212203,2.608914039426181
all,rank,0,41,0.001676685887212203,2.608914039426181
all,rian,0,41,0.001676685887212203,2.608914039426181
all,university,0,41,0.001676685887212203,2.608914039426181
all,180,0,40,0.00163579110947532,2.5844816245193596
all,54,0,40,0.00163579110947532,2.5844816245193596
all,edi,0,40,0.00163579110947532,2.5844816245193596
all,rafael,0,40,0.00163579110947532,2.5844816245193596
all,sahabatganjar,0,40,0.00163579110947532,2.5844816245193596
all,kesesatan,1,22,0.005506883604505632,2.578857065554902
all,laknat,1,22,0.005506883604505632,2.578857065554902
all,apresiasi,0,39,0.001594896331738437,2.5594393622090785
all,erick,0,39,0.001594896331738437,2.5594393622090785
all,hyuk,0,39,0.001594896331738437,2.5594393622090785
all,kompol,0,39,0.001594896331738437,2.5594393622090785
all,meter,0,39,0.001594896331738437,2.5594393622090785
all,zoom,0,39,0.001594896331738437,2.5594393622090785
all,togeljitu,0,116,0.004743794217478428,2.5453262091392324
all,bambang,0,38,0.001554001554001554,2.533755973168539
all,court,0,38,0.001554001554001554,2.533755973168539
all,indra,0,38,0.001554001554001554,2.533755973168539
all,lhokseumawe,0,38,0.001554001554001554,2.533755973168539
all,parade,0,38,0.001554001554001554,2.533755973168539
all,resulttogel,0,38,0.001554001554001554,2.533755973168539
all,tembakan,0,38,0.001554001554001554,2.533755973168539
all,togelsydney,0,38,0.001554001554001554,2.533755973168539
all,togelterbaik,0,38,0.001554001554001554,2.533755973168539
all,tokopedia,0,38,0.001554001554001554,2.533755973168539
all,rafidhah,1,23,0.005757196495619525,2.531581186749864
all,prize,0,189,0.007729112992270887,2.5237519551895944
all,pengeluaran,0,335,0.013699750541855805,2.51273247886874
all,ana,0,37,0.001513106776264671,2.5073977081014873
all,bandartogel,0,37,0.001513106776264671,2.5073977081014873
all,beritausk,0,37,0.001513106776264671,2.5073977081014873
all,hangat,0,37,0.001513106776264671,2.5073977081014873
all,inatogel,0,37,0.001513106776264671,2.5073977081014873
all,kalla,0,37,0.001513106776264671,2.5073977081014873
all,keluarantogel,0,37,0.001513106776264671,2.5073977081014873
all,klasemen,0,37,0.001513106776264671,2.5073977081014873
all,kurniawan,0,37,0.001513106776264671,2.5073977081014873
all,memantau,0,37,0.001513106776264671,2.5073977081014873
all,penghargaan,0,37,0.001513106776264671,2.5073977081014873
all,perunggu,0,37,0.001513106776264671,2.5073977081014873
all,s1,0,37,0.001513106776264671,2.5073977081014873
all,struick,0,37,0.001513106776264671,2.5073977081014873
all,ups,0,37,0.001513106776264671,2.5073977081014873
all,goblok,1,26,0.006508135168961202,2.492056497724028
all,sekte,1,20,0.0050062578222778474,2.485263434527586
all,63,0,36,0.001472211998527788,2.480328080641277
all,bayu,0,36,0.001472211998527788,2.480328080641277
all,fashion,0,36,0.001472211998527788,2.480328080641277
all,finansial,0,36,0.001472211998527788,2.480328080641277
all,kg,0,36,0.001472211998527788,2.480328080641277
all,livecasino,0,36,0.001472211998527788,2.480328080641277
all,prince,0,36,0.001472211998527788,2.480328080641277
all,resulthariini,0,36,0.001472211998527788,2.480328080641277
all,snack,0,36,0.001472211998527788,2.480328080641277
all,wei,0,36,0.001472211998527788,2.480328080641277
all,ahlul,1,25,0.006257822277847309,2.4533383277261342
all,77,0,35,0.001431317220790905,2.4525075631391586
all,arenagacor,0,35,0.001431317220790905,2.4525075631391586
all,bbtogel,0,35,0.001431317220790905,2.4525075631391586
all,diutamakan,0,35,0.001431317220790905,2.4525075631391586
all,jasmani,0,35,0.001431317220790905,2.4525075631391586
all,jayagaming,0,35,0.001431317220790905,2.4525075631391586
all,junior,0,35,0.001431317220790905,2.4525075631391586
all,kapolresta,0,35,0.001431317220790905,2.4525075631391586
all,mama,0,35,0.001431317220790905,2.4525075631391586
all,mer,0,35,0.001431317220790905,2.4525075631391586
all,nagaslot,0,35,0.001431317220790905,2.4525075631391586
all,ongkir,0,35,0.001431317220790905,2.4525075631391586
all,rektor,0,35,0.001431317220790905,2.4525075631391586
all,skala,0,35,0.001431317220790905,2.4525075631391586
all,slotgacorhariini,0,35,0.001431317220790905,2.4525075631391586
all,togelcasino,0,35,0.001431317220790905,2.4525075631391586
all,yanto,0,35,0.001431317220790905,2.4525075631391586
all,tempodunia,0,105,0.004293951662372715,2.4456940137594874
all,pemenang,0,379,0.015499120762278657,2.436869851894647
all,lowongan,0,104,0.004253056884635832,2.4361290627997882
all,laknatullah,1,82,0.020525657071339173,2.425585285412384
all,asep,0,34,0.001390422443054022,2.4238932389771723
all,keunggulan,0,34,0.001390422443054022,2.4238932389771723
all,market,0,34,0.001390422443054022,2.4238932389771723
all,menembak,0,34,0.001390422443054022,2.4238932389771723
all,nations,0,34,0.001390422443054022,2.4238932389771723
all,seharian,0,34,0.001390422443054022,2.4238932389771723
all,sudirman,0,34,0.001390422443054022,2.4238932389771723
all,tanjung,0,34,0.001390422443054022,2.4238932389771723
all,upacara,0,34,0.001390422443054022,2.4238932389771723
all,137,0,33,0.001349527665317139,2.3944384037299233
all,cn,0,33,0.001349527665317139,2.3944384037299233
all,collegelife,0,33,0.001349527665317139,2.3944384037299233
all,cox,0,33,0.001349527665317139,2.3944384037299233
all,des,0,33,0.001349527665317139,2.3944384037299233
all,kapolsek,0,33,0.001349527665317139,2.3944384037299233
all,menampilkan,0,33,0.001349527665317139,2.3944384037299233
all,nusa,0,33,0.001349527665317139,2.3944384037299233
all,pembelian,0,33,0.001349527665317139,2.3944384037299233
all,sedikitnya,0,33,0.001349527665317139,2.3944384037299233
all,silaturahmi,0,33,0.001349527665317139,2.3944384037299233
all,sungai,0,33,0.001349527665317139,2.3944384037299233
all,tergila,0,33,0.001349527665317139,2.3944384037299233
all,thohir,0,33,0.001349527665317139,2.3944384037299233
all,salafi,1,30,0.007509386733416771,2.373971768334857
all,pemeriksaan,0,97,0.003966793440477651,2.3665069304775157
all,dikonfirmasi,0,32,0.001308632887580256,2.364092105870476
all,episode,0,32,0.001308632887580256,2.364092105870476
all,fancy,0,32,0.001308632887580256,2.364092105870476
all,menjalin,0,32,0.001308632887580256,2.364092105870476
all,review,0,32,0.001308632887580256,2.364092105870476
all,street,0,32,0.001308632887580256,2.364092105870476
all,terdampak,0,32,0.001308632887580256,2.364092105870476
all,prediksichina,0,161,0.006584059215638163,2.3627147894324056
all,ular,0,96,0.003925898662740768,2.3561565048593764
all,angkajitu,0,95,0.003885003885003885,2.3456986897273646
all,aqidah,1,24,0.006007509386733416,2.3415812868620853
all,81,0,31,0.001267738109843373,2.3327986156789526
all,aziz,0,31,0.001267738109843373,2.3327986156789526
all,edukasi,0,31,0.001267738109843373,2.3327986156789526
all,hendra,0,31,0.001267738109843373,2.3327986156789526
all,kapolres,0,31,0.001267738109843373,2.3327986156789526
all,kebudayaan,0,31,0.001267738109843373,2.3327986156789526
all,likeforlike,0,31,0.001267738109843373,2.3327986156789526
all,lokertangerang,0,31,0.001267738109843373,2.3327986156789526
all,onana,0,31,0.001267738109843373,2.3327986156789526
all,seller,0,31,0.001267738109843373,2.3327986156789526
all,stok,0,31,0.001267738109843373,2.3327986156789526
all,suasana,0,31,0.001267738109843373,2.3327986156789526
all,togel4d,0,31,0.001267738109843373,2.3327986156789526
all,yi,0,31,0.001267738109843373,2.3327986156789526
all,aswaja,1,22,0.005506883604505632,2.32741989772716
all,sufi,1,22,0.005506883604505632,2.32741989772716
all,asean,0,93,0.003803214329530119,2.3244517750438245
all,prediksi,0,457,0.01868891342575553,2.3163810981624606
all,album,0,30,0.00122684333210649,2.300496808449875
all,bertempat,0,30,0.00122684333210649,2.300496808449875
all,desain,0,30,0.00122684333210649,2.300496808449875
all,dibenarkan,0,30,0.00122684333210649,2.300496808449875
all,get,0,30,0.00122684333210649,2.300496808449875
all,iii,0,30,0.00122684333210649,2.300496808449875
all,jkt48sayonaracrawl,0,30,0.00122684333210649,2.300496808449875
all,menentukan,0,30,0.00122684333210649,2.300496808449875
all,nyak,0,30,0.00122684333210649,2.300496808449875
all,pelatihan,0,30,0.00122684333210649,2.300496808449875
all,rahman,0,30,0.00122684333210649,2.300496808449875
all,ringan,0,30,0.00122684333210649,2.300496808449875
all,seri,0,30,0.00122684333210649,2.300496808449875
all,singapore,0,30,0.00122684333210649,2.300496808449875
all,tercapai,0,30,0.00122684333210649,2.300496808449875
all,teuku,0,30,0.00122684333210649,2.300496808449875
all,timor,0,30,0.00122684333210649,2.300496808449875
all,togelhk,0,30,0.00122684333210649,2.300496808449875
all,togelsgp,0,30,0.00122684333210649,2.300496808449875
all,voli,0,30,0.00122684333210649,2.300496808449875
all,ʟɪɴᴋ,0,30,0.00122684333210649,2.300496808449875
all,promo,0,89,0.003639635218582587,2.2805647772671818
all,arief,0,29,0.001185948554369607,2.2671194448478524
all,bara,0,29,0.001185948554369607,2.2671194448478524
all,dimas,0,29,0.001185948554369607,2.2671194448478524
all,esports,0,29,0.001185948554369607,2.2671194448478524
all,halim,0,29,0.001185948554369607,2.2671194448478524
all,iwan,0,29,0.001185948554369607,2.2671194448478524
all,jagoan,0,29,0.001185948554369607,2.2671194448478524
all,libur,0,29,0.001185948554369607,2.2671194448478524
all,lokerjabodetabek,0,29,0.001185948554369607,2.2671194448478524
all,memfasilitasi,0,29,0.001185948554369607,2.2671194448478524
all,muh,0,29,0.001185948554369607,2.2671194448478524
all,posts,0,29,0.001185948554369607,2.2671194448478524
all,salmasalsabil,0,29,0.001185948554369607,2.2671194448478524
all,shanghai,0,29,0.001185948554369607,2.2671194448478524
all,tangkis,0,29,0.001185948554369607,2.2671194448478524
all,ujarnya,0,142,0.005807058438637386,2.2367698177824975
all,sumatera,0,85,0.003476056107635055,2.2346783681191433
all,utamakan,0,85,0.003476056107635055,2.2346783681191433
all,2013,0,28,0.001145053776632724,2.23259232711854
all,76,0,28,0.001145053776632724,2.23259232711854
all,arifin,0,28,0.001145053776632724,2.23259232711854
all,deli,0,28,0.001145053776632724,2.23259232711854
all,disambut,0,28,0.001145053776632724,2.23259232711854
all,huawei,0,28,0.001145053776632724,2.23259232711854
all,iqbal,0,28,0.001145053776632724,2.23259232711854
all,jonatan,0,28,0.001145053776632724,2.23259232711854
all,kelurahan,0,28,0.001145053776632724,2.23259232711854
all,lokerbekasi,0,28,0.001145053776632724,2.23259232711854
all,lokerbogor,0,28,0.001145053776632724,2.23259232711854
all,mengangkat,0,28,0.001145053776632724,2.23259232711854
all,rcti,0,28,0.001145053776632724,2.23259232711854
all,reskrim,0,28,0.001145053776632724,2.23259232711854
all,sepenuh,0,28,0.001145053776632724,2.23259232711854
all,kelinci,0,84,0.003435161329898172,2.2228724907974198
all,prediksitogelhariini,0,84,0.003435161329898172,2.2228724907974198
all,pools,0,249,0.010182799656483867,2.2130100522297873
all,games,0,248,0.010141904878746983,2.208952668796746
all,sambut,0,82,0.003353371774424406,2.1988371833421034
all,aditya,0,27,0.001104158998895841,2.196833304534469
all,awak,0,27,0.001104158998895841,2.196833304534469
all,badmintonindonesia,0,27,0.001104158998895841,2.196833304534469
all,business,0,27,0.001104158998895841,2.196833304534469
all,christie,0,27,0.001104158998895841,2.196833304534469
all,close,0,27,0.001104158998895841,2.196833304534469
all,dafatoto,0,27,0.001104158998895841,2.196833304534469
all,dian,0,27,0.001104158998895841,2.196833304534469
all,form,0,27,0.001104158998895841,2.196833304534469
all,gerejakatolik,0,27,0.001104158998895841,2.196833304534469
all,grand,0,27,0.001104158998895841,2.196833304534469
all,iom,0,27,0.001104158998895841,2.196833304534469
all,jawabarat,0,27,0.001104158998895841,2.196833304534469
all,jong,0,27,0.001104158998895841,2.196833304534469
all,keuskupan,0,27,0.001104158998895841,2.196833304534469
all,lamar,0,27,0.001104158998895841,2.196833304534469
all,lokerindonesia,0,27,0.001104158998895841,2.196833304534469
all,mbahtoto,0,27,0.001104158998895841,2.196833304534469
all,merinding,0,27,0.001104158998895841,2.196833304534469
all,mini,0,27,0.001104158998895841,2.196833304534469
all,pelatih,0,27,0.001104158998895841,2.196833304534469
all,peneliti,0,27,0.001104158998895841,2.196833304534469
all,perahu,0,27,0.001104158998895841,2.196833304534469
all,ponsel,0,27,0.001104158998895841,2.196833304534469
all,rekan,0,27,0.001104158998895841,2.196833304534469
all,taipe,0,27,0.001104158998895841,2.196833304534469
all,ws,0,27,0.001104158998895841,2.196833304534469
all,asiangames2022,0,80,0.00327158221895064,2.1742140147275095
all,bb,0,80,0.00327158221895064,2.1742140147275095
all,bisex,1,20,0.0050062578222778474,2.162326386187415
all,paus,0,79,0.003230687441213757,2.161672824639074
all,auto,0,26,0.001063264221158958,2.1597510945481413
all,chang,0,26,0.001063264221158958,2.1597510945481413
all,dimulainya,0,26,0.001063264221158958,2.1597510945481413
all,heri,0,26,0.001063264221158958,2.1597510945481413
all,kupang,0,26,0.001063264221158958,2.1597510945481413
all,liburan,0,26,0.001063264221158958,2.1597510945481413
all,lokercikarang,0,26,0.001063264221158958,2.1597510945481413
all,meriah,0,26,0.001063264221158958,2.1597510945481413
all,palang,0,26,0.001063264221158958,2.1597510945481413
all,pragmaticplay,0,26,0.001063264221158958,2.1597510945481413
all,prediksiakurat,0,26,0.001063264221158958,2.1597510945481413
all,prediksihk,0,26,0.001063264221158958,2.1597510945481413
all,rivro,0,26,0.001063264221158958,2.1597510945481413
all,roma,0,26,0.001063264221158958,2.1597510945481413
all,romo,0,26,0.001063264221158958,2.1597510945481413
all,safe,0,26,0.001063264221158958,2.1597510945481413
all,salazar,0,26,0.001063264221158958,2.1597510945481413
all,sea,0,26,0.001063264221158958,2.1597510945481413
all,serdang,0,26,0.001063264221158958,2.1597510945481413
all,sogotogel,0,26,0.001063264221158958,2.1597510945481413
all,surakarta,0,26,0.001063264221158958,2.1597510945481413
all,syukur,0,26,0.001063264221158958,2.1597510945481413
all,tertera,0,26,0.001063264221158958,2.1597510945481413
all,wati,0,26,0.001063264221158958,2.1597510945481413
all,indah,0,78,0.003189792663476874,2.1489734021261193
all,jungkook,0,78,0.003189792663476874,2.1489734021261193
all,perdagangan,0,77,0.003148897885739991,2.1361116897390606
all,syi,1,33,0.008260325406758449,2.1317886004977673
all,made,0,76,0.003108003108003108,2.1230834719371483
all,andika,0,25,0.001022369443422075,2.121243877090243
all,andy,0,25,0.001022369443422075,2.121243877090243
all,armada,0,25,0.001022369443422075,2.121243877090243
all,berkomunikasi,0,25,0.001022369443422075,2.121243877090243
all,bilateral,0,25,0.001022369443422075,2.121243877090243
all,bocorantogel,0,25,0.001022369443422075,2.121243877090243
all,chicken,0,25,0.001022369443422075,2.121243877090243
all,cut,0,25,0.001022369443422075,2.121243877090243
all,daftarkampoengtoto,0,25,0.001022369443422075,2.121243877090243
all,demam,0,25,0.001022369443422075,2.121243877090243
all,deretan,0,25,0.001022369443422075,2.121243877090243
all,draw,0,25,0.001022369443422075,2.121243877090243
all,flokitoto,0,25,0.001022369443422075,2.121243877090243
all,infeksi,0,25,0.001022369443422075,2.121243877090243
all,jangka,0,25,0.001022369443422075,2.121243877090243
all,jhon,0,25,0.001022369443422075,2.121243877090243
all,kampoengtoto,0,25,0.001022369443422075,2.121243877090243
all,kampungtoto,0,25,0.001022369443422075,2.121243877090243
all,kebebasan,0,25,0.001022369443422075,2.121243877090243
all,lokerbandung,0,25,0.001022369443422075,2.121243877090243
all,menara4d,0,25,0.001022369443422075,2.121243877090243
all,pbs,0,25,0.001022369443422075,2.121243877090243
all,poltar,0,25,0.001022369443422075,2.121243877090243
all,satuan,0,25,0.001022369443422075,2.121243877090243
all,silver,0,25,0.001022369443422075,2.121243877090243
all,stock,0,25,0.001022369443422075,2.121243877090243
all,unrwa,0,25,0.001022369443422075,2.121243877090243
all,widya,0,25,0.001022369443422075,2.121243877090243
all,ybni,0,25,0.001022369443422075,2.121243877090243
all,bid,1,35,0.008760951188986232,2.1117272304033574
all,siti,0,75,0.003067108330266225,2.109884366767294
all,togelonline,0,175,0.007156586103954525,2.109702490476876
all,bali,0,125,0.005111847217110375,2.1090345634592733
all,hangzhou,0,125,0.005111847217110375,2.1090345634592733
all,comment,0,74,0.003026213552529342,2.096509816988106
all,neraka,1,37,0.009261576971214018,2.0941993486207995
all,pantai,0,123,0.005030057661636609,2.0928877562245383
all,www,0,221,0.009037745879851143,2.0928175854280067
all,munafik,1,25,0.006257822277847309,2.0853680233029084
all,dokumen,0,73,0.002985318774792459,2.0829550805941417
all,akbp,0,24,0.000981474665685192,2.08119760752218
all,audio,0,24,0.000981474665685192,2.08119760752218
all,aulia,0,24,0.000981474665685192,2.08119760752218
all,beregu,0,24,0.000981474665685192,2.08119760752218
all,berjumlah,0,24,0.000981474665685192,2.08119760752218
all,berlayar,0,24,0.000981474665685192,2.08119760752218
all,bimas,0,24,0.000981474665685192,2.08119760752218
all,chan,0,24,0.000981474665685192,2.08119760752218
all,commissioner,0,24,0.000981474665685192,2.08119760752218
all,diluncurkan,0,24,0.000981474665685192,2.08119760752218
all,diturunkan,0,24,0.000981474665685192,2.08119760752218
all,edy,0,24,0.000981474665685192,2.08119760752218
all,expo,0,24,0.000981474665685192,2.08119760752218
all,fan,0,24,0.000981474665685192,2.08119760752218
all,inabadminton,0,24,0.000981474665685192,2.08119760752218
all,instalike,0,24,0.000981474665685192,2.08119760752218
all,institut,0,24,0.000981474665685192,2.08119760752218
all,kampongtoto,0,24,0.000981474665685192,2.08119760752218
all,konsultasi,0,24,0.000981474665685192,2.08119760752218
all,makeup,0,24,0.000981474665685192,2.08119760752218
all,mengizinkan,0,24,0.000981474665685192,2.08119760752218
all,nasution,0,24,0.000981474665685192,2.08119760752218
all,pilihanku,0,24,0.000981474665685192,2.08119760752218
all,pmi,0,24,0.000981474665685192,2.08119760752218
all,prediksisgp,0,24,0.000981474665685192,2.08119760752218
all,score,0,24,0.000981474665685192,2.08119760752218
all,stadium,0,24,0.000981474665685192,2.08119760752218
all,sugeng,0,24,0.000981474665685192,2.08119760752218
all,tbtb,0,24,0.000981474665685192,2.08119760752218
all,temuan,0,24,0.000981474665685192,2.08119760752218
all,van,0,24,0.000981474665685192,2.08119760752218
all,yuan,0,24,0.000981474665685192,2.08119760752218
all,sesat,1,31,0.007759699624530663,2.0697261029714165
all,badminton,0,120,0.00490737332842596,2.068173058659968
all,september,0,544,0.02224675908886435,2.065656871360302
all,boneka,1,23,0.005757196495619525,2.055871062601267
all,togelterpercaya,0,71,0.002903529219318693,2.055285094667724
all,ganda,0,70,0.00286263444158181,2.041159342605362
all,asian,0,256,0.010469063100642047,2.040047786665219
all,armando,0,23,0.000940579887948309,2.0394839778428513
all,aspirasi,0,23,0.000940579887948309,2.0394839778428513
all,cabor,0,23,0.000940579887948309,2.0394839778428513
all,case,0,23,0.000940579887948309,2.0394839778428513
all,dede,0,23,0.000940579887948309,2.0394839778428513
all,denmark,0,23,0.000940579887948309,2.0394839778428513
all,diperiksa,0,23,0.000940579887948309,2.0394839778428513
all,fitria,0,23,0.000940579887948309,2.0394839778428513
all,friday,0,23,0.000940579887948309,2.0394839778428513
all,gregoria,0,23,0.000940579887948309,2.0394839778428513
all,harapannya,0,23,0.000940579887948309,2.0394839778428513
all,here,0,23,0.000940579887948309,2.0394839778428513
all,jir,0,23,0.000940579887948309,2.0394839778428513
all,jojo,0,23,0.000940579887948309,2.0394839778428513
all,kategori,0,23,0.000940579887948309,2.0394839778428513
all,leste,0,23,0.000940579887948309,2.0394839778428513
all,lok,0,23,0.000940579887948309,2.0394839778428513
all,lokerkarawang,0,23,0.000940579887948309,2.0394839778428513
all,lokersmk,0,23,0.000940579887948309,2.0394839778428513
all,marzuki,0,23,0.000940579887948309,2.0394839778428513
all,mongolia,0,23,0.000940579887948309,2.0394839778428513
all,mula,0,23,0.000940579887948309,2.0394839778428513
all,multisportevent,0,23,0.000940579887948309,2.0394839778428513
all,mutiara,0,23,0.000940579887948309,2.0394839778428513
all,nation,0,23,0.000940579887948309,2.0394839778428513
all,patah,0,23,0.000940579887948309,2.0394839778428513
all,pengunjung,0,23,0.000940579887948309,2.0394839778428513
all,penjabat,0,23,0.000940579887948309,2.0394839778428513
all,profesi,0,23,0.000940579887948309,2.0394839778428513
all,psi,0,23,0.000940579887948309,2.0394839778428513
all,republic,0,23,0.000940579887948309,2.0394839778428513
all,ridho,0,23,0.000940579887948309,2.0394839778428513
all,riski,0,23,0.000940579887948309,2.0394839778428513
all,sananta,0,23,0.000940579887948309,2.0394839778428513
all,seniman,0,23,0.000940579887948309,2.0394839778428513
all,seo,0,23,0.000940579887948309,2.0394839778428513
all,shopeeid,0,23,0.000940579887948309,2.0394839778428513
all,style,0,23,0.000940579887948309,2.0394839778428513
all,tulungagung,0,23,0.000940579887948309,2.0394839778428513
all,wawan,0,23,0.000940579887948309,2.0394839778428513
all,yong,0,23,0.000940579887948309,2.0394839778428513
all,zakat,0,23,0.000940579887948309,2.0394839778428513
all,anis,1,36,0.009011264080100126,2.0323909694645894
all,tunggal,0,68,0.002780844886108044,2.0122983587397236
all,angka,0,293,0.011982169876906718,2.0090223039160517
all,bandartogelonline,0,67,0.002739950108371161,1.997551204214781
all,130,0,22,0.000899685110211426,1.9959579342998155
all,160,0,22,0.000899685110211426,1.9959579342998155
all,170,0,22,0.000899685110211426,1.9959579342998155
all,anto,0,22,0.000899685110211426,1.9959579342998155
all,aula,0,22,0.000899685110211426,1.9959579342998155
all,balee,0,22,0.000899685110211426,1.9959579342998155
all,banten,0,22,0.000899685110211426,1.9959579342998155
all,bayangin,0,22,0.000899685110211426,1.9959579342998155
all,boru,0,22,0.000899685110211426,1.9959579342998155
all,bronze,0,22,0.000899685110211426,1.9959579342998155
all,capres2024,0,22,0.000899685110211426,1.9959579342998155
all,direktorat,0,22,0.000899685110211426,1.9959579342998155
all,disabilitas,0,22,0.000899685110211426,1.9959579342998155
all,domisili,0,22,0.000899685110211426,1.9959579342998155
all,elite,0,22,0.000899685110211426,1.9959579342998155
all,gading,0,22,0.000899685110211426,1.9959579342998155
all,garuda,0,22,0.000899685110211426,1.9959579342998155
all,hyung,0,22,0.000899685110211426,1.9959579342998155
all,ilham,0,22,0.000899685110211426,1.9959579342998155
all,john,0,22,0.000899685110211426,1.9959579342998155
all,keberangkatan,0,22,0.000899685110211426,1.9959579342998155
all,koleksi,0,22,0.000899685110211426,1.9959579342998155
all,mendampingi,0,22,0.000899685110211426,1.9959579342998155
all,menkopolhukam,0,22,0.000899685110211426,1.9959579342998155
all,narasumber,0,22,0.000899685110211426,1.9959579342998155
all,paroki,0,22,0.000899685110211426,1.9959579342998155
all,peace,0,22,0.000899685110211426,1.9959579342998155
all,pembuatan,0,22,0.000899685110211426,1.9959579342998155
all,research,0,22,0.000899685110211426,1.9959579342998155
all,satelit,0,22,0.000899685110211426,1.9959579342998155
all,shesar,0,22,0.000899685110211426,1.9959579342998155
all,spotlight,0,22,0.000899685110211426,1.9959579342998155
all,stabil,0,22,0.000899685110211426,1.9959579342998155
all,statistik,0,22,0.000899685110211426,1.9959579342998155
all,studio,0,22,0.000899685110211426,1.9959579342998155
all,tipis,0,22,0.000899685110211426,1.9959579342998155
all,transisi,0,22,0.000899685110211426,1.9959579342998155
all,ukraine,0,22,0.000899685110211426,1.9959579342998155
all,universitassyiahkuala,0,22,0.000899685110211426,1.9959579342998155
all,visa,0,22,0.000899685110211426,1.9959579342998155
all,won,0,22,0.000899685110211426,1.9959579342998155
all,yadi,0,22,0.000899685110211426,1.9959579342998155
all,han,0,66,0.002699055330634278,1.982584548544374
all,bodoh,1,73,0.018272841051314142,1.9580436886047083
all,mahar,0,64,0.002617265775160512,1.9519658188208273
all,net,0,64,0.002617265775160512,1.9519658188208273
all,140,0,21,0.000858790332474543,1.9504546302950891
all,angkasa,0,21,0.000858790332474543,1.9504546302950891
all,anna,0,21,0.000858790332474543,1.9504546302950891
all,arya,0,21,0.000858790332474543,1.9504546302950891
all,cny,0,21,0.000858790332474543,1.9504546302950891
all,commerce,0,21,0.000858790332474543,1.9504546302950891
all,didapat,0,21,0.000858790332474543,1.9504546302950891
all,dikelola,0,21,0.000858790332474543,1.9504546302950891
all,durian,0,21,0.000858790332474543,1.9504546302950891
all,erupsi,0,21,0.000858790332474543,1.9504546302950891
all,gea,0,21,0.000858790332474543,1.9504546302950891
all,ho,0,21,0.000858790332474543,1.9504546302950891
all,host,0,21,0.000858790332474543,1.9504546302950891
all,hot,0,21,0.000858790332474543,1.9504546302950891
all,imlek,0,21,0.000858790332474543,1.9504546302950891
all,infia,0,21,0.000858790332474543,1.9504546302950891
all,inforesult,0,21,0.000858790332474543,1.9504546302950891
all,inisiatif,0,21,0.000858790332474543,1.9504546302950891
all,intan,0,21,0.000858790332474543,1.9504546302950891
all,kebun,0,21,0.000858790332474543,1.9504546302950891
all,kerasa,0,21,0.000858790332474543,1.9504546302950891
all,magang,0,21,0.000858790332474543,1.9504546302950891
all,melamar,0,21,0.000858790332474543,1.9504546302950891
all,melintasi,0,21,0.000858790332474543,1.9504546302950891
all,memasukkan,0,21,0.000858790332474543,1.9504546302950891
all,mengisi,0,21,0.000858790332474543,1.9504546302950891
all,offline,0,21,0.000858790332474543,1.9504546302950891
all,pemulihan,0,21,0.000858790332474543,1.9504546302950891
all,penyelenggaraan,0,21,0.000858790332474543,1.9504546302950891
all,pgsoft,0,21,0.000858790332474543,1.9504546302950891
all,pratiwi,0,21,0.000858790332474543,1.9504546302950891
all,ps,0,21,0.000858790332474543,1.9504546302950891
all,raihan,0,21,0.000858790332474543,1.9504546302950891
all,ram,0,21,0.000858790332474543,1.9504546302950891
all,roy,0,21,0.000858790332474543,1.9504546302950891
all,rudi,0,21,0.000858790332474543,1.9504546302950891
all,scan,0,21,0.000858790332474543,1.9504546302950891
all,semi,0,21,0.000858790332474543,1.9504546302950891
all,sihombing,0,21,0.000858790332474543,1.9504546302950891
all,suhu,0,21,0.000858790332474543,1.9504546302950891
all,turis,0,21,0.000858790332474543,1.9504546302950891
all,ulamankridukungganjar,0,21,0.000858790332474543,1.9504546302950891
all,uskup,0,21,0.000858790332474543,1.9504546302950891
all,videoberita,0,21,0.000858790332474543,1.9504546302950891
all,viralvideos,0,21,0.000858790332474543,1.9504546302950891
all,weh,0,21,0.000858790332474543,1.9504546302950891
all,wts,0,21,0.000858790332474543,1.9504546302950891
all,38,0,63,0.002576370997423629,1.9362995005077366
all,pratama,0,63,0.002576370997423629,1.9362995005077366
all,mendarat,0,105,0.004293951662372715,1.9346180144288436
all,penampungan,0,146,0.005970637549584918,1.9278951163671092
all,39,0,62,0.002535476219686746,1.9203851526224012
all,polres,0,62,0.002535476219686746,1.9203851526224012
all,provinsi,0,186,0.007606428659060238,1.9193829358070684
all,togelchina,0,143,0.005847953216374269,1.9070813120271912
all,naga,0,102,0.004171267329162066,1.9056466568056085
all,55,0,61,0.002494581441949863,1.9042147736442991
all,dibutuhkan,0,61,0.002494581441949863,1.9042147736442991
all,gaming,0,61,0.002494581441949863,1.9042147736442991
all,147,0,20,0.00081789555473766,1.902785653053056
all,19th,0,20,0.00081789555473766,1.902785653053056
all,240,0,20,0.00081789555473766,1.902785653053056
all,93,0,20,0.00081789555473766,1.902785653053056
all,adrian,0,20,0.00081789555473766,1.902785653053056
all,ag22,0,20,0.00081789555473766,1.902785653053056
all,ananda,0,20,0.00081789555473766,1.902785653053056
all,ardi,0,20,0.00081789555473766,1.902785653053056
all,badmintalkasiangames2022,0,20,0.00081789555473766,1.902785653053056
all,beauty,0,20,0.00081789555473766,1.902785653053056
all,berkas,0,20,0.00081789555473766,1.902785653053056
all,catholic,0,20,0.00081789555473766,1.902785653053056
all,dejan,0,20,0.00081789555473766,1.902785653053056
all,donat,0,20,0.00081789555473766,1.902785653053056
all,eps,0,20,0.00081789555473766,1.902785653053056
all,geopolitik,0,20,0.00081789555473766,1.902785653053056
all,gnfi,0,20,0.00081789555473766,1.902785653053056
all,huang,0,20,0.00081789555473766,1.902785653053056
all,idr,0,20,0.00081789555473766,1.902785653053056
all,imbuhnya,0,20,0.00081789555473766,1.902785653053056
all,iptu,0,20,0.00081789555473766,1.902785653053056
all,jongdae,0,20,0.00081789555473766,1.902785653053056
all,kandidat,0,20,0.00081789555473766,1.902785653053056
all,katolikindonesia,0,20,0.00081789555473766,1.902785653053056
all,kejadiannya,0,20,0.00081789555473766,1.902785653053056
all,kep,0,20,0.00081789555473766,1.902785653053056
all,kepastian,0,20,0.00081789555473766,1.902785653053056
all,komisioner,0,20,0.00081789555473766,1.902785653053056
all,koridor,0,20,0.00081789555473766,1.902785653053056
all,liu,0,20,0.00081789555473766,1.902785653053056
all,mamat,0,20,0.00081789555473766,1.902785653053056
all,mateen,0,20,0.00081789555473766,1.902785653053056
all,menemui,0,20,0.00081789555473766,1.902785653053056
all,nova,0,20,0.00081789555473766,1.902785653053056
all,oppo,0,20,0.00081789555473766,1.902785653053056
all,pembinaan,0,20,0.00081789555473766,1.902785653053056
all,pencarian,0,20,0.00081789555473766,1.902785653053056
all,petrus,0,20,0.00081789555473766,1.902785653053056
all,posted,0,20,0.00081789555473766,1.902785653053056
all,protection,0,20,0.00081789555473766,1.902785653053056
all,registrasi,0,20,0.00081789555473766,1.902785653053056
all,season,0,20,0.00081789555473766,1.902785653053056
all,senja,0,20,0.00081789555473766,1.902785653053056
all,sepeda,0,20,0.00081789555473766,1.902785653053056
all,setop,0,20,0.00081789555473766,1.902785653053056
all,sumatra,0,20,0.00081789555473766,1.902785653053056
all,susanto,0,20,0.00081789555473766,1.902785653053056
all,tertinggal,0,20,0.00081789555473766,1.902785653053056
all,togelsingapore,0,20,0.00081789555473766,1.902785653053056
all,tsunami,0,20,0.00081789555473766,1.902785653053056
all,wayan,0,20,0.00081789555473766,1.902785653053056
all,zheng,0,20,0.00081789555473766,1.902785653053056
all,idiot,1,24,0.006007509386733416,1.9018872345521418
all,biadab,1,69,0.017271589486858575,1.901065796748922
all,myanmar,0,142,0.005807058438637386,1.9000471428930081
all,kec,0,59,0.002412791886476097,1.8710719223289038
all,kualifikasi,0,98,0.004007688218214534,1.865676158966053
all,final,0,137,0.005602584549952971,1.8641234174506878
all,sunnah,1,52,0.013016270337922404,1.8614977440955531
all,kpd,1,25,0.006257822277847309,1.8569047216813974
all,gampong,0,58,0.002371897108739214,1.8540813720085663
all,jt,0,58,0.002371897108739214,1.8540813720085663
all,kristus,0,58,0.002371897108739214,1.8540813720085663
all,menangani,0,58,0.002371897108739214,1.8540813720085663
all,operator,0,58,0.002371897108739214,1.8540813720085663
all,perairan,0,58,0.002371897108739214,1.8540813720085663
all,pertumbuhan,0,58,0.002371897108739214,1.8540813720085663
all,tour,0,58,0.002371897108739214,1.8540813720085663
all,sunni,1,36,0.009011264080100126,1.847002851173283
all,pribumi,1,40,0.010012515644555695,1.8450715048164266
all,bosku,0,57,0.002331002331002331,1.8367985752477713
all,chen,0,57,0.002331002331002331,1.8367985752477713
all,original,0,57,0.002331002331002331,1.8367985752477713
all,pidie,0,57,0.002331002331002331,1.8367985752477713
all,lokasi,0,281,0.011491432544064123,1.823429024030962
all,indonesian,0,56,0.002290107553265448,1.8192132769507112
all,gratis,0,168,0.006870322659796344,1.8171459886932497
all,com,0,462,0.018893387314439947,1.8153791415330554
all,04,0,93,0.003803214329530119,1.813375775713181
all,muslimin,1,55,0.01376720901126408,1.8053154318219056
all,juara,0,164,0.006706743548848812,1.792956115333371
all,ajang,0,54,0.002208317997791682,1.783091368215076
all,halo,0,54,0.002208317997791682,1.783091368215076
all,kunci,0,54,0.002208317997791682,1.783091368215076
all,pasokan,0,54,0.002208317997791682,1.783091368215076
all,tai,1,22,0.005506883604505632,1.7726999213617523
all,kabupaten,0,231,0.009446693657219974,1.7691616531138739
all,logika,1,19,0.004755944931163955,1.7655426854939182
all,bunga,0,53,0.002167423220054799,1.7645313368412754
all,filipina,0,53,0.002167423220054799,1.7645313368412754
all,togelhariini,0,53,0.002167423220054799,1.7645313368412754
all,togelovers,0,53,0.002167423220054799,1.7645313368412754
all,komunis,1,40,0.010012515644555695,1.7484473881420666
all,aceh,0,770,0.03148897885739991,1.7483930607999771
all,49,0,52,0.002126528442317916,1.7456218706099165
all,perak,0,52,0.002126528442317916,1.7456218706099165
all,wd,0,52,0.002126528442317916,1.7456218706099165
all,admin,0,121,0.004948268106162843,1.7397559900737538
all,membenci,1,24,0.006007509386733416,1.7380940743038162
all,adat,0,51,0.002085633664581033,1.7263495284345025
all,diselenggarakan,0,51,0.002085633664581033,1.7263495284345025
all,masters,0,51,0.002085633664581033,1.7263495284345025
all,newsupdate,0,51,0.002085633664581033,1.7263495284345025
all,saputra,0,51,0.002085633664581033,1.7263495284345025
all,desember,0,255,0.010428168322905164,1.72544396170003
all,nurani,1,18,0.004505632040050063,1.712647506193744
all,sampah,1,18,0.004505632040050063,1.712647506193744
all,delapan,0,50,0.00204473888684415,1.7067000784779116
all,jatinangor,0,50,0.00204473888684415,1.7067000784779116
all,stasiun,0,50,0.00204473888684415,1.7067000784779116
all,thoifur,0,50,0.00204473888684415,1.7067000784779116
all,kekuasaan,1,41,0.010262828535669587,1.7062774057836967
all,dajjal,1,33,0.008260325406758449,1.7055884999184603
all,wahai,1,30,0.007509386733416771,1.694517402487282
all,kafir,1,36,0.009011264080100126,1.6905963748862605
all,pasar,0,115,0.004702899439741545,1.6888657038646684
all,78,0,49,0.002003844109107267,1.6866584348822018
all,kesulitan,0,49,0.002003844109107267,1.6866584348822018
all,menikah,0,49,0.002003844109107267,1.6866584348822018
all,rekomendasi,0,49,0.002003844109107267,1.6866584348822018
all,hadits,1,21,0.005256570713391739,1.6852722819727324
all,32,0,113,0.004621109884267779,1.6713158398675556
all,kaum,1,130,0.03254067584480601,1.6695438646496794
all,informasi,0,336,0.013740645319592688,1.666947948744574
all,52,0,48,0.001962949331370384,1.666208588040991
all,diamankan,0,48,0.001962949331370384,1.666208588040991
all,imigrasi,0,48,0.001962949331370384,1.666208588040991
all,keluaranchina,0,48,0.001962949331370384,1.666208588040991
all,penempatan,0,48,0.001962949331370384,1.666208588040991
all,pol,0,48,0.001962949331370384,1.666208588040991
all,puncak,0,48,0.001962949331370384,1.666208588040991
all,santo,0,48,0.001962949331370384,1.666208588040991
all,sarapan,0,48,0.001962949331370384,1.666208588040991
all,scarlett,0,48,0.001962949331370384,1.666208588040991
all,tes,0,48,0.001962949331370384,1.666208588040991
all,januari,0,240,0.00981474665685192,1.6643219605114477
all,kelakuan,1,23,0.005757196495619525,1.6590874055792362
all,fitnah,1,45,0.011264080100125156,1.6587921427667738
all,etika,1,34,0.00851063829787234,1.658170866487121
all,pki,1,22,0.005506883604505632,1.652432804656462
all,daftar,0,268,0.010959800433484644,1.6501959385308986
all,asiangames2023,0,47,0.001922054553633501,1.6453335276070444
all,bogor,0,47,0.001922054553633501,1.6453335276070444
all,dwi,0,47,0.001922054553633501,1.6453335276070444
all,halloween,0,47,0.001922054553633501,1.6453335276070444
all,ktt,0,47,0.001922054553633501,1.6453335276070444
all,ly,0,47,0.001922054553633501,1.6453335276070444
all,menyediakan,0,47,0.001922054553633501,1.6453335276070444
all,pembukaan,0,47,0.001922054553633501,1.6453335276070444
all,sabang,0,47,0.001922054553633501,1.6453335276070444
all,skor,0,47,0.001922054553633501,1.6453335276070444
all,uzbekistan,0,47,0.001922054553633501,1.6453335276070444
all,yusuf,0,47,0.001922054553633501,1.6453335276070444
all,j,0,78,0.003189792663476874,1.6378974027954758
all,slotonline,0,78,0.003189792663476874,1.6378974027954758
all,ngaku,1,25,0.006257822277847309,1.6376055207537026
all,perjalanan,0,109,0.004457530773320247,1.6352732305426356
all,09,0,202,0.008260745102850365,1.6341251482705887
all,ah,1,94,0.023529411764705882,1.6300276686720123
all,chinese,0,384,0.015703594650963073,1.6274304956426597
all,beijing,0,77,0.003148897885739991,1.625035690408417
all,ginting,0,46,0.001881159775896618,1.6240151573074162
all,serambinews,0,46,0.001881159775896618,1.6240151573074162
all,terbang,0,46,0.001881159775896618,1.6240151573074162
all,ajaran,1,48,0.012015018773466833,1.6168627152986688
all,lengkap,0,137,0.005602584549952971,1.612558488166468
all,maulid,1,17,0.00425531914893617,1.6091572951912525
all,pt,0,136,0.005561689772216088,1.6052180621909986
all,bit,0,45,0.001840264998159735,1.6022342004972912
all,diharapkan,0,45,0.001840264998159735,1.6022342004972912
all,hoaks,0,45,0.001840264998159735,1.6022342004972912
all,jk,0,45,0.001840264998159735,1.6022342004972912
all,membayar,0,45,0.001840264998159735,1.6022342004972912
all,nam,0,45,0.001840264998159735,1.6022342004972912
all,universitas,0,374,0.015294646873594242,1.6006631323818608
all,penanganan,0,75,0.003067108330266225,1.5988083674366504
all,salaf,1,20,0.0050062578222778474,1.5973463910870445
all,korea,0,312,0.012759170653907496,1.5919596356288215
all,posting,1,19,0.004755944931163955,1.5871307310247937
all,angkatogel,0,74,0.003026213552529342,1.5854338176574623
all,dini,0,74,0.003026213552529342,1.5854338176574623
all,gojo,0,74,0.003026213552529342,1.5854338176574623
all,moral,1,37,0.009261576971214018,1.5825955465717645
all,paris,0,44,0.001799370220422852,1.5799700952173479
all,prediksitogelchina,0,44,0.001799370220422852,1.5799700952173479
all,rupiah,0,44,0.001799370220422852,1.5799700952173479
all,tantangan,0,44,0.001799370220422852,1.5799700952173479
all,tercatat,0,44,0.001799370220422852,1.5799700952173479
all,berbagi,0,73,0.002985318774792459,1.5718790812634982
all,chat,0,73,0.002985318774792459,1.5718790812634982
all,07,0,102,0.004171267329162066,1.5689239819161194
all,kim,0,101,0.004130372551425183,1.5590789174305308
all,nkri,1,43,0.010763454317897372,1.5586526778742325
all,melaksanakan,0,72,0.002944423997055576,1.5581392213604388
all,800,0,43,0.001758475442685969,1.5572008773229078
all,dibantu,0,43,0.001758475442685969,1.5572008773229078
all,jitu,0,43,0.001758475442685969,1.5572008773229078
all,nego,0,43,0.001758475442685969,1.5572008773229078
all,pemilih,0,43,0.001758475442685969,1.5572008773229078
all,pengawasan,0,43,0.001758475442685969,1.5572008773229078
all,tumbuh,0,43,0.001758475442685969,1.5572008773229078
all,kesehatan,0,300,0.0122684333210649,1.5523059745637926
all,jama,1,16,0.004005006257822278,1.5500654757400045
all,toko,0,100,0.0040894777736883,1.5491367837450662
all,33,0,71,0.002903529219318693,1.5442090953370804
all,25,0,268,0.010959800433484644,1.5387194882701245
all,2020,0,42,0.001717580664949086,1.533903050019968
all,berkoordinasi,0,42,0.001717580664949086,1.533903050019968
all,cod,0,42,0.001717580664949086,1.533903050019968
all,dewi,0,42,0.001717580664949086,1.533903050019968
all,jppaus,0,42,0.001717580664949086,1.533903050019968
all,mengatasi,0,42,0.001717580664949086,1.533903050019968
all,profile,0,42,0.001717580664949086,1.533903050019968
all,syair,0,42,0.001717580664949086,1.533903050019968
all,vaksin,0,42,0.001717580664949086,1.533903050019968
all,bencana,0,70,0.00286263444158181,1.530083343274718
all,pemahaman,1,26,0.006508135168961202,1.5243129360623124
all,ayam,0,97,0.003966793440477651,1.518708256257383
all,lee,0,69,0.002821739663844927,1.5157563755285481
all,2024menangtotal,0,41,0.001676685887212203,1.5100514378656504
all,88,0,41,0.001676685887212203,1.5100514378656504
all,gameonline,0,41,0.001676685887212203,1.5100514378656504
all,livedrawchina,0,41,0.001676685887212203,1.5100514378656504
all,mark,0,41,0.001676685887212203,1.5100514378656504
all,meeting,0,41,0.001676685887212203,1.5100514378656504
all,nomorsatu,0,41,0.001676685887212203,1.5100514378656504
all,totolotre,0,41,0.001676685887212203,1.5100514378656504
all,tranding,0,41,0.001676685887212203,1.5100514378656504
all,msh,1,19,0.004755944931163955,1.508577243998833
all,ummat,1,16,0.004005006257822278,1.504562171735278
all,21,0,420,0.01717580664949086,1.5025632046227897
all,kehadiran,0,68,0.002780844886108044,1.50122235940908
all,menanggapi,0,68,0.002780844886108044,1.50122235940908
all,berkuasa,1,26,0.006508135168961202,1.4964924185601947
all,join,0,122,0.004989162883899726,1.4964289261360824
all,jinping,0,67,0.002739950108371161,1.4864752048841374
all,poin,0,67,0.002739950108371161,1.4864752048841374
all,pos,0,67,0.002739950108371161,1.4864752048841374
all,jln,0,40,0.00163579110947532,1.4856190229588289
all,karakter,0,40,0.00163579110947532,1.4856190229588289
all,kecam,0,40,0.00163579110947532,1.4856190229588289
all,lengkapnya,0,40,0.00163579110947532,1.4856190229588289
all,rahayu,0,40,0.00163579110947532,1.4856190229588289
all,rezekibaru,0,40,0.00163579110947532,1.4856190229588289
all,unggulan,0,40,0.00163579110947532,1.4856190229588289
all,situs,0,174,0.007115691326217642,1.484156101608557
all,propaganda,1,39,0.009762202753441803,1.479079510087206
all,forum,0,93,0.003803214329530119,1.4766531008236918
all,ibnu,1,24,0.006007509386733416,1.4739519298747852
all,victor,0,66,0.002699055330634278,1.4715085492137303
all,putri,0,171,0.006993006993006993,1.4666910731762532
all,umar,1,28,0.007008760951188986,1.4656021977291442
all,pendukung,1,82,0.020525657071339173,1.4653894081149426
all,menampung,0,118,0.004825583772952194,1.4630664742903794
all,م,1,23,0.005757196495619525,1.4614823063837818
all,ayu,0,39,0.001594896331738437,1.4605767606485478
all,datachina,0,39,0.001594896331738437,1.4605767606485478
all,import,0,39,0.001594896331738437,1.4605767606485478
all,parahyangan,0,39,0.001594896331738437,1.4605767606485478
all,pesisir,0,39,0.001594896331738437,1.4605767606485478
all,sederajat,0,39,0.001594896331738437,1.4605767606485478
all,sobatgaming,0,39,0.001594896331738437,1.4605767606485478
all,tri,0,39,0.001594896331738437,1.4605767606485478
all,yara,0,39,0.001594896331738437,1.4605767606485478
all,37,0,65,0.002658160552897395,1.4563157404207754
all,kambing,0,65,0.002658160552897395,1.4563157404207754
all,komitmen,0,65,0.002658160552897395,1.4563157404207754
all,nana,0,65,0.002658160552897395,1.4563157404207754
all,29,0,195,0.007974481658692184,1.455305507820987
all,israelterorrist,1,27,0.006758448060075094,1.4546743613069797
all,biaya,0,143,0.005847953216374269,1.4545951235110302
all,syiah,1,264,0.06608260325406759,1.4511392777386722
all,bani,1,24,0.006007509386733416,1.4453376057127987
all,swt,1,24,0.006007509386733416,1.4453376057127987
all,kartu,0,90,0.00368052999631947,1.4439183726356455
all,produksi,0,90,0.00368052999631947,1.4439183726356455
all,9,0,597,0.02441418230891915,1.443092765193682
all,credit,0,64,0.002617265775160512,1.4408898194901836
all,kapal,0,294,0.012023064654643601,1.440666124089879
all,top,0,192,0.007851797325481536,1.4397176217769991
all,akal,1,34,0.00851063829787234,1.4370898109680381
all,0813,0,38,0.001554001554001554,1.4348933716080081
all,berminat,0,38,0.001554001554001554,1.4348933716080081
all,bocoranchina,0,38,0.001554001554001554,1.4348933716080081
all,credits,0,38,0.001554001554001554,1.4348933716080081
all,gilaan,0,38,0.001554001554001554,1.4348933716080081
all,ismail,0,38,0.001554001554001554,1.4348933716080081
all,jr,0,38,0.001554001554001554,1.4348933716080081
all,kantong,0,38,0.001554001554001554,1.4348933716080081
all,peralatan,0,38,0.001554001554001554,1.4348933716080081
all,pungkasnya,0,38,0.001554001554001554,1.4348933716080081
all,reserved,0,38,0.001554001554001554,1.4348933716080081
all,shia,0,38,0.001554001554001554,1.4348933716080081
all,teknik,0,38,0.001554001554001554,1.4348933716080081
all,transportasi,0,38,0.001554001554001554,1.4348933716080081
all,kitab,1,40,0.010012515644555695,1.4345763431360707
all,cucu,1,21,0.005256570713391739,1.43367127381596
all,و,1,23,0.005757196495619525,1.4320274711365328
all,00,0,341,0.013945119208277103,1.4298373781366802
all,setan,1,29,0.007259073842302879,1.428758599094741
all,alamat,0,63,0.002576370997423629,1.425223501177093
all,羽毛球,0,63,0.002576370997423629,1.425223501177093
all,배드민턴,0,63,0.002576370997423629,1.425223501177093
all,contact,0,88,0.003598740440845704,1.4214889873011516
all,س,1,14,0.003504380475594493,1.4203512948084027
all,08,0,113,0.004621109884267779,1.4197509105833357
all,paman,1,16,0.004005006257822278,1.4193224985129134
all,alaihi,1,22,0.005506883604505632,1.41774549547468
all,unit,0,87,0.003557845663108821,1.410084187856281
all,arif,0,62,0.002535476219686746,1.4093091532917574
all,berpengalaman,0,37,0.001513106776264671,1.4085351065409566
all,centang,0,37,0.001513106776264671,1.4085351065409566
all,dihadiri,0,37,0.001513106776264671,1.4085351065409566
all,fadia,0,37,0.001513106776264671,1.4085351065409566
all,fransiskus,0,37,0.001513106776264671,1.4085351065409566
all,jarak,0,37,0.001513106776264671,1.4085351065409566
all,kontak,0,37,0.001513106776264671,1.4085351065409566
all,lamaran,0,37,0.001513106776264671,1.4085351065409566
all,mei,0,37,0.001513106776264671,1.4085351065409566
all,respective,0,37,0.001513106776264671,1.4085351065409566
all,sh,0,37,0.001513106776264671,1.4085351065409566
all,spesial,0,37,0.001513106776264671,1.4085351065409566
all,turnamen,0,37,0.001513106776264671,1.4085351065409566
all,wow,0,37,0.001513106776264671,1.4085351065409566
all,per,0,136,0.005561689772216088,1.4042968029590572
all,thailand,0,136,0.005561689772216088,1.4042968029590572
all,slot,0,111,0.004539320328794013,1.4018905003568418
all,etik,1,19,0.004755944931163955,1.4012088936991216
all,sok,1,19,0.004755944931163955,1.4012088936991216
all,chinaopen2023,0,86,0.003516950885371938,1.398548769320268
all,pencalonan,1,15,0.0037546933667083854,1.3982645149281798
all,cerdas,1,32,0.008010012515644555,1.3969074879902117
all,dn,1,13,0.003254067584480601,1.396310177981587
all,ت,1,13,0.003254067584480601,1.396310177981587
all,kiai,0,61,0.002494581441949863,1.3931387743136556
all,tayang,0,61,0.002494581441949863,1.3931387743136556
all,unpar,0,61,0.002494581441949863,1.3931387743136556
all,ayat,1,26,0.006508135168961202,1.3923388746821117
all,selatan,0,423,0.01729849098270151,1.387933640142007
all,syaikh,1,18,0.004505632040050063,1.38284083212826
all,135,0,36,0.001472211998527788,1.3814654790807461
all,67,0,36,0.001472211998527788,1.3814654790807461
all,advokasi,0,36,0.001472211998527788,1.3814654790807461
all,menghantam,0,36,0.001472211998527788,1.3814654790807461
all,ms,0,36,0.001472211998527788,1.3814654790807461
all,perolehan,0,36,0.001472211998527788,1.3814654790807461
all,tas,0,36,0.001472211998527788,1.3814654790807461
all,ina,0,60,0.00245368666421298,1.3767039691704501
all,jateng,0,84,0.003435161329898172,1.3750738165772871
all,sebesar,0,108,0.004416635995583364,1.3744928487860242
all,unhcr,0,227,0.00928311454627244,1.3713250173803826
all,tdk,1,70,0.017521902377972465,1.3663181811326506
all,bulutangkis,0,83,0.003394266552161289,1.3631278800126945
all,kejam,1,29,0.007259073842302879,1.3619443191102325
all,agus,0,59,0.002412791886476097,1.3599959229982603
all,badmintalk,0,59,0.002412791886476097,1.3599959229982603
all,バドミントン,0,59,0.002412791886476097,1.3599959229982603
all,jadikan,1,15,0.0037546933667083854,1.3565508852488506
all,yayasan,0,106,0.004334846440109598,1.355805513623705
all,penguasa,1,20,0.0050062578222778474,1.3544981623068115
all,ن,1,20,0.0050062578222778474,1.3544981623068115
all,akmal,0,35,0.001431317220790905,1.3536449615786281
all,jessica,0,35,0.001431317220790905,1.3536449615786281
all,kewarganegaraan,0,35,0.001431317220790905,1.3536449615786281
all,lantai,0,35,0.001431317220790905,1.3536449615786281
all,merespons,0,35,0.001431317220790905,1.3536449615786281
all,sekjen,0,35,0.001431317220790905,1.3536449615786281
all,semalam,0,35,0.001431317220790905,1.3536449615786281
all,south,0,35,0.001431317220790905,1.3536449615786281
all,well,0,35,0.001431317220790905,1.3536449615786281
all,bukannya,1,13,0.003254067584480601,1.3486412007395538
all,memastikan,0,105,0.004293951662372715,1.3463304102551343
all,47,0,58,0.002371897108739214,1.3430053726779227
all,ekspor,0,58,0.002371897108739214,1.3430053726779227
all,tersangka,0,58,0.002371897108739214,1.3430053726779227
all,kasar,1,16,0.004005006257822278,1.3407690114869524
all,pendukungnya,1,16,0.004005006257822278,1.3407690114869524
all,sektor,0,81,0.003312476996687523,1.33880220533719
all,2023,0,3036,0.1241565452091768,1.3294356457399648
all,desa,0,172,0.007033901770743876,1.3291946927729836
all,r,0,149,0.006093321882795567,1.32849860730832
all,ak,0,57,0.002331002331002331,1.3257225759171278
all,cpns,0,57,0.002331002331002331,1.3257225759171278
all,benci,1,31,0.007759699624530663,1.3257115804985635
all,2014,0,34,0.001390422443054022,1.3250306374166416
all,46,0,34,0.001390422443054022,1.3250306374166416
all,berpotensi,0,34,0.001390422443054022,1.3250306374166416
all,detail,0,34,0.001390422443054022,1.3250306374166416
all,didampingi,0,34,0.001390422443054022,1.3250306374166416
all,eskalasi,0,34,0.001390422443054022,1.3250306374166416
all,herman,0,34,0.001390422443054022,1.3250306374166416
all,leo,0,34,0.001390422443054022,1.3250306374166416
all,pengamat,0,34,0.001390422443054022,1.3250306374166416
all,pengungsirohingya,0,34,0.001390422443054022,1.3250306374166416
all,perempat,0,34,0.001390422443054022,1.3250306374166416
all,saksikan,0,34,0.001390422443054022,1.3250306374166416
all,togelhongkong,0,34,0.001390422443054022,1.3250306374166416
all,yu,0,34,0.001390422443054022,1.3250306374166416
all,new,0,171,0.006993006993006993,1.3233395401384285
all,kuliah,0,125,0.005111847217110375,1.319825700053623
all,madinah,1,12,0.003003754693366708,1.3190980698092416
all,taiwan,0,79,0.003230687441213757,1.3138741504189413
all,otak,1,42,0.010513141426783479,1.31319677762796
all,43,0,56,0.002290107553265448,1.3081372776200677
all,pengembangan,0,56,0.002290107553265448,1.3081372776200677
all,peringkat,0,56,0.002290107553265448,1.3081372776200677
all,ucap,0,56,0.002290107553265448,1.3081372776200677
all,28,0,280,0.01145053776632724,1.3077489186482547
all,pantas,1,16,0.004005006257822278,1.3036868015006249
all,zionisme,1,16,0.004005006257822278,1.3036868015006249
all,menyebutkan,0,123,0.005030057661636609,1.3036788928188878
all,mesin,0,78,0.003189792663476874,1.3011747279059867
all,12,0,864,0.035333087964666915,1.3004087315102113
all,pendidikan,0,233,0.009528483212693738,1.2972702128236666
all,aliran,1,23,0.005757196495619525,1.2964813479046264
all,bazar,0,33,0.001349527665317139,1.2955758021693928
all,jurusan,0,33,0.001349527665317139,1.2955758021693928
all,menangtotal,0,33,0.001349527665317139,1.2955758021693928
all,menawarkan,0,33,0.001349527665317139,1.2955758021693928
all,pgn,0,33,0.001349527665317139,1.2955758021693928
all,power,0,33,0.001349527665317139,1.2955758021693928
all,tenda,0,33,0.001349527665317139,1.2955758021693928
all,young,0,33,0.001349527665317139,1.2955758021693928
all,ر,1,17,0.00425531914893617,1.2924924806384894
all,165,0,55,0.002249212775528565,1.2902386732539106
all,festival,0,55,0.002249212775528565,1.2902386732539106
all,maulana,0,55,0.002249212775528565,1.2902386732539106
all,pj,0,55,0.002249212775528565,1.2902386732539106
all,tampung,0,55,0.002249212775528565,1.2902386732539106
all,2022,0,231,0.009446693657219974,1.2885854379716297
all,fikri,0,77,0.003148897885739991,1.2883130155189277
all,staf,0,77,0.003148897885739991,1.2883130155189277
all,anjing,1,64,0.01602002503128911,1.2848935438363949
all,nazi,1,18,0.004505632040050063,1.2826345435678475
all,24,0,316,0.012922749764855027,1.281066577118432
all,sabtu,0,442,0.018075491759702286,1.2736332224120985
all,koordinasi,0,54,0.002208317997791682,1.2720153688844325
all,rekaman,0,54,0.002208317997791682,1.2720153688844325
all,terancam,0,54,0.002208317997791682,1.2720153688844325
all,dijajah,1,12,0.003003754693366708,1.2714290925672083
all,muak,1,27,0.006758448060075094,1.2699175943484833
all,lgbt,1,159,0.039799749687108886,1.2689791321980064
all,tukang,1,16,0.004005006257822278,1.2679277789165535
all,mahasiswa,0,333,0.013617960986382039,1.2671481796479367
all,58,0,32,0.001308632887580256,1.265229504309945
all,73,0,32,0.001308632887580256,1.265229504309945
all,berpartisipasi,0,32,0.001308632887580256,1.265229504309945
all,chinamasters2023,0,32,0.001308632887580256,1.265229504309945
all,eko,0,32,0.001308632887580256,1.265229504309945
all,ganjaruntuksemua,0,32,0.001308632887580256,1.265229504309945
all,inovasi,0,32,0.001308632887580256,1.265229504309945
all,kangen,0,32,0.001308632887580256,1.265229504309945
all,ketentuan,0,32,0.001308632887580256,1.265229504309945
all,kirimkan,0,32,0.001308632887580256,1.265229504309945
all,memeriksa,0,32,0.001308632887580256,1.265229504309945
all,menyiapkan,0,32,0.001308632887580256,1.265229504309945
all,refugees,0,32,0.001308632887580256,1.265229504309945
all,rizky,0,32,0.001308632887580256,1.265229504309945
all,rp1,0,32,0.001308632887580256,1.265229504309945
all,safaruddin,0,32,0.001308632887580256,1.265229504309945
all,start,0,32,0.001308632887580256,1.265229504309945
all,tradisional,0,32,0.001308632887580256,1.265229504309945
all,ucapnya,0,32,0.001308632887580256,1.265229504309945
all,anak2,1,24,0.006007509386733416,1.2650795172714588
all,jaman,1,24,0.006007509386733416,1.2650795172714588
all,waras,1,32,0.008010012515644555,1.2643526459217023
all,bermain,0,75,0.003067108330266225,1.2620856925471613
all,truncated,1,41,0.010262828535669587,1.2610773424000306
all,negara2,1,13,0.003254067584480601,1.2596118531917921
all,nyerang,1,13,0.003254067584480601,1.2596118531917921
all,000,0,540,0.02208317997791682,1.2582650632437824
all,warna,0,202,0.008260745102850365,1.2538832697598996
all,nabi,1,91,0.022778473091364205,1.2536577313066355
all,anggaran,0,53,0.002167423220054799,1.2534553375106317
all,potensi,0,53,0.002167423220054799,1.2534553375106317
all,studi,0,53,0.002167423220054799,1.2534553375106317
all,sumut,0,53,0.002167423220054799,1.2534553375106317
all,kedatangan,0,138,0.005643479327689854,1.251620051409469
all,ب,1,18,0.004505632040050063,1.2513410533763243
all,zionis,1,463,0.11589486858573217,1.24704967989317
all,natal,0,95,0.003885003885003885,1.246335086223012
all,kebiadaban,1,19,0.004755944931163955,1.2444350995698017
all,live,0,179,0.007320165214902057,1.2438470959001129
all,world,0,179,0.007320165214902057,1.2438470959001129
all,22,0,367,0.015008383429436062,1.2437757839889452
all,cok,1,15,0.0037546933667083854,1.240915188236562
all,الله,1,15,0.0037546933667083854,1.240915188236562
all,cawapres,1,116,0.029036295369211516,1.240847880748358
all,kamis,0,509,0.020815441868073447,1.2381619398126416
all,etnis,0,261,0.010673536989326464,1.2368238012620452
all,lolos,0,94,0.003844109107267002,1.235767620647653
all,ribut,1,11,0.002753441802252816,1.2354654568528083
all,spt,1,11,0.002753441802252816,1.2354654568528083
all,kunjungan,0,73,0.002985318774792459,1.235156406374009
all,85,0,52,0.002126528442317916,1.234545871279273
all,bupati,0,52,0.002126528442317916,1.234545871279273
all,high,0,52,0.002126528442317916,1.234545871279273
all,po,0,52,0.002126528442317916,1.234545871279273
all,56,0,31,0.001267738109843373,1.2339360141184221
all,beruntung,0,31,0.001267738109843373,1.2339360141184221
all,box,0,31,0.001267738109843373,1.2339360141184221
all,dipungut,0,31,0.001267738109843373,1.2339360141184221
all,eurotogel,0,31,0.001267738109843373,1.2339360141184221
all,fresh,0,31,0.001267738109843373,1.2339360141184221
all,gmail,0,31,0.001267738109843373,1.2339360141184221
all,kepritogel,0,31,0.001267738109843373,1.2339360141184221
all,kusuma,0,31,0.001267738109843373,1.2339360141184221
all,lama2,0,31,0.001267738109843373,1.2339360141184221
all,likeforlikes,0,31,0.001267738109843373,1.2339360141184221
all,max,0,31,0.001267738109843373,1.2339360141184221
all,menempatkan,0,31,0.001267738109843373,1.2339360141184221
all,nambah,0,31,0.001267738109843373,1.2339360141184221
all,rio,0,31,0.001267738109843373,1.2339360141184221
all,rombongan,0,31,0.001267738109843373,1.2339360141184221
all,silam,0,31,0.001267738109843373,1.2339360141184221
all,terpisah,0,31,0.001267738109843373,1.2339360141184221
all,urut,0,31,0.001267738109843373,1.2339360141184221
all,keji,1,16,0.004005006257822278,1.2334006611872412
all,ع,1,16,0.004005006257822278,1.2334006611872412
all,dlm,1,47,0.011764705882352941,1.2321688897977487
all,16,0,462,0.018893387314439947,1.2250789651907497
all,chinapools,0,72,0.002944423997055576,1.2214165464709499
all,game,0,72,0.002944423997055576,1.2214165464709499
all,taipei,0,257,0.01050995787837893,1.221243911030004
all,abi,1,18,0.004505632040050063,1.2209947555168768
all,pengungsi,0,1054,0.04310309573467468,1.2193628295631602
all,keterangan,0,113,0.004621109884267779,1.2188296513513945
all,badmintonplayer,0,51,0.002085633664581033,1.215273529103859
all,diboikot,0,51,0.002085633664581033,1.215273529103859
all,unggul,0,51,0.002085633664581033,1.215273529103859
all,seru,0,133,0.005439005439005439,1.2146455946077566
all,jadwal,0,92,0.003762319551793236,1.2142943305451919
all,shopee,0,92,0.003762319551793236,1.2142943305451919
all,link,0,577,0.023596286754181493,1.2140458169213935
all,laut,0,255,0.010428168322905164,1.2133639474032756
all,seolah,1,20,0.0050062578222778474,1.2111925600758
all,yaman,1,83,0.020775969962453067,1.2109317536558621
all,cek,0,335,0.013699750541855805,1.2104385778985298
all,zionist,1,27,0.006758448060075094,1.208551043477616
all,44,0,71,0.002903529219318693,1.2074864204475912
all,bersedia,0,71,0.002903529219318693,1.2074864204475912
all,japan,0,71,0.002903529219318693,1.2074864204475912
all,li,0,71,0.002903529219318693,1.2074864204475912
all,c,0,132,0.005398110661268556,1.2070856454633259
all,rasul,1,15,0.0037546933667083854,1.2051561656524907
all,68,0,30,0.00122684333210649,1.2016342068893444
all,97,0,30,0.00122684333210649,1.2016342068893444
all,buruan,0,30,0.00122684333210649,1.2016342068893444
all,cahaya,0,30,0.00122684333210649,1.2016342068893444
all,ceo,0,30,0.00122684333210649,1.2016342068893444
all,cepet,0,30,0.00122684333210649,1.2016342068893444
all,check,0,30,0.00122684333210649,1.2016342068893444
all,chinaopen,0,30,0.00122684333210649,1.2016342068893444
all,fajri,0,30,0.00122684333210649,1.2016342068893444
all,ir,0,30,0.00122684333210649,1.2016342068893444
all,melewati,0,30,0.00122684333210649,1.2016342068893444
all,mia,0,30,0.00122684333210649,1.2016342068893444
all,mie,0,30,0.00122684333210649,1.2016342068893444
all,penipuan,0,30,0.00122684333210649,1.2016342068893444
all,cnnindonesia,0,50,0.00204473888684415,1.1956240791472679
all,hong,0,50,0.00204473888684415,1.1956240791472679
all,kudus,0,50,0.00204473888684415,1.1956240791472679
all,mengingat,0,50,0.00204473888684415,1.1956240791472679
all,winner,0,50,0.00204473888684415,1.1956240791472679
all,melaju,0,70,0.00286263444158181,1.193360668385229
all,tiket,0,70,0.00286263444158181,1.193360668385229
all,0,0,349,0.014272277430172167,1.19280899952192
all,18,0,349,0.014272277430172167,1.19280899952192
all,jepang,0,228,0.009324009324009324,1.184195211422008
all,gay,1,125,0.03128911138923655,1.1831123002245423
all,minat,0,109,0.004457530773320247,1.1827870420264743
all,menyerah,1,12,0.003003754693366708,1.1823997450194466
all,berlanjut,0,89,0.003639635218582587,1.1812011737628292
all,cewek,1,22,0.005506883604505632,1.1794182476241046
all,rp,0,266,0.010878010878010878,1.1787583501735814
all,champion,0,49,0.002003844109107267,1.1755824355515583
all,ibrahim,0,49,0.002003844109107267,1.1755824355515583
all,inews,0,49,0.002003844109107267,1.1755824355515583
all,kayu,0,49,0.002003844109107267,1.1755824355515583
all,menekankan,0,49,0.002003844109107267,1.1755824355515583
all,permasalahan,0,49,0.002003844109107267,1.1755824355515583
all,series,0,49,0.002003844109107267,1.1755824355515583
all,usai,0,304,0.012432012432012432,1.1749748268207418
all,keren,0,167,0.006829427882059461,1.1741610154670334
all,dibantai,1,14,0.003504380475594493,1.1739726205690233
all,melayu,1,14,0.003504380475594493,1.1739726205690233
all,sallam,1,14,0.003504380475594493,1.1739726205690233
all,pukul,0,206,0.008424324213797898,1.1732744108378896
all,dilaporkan,0,147,0.006011532327321801,1.1715965713172145
all,shallallahu,1,15,0.0037546933667083854,1.1706290479231785
all,dampak,0,88,0.003598740440845704,1.1699240580169317
all,bentrokan,0,29,0.001185948554369607,1.1682568432873217
all,date,0,29,0.001185948554369607,1.1682568432873217
all,ditulis,0,29,0.001185948554369607,1.1682568432873217
all,east,0,29,0.001185948554369607,1.1682568432873217
all,fase,0,29,0.001185948554369607,1.1682568432873217
all,fatih,0,29,0.001185948554369607,1.1682568432873217
all,gold,0,29,0.001185948554369607,1.1682568432873217
all,hyo,0,29,0.001185948554369607,1.1682568432873217
all,le,0,29,0.001185948554369607,1.1682568432873217
all,menduga,0,29,0.001185948554369607,1.1682568432873217
all,pemberian,0,29,0.001185948554369607,1.1682568432873217
all,sports,0,29,0.001185948554369607,1.1682568432873217
all,terdekat,0,29,0.001185948554369607,1.1682568432873217
all,tgk,0,29,0.001185948554369607,1.1682568432873217
all,tips,0,29,0.001185948554369607,1.1682568432873217
all,u23,0,29,0.001185948554369607,1.1682568432873217
all,wujud,0,29,0.001185948554369607,1.1682568432873217
all,yani,0,29,0.001185948554369607,1.1682568432873217
all,bin,1,65,0.016270337922403004,1.1646485879359643
all,ii,0,68,0.002780844886108044,1.164499684519591
all,keuangan,0,68,0.002780844886108044,1.164499684519591
all,makassar,0,68,0.002780844886108044,1.164499684519591
all,kampus,0,107,0.004375741217846481,1.1642711896321207
all,bisu,0,126,0.005152741994847258,1.160498643318175
all,dg,1,54,0.013516896120150187,1.1603986332236804
all,27,0,261,0.010673536989326464,1.1596116930896998
all,day,0,87,0.003557845663108821,1.158519258572061
all,kepolisian,0,87,0.003557845663108821,1.158519258572061
all,amazing,0,48,0.001962949331370384,1.1551325887103472
all,black,0,48,0.001962949331370384,1.1551325887103472
all,ketegangan,0,48,0.001962949331370384,1.1551325887103472
all,persyaratan,0,48,0.001962949331370384,1.1551325887103472
all,tembus,0,48,0.001962949331370384,1.1551325887103472
all,teroris,1,86,0.021526908635794744,1.1537202852798039
all,mkmk,1,25,0.006257822277847309,1.1525812927608452
all,dibuka,0,67,0.002739950108371161,1.149752529994648
all,segini,0,67,0.002739950108371161,1.149752529994648
all,meningkatkan,0,86,0.003516950885371938,1.1469838400360481
all,membuktikan,1,10,0.0025031289111389237,1.1442427376169066
all,menjual,1,10,0.0025031289111389237,1.1442427376169066
all,aslinya,1,11,0.002753441802252816,1.1422931756060488
all,bo,1,11,0.002753441802252816,1.1422931756060488
all,hasil,0,686,0.02805381752750174,1.1420926180368614
all,berdosa,1,14,0.003504380475594493,1.138213597984952
all,ujar,0,161,0.006584059215638163,1.1374357865459463
all,disampaikan,0,142,0.005807058438637386,1.1369047101081282
all,konferensi,0,66,0.002699055330634278,1.1347858743242414
all,negatif,0,47,0.001922054553633501,1.1342575282764007
all,ه,1,20,0.0050062578222778474,1.1341086436579277
all,china,0,4014,0.16415163783584835,1.1340511005886516
all,64,0,28,0.001145053776632724,1.1337297255580094
all,95,0,28,0.001145053776632724,1.1337297255580094
all,adam,0,28,0.001145053776632724,1.1337297255580094
all,afctogel,0,28,0.001145053776632724,1.1337297255580094
all,dior,0,28,0.001145053776632724,1.1337297255580094
all,diserahkan,0,28,0.001145053776632724,1.1337297255580094
all,information,0,28,0.001145053776632724,1.1337297255580094
all,jajan,0,28,0.001145053776632724,1.1337297255580094
all,kaca,0,28,0.001145053776632724,1.1337297255580094
all,kuota,0,28,0.001145053776632724,1.1337297255580094
all,menyesuaikan,0,28,0.001145053776632724,1.1337297255580094
all,mr,0,28,0.001145053776632724,1.1337297255580094
all,naskah,0,28,0.001145053776632724,1.1337297255580094
all,penurunan,0,28,0.001145053776632724,1.1337297255580094
all,petani,0,28,0.001145053776632724,1.1337297255580094
all,pontianak,0,28,0.001145053776632724,1.1337297255580094
all,semalem,0,28,0.001145053776632724,1.1337297255580094
all,sexytogel,0,28,0.001145053776632724,1.1337297255580094
all,tarik,0,28,0.001145053776632724,1.1337297255580094
all,sbg,1,21,0.005256570713391739,1.1337042379144142
all,jabatan,1,22,0.005506883604505632,1.1333512024267245
all,pilih,1,48,0.012015018773466833,1.1317781327681964
all,komunikasi,0,103,0.004212162106898949,1.12618767360224
all,membunuh,1,47,0.011764705882352941,1.1211485681895272
all,membahas,0,65,0.002658160552897395,1.1195930655312862
all,pendaftaran,0,65,0.002658160552897395,1.1195930655312862
all,peningkatan,0,65,0.002658160552897395,1.1195930655312862
all,streaming,0,65,0.002658160552897395,1.1195930655312862
all,program,0,195,0.007974481658692184,1.118080825716568
all,30,0,360,0.01472211998527788,1.1155374319954747
all,minggu,0,578,0.023637181531918374,1.1149779159765785
all,qur,1,26,0.006508135168961202,1.1134265607996652
all,ikan,0,46,0.001881159775896618,1.1129391579767727
all,pemesanan,0,46,0.001881159775896618,1.1129391579767727
all,pln,0,46,0.001881159775896618,1.1129391579767727
all,prediksichinapools,0,46,0.001881159775896618,1.1129391579767727
all,terungkap,0,46,0.001881159775896618,1.1129391579767727
all,unik,0,46,0.001881159775896618,1.1129391579767727
all,19,0,359,0.014681225207540997,1.1127181483226596
all,buzzer,1,20,0.0050062578222778474,1.1096762287511062
all,mirip,1,20,0.0050062578222778474,1.1096762287511062
all,dgn,1,100,0.025031289111389236,1.108348793594828
all,membantai,1,17,0.00425531914893617,1.107104362347183
all,slotgacor,0,101,0.004130372551425183,1.1065927289143698
all,wakil,0,284,0.011614116877274773,1.1062091614880842
all,adu,1,16,0.004005006257822278,1.1060817023051703
all,habib,1,16,0.004005006257822278,1.1060817023051703
all,insyaallah,1,16,0.004005006257822278,1.1060817023051703
all,ي,1,16,0.004005006257822278,1.1060817023051703
all,42,0,64,0.002617265775160512,1.1041671446006944
all,bwf,0,64,0.002617265775160512,1.1041671446006944
all,laga,0,64,0.002617265775160512,1.1041671446006944
all,6,0,554,0.022655706866233184,1.1041145355017568
all,jahat,1,34,0.00851063829787234,1.1026305468405881
all,sdh,1,34,0.00851063829787234,1.1026305468405881
all,menyebarkan,1,12,0.003003754693366708,1.1006398457720548
all,tinggalkan,1,12,0.003003754693366708,1.1006398457720548
all,direktur,0,82,0.003353371774424406,1.0994735798377508
all,energi,0,82,0.003353371774424406,1.0994735798377508
all,bkn,1,11,0.002753441802252816,1.0987671320630132
all,jelek,1,11,0.002753441802252816,1.0987671320630132
all,bertanding,0,27,0.001104158998895841,1.0979707029739383
all,blang,0,27,0.001104158998895841,1.0979707029739383
all,denpasar,0,27,0.001104158998895841,1.0979707029739383
all,dipicu,0,27,0.001104158998895841,1.0979707029739383
all,hadiri,0,27,0.001104158998895841,1.0979707029739383
all,hamid,0,27,0.001104158998895841,1.0979707029739383
all,hsbc,0,27,0.001104158998895841,1.0979707029739383
all,infoterkini,0,27,0.001104158998895841,1.0979707029739383
all,konvoi,0,27,0.001104158998895841,1.0979707029739383
all,kretek,0,27,0.001104158998895841,1.0979707029739383
all,lestari,0,27,0.001104158998895841,1.0979707029739383
all,misa,0,27,0.001104158998895841,1.0979707029739383
all,mlbb,0,27,0.001104158998895841,1.0979707029739383
all,samsung,0,27,0.001104158998895841,1.0979707029739383
all,santoso,0,27,0.001104158998895841,1.0979707029739383
all,seventeen,0,27,0.001104158998895841,1.0979707029739383
all,nu,1,28,0.007008760951188986,1.0971398486794066
all,jaya,0,100,0.0040894777736883,1.0966505952289054
all,petugas,0,100,0.0040894777736883,1.0966505952289054
all,quran,1,27,0.006758448060075094,1.0960378450048165
all,penjajah,1,94,0.023529411764705882,1.0953021565330197
all,selamat,0,741,0.030303030303030304,1.0918335700575363
all,islam,1,248,0.06207759699624531,1.0915486331048898
all,berkumpul,0,45,0.001840264998159735,1.0911582011666476
all,jimin,0,45,0.001840264998159735,1.0911582011666476
all,kedokteran,0,45,0.001840264998159735,1.0911582011666476
all,merilis,0,45,0.001840264998159735,1.0911582011666476
all,tren,0,45,0.001840264998159735,1.0911582011666476
all,orang2,1,34,0.00851063829787234,1.0885047947782258
all,60,0,63,0.002576370997423629,1.088500826287604
all,harian,0,63,0.002576370997423629,1.088500826287604
all,terdiri,0,63,0.002576370997423629,1.088500826287604
all,tersedia,0,63,0.002576370997423629,1.088500826287604
all,tanggal,0,261,0.010673536989326464,1.087901599020851
all,dapatkan,0,81,0.003312476996687523,1.08723727605297
all,v,0,81,0.003312476996687523,1.08723727605297
all,lu,1,111,0.02778473091364205,1.0867328214215664
all,jgn,1,31,0.007759699624530663,1.084669369181647
all,putusan,1,29,0.007259073842302879,1.0817447027733496
all,demo,1,28,0.007008760951188986,1.080149298359069
all,turut,0,134,0.005479900216742322,1.0787979011925797
all,makanya,1,27,0.006758448060075094,1.0784525467077561
all,hanyalah,1,16,0.004005006257822278,1.0766268670579213
all,katakan,1,16,0.004005006257822278,1.0766268670579213
all,titik,0,98,0.004007688218214534,1.0764672955604027
all,park,0,62,0.002535476219686746,1.0725864784022683
all,pengiriman,0,62,0.002535476219686746,1.0725864784022683
all,seakan,1,14,0.003504380475594493,1.0703091166536172
all,camp,0,44,0.001799370220422852,1.0688940958867044
all,cup,0,44,0.001799370220422852,1.0688940958867044
all,ketik,0,44,0.001799370220422852,1.0688940958867044
all,khawatir,0,44,0.001799370220422852,1.0688940958867044
all,respons,0,44,0.001799370220422852,1.0688940958867044
all,rights,0,44,0.001799370220422852,1.0688940958867044
all,washington,0,44,0.001799370220422852,1.0688940958867044
all,palestinegenocide,1,13,0.003254067584480601,1.0665035039161028
all,pembunuhan,1,29,0.007259073842302879,1.0655743237952475
all,bukanlah,1,21,0.005256570713391739,1.0653730874370908
all,50,0,185,0.007565533881323355,1.0651631866384887
all,150,0,79,0.003230687441213757,1.0623092211347214
all,pidana,0,79,0.003230687441213757,1.0623092211347214
all,bbm,1,12,0.003003754693366708,1.0621326283141563
all,nasrani,1,12,0.003003754693366708,1.0621326283141563
all,ك,1,12,0.003003754693366708,1.0621326283141563
all,2015,0,26,0.001063264221158958,1.0608884929876106
all,94,0,26,0.001063264221158958,1.0608884929876106
all,apriyani,0,26,0.001063264221158958,1.0608884929876106
all,berbahasa,0,26,0.001063264221158958,1.0608884929876106
all,bocorantogelchina,0,26,0.001063264221158958,1.0608884929876106
all,dada,0,26,0.001063264221158958,1.0608884929876106
all,dance,0,26,0.001063264221158958,1.0608884929876106
all,deni,0,26,0.001063264221158958,1.0608884929876106
all,departemen,0,26,0.001063264221158958,1.0608884929876106
all,fitri,0,26,0.001063264221158958,1.0608884929876106
all,hongkong,0,26,0.001063264221158958,1.0608884929876106
all,hub,0,26,0.001063264221158958,1.0608884929876106
all,infografik,0,26,0.001063264221158958,1.0608884929876106
all,kewajiban,0,26,0.001063264221158958,1.0608884929876106
all,marapi,0,26,0.001063264221158958,1.0608884929876106
all,memperluas,0,26,0.001063264221158958,1.0608884929876106
all,meningkatnya,0,26,0.001063264221158958,1.0608884929876106
all,mulus,0,26,0.001063264221158958,1.0608884929876106
all,nyatanya,0,26,0.001063264221158958,1.0608884929876106
all,r16,0,26,0.001063264221158958,1.0608884929876106
all,raih,0,26,0.001063264221158958,1.0608884929876106
all,ratu,0,26,0.001063264221158958,1.0608884929876106
all,rayuan,0,26,0.001063264221158958,1.0608884929876106
all,sarana,0,26,0.001063264221158958,1.0608884929876106
all,susu,0,26,0.001063264221158958,1.0608884929876106
all,yunus,0,26,0.001063264221158958,1.0608884929876106
all,mendesak,0,114,0.004662004662004662,1.0603380108276899
all,kuburan,1,19,0.004755944931163955,1.0594142991207929
all,melainkan,1,26,0.006508135168961202,1.0587446206902293
all,rohingya,0,1170,0.04784688995215311,1.058610677605049
all,katolik,0,564,0.023064654643602012,1.0583887356895043
all,36,0,61,0.002494581441949863,1.0564160994241665
all,sandera,0,96,0.003925898662740768,1.0558716421230823
all,yahudi,1,319,0.07984981226533167,1.0546021733621485
all,haji,1,10,0.0025031289111389237,1.051070456370147
all,proses,0,182,0.007442849548112706,1.048734868219074
all,brilliant,0,43,0.001758475442685969,1.0461248779922643
all,dicolok,0,43,0.001758475442685969,1.0461248779922643
all,imbas,0,43,0.001758475442685969,1.0461248779922643
all,kong,0,43,0.001758475442685969,1.0461248779922643
all,layar,0,43,0.001758475442685969,1.0461248779922643
all,pertanian,0,43,0.001758475442685969,1.0461248779922643
all,popular,0,43,0.001758475442685969,1.0461248779922643
all,apaan,1,9,0.0022528160200250315,1.0439084009853519
all,faham,1,9,0.0022528160200250315,1.0439084009853519
all,ق,1,9,0.0022528160200250315,1.0439084009853519
all,dimulai,0,112,0.004580215106530896,1.0426342418970433
all,pertandingan,0,112,0.004580215106530896,1.0426342418970433
all,pihaknya,0,146,0.005970637549584918,1.039338788370139
all,berbuat,1,14,0.003504380475594493,1.0380073094245392
all,sholat,1,14,0.003504380475594493,1.0380073094245392
all,november,0,401,0.016398805872490083,1.0373637904121547
all,semarang,0,77,0.003148897885739991,1.036748086234708
all,golongan,1,19,0.004755944931163955,1.0355626869664756
all,selengkapnya,0,666,0.027235921972764077,1.0319390311565302
all,dakwah,1,18,0.004505632040050063,1.0309515347274405
all,sadar,1,37,0.009261576971214018,1.0290918908367055
all,muka,1,27,0.006758448060075094,1.0274711534544338
all,keamanan,0,212,0.008669692880219196,1.027308133419829
all,senin,0,430,0.01758475442685969,1.0261283851129006
all,mrk,1,17,0.00425531914893617,1.025855952317803
all,kau,1,40,0.010012515644555695,1.0250834881977928
all,min,0,127,0.005193636772584141,1.0250622733006483
all,diem,1,12,0.003003754693366708,1.0250504183278288
all,bela,1,65,0.016270337922403004,1.0239334951994288
all,sobat,0,76,0.003108003108003108,1.0237198684327955
all,sebanyak,0,228,0.009324009324009324,1.0233504902932293
all,dilihat,0,59,0.002412791886476097,1.0232732481087712
all,kualitas,0,59,0.002412791886476097,1.0232732481087712
all,out,0,59,0.002412791886476097,1.0232732481087712
all,tenggara,0,59,0.002412791886476097,1.0232732481087712
all,2021,0,42,0.001717580664949086,1.0228270506893242
all,berkualitas,0,42,0.001717580664949086,1.0228270506893242
all,cv,0,42,0.001717580664949086,1.0228270506893242
all,ditetapkan,0,42,0.001717580664949086,1.0228270506893242
all,gol,0,42,0.001717580664949086,1.0228270506893242
all,hidayat,0,42,0.001717580664949086,1.0228270506893242
all,jelasnya,0,42,0.001717580664949086,1.0228270506893242
all,kalahkan,0,42,0.001717580664949086,1.0228270506893242
all,penjualan,0,42,0.001717580664949086,1.0228270506893242
all,rutin,0,42,0.001717580664949086,1.0228270506893242
all,110,0,25,0.001022369443422075,1.0223812755297121
all,87,0,25,0.001022369443422075,1.0223812755297121
all,atasi,0,25,0.001022369443422075,1.0223812755297121
all,berinisial,0,25,0.001022369443422075,1.0223812755297121
all,bisniscom,0,25,0.001022369443422075,1.0223812755297121
all,comeback,0,25,0.001022369443422075,1.0223812755297121
all,ditangani,0,25,0.001022369443422075,1.0223812755297121
all,job,0,25,0.001022369443422075,1.0223812755297121
all,keluhan,0,25,0.001022369443422075,1.0223812755297121
all,konsumsi,0,25,0.001022369443422075,1.0223812755297121
all,korut,0,25,0.001022369443422075,1.0223812755297121
all,kumparancom,0,25,0.001022369443422075,1.0223812755297121
all,lautan,0,25,0.001022369443422075,1.0223812755297121
all,memungkinkan,0,25,0.001022369443422075,1.0223812755297121
all,menyinggung,0,25,0.001022369443422075,1.0223812755297121
all,menyukai,0,25,0.001022369443422075,1.0223812755297121
all,middle,0,25,0.001022369443422075,1.0223812755297121
all,penyelesaian,0,25,0.001022369443422075,1.0223812755297121
all,permukiman,0,25,0.001022369443422075,1.0223812755297121
all,qf,0,25,0.001022369443422075,1.0223812755297121
all,sarjana,0,25,0.001022369443422075,1.0223812755297121
all,segitu,0,25,0.001022369443422075,1.0223812755297121
all,tampaknya,0,25,0.001022369443422075,1.0223812755297121
all,warung,0,25,0.001022369443422075,1.0223812755297121
all,sebut,0,344,0.014067803541487752,1.0192137769735836
all,menghancurkan,1,46,0.01151439299123905,1.0188440944642352
all,mk,1,54,0.013516896120150187,1.018537982689281
all,berpihak,1,11,0.002753441802252816,1.0170072328156217
all,sekutunya,1,11,0.002753441802252816,1.0170072328156217
all,joko,0,109,0.004457530773320247,1.0154823307955803
all,pengungsian,0,109,0.004457530773320247,1.0154823307955803
all,ngerti,1,15,0.0037546933667083854,1.0138552537938585
all,kegiatan,0,159,0.006502269660164397,1.01341578929906
all,awalnya,0,92,0.003762319551793236,1.0133730713132507
all,ilyas,0,92,0.003762319551793236,1.0133730713132507
all,malang,0,92,0.003762319551793236,1.0133730713132507
all,betapa,1,19,0.004755944931163955,1.0122648596635357
all,pengikut,1,19,0.004755944931163955,1.0122648596635357
all,500,0,192,0.007851797325481536,1.0112702204366781
all,food,0,75,0.003067108330266225,1.0105207632629412
all,keturunan,1,38,0.00951188986232791,1.0081515918121027
all,sesungguhnya,1,30,0.007509386733416771,1.0072496811642002
all,klik,0,307,0.012554696765223082,1.0072183943327586
all,konstitusi,1,26,0.006508135168961202,1.0068859753120367
all,balasan,0,58,0.002371897108739214,1.0062826977884336
all,foryou,0,58,0.002371897108739214,1.0062826977884336
all,haram,1,41,0.010262828535669587,1.0058407880472884
all,31,0,141,0.005766163660900503,1.0044074003193195
all,rezim,1,29,0.007259073842302879,1.0033749278732746
all,rasulullah,1,25,0.006257822277847309,1.0024411523952754
all,8,0,566,0.02314644419907578,1.0017851882875148
all,jumat,0,436,0.017830123093280987,1.001501053168755
all,gama,1,17,0.00425531914893617,1.0001725632772631
all,awesome,0,41,0.001676685887212203,0.9989754385350068
all,bni,0,41,0.001676685887212203,0.9989754385350068
all,kompleks,0,41,0.001676685887212203,0.9989754385350068
all,mengejutkan,0,41,0.001676685887212203,0.9989754385350068
all,mirna,0,41,0.001676685887212203,0.9989754385350068
all,zona,0,41,0.001676685887212203,0.9989754385350068
all,alquran,1,13,0.003254067584480601,0.998599022584768
all,dinasti,1,13,0.003254067584480601,0.998599022584768
all,from,0,74,0.003026213552529342,0.997146213483753
all,nur,0,74,0.003026213552529342,0.997146213483753
all,anti,1,65,0.016270337922403004,0.9966486239458192
all,huruf,1,9,0.0022528160200250315,0.9962394237433186
all,meyakini,1,9,0.0022528160200250315,0.9962394237433186
all,coldplay,1,27,0.006758448060075094,0.9948659693331264
all,sahabat,1,51,0.01276595744680851,0.9947985515319693
all,26,0,156,0.006379585326953748,0.9943043999386373
all,3,0,1440,0.05888847994111152,0.9937005196276321
all,duit,1,26,0.006508135168961202,0.9901779291398469
all,imam,1,46,0.01151439299123905,0.9901475136747114
all,menerus,1,12,0.003003754693366708,0.9892913957437575
all,happy,0,57,0.002331002331002331,0.9889999010276387
all,lahan,0,57,0.002331002331002331,0.9889999010276387
all,memicu,0,57,0.002331002331002331,0.9889999010276387
all,mobile,0,57,0.002331002331002331,0.9889999010276387
all,terlebih,0,57,0.002331002331002331,0.9889999010276387
all,mati,1,84,0.021026282853566957,0.9860372942259251
all,lanjut,0,252,0.010305483989694516,0.9855640496238903
all,full,0,122,0.004989162883899726,0.9848514226354222
all,terbatas,0,73,0.002985318774792459,0.983591477089789
all,tim,0,332,0.013577066208645155,0.9832619413308954
all,91,0,24,0.000981474665685192,0.9823350059616496
all,aldi,0,24,0.000981474665685192,0.9823350059616496
all,baby,0,24,0.000981474665685192,0.9823350059616496
all,bakteri,0,24,0.000981474665685192,0.9823350059616496
all,bersejarah,0,24,0.000981474665685192,0.9823350059616496
all,diumumkan,0,24,0.000981474665685192,0.9823350059616496
all,fadillah,0,24,0.000981474665685192,0.9823350059616496
all,fe,0,24,0.000981474665685192,0.9823350059616496
all,jae,0,24,0.000981474665685192,0.9823350059616496
all,jordan,0,24,0.000981474665685192,0.9823350059616496
all,kemiskinan,0,24,0.000981474665685192,0.9823350059616496
all,kirgistan,0,24,0.000981474665685192,0.9823350059616496
all,legends,0,24,0.000981474665685192,0.9823350059616496
all,menara,0,24,0.000981474665685192,0.9823350059616496
all,menyarankan,0,24,0.000981474665685192,0.9823350059616496
all,mode,0,24,0.000981474665685192,0.9823350059616496
all,mogok,0,24,0.000981474665685192,0.9823350059616496
all,resah,0,24,0.000981474665685192,0.9823350059616496
all,saleh,0,24,0.000981474665685192,0.9823350059616496
all,soon,0,24,0.000981474665685192,0.9823350059616496
all,tegasnya,0,24,0.000981474665685192,0.9823350059616496
all,dilansir,0,154,0.006297795771479982,0.9813601766885941
all,ditemukan,0,89,0.003639635218582587,0.9802799145308878
all,01,0,105,0.004293951662372715,0.9781044397922991
all,17,0,378,0.015458225984541774,0.9774165452556126
all,gaya,1,14,0.003504380475594493,0.9763675213735687
all,mujahidin,1,14,0.003504380475594493,0.9763675213735687
all,bonus,0,40,0.00163579110947532,0.9745430236281852
all,ganjarpresiden,0,40,0.00163579110947532,0.9745430236281852
all,gempa,0,40,0.00163579110947532,0.9745430236281852
all,incredible,0,40,0.00163579110947532,0.9745430236281852
all,jabar,0,40,0.00163579110947532,0.9745430236281852
all,keempat,0,40,0.00163579110947532,0.9745430236281852
all,mencakup,0,40,0.00163579110947532,0.9745430236281852
all,tempo,0,40,0.00163579110947532,0.9745430236281852
all,universe,0,40,0.00163579110947532,0.9745430236281852
all,id,0,313,0.01280006543164438,0.9738960019530865
all,jumlah,0,265,0.010837116100273995,0.9735333294346002
all,4,0,707,0.02891260785997628,0.9729085428082862
all,aniesmuhaimin2024,0,56,0.002290107553265448,0.9714146027305786
all,jatim,0,56,0.002290107553265448,0.9714146027305786
all,versi,0,56,0.002290107553265448,0.9714146027305786
all,desak,0,72,0.002944423997055576,0.9698516171867299
all,beritaterkini,0,104,0.004253056884635832,0.9685394888326005
all,surabaya,0,152,0.006216006216006216,0.9682483735649388
all,kereta,0,136,0.005561689772216088,0.9682266634782483
all,dki,1,16,0.004005006257822278,0.9667641328665548
all,sholeh,1,10,0.0025031289111389237,0.9658307831477824
all,ح,1,10,0.0025031289111389237,0.9658307831477824
all,oktober,0,733,0.029975872081135238,0.9656246204466921
all,5,0,825,0.033738191632928474,0.9647911370634118
all,brigade,1,24,0.006007509386733416,0.9621839920436553
all,yg,1,745,0.18648310387984982,0.9603306752105284
all,jihad,1,18,0.004505632040050063,0.9593696803633616
all,perkara,1,18,0.004505632040050063,0.9593696803633616
all,ktp,0,87,0.003557845663108821,0.9575979993401198
all,membabi,1,26,0.006508135168961202,0.9575727450185394
all,kopi,0,71,0.002903529219318693,0.9559214911633713
all,modern,1,12,0.003003754693366708,0.9547642780144452
all,usah,1,20,0.0050062578222778474,0.9535190785757657
all,beserta,0,55,0.002249212775528565,0.9535159983644215
all,polda,0,55,0.002249212775528565,0.9535159983644215
all,via,0,244,0.009978325767799452,0.953037606422406
all,akidah,1,9,0.0022528160200250315,0.9507361197385923
all,kasihan,1,9,0.0022528160200250315,0.9507361197385923
all,kabar,0,165,0.006747638326585695,0.9502557252403961
all,adik,0,39,0.001594896331738437,0.9495007613179043
all,bagikan,0,39,0.001594896331738437,0.9495007613179043
all,bengkulu,0,39,0.001594896331738437,0.9495007613179043
all,bri,0,39,0.001594896331738437,0.9495007613179043
all,gempuran,0,39,0.001594896331738437,0.9495007613179043
all,kekalahan,0,39,0.001594896331738437,0.9495007613179043
all,life,0,39,0.001594896331738437,0.9495007613179043
all,mcdonald,0,39,0.001594896331738437,0.9495007613179043
all,menyoroti,0,39,0.001594896331738437,0.9495007613179043
all,ramli,0,39,0.001594896331738437,0.9495007613179043
all,round,0,39,0.001594896331738437,0.9495007613179043
all,ter,0,39,0.001594896331738437,0.9495007613179043
all,unilever,0,39,0.001594896331738437,0.9495007613179043
all,xi,0,86,0.003516950885371938,0.9460625808041069
all,adil,0,70,0.00286263444158181,0.941795739101009
all,akses,0,70,0.00286263444158181,0.941795739101009
all,ramai,0,70,0.00286263444158181,0.941795739101009
all,rangka,0,70,0.00286263444158181,0.941795739101009
all,year,0,70,0.00286263444158181,0.941795739101009
all,aqsha,1,11,0.002753441802252816,0.9414178053713955
all,dituduh,1,11,0.002753441802252816,0.9414178053713955
all,kaga,1,11,0.002753441802252816,0.9414178053713955
all,nge,1,11,0.002753441802252816,0.9414178053713955
all,contoh,1,16,0.004005006257822278,0.941080743826015
all,0821,0,23,0.000940579887948309,0.9406213762823203
all,alex,0,23,0.000940579887948309,0.9406213762823203
all,buset,0,23,0.000940579887948309,0.9406213762823203
all,dagang,0,23,0.000940579887948309,0.9406213762823203
all,diadakan,0,23,0.000940579887948309,0.9406213762823203
all,eka,0,23,0.000940579887948309,0.9406213762823203
all,family,0,23,0.000940579887948309,0.9406213762823203
all,fc,0,23,0.000940579887948309,0.9406213762823203
all,hi,0,23,0.000940579887948309,0.9406213762823203
all,ilang,0,23,0.000940579887948309,0.9406213762823203
all,indozone,0,23,0.000940579887948309,0.9406213762823203
all,kab,0,23,0.000940579887948309,0.9406213762823203
all,karawang,0,23,0.000940579887948309,0.9406213762823203
all,kebahagiaan,0,23,0.000940579887948309,0.9406213762823203
all,lancarkan,0,23,0.000940579887948309,0.9406213762823203
all,lay,0,23,0.000940579887948309,0.9406213762823203
all,lipat,0,23,0.000940579887948309,0.9406213762823203
all,menghubungi,0,23,0.000940579887948309,0.9406213762823203
all,merapat,0,23,0.000940579887948309,0.9406213762823203
all,merk,0,23,0.000940579887948309,0.9406213762823203
all,messi,0,23,0.000940579887948309,0.9406213762823203
all,naufal,0,23,0.000940579887948309,0.9406213762823203
all,penerimaan,0,23,0.000940579887948309,0.9406213762823203
all,perangkat,0,23,0.000940579887948309,0.9406213762823203
all,person,0,23,0.000940579887948309,0.9406213762823203
all,point,0,23,0.000940579887948309,0.9406213762823203
all,potong,0,23,0.000940579887948309,0.9406213762823203
all,ratih,0,23,0.000940579887948309,0.9406213762823203
all,semester,0,23,0.000940579887948309,0.9406213762823203
all,seni,0,23,0.000940579887948309,0.9406213762823203
all,test,0,23,0.000940579887948309,0.9406213762823203
all,tgl,0,23,0.000940579887948309,0.9406213762823203
all,thanks,0,23,0.000940579887948309,0.9406213762823203
all,usd,0,23,0.000940579887948309,0.9406213762823203
all,westandwithpalestine,0,23,0.000940579887948309,0.9406213762823203
all,sistem,0,101,0.004130372551425183,0.9392880176834756
all,terowongan,0,54,0.002208317997791682,0.9352926939949432
all,terkait,0,439,0.01795280742649164,0.9352119886896452
all,anggap,1,13,0.003254067584480601,0.9350037251641672
all,menjajah,1,13,0.003254067584480601,0.9350037251641672
all,menyesatkan,1,13,0.003254067584480601,0.9350037251641672
all,okt,1,13,0.003254067584480601,0.9350037251641672
all,opini,1,13,0.003254067584480601,0.9350037251641672
all,sosial,0,347,0.0141904878746984,0.9344151605174721
all,go,0,85,0.003476056107635055,0.9343935053828494
all,karni,0,85,0.003476056107635055,0.9343935053828494
all,tante,1,20,0.0050062578222778474,0.9330692317345548
all,aisyah,1,8,0.002002503128911139,0.9324319507245776
all,karno,1,8,0.002002503128911139,0.9324319507245776
all,lihatlah,1,8,0.002002503128911139,0.9324319507245776
all,nikel,1,8,0.002002503128911139,0.9324319507245776
all,olah,1,8,0.002002503128911139,0.9324319507245776
all,tribunnews,0,100,0.0040894777736883,0.9293458839980111
all,13,0,360,0.01472211998527788,0.9279450604287438
all,gelombang,0,69,0.002821739663844927,0.9274687713548392
all,status,0,69,0.002821739663844927,0.9274687713548392
all,tema,0,69,0.002821739663844927,0.9274687713548392
all,united,0,69,0.002821739663844927,0.9274687713548392
all,putra,0,207,0.008465218991534781,0.9260791399584127
all,to,0,268,0.010959800433484644,0.9258016168221905
all,keliatan,1,10,0.0025031289111389237,0.9257845135797198
all,politisi,1,10,0.0025031289111389237,0.9257845135797198
all,69,0,38,0.001554001554001554,0.9238173722773647
all,74,0,38,0.001554001554001554,0.9238173722773647
all,apple,0,38,0.001554001554001554,0.9238173722773647
all,dipindahkan,0,38,0.001554001554001554,0.9238173722773647
all,menko,0,38,0.001554001554001554,0.9238173722773647
all,rilis,0,38,0.001554001554001554,0.9238173722773647
all,sultan,0,38,0.001554001554001554,0.9238173722773647
all,tekanan,0,38,0.001554001554001554,0.9238173722773647
all,unjuk,0,38,0.001554001554001554,0.9238173722773647
all,triliun,0,84,0.003435161329898172,0.9225876280611259
all,menyebar,1,12,0.003003754693366708,0.9213869144124226
all,cacat,1,163,0.04080100125156445,0.9207516131307835
all,cewe,1,29,0.007259073842302879,0.9167442557265663
all,diakui,0,53,0.002167423220054799,0.9167326626211425
all,israhell,1,33,0.008260325406758449,0.9152864231173133
all,sumpah,1,35,0.008760951188986232,0.9147328613145542
all,anwar,1,22,0.005506883604505632,0.9120066250595183
all,memakai,1,22,0.005506883604505632,0.9120066250595183
all,setempat,0,189,0.007729112992270887,0.911806833218471
all,yuk,0,189,0.007729112992270887,0.911806833218471
all,sebagaimana,1,24,0.006007509386733416,0.9112025987903332
all,beredar,0,83,0.003394266552161289,0.9106416914965334
all,internet,0,83,0.003394266552161289,0.9106416914965334
all,mba,0,83,0.003394266552161289,0.9106416914965334
all,kalimat,1,9,0.0022528160200250315,0.9072100761955568
all,maksudnya,1,9,0.0022528160200250315,0.9072100761955568
all,sebelumnya,0,293,0.011982169876906718,0.9071461408967963
all,dendam,1,11,0.002753441802252816,0.9056587827873244
all,nenek,1,11,0.002753441802252816,0.9056587827873244
all,perilaku,1,11,0.002753441802252816,0.9056587827873244
all,beriman,1,13,0.003254067584480601,0.9046574273047197
all,giliran,1,13,0.003254067584480601,0.9046574273047197
all,ا,1,17,0.00425531914893617,0.9035484466029031
all,menjadikan,1,21,0.005256570713391739,0.9030759510931067
all,bilang,1,75,0.01877346683354193,0.9025388118776965
all,kementerian,0,217,0.00887416676890361,0.9018490724805612
all,sempat,0,157,0.006420480104690631,0.9003806689370961
all,03,0,82,0.003353371774424406,0.8985523206058097
all,koordinator,0,82,0.003353371774424406,0.8985523206058097
all,allah,1,210,0.052565707133917394,0.8983659428865378
all,gacor,0,67,0.002739950108371161,0.8981876007104282
all,jemaat,0,67,0.002739950108371161,0.8981876007104282
all,one,0,67,0.002739950108371161,0.8981876007104282
all,permintaan,0,67,0.002739950108371161,0.8981876007104282
all,good,0,52,0.002126528442317916,0.8978231963897839
all,insiden,0,52,0.002126528442317916,0.8978231963897839
all,2018,0,37,0.001513106776264671,0.8974591072103131
all,61,0,37,0.001513106776264671,0.8974591072103131
all,bersyukur,0,37,0.001513106776264671,0.8974591072103131
all,dewa,0,37,0.001513106776264671,0.8974591072103131
all,gunawan,0,37,0.001513106776264671,0.8974591072103131
all,kriteria,0,37,0.001513106776264671,0.8974591072103131
all,ledakan,0,37,0.001513106776264671,0.8974591072103131
all,meluas,0,37,0.001513106776264671,0.8974591072103131
all,seleksi,0,37,0.001513106776264671,0.8974591072103131
all,taylor,0,37,0.001513106776264671,0.8974591072103131
all,bertugas,0,22,0.000899685110211426,0.8970953327392849
all,bocor,0,22,0.000899685110211426,0.8970953327392849
all,class,0,22,0.000899685110211426,0.8970953327392849
all,club,0,22,0.000899685110211426,0.8970953327392849
all,disinformasi,0,22,0.000899685110211426,0.8970953327392849
all,dorong,0,22,0.000899685110211426,0.8970953327392849
all,goodstats,0,22,0.000899685110211426,0.8970953327392849
all,istirahat,0,22,0.000899685110211426,0.8970953327392849
all,kegagalan,0,22,0.000899685110211426,0.8970953327392849
all,kemanusian,0,22,0.000899685110211426,0.8970953327392849
all,kontribusi,0,22,0.000899685110211426,0.8970953327392849
all,lisa,0,22,0.000899685110211426,0.8970953327392849
all,long,0,22,0.000899685110211426,0.8970953327392849
all,melintas,0,22,0.000899685110211426,0.8970953327392849
all,memperkirakan,0,22,0.000899685110211426,0.8970953327392849
all,menerimanya,0,22,0.000899685110211426,0.8970953327392849
all,mengevakuasi,0,22,0.000899685110211426,0.8970953327392849
all,menghadirkan,0,22,0.000899685110211426,0.8970953327392849
all,merugikan,0,22,0.000899685110211426,0.8970953327392849
all,miss,0,22,0.000899685110211426,0.8970953327392849
all,mohammed,0,22,0.000899685110211426,0.8970953327392849
all,mv,0,22,0.000899685110211426,0.8970953327392849
all,neng,0,22,0.000899685110211426,0.8970953327392849
all,request,0,22,0.000899685110211426,0.8970953327392849
all,risiko,0,22,0.000899685110211426,0.8970953327392849
all,samuel,0,22,0.000899685110211426,0.8970953327392849
all,sat,0,22,0.000899685110211426,0.8970953327392849
all,sela,0,22,0.000899685110211426,0.8970953327392849
all,serangkaian,0,22,0.000899685110211426,0.8970953327392849
all,silva,0,22,0.000899685110211426,0.8970953327392849
all,sinaga,0,22,0.000899685110211426,0.8970953327392849
all,slamet,0,22,0.000899685110211426,0.8970953327392849
all,sp,0,22,0.000899685110211426,0.8970953327392849
all,ujaran,0,22,0.000899685110211426,0.8970953327392849
all,usulan,0,22,0.000899685110211426,0.8970953327392849
all,viralvideo,0,22,0.000899685110211426,0.8970953327392849
all,14,0,363,0.014844804318488529,0.8944324646023473
all,india,0,156,0.006379585326953748,0.8939700633070824
all,ustadz,1,18,0.004505632040050063,0.8925554003788532
all,klaim,0,215,0.008792377213429846,0.8925286147343611
all,tsb,1,14,0.003504380475594493,0.8904778444622155
all,mulia,1,12,0.003003754693366708,0.8890851071833449
all,org2,1,12,0.003003754693366708,0.8890851071833449
all,sibuk,1,12,0.003003754693366708,0.8890851071833449
all,menemukan,0,96,0.003925898662740768,0.8885669308921882
all,budek,1,10,0.0025031289111389237,0.8872772961218214
all,dihancurkan,1,10,0.0025031289111389237,0.8872772961218214
all,qs,1,10,0.0025031289111389237,0.8872772961218214
all,open,0,375,0.015335541651331126,0.8871527242513708
all,solidaritas,0,81,0.003312476996687523,0.8863160168210288
all,penolakan,0,140,0.00572526888316362,0.8857975914895156
all,dibombardir,1,8,0.002002503128911139,0.8847629734825444
all,membom,1,8,0.002002503128911139,0.8847629734825444
all,niam,1,8,0.002002503128911139,0.8847629734825444
all,sesudah,1,8,0.002002503128911139,0.8847629734825444
all,musuh,1,30,0.007509386733416771,0.8834363501648632
all,antaranya,0,66,0.002699055330634278,0.8832209450400212
all,iskandar,0,66,0.002699055330634278,0.8832209450400212
all,jl,0,66,0.002699055330634278,0.8832209450400212
all,persatuan,0,66,0.002699055330634278,0.8832209450400212
all,web,0,66,0.002699055330634278,0.8832209450400212
all,tiga,0,286,0.011695906432748537,0.8827173506435224
all,babi,1,44,0.011013767209011264,0.8817327282534083
all,bendera,1,44,0.011013767209011264,0.8817327282534083
all,percaya,1,51,0.01276595744680851,0.8816546003663096
all,02,0,110,0.00449842555105713,0.8812628473426807
all,klo,1,66,0.016520650813516898,0.8797515669816774
all,solusi,0,139,0.005684374105426737,0.8786135754092264
all,dikasih,1,24,0.006007509386733416,0.8785974146690256
all,99,0,51,0.002085633664581033,0.8785508542143697
all,bakso,0,51,0.002085633664581033,0.8785508542143697
all,tertinggi,0,51,0.002085633664581033,0.8785508542143697
all,emas,0,168,0.006870322659796344,0.8771210838522688
all,anggota,0,284,0.011614116877274773,0.875629315712141
all,berhasil,0,298,0.012186643765591134,0.8739834756074543
all,center,0,80,0.00327158221895064,0.8739291519912153
all,daya,0,80,0.00327158221895064,0.8739291519912153
all,kantor,0,269,0.011000695211221528,0.8737392074048105
all,23,0,470,0.01922054553633501,0.8723172490733684
all,teriak,1,18,0.004505632040050063,0.8712370300792249
all,65,0,36,0.001472211998527788,0.8703894797501025
all,ji,0,36,0.001472211998527788,0.8703894797501025
all,menggempur,0,36,0.001472211998527788,0.8703894797501025
all,sdm,0,36,0.001472211998527788,0.8703894797501025
all,zhang,0,36,0.001472211998527788,0.8703894797501025
all,ulama,1,58,0.014518147684605758,0.8684743508497226
all,biru,0,65,0.002658160552897395,0.8680281362470663
all,cakep,0,65,0.002658160552897395,0.8680281362470663
all,kuda,0,65,0.002658160552897395,0.8680281362470663
all,melayani,0,65,0.002658160552897395,0.8680281362470663
all,menambahkan,0,65,0.002658160552897395,0.8680281362470663
all,october,0,65,0.002658160552897395,0.8680281362470663
all,bs,1,16,0.004005006257822278,0.8677544544545952
all,ketiga,0,123,0.005030057661636609,0.8676087533380787
all,iki,1,9,0.0022528160200250315,0.8654964465162276
all,pembela,1,9,0.0022528160200250315,0.8654964465162276
all,sd,0,137,0.005602584549952971,0.8640906391929435
all,keyakinan,1,14,0.003504380475594493,0.8634082170020049
all,bank,0,108,0.004416635995583364,0.8629153452853642
all,ala,1,29,0.007259073842302879,0.8628760044805004
all,darurat,0,79,0.003230687441213757,0.8613879619027802
all,meraih,0,79,0.003230687441213757,0.8613879619027802
all,baesuzy,0,50,0.00204473888684415,0.8589014042577788
all,pengguna,0,50,0.00204473888684415,0.8589014042577788
all,platform,0,50,0.00204473888684415,0.8589014042577788
all,kelak,1,12,0.003003754693366708,0.8577916169918218
all,kenapa,1,112,0.028035043804755945,0.8553556828038538
all,photo,0,150,0.00613421666053245,0.8546302290147254
all,janji,1,23,0.005757196495619525,0.8528433349088751
all,muslim,1,128,0.03204005006257822,0.8527033000911931
all,line,0,64,0.002617265775160512,0.8526022153164745
all,menyusul,0,64,0.002617265775160512,0.8526022153164745
all,vietnam,0,64,0.002617265775160512,0.8526022153164745
all,membela,1,45,0.011264080100125156,0.8524488979411147
all,1951,0,21,0.000858790332474543,0.8515920287345586
all,afc,0,21,0.000858790332474543,0.8515920287345586
all,angga,0,21,0.000858790332474543,0.8515920287345586
all,antaranewscom,0,21,0.000858790332474543,0.8515920287345586
all,anton,0,21,0.000858790332474543,0.8515920287345586
all,belt,0,21,0.000858790332474543,0.8515920287345586
all,binaan,0,21,0.000858790332474543,0.8515920287345586
all,bona,0,21,0.000858790332474543,0.8515920287345586
all,bungkus,0,21,0.000858790332474543,0.8515920287345586
all,cirebon,0,21,0.000858790332474543,0.8515920287345586
all,diberitakan,0,21,0.000858790332474543,0.8515920287345586
all,genre,0,21,0.000858790332474543,0.8515920287345586
all,haris,0,21,0.000858790332474543,0.8515920287345586
all,hut,0,21,0.000858790332474543,0.8515920287345586
all,istrinya,0,21,0.000858790332474543,0.8515920287345586
all,joshua,0,21,0.000858790332474543,0.8515920287345586
all,kebetulan,0,21,0.000858790332474543,0.8515920287345586
all,kemlu,0,21,0.000858790332474543,0.8515920287345586
all,kolonel,0,21,0.000858790332474543,0.8515920287345586
all,mendengarkan,0,21,0.000858790332474543,0.8515920287345586
all,miliki,0,21,0.000858790332474543,0.8515920287345586
all,peluncuran,0,21,0.000858790332474543,0.8515920287345586
all,pencari,0,21,0.000858790332474543,0.8515920287345586
all,pulsa,0,21,0.000858790332474543,0.8515920287345586
all,sakti,0,21,0.000858790332474543,0.8515920287345586
all,san,0,21,0.000858790332474543,0.8515920287345586
all,shenzhen,0,21,0.000858790332474543,0.8515920287345586
all,syailendra,0,21,0.000858790332474543,0.8515920287345586
all,taufanalaqsa,0,21,0.000858790332474543,0.8515920287345586
all,tergantung,0,21,0.000858790332474543,0.8515920287345586
all,togelchinapools,0,21,0.000858790332474543,0.8515920287345586
all,welcome,0,21,0.000858790332474543,0.8515920287345586
all,xd,0,21,0.000858790332474543,0.8515920287345586
all,menghasilkan,1,10,0.0025031289111389237,0.8501950861354939
all,tweet,1,10,0.0025031289111389237,0.8501950861354939
all,mulu,1,29,0.007259073842302879,0.8498477866785882
all,palsu,1,32,0.008010012515644555,0.8488875547532702
all,bareng,0,78,0.003189792663476874,0.8486885393898254
all,tanggung,0,78,0.003189792663476874,0.8486885393898254
all,usman,1,21,0.005256570713391739,0.8483940109836708
all,tulis,0,92,0.003762319551793236,0.8460683600823565
all,dekat,0,205,0.008383429436061015,0.8446012574248748
all,faktanya,1,19,0.004755944931163955,0.8431162085519408
all,utara,0,345,0.014108698319224636,0.8428989073390477
all,awards,0,35,0.001431317220790905,0.8425689622479845
all,beragam,0,35,0.001431317220790905,0.8425689622479845
all,blokade,0,35,0.001431317220790905,0.8425689622479845
all,kemenag,0,35,0.001431317220790905,0.8425689622479845
all,selebrasi,0,35,0.001431317220790905,0.8425689622479845
all,service,0,35,0.001431317220790905,0.8425689622479845
all,tipe,0,35,0.001431317220790905,0.8425689622479845
all,bidang,0,176,0.007197480881691408,0.8402030664170076
all,berani,1,56,0.014017521902377972,0.8398441151564272
all,upaya,0,204,0.008342534658324132,0.8396819601574644
all,daerah,0,260,0.01063264221158958,0.8394016082957374
all,bayangkan,1,8,0.002002503128911139,0.8392596694778179
all,stand,1,8,0.002002503128911139,0.8392596694778179
all,aktor,0,49,0.002003844109107267,0.838859760662069
all,drone,0,49,0.002003844109107267,0.838859760662069
all,konvensi,0,49,0.002003844109107267,0.838859760662069
all,rahmat,0,49,0.002003844109107267,0.838859760662069
all,taehyung,0,49,0.002003844109107267,0.838859760662069
all,terpercaya,0,49,0.002003844109107267,0.838859760662069
all,misalnya,1,11,0.002753441802252816,0.8377543014559894
all,wajar,1,11,0.002753441802252816,0.8377543014559894
all,rela,1,14,0.003504380475594493,0.8370499519349531
all,sebulan,0,63,0.002576370997423629,0.8369358970033838
all,kebencian,1,17,0.00425531914893617,0.8367341666183947
all,cb,0,77,0.003148897885739991,0.8358268270027667
all,motor,0,77,0.003148897885739991,0.8358268270027667
all,harga,0,384,0.015703594650963073,0.8352004949888991
all,pemain,0,91,0.003721424774056353,0.8351576403124036
all,sepanjang,0,105,0.004293951662372715,0.8347529067544744
all,merusak,1,15,0.0037546933667083854,0.8288344533448498
all,sejumlah,0,298,0.012186643765591134,0.8261038542898287
all,berdua,1,9,0.0022528160200250315,0.825450176948165
all,lbh,1,9,0.0022528160200250315,0.825450176948165
all,teror,1,9,0.0022528160200250315,0.825450176948165
all,usul,1,9,0.0022528160200250315,0.825450176948165
all,meningkat,0,104,0.004253056884635832,0.8251879557947757
all,06,0,90,0.00368052999631947,0.8241274728885901
all,nasi,0,76,0.003108003108003108,0.8227986092008543
all,zaman,1,26,0.006508135168961202,0.8226728029732167
all,diskusi,0,62,0.002535476219686746,0.8210215491180484
all,memanas,0,62,0.002535476219686746,0.8210215491180484
all,riau,0,62,0.002535476219686746,0.8210215491180484
all,pasal,0,48,0.001962949331370384,0.8184099138208583
all,ukuran,0,48,0.001962949331370384,0.8184099138208583
all,pertemuan,0,117,0.004784688995215311,0.817559357199406
all,bebas,0,172,0.007033901770743876,0.8171146784762293
all,s,0,567,0.02318733897681266,0.81708804730513
all,paham,1,43,0.010763454317897372,0.8154358770302113
all,thn,1,10,0.0025031289111389237,0.8144360635514225
all,umumnya,1,10,0.0025031289111389237,0.8144360635514225
all,2000,0,34,0.001390422443054022,0.8139546380859981
all,84,0,34,0.001390422443054022,0.8139546380859981
all,belom,0,34,0.001390422443054022,0.8139546380859981
all,mendatangi,0,34,0.001390422443054022,0.8139546380859981
all,menjabat,0,34,0.001390422443054022,0.8139546380859981
all,operasional,0,34,0.001390422443054022,0.8139546380859981
all,pdi,0,34,0.001390422443054022,0.8139546380859981
all,penyelidikan,0,34,0.001390422443054022,0.8139546380859981
all,perihal,0,34,0.001390422443054022,0.8139546380859981
all,regional,0,34,0.001390422443054022,0.8139546380859981
all,removal,0,34,0.001390422443054022,0.8139546380859981
all,trend,0,34,0.001390422443054022,0.8139546380859981
all,mendorong,0,89,0.003639635218582587,0.8129752032999937
all,mu,1,33,0.008260325406758449,0.8113763921798253
all,tulisan,1,14,0.003504380475594493,0.8113665628944136
all,dijadikan,1,22,0.005506883604505632,0.8091065239997733
all,daud,1,7,0.0017521902377972466,0.8070180555124874
all,diluar,1,7,0.0017521902377972466,0.8070180555124874
all,hapus,1,7,0.0017521902377972466,0.8070180555124874
all,kedepannya,1,7,0.0017521902377972466,0.8070180555124874
all,lelaki,1,7,0.0017521902377972466,0.8070180555124874
all,males,1,7,0.0017521902377972466,0.8070180555124874
all,rabu,0,481,0.019670388091440724,0.8068364746333082
all,suruh,1,11,0.002753441802252816,0.8054524942269116
all,info,0,440,0.01799370220422852,0.8051816571314941
all,kuasa,1,15,0.0037546933667083854,0.8049828411905324
all,bahagia,0,61,0.002494581441949863,0.8048511701399466
all,ditempatkan,0,61,0.002494581441949863,0.8048511701399466
all,tag,0,197,0.00805627121416595,0.8045639449260392
all,2004,0,20,0.00081789555473766,0.8039230514925254
all,abadi,0,20,0.00081789555473766,0.8039230514925254
all,aji,0,20,0.00081789555473766,0.8039230514925254
all,antusias,0,20,0.00081789555473766,0.8039230514925254
all,arahan,0,20,0.00081789555473766,0.8039230514925254
all,bertempur,0,20,0.00081789555473766,0.8039230514925254
all,cegil,0,20,0.00081789555473766,0.8039230514925254
all,daratan,0,20,0.00081789555473766,0.8039230514925254
all,drakor,0,20,0.00081789555473766,0.8039230514925254
all,drogba,0,20,0.00081789555473766,0.8039230514925254
all,friends,0,20,0.00081789555473766,0.8039230514925254
all,fypシ,0,20,0.00081789555473766,0.8039230514925254
all,graduate,0,20,0.00081789555473766,0.8039230514925254
all,guyss,0,20,0.00081789555473766,0.8039230514925254
all,idi,0,20,0.00081789555473766,0.8039230514925254
all,ikatan,0,20,0.00081789555473766,0.8039230514925254
all,iri,0,20,0.00081789555473766,0.8039230514925254
all,jemput,0,20,0.00081789555473766,0.8039230514925254
all,jodoh,0,20,0.00081789555473766,0.8039230514925254
all,jun,0,20,0.00081789555473766,0.8039230514925254
all,katadatacoid,0,20,0.00081789555473766,0.8039230514925254
all,kompetisi,0,20,0.00081789555473766,0.8039230514925254
all,kunjung,0,20,0.00081789555473766,0.8039230514925254
all,lelang,0,20,0.00081789555473766,0.8039230514925254
all,lombok,0,20,0.00081789555473766,0.8039230514925254
all,lumpuh,0,20,0.00081789555473766,0.8039230514925254
all,mempromosikan,0,20,0.00081789555473766,0.8039230514925254
all,mendominasi,0,20,0.00081789555473766,0.8039230514925254
all,narkoba,0,20,0.00081789555473766,0.8039230514925254
all,network,0,20,0.00081789555473766,0.8039230514925254
all,pemandangan,0,20,0.00081789555473766,0.8039230514925254
all,penangkapan,0,20,0.00081789555473766,0.8039230514925254
all,pengukuhan,0,20,0.00081789555473766,0.8039230514925254
all,penyandang,0,20,0.00081789555473766,0.8039230514925254
all,perguruan,0,20,0.00081789555473766,0.8039230514925254
all,refugee,0,20,0.00081789555473766,0.8039230514925254
all,reza,0,20,0.00081789555473766,0.8039230514925254
all,rocket,0,20,0.00081789555473766,0.8039230514925254
all,samsul,0,20,0.00081789555473766,0.8039230514925254
all,sandi,0,20,0.00081789555473766,0.8039230514925254
all,seberapa,0,20,0.00081789555473766,0.8039230514925254
all,siregar,0,20,0.00081789555473766,0.8039230514925254
all,ten,0,20,0.00081789555473766,0.8039230514925254
all,terhenti,0,20,0.00081789555473766,0.8039230514925254
all,terjun,0,20,0.00081789555473766,0.8039230514925254
all,tk,0,20,0.00081789555473766,0.8039230514925254
all,today,0,20,0.00081789555473766,0.8039230514925254
all,transit,0,20,0.00081789555473766,0.8039230514925254
all,utm_medium,0,20,0.00081789555473766,0.8039230514925254
all,wilayahnya,0,20,0.00081789555473766,0.8039230514925254
all,wo,0,20,0.00081789555473766,0.8039230514925254
all,ταιρει,0,20,0.00081789555473766,0.8039230514925254
all,loh,0,129,0.005275426328057907,0.803818662617282
all,krn,1,54,0.013516896120150187,0.8032966288590102
all,berkata,1,37,0.009261576971214018,0.801456537840275
all,gubernur,0,142,0.005807058438637386,0.799680028003709
all,wib,0,357,0.014599435652067231,0.7985641695907135
all,anj,1,12,0.003003754693366708,0.7979904838851252
all,beribadah,1,12,0.003003754693366708,0.7979904838851252
all,hidupnya,0,47,0.001922054553633501,0.7975348533869117
all,kcic,0,47,0.001922054553633501,0.7975348533869117
all,kulit,0,47,0.001922054553633501,0.7975348533869117
all,memenangkan,0,47,0.001922054553633501,0.7975348533869117
all,kebanyakan,1,21,0.005256570713391739,0.7965353656054781
all,baliho,1,8,0.002002503128911139,0.7957336259347827
all,kepikiran,1,8,0.002002503128911139,0.7957336259347827
all,sombong,1,8,0.002002503128911139,0.7957336259347827
all,rempang,1,31,0.007759699624530663,0.7941782468566524
all,bersatu,1,36,0.009011264080100126,0.7937702211012474
all,asli,1,41,0.010262828535669587,0.793628185006312
all,freepalestine,1,125,0.03128911138923655,0.7932711627419424
all,drama,0,141,0.005766163660900503,0.7925966134269904
all,memberikan,0,447,0.0182799656483867,0.7906816110747361
all,digelar,0,87,0.003557845663108821,0.7902932881092256
all,hadiah,0,87,0.003557845663108821,0.7902932881092256
all,hancurkan,1,18,0.004505632040050063,0.7902210292517668
all,maksimal,0,60,0.00245368666421298,0.7884163649967411
all,maria,0,60,0.00245368666421298,0.7884163649967411
all,memulai,0,60,0.00245368666421298,0.7884163649967411
all,istana,1,9,0.0022528160200250315,0.7869429594902666
all,kesel,1,9,0.0022528160200250315,0.7869429594902666
all,nasdem,1,9,0.0022528160200250315,0.7869429594902666
all,penindasan,1,9,0.0022528160200250315,0.7869429594902666
all,persis,1,9,0.0022528160200250315,0.7869429594902666
all,gedung,0,180,0.00736105999263894,0.7855656348294763
all,badan,0,233,0.009528483212693738,0.7846866780072876
all,utk,1,47,0.011764705882352941,0.7846120893419476
all,bio,0,286,0.011695906432748537,0.784575799695584
all,125,0,33,0.001349527665317139,0.7844998028387492
all,berkunjung,0,33,0.001349527665317139,0.7844998028387492
all,capai,0,33,0.001349527665317139,0.7844998028387492
all,doubles,0,33,0.001349527665317139,0.7844998028387492
all,jago,0,33,0.001349527665317139,0.7844998028387492
all,kedutaan,0,33,0.001349527665317139,0.7844998028387492
all,onic,0,33,0.001349527665317139,0.7844998028387492
all,palembang,0,33,0.001349527665317139,0.7844998028387492
all,project,0,33,0.001349527665317139,0.7844998028387492
all,undangan,0,33,0.001349527665317139,0.7844998028387492
all,usir,1,25,0.006257822277847309,0.783954632975323
all,amat,1,20,0.0050062578222778474,0.7829290913689851
all,kehidupan,0,113,0.004621109884267779,0.7827595118705855
all,daniel,0,73,0.002985318774792459,0.7826702178578477
all,dosa,1,15,0.0037546933667083854,0.7816850138875925
all,online,0,166,0.006788533104322578,0.7814656802469683
all,ngomong,1,26,0.006508135168961202,0.7814480806528349
all,gerbang,1,10,0.0025031289111389237,0.7799089458221103
all,ok,1,10,0.0025031289111389237,0.7799089458221103
all,idf,1,41,0.010262828535669587,0.7763782036746039
all,demokrat,0,46,0.001881159775896618,0.7762164830872836
all,mandi,0,46,0.001881159775896618,0.7762164830872836
all,ntt,0,46,0.001881159775896618,0.7762164830872836
all,transfer,0,46,0.001881159775896618,0.7762164830872836
all,45,0,99,0.004048582995951417,0.7759532066089264
all,shifa,0,99,0.004048582995951417,0.7759532066089264
all,data,0,178,0.007279270437165174,0.7743410672897617
all,janda,1,11,0.002753441802252816,0.7741590040353886
all,kajian,1,11,0.002753441802252816,0.7741590040353886
all,lesbian,1,11,0.002753441802252816,0.7741590040353886
all,bella,0,59,0.002412791886476097,0.7717083188245513
all,it,0,59,0.002412791886476097,0.7717083188245513
all,hindu,1,12,0.003003754693366708,0.7693761597231389
all,kehancuran,1,12,0.003003754693366708,0.7693761597231389
all,maha,1,12,0.003003754693366708,0.7693761597231389
all,pemukiman,1,12,0.003003754693366708,0.7693761597231389
all,bukan,1,271,0.06783479349186483,0.768596364145205
all,heran,1,20,0.0050062578222778474,0.7656462946081902
all,ber,1,13,0.003254067584480601,0.7653398578661043
all,cindo,1,13,0.003254067584480601,0.7653398578661043
all,sebaliknya,1,13,0.003254067584480601,0.7653398578661043
all,saksi,0,124,0.005070952439373492,0.7642379644347969
all,e,0,176,0.007197480881691408,0.7629909582446623
all,rakyat,1,190,0.04755944931163955,0.7616403440230722
all,berada,0,331,0.013536171430908272,0.7606963739022636
all,berkali,1,7,0.0017521902377972466,0.7593490782704542
all,freepalestinefromisrael,1,7,0.0017521902377972466,0.7593490782704542
all,sekian,1,7,0.0017521902377972466,0.7593490782704542
all,tabligh,1,7,0.0017521902377972466,0.7593490782704542
all,umat,1,128,0.03204005006257822,0.7590896540183579
all,babak,0,175,0.007156586103954525,0.7572679352228964
all,menghadiri,0,97,0.003966793440477651,0.7555658234725029
all,perayaan,0,84,0.003435161329898172,0.7552829168302317
all,gunung,0,71,0.002903529219318693,0.7550002319314301
all,beroperasi,0,58,0.002371897108739214,0.7547177685042136
all,menunggu,0,58,0.002371897108739214,0.7547177685042136
all,siswi,0,58,0.002371897108739214,0.7547177685042136
all,yogyakarta,0,58,0.002371897108739214,0.7547177685042136
all,120,0,45,0.001840264998159735,0.7544355262771583
all,aktivitas,0,45,0.001840264998159735,0.7544355262771583
all,milisi,0,45,0.001840264998159735,0.7544355262771583
all,pegawai,0,45,0.001840264998159735,0.7544355262771583
all,badmintoneurope,0,32,0.001308632887580256,0.7541535049793014
all,bimbingan,0,32,0.001308632887580256,0.7541535049793014
all,cikarang,0,32,0.001308632887580256,0.7541535049793014
all,kapasitas,0,32,0.001308632887580256,0.7541535049793014
all,kurus,0,32,0.001308632887580256,0.7541535049793014
all,mall,0,32,0.001308632887580256,0.7541535049793014
all,memakan,0,32,0.001308632887580256,0.7541535049793014
all,memanfaatkan,0,32,0.001308632887580256,0.7541535049793014
all,menembakkan,0,32,0.001308632887580256,0.7541535049793014
all,menu,0,32,0.001308632887580256,0.7541535049793014
all,pengurus,0,32,0.001308632887580256,0.7541535049793014
all,tertarik,0,32,0.001308632887580256,0.7541535049793014
all,whoosh,0,32,0.001308632887580256,0.7541535049793014
all,reply,1,8,0.002002503128911139,0.7540199962554535
all,diduga,0,226,0.009242219768535558,0.7539605762025048
all,lo,1,49,0.012265331664580726,0.7537168799927957
all,situasi,0,161,0.006584059215638163,0.7507696674612825
all,assalamualaikum,1,9,0.0022528160200250315,0.749860749503939
all,hidayah,1,9,0.0022528160200250315,0.749860749503939
all,kiamat,1,9,0.0022528160200250315,0.749860749503939
all,د,1,9,0.0022528160200250315,0.749860749503939
all,selasa,0,353,0.0144358565411197,0.7498530830435327
all,dll,1,46,0.01151439299123905,0.7481290612154625
all,papua,0,122,0.004989162883899726,0.7479610771625579
all,terbaru,0,263,0.010755326544800228,0.7478190140899127
all,kebenaran,1,21,0.005256570713391739,0.7472221353119809
all,ل,1,21,0.005256570713391739,0.7472221353119809
all,total,0,250,0.01022369443422075,0.7469492395660923
all,bakalan,1,10,0.0025031289111389237,0.7465315822200875
all,bebaskan,1,10,0.0025031289111389237,0.7465315822200875
all,hadapan,1,10,0.0025031289111389237,0.7465315822200875
all,transgender,1,10,0.0025031289111389237,0.7465315822200875
all,angkatan,0,96,0.003925898662740768,0.7452153978543635
all,melalui,0,478,0.019547703758230076,0.7451479679366054
all,and,0,275,0.011246063877642825,0.7449698389674239
all,bismillah,1,23,0.005757196495619525,0.7447597498134508
all,kok,1,81,0.020275344180225283,0.7443136233135721
all,kunjungi,0,83,0.003394266552161289,0.7433369802656393
all,hoax,1,26,0.006508135168961202,0.7418462079018802
all,tiktok,0,274,0.011205169099905942,0.7412921131206346
all,populer,0,70,0.00286263444158181,0.7408744798690678
all,pengalaman,0,121,0.004948268106162843,0.7397232118160093
all,bung,1,13,0.003254067584480601,0.7396564688255645
all,niat,1,13,0.003254067584480601,0.7396564688255645
all,pdip,1,29,0.007259073842302879,0.7396120328772479
all,kalian,1,142,0.03554443053817272,0.7387304099291164
all,belah,1,14,0.003504380475594493,0.7380402735229936
all,bersalah,1,14,0.003504380475594493,0.7380402735229936
all,sekutu,1,14,0.003504380475594493,0.7380402735229936
all,ade,0,57,0.002331002331002331,0.7374349717434189
all,anime,0,57,0.002331002331002331,0.7374349717434189
all,asasi,0,57,0.002331002331002331,0.7374349717434189
all,kesepakatan,0,57,0.002331002331002331,0.7374349717434189
all,komandan,0,57,0.002331002331002331,0.7374349717434189
all,mengunjungi,0,57,0.002331002331002331,0.7374349717434189
all,owner,0,57,0.002331002331002331,0.7374349717434189
all,persiapan,0,57,0.002331002331002331,0.7374349717434189
all,peserta,0,57,0.002331002331002331,0.7374349717434189
all,pesta,0,57,0.002331002331002331,0.7374349717434189
all,wajah,0,57,0.002331002331002331,0.7374349717434189
all,saja,1,149,0.037296620775969964,0.7370596301273258
all,surga,1,16,0.004005006257822278,0.7354489164335722
all,hadi,0,44,0.001799370220422852,0.7321714209972152
all,kalinya,0,44,0.001799370220422852,0.7321714209972152
all,ning,0,44,0.001799370220422852,0.7321714209972152
all,our,0,44,0.001799370220422852,0.7321714209972152
all,personel,0,44,0.001799370220422852,0.7321714209972152
all,rb,0,44,0.001799370220422852,0.7321714209972152
all,st,0,44,0.001799370220422852,0.7321714209972152
all,pekan,0,120,0.00490737332842596,0.7314176055127343
all,meminta,0,309,0.012636486320696846,0.7313722207750959
all,ngga,1,21,0.005256570713391739,0.7313077874266456
all,2025,0,82,0.003353371774424406,0.7312476093749156
all,20,0,459,0.018770702981229296,0.73111979845704
all,disana,1,22,0.005506883604505632,0.7307367490996984
all,konser,1,22,0.005506883604505632,0.7307367490996984
all,pd,1,22,0.005506883604505632,0.7307367490996984
all,sungguh,1,23,0.005757196495619525,0.7302257336939826
all,ekonomi,0,271,0.011082484766695292,0.7301789271968383
all,kapan,1,26,0.006508135168961202,0.7289844955148213
all,pembantaian,1,31,0.007759699624530663,0.7276093338892414
all,pasti,1,87,0.021777221526908634,0.7242353744477609
all,member,0,119,0.004866478550689077,0.723043129189057
all,79,0,31,0.001267738109843373,0.7228600147877784
all,86,0,31,0.001267738109843373,0.7228600147877784
all,can,0,31,0.001267738109843373,0.7228600147877784
all,kristiani,0,31,0.001267738109843373,0.7228600147877784
all,pelajar,0,31,0.001267738109843373,0.7228600147877784
all,pernikahan,0,31,0.001267738109843373,0.7228600147877784
all,reaksi,0,31,0.001267738109843373,0.7228600147877784
all,sejati,0,31,0.001267738109843373,0.7228600147877784
all,shop,0,31,0.001267738109843373,0.7228600147877784
all,sulawesi,0,31,0.001267738109843373,0.7228600147877784
all,terdampar,0,31,0.001267738109843373,0.7228600147877784
all,kk,0,56,0.002290107553265448,0.7198496734463584
all,pelayanan,0,56,0.002290107553265448,0.7198496734463584
all,2024,0,748,0.030589293747188485,0.7197586886951206
all,posisi,0,156,0.006379585326953748,0.7191147311147476
all,melanjutkan,0,81,0.003312476996687523,0.7190113055901347
all,timnas,0,131,0.005357215883531673,0.7188925214727367
all,itulah,1,24,0.006007509386733416,0.716027486697285
all,mohon,1,24,0.006007509386733416,0.716027486697285
all,pikir,1,22,0.005506883604505632,0.7157700934292917
all,bila,1,20,0.0050062578222778474,0.7155128929724572
all,luka,0,143,0.005847953216374269,0.7154914779019903
all,palestin,1,18,0.004505632040050063,0.7152558851017151
all,mending,1,17,0.00425531914893617,0.7151274533158944
all,abad,1,16,0.004005006257822278,0.7149990695923614
all,kayaknya,1,15,0.0037546933667083854,0.714870733903084
all,rakyatnya,1,13,0.003254067584480601,0.7146142065152835
all,sekelompok,1,13,0.003254067584480601,0.7146142065152835
all,ba,1,12,0.003003754693366708,0.7144860147608103
all,modal,1,11,0.002753441802252816,0.7143578709286921
all,duluan,1,10,0.0025031289111389237,0.7142297749910099
all,gamau,1,10,0.0025031289111389237,0.7142297749910099
all,wafat,1,10,0.0025031289111389237,0.7142297749910099
all,pahlawan,1,9,0.0022528160200250315,0.7141017269198677
all,doi,1,8,0.002002503128911139,0.7139737266873909
all,patung,1,8,0.002002503128911139,0.7139737266873909
all,dipaksa,1,7,0.0017521902377972466,0.7138457742657277
all,minoritas,1,7,0.0017521902377972466,0.7138457742657277
all,pandang,1,7,0.0017521902377972466,0.7138457742657277
all,pasir,1,7,0.0017521902377972466,0.7138457742657277
all,sebarkan,1,7,0.0017521902377972466,0.7138457742657277
all,siapakah,1,7,0.0017521902377972466,0.7138457742657277
all,pekerja,0,68,0.002780844886108044,0.7120134960034297
all,persoalan,0,68,0.002780844886108044,0.7120134960034297
all,terupdate,0,68,0.002780844886108044,0.7120134960034297
all,gak,1,208,0.052065081351689614,0.711437503225479
all,bahrain,0,43,0.001758475442685969,0.7094022031027751
all,berupaya,0,43,0.001758475442685969,0.7094022031027751
all,dok,0,43,0.001758475442685969,0.7094022031027751
all,februari,0,43,0.001758475442685969,0.7094022031027751
all,lomba,0,43,0.001758475442685969,0.7094022031027751
all,mandiri,0,43,0.001758475442685969,0.7094022031027751
all,mohammad,0,43,0.001758475442685969,0.7094022031027751
all,capres,1,75,0.01877346683354193,0.7093749477944837
all,1,0,1801,0.07365149470412628,0.7090452584001105
all,malah,1,98,0.024530663329161453,0.7087027693868192
all,berdasarkan,0,179,0.007320165214902057,0.7082587745742546
all,keliru,0,80,0.00327158221895064,0.7066244407603212
all,masing,0,80,0.00327158221895064,0.7066244407603212
all,abu,1,51,0.01276595744680851,0.7065770585319638
all,kasus,0,240,0.00981474665685192,0.705797330530017
all,music,0,55,0.002249212775528565,0.7019510690802016
all,lah,1,85,0.02127659574468085,0.7006013826456257
all,lucu,1,21,0.005256570713391739,0.7002155481829632
all,aamiin,1,20,0.0050062578222778474,0.6993425139943553
all,ngapain,1,20,0.0050062578222778474,0.6993425139943553
all,event,0,67,0.002739950108371161,0.697266341478487
all,kakak,0,67,0.002739950108371161,0.697266341478487
all,menyambut,0,67,0.002739950108371161,0.697266341478487
all,minyak,0,67,0.002739950108371161,0.697266341478487
all,tinggi,0,323,0.01320901320901321,0.6972179226154746
all,malu,1,17,0.00425531914893617,0.6962179870845357
all,maka,1,107,0.026783479349186484,0.6959310672989997
all,bang,0,128,0.005234531550321024,0.695691239212236
all,https,0,706,0.0288717130822394,0.6943651902563223
all,global,0,140,0.00572526888316362,0.6942405356220592
all,hadir,0,140,0.00572526888316362,0.6942405356220592
all,aktif,0,79,0.003230687441213757,0.694083250671886
all,pers,0,79,0.003230687441213757,0.694083250671886
all,nomor,0,237,0.009692062323641271,0.6931209743080056
all,tewas,0,382,0.015621805095489306,0.6930922830735688
all,raya,0,152,0.006216006216006216,0.693058704741049
all,bekerjasama,0,30,0.00122684333210649,0.6905582075587008
all,dapur,0,30,0.00122684333210649,0.6905582075587008
all,have,0,30,0.00122684333210649,0.6905582075587008
all,independen,0,30,0.00122684333210649,0.6905582075587008
all,jajaran,0,30,0.00122684333210649,0.6905582075587008
all,jumlahnya,0,30,0.00122684333210649,0.6905582075587008
all,kapten,0,30,0.00122684333210649,0.6905582075587008
all,maya,0,30,0.00122684333210649,0.6905582075587008
all,menempati,0,30,0.00122684333210649,0.6905582075587008
all,mengangkut,0,30,0.00122684333210649,0.6905582075587008
all,ridwan,0,30,0.00122684333210649,0.6905582075587008
all,survei,0,30,0.00122684333210649,0.6905582075587008
all,terulang,0,30,0.00122684333210649,0.6905582075587008
all,tewaskan,0,30,0.00122684333210649,0.6905582075587008
all,hrs,1,13,0.003254067584480601,0.6901817916084619
all,mengungkapkan,0,103,0.004212162106898949,0.690117534121431
all,menit,0,103,0.004212162106898949,0.690117534121431
all,ribuan,0,224,0.009160430213061793,0.6891875572880493
all,hancur,1,34,0.00851063829787234,0.6886207723178921
all,hukuman,1,12,0.003003754693366708,0.6881277496937588
all,mengancam,1,12,0.003003754693366708,0.6881277496937588
all,all,0,151,0.006175111438269333,0.6864385847663651
all,meskipun,0,151,0.006175111438269333,0.6864385847663651
all,jeda,0,42,0.001717580664949086,0.6861043757998351
all,kamuharustau,0,42,0.001717580664949086,0.6861043757998351
all,mengubah,0,42,0.001717580664949086,0.6861043757998351
all,patroli,0,42,0.001717580664949086,0.6861043757998351
all,terletak,0,42,0.001717580664949086,0.6861043757998351
all,cuma,1,104,0.026032540675844807,0.6853147040702281
all,arhan,0,54,0.002208317997791682,0.6837277647107233
all,dosen,0,54,0.002208317997791682,0.6837277647107233
all,gugur,0,54,0.002208317997791682,0.6837277647107233
all,terkena,0,54,0.002208317997791682,0.6837277647107233
all,tuduhan,0,54,0.002208317997791682,0.6837277647107233
all,tvonenews,0,54,0.002208317997791682,0.6837277647107233
all,pro,1,88,0.022027534418022528,0.6833163963469808
all,pintar,1,10,0.0025031289111389237,0.682936284799487
all,pura,1,10,0.0025031289111389237,0.682936284799487
all,perhatian,0,78,0.003189792663476874,0.6813838281589313
all,ungkap,0,90,0.00368052999631947,0.6807759398507655
all,update,0,270,0.01104158998895841,0.6807335250371607
all,malaysia,0,186,0.007606428659060238,0.6798606481009208
all,ngakak,1,9,0.0022528160200250315,0.6795746091905556
all,kota,0,636,0.026009078640657587,0.6776971993517594
all,bagian,0,293,0.011982169876906718,0.677629310591813
all,dipenuhi,1,8,0.002002503128911139,0.6754665092294924
all,gaza_genocide,1,8,0.002002503128911139,0.6754665092294924
all,putaran,1,8,0.002002503128911139,0.6754665092294924
all,tercinta,1,8,0.002002503128911139,0.6754665092294924
all,senang,1,16,0.004005006257822278,0.6753079760400605
all,perusahaan,0,197,0.00805627121416595,0.6748497639944374
all,40,0,185,0.007565533881323355,0.6744430845374206
all,asia,0,185,0.007565533881323355,0.6744430845374206
all,bunuh,1,23,0.005757196495619525,0.6741030279590327
all,masyarakat,0,632,0.025845499529710055,0.6712250723180969
all,memasuki,0,101,0.004130372551425183,0.6705225894335606
all,baptis,1,7,0.0017521902377972466,0.6703197307226925
all,emyu,1,7,0.0017521902377972466,0.6703197307226925
all,kudu,1,7,0.0017521902377972466,0.6703197307226925
all,novel,1,7,0.0017521902377972466,0.6703197307226925
all,seandainya,1,7,0.0017521902377972466,0.6703197307226925
all,sekitar,0,397,0.01623522676154255,0.6701194041611546
all,koalisi,1,14,0.003504380475594493,0.6697091230456702
all,pula,1,27,0.006758448060075094,0.6689036784151269
all,11,0,723,0.02956692430376641,0.6680860396512197
all,entertainment,0,65,0.002658160552897395,0.667106877015125
all,smp,0,65,0.002658160552897395,0.667106877015125
all,mendapatkan,0,266,0.010878010878010878,0.6656702820036212
all,angin,0,53,0.002167423220054799,0.6651677333369227
all,level,0,53,0.002167423220054799,0.6651677333369227
all,lina,0,53,0.002167423220054799,0.6651677333369227
all,mengutip,0,53,0.002167423220054799,0.6651677333369227
all,kecuali,1,25,0.006257822277847309,0.6650257129155377
all,berlebihan,1,6,0.001501877346683354,0.6636665224746627
all,bngt,1,6,0.001501877346683354,0.6636665224746627
all,dateng,1,6,0.001501877346683354,0.6636665224746627
all,jumatberkah,1,6,0.001501877346683354,0.6636665224746627
all,madrid,1,6,0.001501877346683354,0.6636665224746627
all,negri,1,6,0.001501877346683354,0.6636665224746627
all,pelajaran,1,6,0.001501877346683354,0.6636665224746627
all,pelakunya,1,6,0.001501877346683354,0.6636665224746627
all,sorry,1,6,0.001501877346683354,0.6636665224746627
all,bangsa,1,95,0.023779724655819776,0.6636140862410069
all,kaget,1,12,0.003003754693366708,0.6624443606532191
all,my,0,112,0.004580215106530896,0.6623923633863542
all,love,0,171,0.006993006993006993,0.6623373236004799
all,72,0,41,0.001676685887212203,0.6622527636455178
all,melarikan,0,41,0.001676685887212203,0.6622527636455178
all,note,0,41,0.001676685887212203,0.6622527636455178
all,off,0,41,0.001676685887212203,0.6622527636455178
all,perserikatan,0,41,0.001676685887212203,0.6622527636455178
all,polsek,0,41,0.001676685887212203,0.6622527636455178
all,tautan,0,41,0.001676685887212203,0.6622527636455178
all,tempat,0,568,0.023228233754549545,0.6612484021316337
all,selanjutnya,0,100,0.0040894777736883,0.6605804557480962
all,kampanye,1,23,0.005757196495619525,0.6605482915650687
all,nasional,0,241,0.009855641434588802,0.6597260845745517
all,y,1,17,0.00425531914893617,0.6594346513412569
all,beri,0,88,0.003598740440845704,0.6583465545162716
all,peran,0,88,0.003598740440845704,0.6583465545162716
all,knp,1,22,0.005506883604505632,0.6580362029763485
all,menutup,1,11,0.002753441802252816,0.6579230292645878
all,muhamad,1,11,0.002753441802252816,0.6579230292645878
all,puas,1,11,0.002753441802252816,0.6579230292645878
all,82,0,29,0.001185948554369607,0.6571808439566781
all,aladdin666,0,29,0.001185948554369607,0.6571808439566781
all,anadolu,0,29,0.001185948554369607,0.6571808439566781
all,cuy,0,29,0.001185948554369607,0.6571808439566781
all,faisal,0,29,0.001185948554369607,0.6571808439566781
all,harum,0,29,0.001185948554369607,0.6571808439566781
all,irene,0,29,0.001185948554369607,0.6571808439566781
all,kepedulian,0,29,0.001185948554369607,0.6571808439566781
all,kolaborasi,0,29,0.001185948554369607,0.6571808439566781
all,mencerminkan,0,29,0.001185948554369607,0.6571808439566781
all,permainan,0,29,0.001185948554369607,0.6571808439566781
all,rebecca,0,29,0.001185948554369607,0.6571808439566781
all,rizal,0,29,0.001185948554369607,0.6571808439566781
all,serbu,0,29,0.001185948554369607,0.6571808439566781
all,singkat,0,29,0.001185948554369607,0.6571808439566781
all,special,0,29,0.001185948554369607,0.6571808439566781
all,terbanyak,0,29,0.001185948554369607,0.6571808439566781
all,will,0,29,0.001185948554369607,0.6571808439566781
all,wisata,0,29,0.001185948554369607,0.6571808439566781
all,anda,1,74,0.018523153942428035,0.6569485053870074
all,roket,0,123,0.005030057661636609,0.6557979664457496
all,digital,0,76,0.003108003108003108,0.6554938979699603
all,penting,0,193,0.00789269210321842,0.6542238014658406
all,2,0,1533,0.06269169427064164,0.652767786922273
all,bertanya,1,10,0.0025031289111389237,0.6525899869400393
all,ceasefirenow,1,10,0.0025031289111389237,0.6525899869400393
all,diantara,1,10,0.0025031289111389237,0.6525899869400393
all,dipakai,1,10,0.0025031289111389237,0.6525899869400393
all,hormat,1,10,0.0025031289111389237,0.6525899869400393
all,bersenjata,0,64,0.002617265775160512,0.6516809560845332
all,perlindungan,0,99,0.004048582995951417,0.6505393113968362
all,memberi,0,157,0.006420480104690631,0.6483132285724158
all,tpi,1,14,0.003504380475594493,0.647928166235545
all,manusia,1,110,0.02753441802252816,0.6478602863211593
all,berperan,0,52,0.002126528442317916,0.6462582671055639
all,uu,1,9,0.0022528160200250315,0.6461972455885328
all,diam,1,27,0.006758448060075094,0.6459634604342432
all,internasional,0,502,0.020529178423915266,0.6451520395641979
all,sejarah,1,62,0.015519399249061327,0.643375526549214
all,alkitab,1,13,0.003254067584480601,0.6430323521512045
all,tahu,1,65,0.016270337922403004,0.6424075504997312
all,berangkat,0,75,0.003067108330266225,0.642294792800106
all,berbicara,0,75,0.003067108330266225,0.642294792800106
all,nya,1,231,0.05782227784730914,0.6420776077490251
all,tv,0,156,0.006379585326953748,0.6419026229424021
all,35,0,98,0.004007688218214534,0.6403971560795935
all,kejahatan,1,52,0.013016270337922404,0.6398063263856313
all,kelaparan,1,8,0.002002503128911139,0.6383842992431649
all,kesejahteraan,1,8,0.002002503128911139,0.6383842992431649
all,sedunia,1,8,0.002002503128911139,0.6383842992431649
all,antonio,0,40,0.00163579110947532,0.637820348738696
all,belanja,0,40,0.00163579110947532,0.637820348738696
all,jawapos,0,40,0.00163579110947532,0.637820348738696
all,nov,0,40,0.00163579110947532,0.637820348738696
all,seminggu,0,40,0.00163579110947532,0.637820348738696
all,tribun,0,40,0.00163579110947532,0.637820348738696
all,sini,1,47,0.011764705882352941,0.6376556287504207
all,state,1,12,0.003003754693366708,0.6374020983429382
all,demi,1,71,0.01777221526908636,0.6364758000139271
all,positif,0,63,0.002576370997423629,0.6360146377714426
all,red,0,63,0.002576370997423629,0.6360146377714426
all,darat,0,178,0.007279270437165174,0.6356884055533739
all,duta,0,86,0.003516950885371938,0.635406336535388
all,tanya,1,19,0.004755944931163955,0.633166236478707
all,nonton,0,223,0.00911953543532491,0.6317868137077189
all,org,1,83,0.020775969962453067,0.6312239817673169
all,bulan,0,382,0.015621805095489306,0.631029785547218
all,konsep,1,11,0.002753441802252816,0.6308534018043771
all,silakan,0,97,0.003966793440477651,0.6301519282604127
all,kemarin,0,177,0.007238375659428291,0.6300292203013775
all,on,0,177,0.007238375659428291,0.6300292203013775
all,nyata,1,36,0.009011264080100126,0.6297732310849767
all,membutuhkan,0,74,0.003026213552529342,0.6289202430209178
all,galang,1,7,0.0017521902377972466,0.628606101043363
all,kontroversi,1,7,0.0017521902377972466,0.628606101043363
all,memboikot,1,7,0.0017521902377972466,0.628606101043363
all,syam,1,7,0.0017521902377972466,0.628606101043363
all,ال,1,7,0.0017521902377972466,0.628606101043363
all,kekejaman,1,25,0.006257822277847309,0.6283131734102197
all,pria,0,188,0.007688218214534004,0.6278382207895762
all,sementara,0,482,0.019711282869177605,0.6272124826663779
all,ganjarmahfud2024,0,51,0.002085633664581033,0.6269859249301498
all,hijau,0,51,0.002085633664581033,0.6269859249301498
all,pengusiran,0,51,0.002085633664581033,0.6269859249301498
all,gatau,1,14,0.003504380475594493,0.6266097959359171
all,perbuatan,1,14,0.003504380475594493,0.6266097959359171
all,detik,0,108,0.004416635995583364,0.6260249998124997
all,serius,0,108,0.004416635995583364,0.6260249998124997
all,7,0,705,0.028830818304502515,0.6257504587463034
all,jakarta,0,537,0.02196049564470617,0.6249662116104963
all,buang,1,10,0.0025031289111389237,0.6231351516927903
all,57,0,28,0.001145053776632724,0.6226537262273659
all,administrasi,0,28,0.001145053776632724,0.6226537262273659
all,bca,0,28,0.001145053776632724,0.6226537262273659
all,elemen,0,28,0.001145053776632724,0.6226537262273659
all,kiki,0,28,0.001145053776632724,0.6226537262273659
all,kinerja,0,28,0.001145053776632724,0.6226537262273659
all,menyesalkan,0,28,0.001145053776632724,0.6226537262273659
all,misterius,0,28,0.001145053776632724,0.6226537262273659
all,mitra,0,28,0.001145053776632724,0.6226537262273659
all,ngerjain,0,28,0.001145053776632724,0.6226537262273659
all,pengepungan,0,28,0.001145053776632724,0.6226537262273659
all,q,0,28,0.001145053776632724,0.6226537262273659
all,siaran,0,28,0.001145053776632724,0.6226537262273659
all,sindonews,0,28,0.001145053776632724,0.6226537262273659
all,tebal,0,28,0.001145053776632724,0.6226537262273659
all,tulang,0,28,0.001145053776632724,0.6226537262273659
all,tuturnya,0,28,0.001145053776632724,0.6226537262273659
all,uji,0,28,0.001145053776632724,0.6226537262273659
all,hari,0,1882,0.0769639717008138,0.6205123843242293
all,irak,1,13,0.003254067584480601,0.6202631342567644
all,minum,1,13,0.003254067584480601,0.6202631342567644
all,cabang,0,62,0.002535476219686746,0.6201002898861072
all,waspada,1,16,0.004005006257822278,0.6185661362594871
all,umum,0,310,0.01267738109843373,0.6183708935176039
all,suci,1,22,0.005506883604505632,0.6168114806559668
all,emg,1,25,0.006257822277847309,0.6163672368456272
all,bolivia,1,6,0.001501877346683354,0.6159975452326295
all,janganlah,1,6,0.001501877346683354,0.6159975452326295
all,keuntungan,1,6,0.001501877346683354,0.6159975452326295
all,meledak,1,6,0.001501877346683354,0.6159975452326295
all,mencuri,1,6,0.001501877346683354,0.6159975452326295
all,pecat,1,6,0.001501877346683354,0.6159975452326295
all,ة,1,6,0.001501877346683354,0.6159975452326295
all,dugaan,0,73,0.002985318774792459,0.6153655066269538
all,olahraga,0,73,0.002985318774792459,0.6153655066269538
all,timur,0,376,0.015376436429068009,0.6149699531594441
all,sah,0,118,0.004825583772952194,0.6142642886853003
all,agama,1,117,0.029286608260325406,0.6139006413002087
all,hatinya,1,9,0.0022528160200250315,0.6138954383594551
all,ikn,1,12,0.003003754693366708,0.6129696834361165
all,dp,0,39,0.001594896331738437,0.6127780864284152
all,efek,0,39,0.001594896331738437,0.6127780864284152
all,http,0,39,0.001594896331738437,0.6127780864284152
all,pppk,0,39,0.001594896331738437,0.6127780864284152
all,solutif,0,39,0.001594896331738437,0.6127780864284152
all,tajam,0,39,0.001594896331738437,0.6127780864284152
all,tambahnya,0,39,0.001594896331738437,0.6127780864284152
all,cowok,1,15,0.0037546933667083854,0.6125363627759977
all,n,1,50,0.012515644555694618,0.6123413619365543
all,kalangan,1,21,0.005256570713391739,0.612322193266658
all,pembangunan,0,129,0.005275426328057907,0.6122616067498255
all,piala,0,129,0.005275426328057907,0.6122616067498255
all,terlibat,0,129,0.005275426328057907,0.6122616067498255
all,padahal,1,82,0.020525657071339173,0.6115778067244713
all,ali,1,35,0.008760951188986232,0.6101856455962357
all,kayak,1,49,0.012265331664580726,0.6101753518902917
all,news,0,407,0.016644174538911382,0.6088569709451006
all,tanah,1,105,0.026282853566958697,0.6087976174936562
all,diserang,1,23,0.005757196495619525,0.608084706427055
all,pelanggaran,1,23,0.005757196495619525,0.608084706427055
all,bergerak,0,50,0.00204473888684415,0.6073364749735589
all,deklarasi,0,50,0.00204473888684415,0.6073364749735589
all,gresik,0,50,0.00204473888684415,0.6073364749735589
all,terakhir,0,251,0.010264589211957633,0.6071190651154271
all,allahu,1,14,0.003504380475594493,0.6057347355019705
all,bangga,1,14,0.003504380475594493,0.6057347355019705
all,bener2,1,14,0.003504380475594493,0.6057347355019705
all,bekas,1,11,0.002753441802252816,0.6044951367373255
all,kenyataan,1,11,0.002753441802252816,0.6044951367373255
all,pengusaha,1,11,0.002753441802252816,0.6044951367373255
all,pagii,0,61,0.002494581441949863,0.6039299109080053
all,perkembangan,0,61,0.002494581441949863,0.6039299109080053
all,sekretaris,0,61,0.002494581441949863,0.6039299109080053
all,tanda,0,61,0.002494581441949863,0.6039299109080053
all,maju,1,33,0.008260325406758449,0.6038997905951855
all,akar,1,8,0.002002503128911139,0.6026252766590936
all,asy,1,8,0.002002503128911139,0.6026252766590936
all,harta,1,8,0.002002503128911139,0.6026252766590936
all,murid,1,8,0.002002503128911139,0.6026252766590936
all,pa,1,8,0.002002503128911139,0.6026252766590936
all,enam,0,72,0.002944423997055576,0.6016256467238945
all,obat,0,72,0.002944423997055576,0.6016256467238945
all,vs,0,360,0.01472211998527788,0.6014372461095048
all,dr,1,75,0.01877346683354193,0.6009816976928919
all,terbaik,0,205,0.008383429436061015,0.5999740232815668
all,tersebut,0,1278,0.05226352594773647,0.5993572559036032
all,fatwa,1,29,0.007259073842302879,0.5990651628037096
all,300,0,94,0.003844109107267002,0.5987762219349028
all,militan,0,94,0.003844109107267002,0.5987762219349028
all,gemoy,1,13,0.003254067584480601,0.5979990289768212
all,merayakan,1,13,0.003254067584480601,0.5979990289768212
all,melaporkan,0,116,0.004743794217478428,0.5971604200298003
all,twitter,1,31,0.007759699624530663,0.5968919918050083
all,menjelaskan,0,127,0.005193636772584141,0.5966148719603273
all,gila,0,3995,0.16337463705884758,0.5952474046198017
all,menuju,0,215,0.008792377213429846,0.5950062012908789
all,wilayah,0,586,0.023964339753813436,0.5937883531565744
all,an,1,66,0.016520650813516898,0.5934331630411952
all,mereka,1,489,0.12240300375469337,0.5930132809200419
all,mencapai,0,214,0.008751482435692962,0.5903137742877567
all,kalo,1,162,0.04055068836045057,0.58985260573268
all,mengenai,0,181,0.007401954770375823,0.5897074337999747
all,balas,1,17,0.00425531914893617,0.5896774015969071
all,berpikir,1,12,0.003003754693366708,0.589118071281799
all,tetangga,1,12,0.003003754693366708,0.589118071281799
all,w,0,148,0.006052427105058684,0.5891023734158306
all,suka,1,88,0.022027534418022528,0.5890282420188417
all,teknologi,0,137,0.005602584549952971,0.5889009703690538
all,berkaitan,1,7,0.0017521902377972466,0.5885598314753007
all,yak,1,7,0.0017521902377972466,0.5885598314753007
all,fasilitas,0,115,0.004702899439741545,0.588498588975369
all,pemimpin,1,83,0.020775969962453067,0.5879402951923675
all,tindak,0,71,0.002903529219318693,0.5876955207005361
all,justru,1,31,0.007759699624530663,0.5875050565646514
all,layanan,0,60,0.00245368666421298,0.5874951057647999
all,adi,0,49,0.002003844109107267,0.587294831377849
all,bandara,0,49,0.002003844109107267,0.587294831377849
all,idntimes,0,49,0.002003844109107267,0.587294831377849
all,jan,0,49,0.002003844109107267,0.587294831377849
all,viralindonesia,0,49,0.002003844109107267,0.587294831377849
all,istilah,0,38,0.001554001554001554,0.5870946973878756
all,juli,0,38,0.001554001554001554,0.5870946973878756
all,minus,0,38,0.001554001554001554,0.5870946973878756
all,panasnya,0,38,0.001554001554001554,0.5870946973878756
all,parlemen,0,38,0.001554001554001554,0.5870946973878756
all,pernyataannya,0,38,0.001554001554001554,0.5870946973878756
all,restoran,0,38,0.001554001554001554,0.5870946973878756
all,kanada,0,27,0.001104158998895841,0.5868947036432945
all,kontra,0,27,0.001104158998895841,0.5868947036432945
all,laporkan,0,27,0.001104158998895841,0.5868947036432945
all,latihan,0,27,0.001104158998895841,0.5868947036432945
all,maxwin,0,27,0.001104158998895841,0.5868947036432945
all,memandang,0,27,0.001104158998895841,0.5868947036432945
all,mengerahkan,0,27,0.001104158998895841,0.5868947036432945
all,opung,0,27,0.001104158998895841,0.5868947036432945
all,salma,0,27,0.001104158998895841,0.5868947036432945
all,û,0,27,0.001104158998895841,0.5868947036432945
all,menentang,1,19,0.004755944931163955,0.5868811884420694
all,pks,1,19,0.004755944931163955,0.5868811884420694
all,kaya,1,58,0.014518147684605758,0.5862274402052775
all,prabowo,1,117,0.029286608260325406,0.5859416036242638
all,jokowi,1,128,0.03204005006257822,0.5848201312761636
all,kader,1,9,0.0022528160200250315,0.5826019481679322
all,kritis,1,9,0.0022528160200250315,0.5826019481679322
all,ngobrol,1,9,0.0022528160200250315,0.5826019481679322
all,pemikiran,1,9,0.0022528160200250315,0.5826019481679322
all,teguh,1,9,0.0022528160200250315,0.5826019481679322
all,terpilih,1,9,0.0022528160200250315,0.5826019481679322
all,dilarang,1,25,0.006257822277847309,0.5813568655666332
all,menganggap,1,18,0.004505632040050063,0.5802710571785328
all,laporan,0,201,0.008219850325113484,0.5801524256789619
all,kerajaan,1,11,0.002753441802252816,0.5788117476967858
all,ketakutan,1,11,0.002753441802252816,0.5788117476967858
all,diberikan,0,103,0.004212162106898949,0.5786410838606567
all,menyerukan,0,103,0.004212162106898949,0.5786410838606567
all,source,0,168,0.006870322659796344,0.5776237009871023
all,tapi,1,293,0.07334167709637046,0.5757182852596598
all,facebook,0,146,0.005970637549584918,0.5754605611131296
all,serikat,0,254,0.010387273545168283,0.5753640624770269
all,penulis,0,70,0.00286263444158181,0.5735697686381737
all,please,0,70,0.00286263444158181,0.5735697686381737
all,menurut,0,478,0.019547703758230076,0.5722297997743176
all,apalagi,1,40,0.010012515644555695,0.5720192214975818
all,massa,1,21,0.005256570713391739,0.5710974709462763
all,bersumpah,1,6,0.001501877346683354,0.5704942412279032
all,membedakan,1,6,0.001501877346683354,0.5704942412279032
all,musa,1,6,0.001501877346683354,0.5704942412279032
all,savegaza,1,6,0.001501877346683354,0.5704942412279032
all,daripada,1,23,0.005757196495619525,0.5704572289958517
all,juru,0,102,0.004171267329162066,0.5688912036583749
all,meski,0,145,0.005929742771848035,0.568570080547786
all,konteks,1,8,0.002002503128911139,0.5680981589297813
all,evakuasi,0,48,0.001962949331370384,0.5668449845366382
all,peta,0,48,0.001962949331370384,0.5668449845366382
all,rekening,0,48,0.001962949331370384,0.5668449845366382
all,topik,0,48,0.001962949331370384,0.5668449845366382
all,temukan,0,134,0.005479900216742322,0.5667178868958256
all,medsos,1,10,0.0025031289111389237,0.566700310028686
all,ngeliat,1,10,0.0025031289111389237,0.566700310028686
all,simbol,1,10,0.0025031289111389237,0.566700310028686
all,ataupun,1,12,0.003003754693366708,0.5658202439788591
all,fans,1,12,0.003003754693366708,0.5658202439788591
all,menyuarakan,1,14,0.003504380475594493,0.5652432450650497
all,lawan,1,44,0.011013767209011264,0.5651628239361781
all,simak,0,198,0.008097165991902834,0.5650284534817344
all,memilih,1,42,0.010513141426783479,0.5650205173433788
all,nilai,0,123,0.005030057661636609,0.5645752472098481
all,mengikuti,1,30,0.007509386733416771,0.5643789227758661
all,mahkamah,1,22,0.005506883604505632,0.5643478955179532
all,ketemu,1,24,0.006007509386733416,0.5643041991722836
all,banjir,0,80,0.00327158221895064,0.5632729077224965
all,ditangkap,0,80,0.00327158221895064,0.5632729077224965
all,penggunaan,0,80,0.00327158221895064,0.5632729077224965
all,berbasis,0,37,0.001513106776264671,0.5607364323208238
all,menceritakan,0,37,0.001513106776264671,0.5607364323208238
all,pendek,0,37,0.001513106776264671,0.5607364323208238
all,ahli,1,29,0.007259073842302879,0.5594869400791148
all,bahas,0,69,0.002821739663844927,0.5592428008920037
all,sma,0,133,0.005439005439005439,0.5592140472731776
all,murah,0,101,0.004130372551425183,0.5590461391727863
all,persen,0,101,0.004130372551425183,0.5590461391727863
all,dapat,0,618,0.025272972641393693,0.5576403757557028
all,dibilang,1,17,0.00425531914893617,0.5565345502815119
all,komen,1,17,0.00425531914893617,0.5565345502815119
all,dibawa,0,90,0.00368052999631947,0.5553620446386751
all,seruan,0,90,0.00368052999631947,0.5553620446386751
all,semoga,1,101,0.02528160200250313,0.5549436349538528
all,bekasi,0,58,0.002371897108739214,0.5537965092722723
all,bintang,0,58,0.002371897108739214,0.5537965092722723
all,dijual,0,58,0.002371897108739214,0.5537965092722723
all,kalau,1,170,0.0425531914893617,0.5526008663775053
all,bro,1,9,0.0022528160200250315,0.5522556503084846
all,mendoakan,1,9,0.0022528160200250315,0.5522556503084846
all,syarat,0,79,0.003230687441213757,0.5507317176340614
all,kerjanya,1,7,0.0017521902377972466,0.5500526140174021
all,pangeran,1,7,0.0017521902377972466,0.5500526140174021
all,perhatikan,1,7,0.0017521902377972466,0.5500526140174021
all,ragu,1,7,0.0017521902377972466,0.5500526140174021
all,peduli,1,29,0.007259073842302879,0.5498304136178601
all,ampun,0,26,0.001063264221158958,0.5498124936569669
all,beritadunia,0,26,0.001063264221158958,0.5498124936569669
all,development,0,26,0.001063264221158958,0.5498124936569669
all,keterlibatan,0,26,0.001063264221158958,0.5498124936569669
all,ki,0,26,0.001063264221158958,0.5498124936569669
all,kpop,0,26,0.001063264221158958,0.5498124936569669
all,manfaat,0,26,0.001063264221158958,0.5498124936569669
all,pembuat,0,26,0.001063264221158958,0.5498124936569669
all,penampilan,0,26,0.001063264221158958,0.5498124936569669
all,perut,0,26,0.001063264221158958,0.5498124936569669
all,sopan,0,26,0.001063264221158958,0.5498124936569669
all,ujian,0,26,0.001063264221158958,0.5498124936569669
all,bombardir,1,18,0.004505632040050063,0.5491788179348503
all,arab,1,90,0.02252816020025031,0.5472415212130455
all,perdana,0,226,0.009242219768535558,0.5471026121939337
all,pemerintah,0,601,0.024577761419866683,0.5465524941288069
all,41,0,47,0.001922054553633501,0.5459699241026916
all,afrika,0,47,0.001922054553633501,0.5459699241026916
all,am,0,47,0.001922054553633501,0.5459699241026916
all,ampe,0,47,0.001922054553633501,0.5459699241026916
all,bacapres,0,47,0.001922054553633501,0.5459699241026916
all,best,0,47,0.001922054553633501,0.5459699241026916
all,lepas,0,47,0.001922054553633501,0.5459699241026916
all,mengganggu,0,47,0.001922054553633501,0.5459699241026916
all,pihak,0,372,0.015212857318120476,0.5456307104011054
all,more,0,68,0.002780844886108044,0.5447087847725355
all,tiba,0,194,0.007933586880955301,0.544506618958221
all,raja,0,89,0.003639635218582587,0.5442097750500787
all,si,1,94,0.023529411764705882,0.5425781122492523
all,menewaskan,0,120,0.00490737332842596,0.5398605496452776
all,jenazah,1,10,0.0025031289111389237,0.5396306825684754
all,sedangkan,1,32,0.008010012515644555,0.5382397137331811
all,apa,1,257,0.06433041301627034,0.5368838071656749
all,el,0,57,0.002331002331002331,0.5365137125114775
all,hendak,0,57,0.002331002331002331,0.5365137125114775
all,kalimantan,0,57,0.002331002331002331,0.5365137125114775
all,ngasih,0,57,0.002331002331002331,0.5365137125114775
all,pp,0,57,0.002331002331002331,0.5365137125114775
all,pejabat,0,130,0.00531632110579479,0.5363624510758203
all,sipil,1,86,0.021526908635794744,0.5360628074489435
all,teman,0,213,0.008710587657956079,0.5353376848326328
all,kan,1,90,0.02252816020025031,0.5347868010203538
all,caranya,1,8,0.002002503128911139,0.5347207953277587
all,kpk,1,8,0.002002503128911139,0.5347207953277587
all,sosmed,1,8,0.002002503128911139,0.5347207953277587
all,tawanan,1,8,0.002002503128911139,0.5347207953277587
all,sering,1,41,0.010262828535669587,0.5342043818156049
all,diketahui,0,192,0.007851797325481536,0.5340881710957424
all,teh,1,13,0.003254067584480601,0.5340246414331214
all,48,0,36,0.001472211998527788,0.5336668048606132
all,icha,0,36,0.001472211998527788,0.5336668048606132
all,jum,0,36,0.001472211998527788,0.5336668048606132
all,lancar,0,36,0.001472211998527788,0.5336668048606132
all,panglima,0,36,0.001472211998527788,0.5336668048606132
all,pastikan,0,36,0.001472211998527788,0.5336668048606132
all,results,0,36,0.001472211998527788,0.5336668048606132
all,signifikan,0,36,0.001472211998527788,0.5336668048606132
all,terorisme,0,36,0.001472211998527788,0.5336668048606132
all,tradisi,0,36,0.001472211998527788,0.5336668048606132
all,jg,1,36,0.009011264080100126,0.5335895021697422
all,krisis,0,88,0.003598740440845704,0.5329326593041813
all,ikut,1,86,0.021526908635794744,0.5328264932476672
all,viral,0,480,0.01962949331370384,0.5320148507992076
all,story,0,119,0.004866478550689077,0.5314860733216005
all,dinilai,0,67,0.002739950108371161,0.5299616302475929
all,aja,1,251,0.06282853566958699,0.5294327382334004
all,diatas,1,11,0.002753441802252816,0.5293370704796833
all,henti,1,11,0.002753441802252816,0.5293370704796833
all,karir,1,6,0.001501877346683354,0.5269681976848677
all,masalahnya,1,6,0.001501877346683354,0.5269681976848677
all,salib,1,6,0.001501877346683354,0.5269681976848677
all,antara,0,579,0.023678076309655256,0.5261678925918952
all,jelas,1,77,0.019274092615769713,0.526064711457209
all,paksa,0,108,0.004416635995583364,0.5256906631809448
all,usaha,0,77,0.003148897885739991,0.5251705827340479
all,700,0,46,0.001881159775896618,0.5246515538030635
all,ac,0,46,0.001881159775896618,0.5246515538030635
all,memperingatkan,0,46,0.001881159775896618,0.5246515538030635
all,jutaan,1,17,0.00425531914893617,0.5244498234180746
all,real,1,17,0.00425531914893617,0.5244498234180746
all,serangan,0,1229,0.05025968183862921,0.5236574651546478
all,apakah,1,61,0.015269086357947435,0.5229485576770475
all,jelang,1,9,0.0022528160200250315,0.5228008150612354
all,membombardir,1,9,0.0022528160200250315,0.5228008150612354
all,hati,1,93,0.02327909887359199,0.522761310291338
all,melihat,1,72,0.018022528160200252,0.5208649221978702
all,pajak,1,12,0.003003754693366708,0.5207869208044758
all,un,0,56,0.002290107553265448,0.5189284142144173
all,proyek,1,21,0.005256570713391739,0.5186338858082628
all,qassam,1,21,0.005256570713391739,0.5186338858082628
all,punya,1,133,0.03329161451814768,0.517670617885939
all,kompas,0,148,0.006052427105058684,0.5173922793469816
all,saudara,1,50,0.012515644555694618,0.5155219783862358
all,siap,0,280,0.01145053776632724,0.5155189179944941
all,impor,0,66,0.002699055330634278,0.514994974577186
all,nyaman,0,66,0.002699055330634278,0.514994974577186
all,prof,0,66,0.002699055330634278,0.514994974577186
all,bayi,1,22,0.005506883604505632,0.514484114301969
all,penjahat,1,10,0.0025031289111389237,0.5132724175014238
all,dibanding,1,7,0.0017521902377972466,0.5129704040310745
all,timnasday,0,76,0.003108003108003108,0.5121423649321355
all,tingkat,0,76,0.003108003108003108,0.5121423649321355
all,widodo,0,76,0.003108003108003108,0.5121423649321355
all,bakar,1,29,0.007259073842302879,0.5121030241272717
all,900,0,25,0.001022369443422075,0.5113052761990686
all,ariel,0,25,0.001022369443422075,0.5113052761990686
all,bermula,0,25,0.001022369443422075,0.5113052761990686
all,blinken,0,25,0.001022369443422075,0.5113052761990686
all,buntut,0,25,0.001022369443422075,0.5113052761990686
all,darul,0,25,0.001022369443422075,0.5113052761990686
all,dievakuasi,0,25,0.001022369443422075,0.5113052761990686
all,dkk,0,25,0.001022369443422075,0.5113052761990686
all,efektif,0,25,0.001022369443422075,0.5113052761990686
all,ekor,0,25,0.001022369443422075,0.5113052761990686
all,elektronik,0,25,0.001022369443422075,0.5113052761990686
all,faktor,0,25,0.001022369443422075,0.5113052761990686
all,gazapalestina,0,25,0.001022369443422075,0.5113052761990686
all,interview,0,25,0.001022369443422075,0.5113052761990686
all,kerabat,0,25,0.001022369443422075,0.5113052761990686
all,lampung,0,25,0.001022369443422075,0.5113052761990686
all,let,0,25,0.001022369443422075,0.5113052761990686
all,menekan,0,25,0.001022369443422075,0.5113052761990686
all,ng,0,25,0.001022369443422075,0.5113052761990686
all,perekonomian,0,25,0.001022369443422075,0.5113052761990686
all,rajin,0,25,0.001022369443422075,0.5113052761990686
all,ruf,0,25,0.001022369443422075,0.5113052761990686
all,tuduh,0,25,0.001022369443422075,0.5113052761990686
all,voc,0,25,0.001022369443422075,0.5113052761990686
all,wahid,0,25,0.001022369443422075,0.5113052761990686
all,free,0,147,0.006011532327321801,0.5105943547792661
all,sri,0,86,0.003516950885371938,0.5099924413232977
all,pagi,0,349,0.014272277430172167,0.5097684340017812
all,karna,1,37,0.009261576971214018,0.5087194488021519
all,gibran,1,117,0.029286608260325406,0.5086542409658371
all,berusaha,1,27,0.006758448060075094,0.5083735303048641
all,berisi,0,96,0.003925898662740768,0.5083250523814989
all,or,0,106,0.004334846440109598,0.5070033280186257
all,cowo,1,21,0.005256570713391739,0.505934463295308
all,diantaranya,0,35,0.001431317220790905,0.5058462873584952
all,individu,0,35,0.001431317220790905,0.5058462873584952
all,jalurgaza,0,35,0.001431317220790905,0.5058462873584952
all,karyawan,0,35,0.001431317220790905,0.5058462873584952
all,lanjutkan,0,35,0.001431317220790905,0.5058462873584952
all,memegang,0,35,0.001431317220790905,0.5058462873584952
all,memperlihatkan,0,35,0.001431317220790905,0.5058462873584952
all,pola,0,35,0.001431317220790905,0.5058462873584952
all,press,0,35,0.001431317220790905,0.5058462873584952
all,reels,0,35,0.001431317220790905,0.5058462873584952
all,tusuk,0,35,0.001431317220790905,0.5058462873584952
all,mayoritas,1,28,0.007008760951188986,0.5055272069284857
all,minimal,0,126,0.005152741994847258,0.505067095983596
all,gini,1,50,0.012515644555694618,0.5047156002709728
all,berubah,1,18,0.004505632040050063,0.5042721989465457
all,lapangan,1,18,0.004505632040050063,0.5042721989465457
all,ilegal,1,25,0.006257822277847309,0.5041085034910412
all,mengapa,1,25,0.006257822277847309,0.5041085034910412
all,antaranews,0,45,0.001840264998159735,0.5028705969929383
all,editor,0,45,0.001840264998159735,0.5028705969929383
all,hasilnya,0,45,0.001840264998159735,0.5028705969929383
all,jasa,0,45,0.001840264998159735,0.5028705969929383
all,jawaban,0,45,0.001840264998159735,0.5028705969929383
all,kepemimpinan,0,45,0.001840264998159735,0.5028705969929383
all,terpaksa,0,45,0.001840264998159735,0.5028705969929383
all,walau,0,45,0.001840264998159735,0.5028705969929383
all,diduduki,1,8,0.002002503128911139,0.5024189880986809
all,hr,1,8,0.002002503128911139,0.5024189880986809
all,padang,1,8,0.002002503128911139,0.5024189880986809
all,prajurit,1,8,0.002002503128911139,0.5024189880986809
all,sifat,1,8,0.002002503128911139,0.5024189880986809
all,miskin,1,15,0.0037546933667083854,0.5020873159627288
all,ditahan,0,55,0.002249212775528565,0.5010298098482603
all,markas,0,55,0.002249212775528565,0.5010298098482603
all,tampil,0,55,0.002249212775528565,0.5010298098482603
all,kek,1,65,0.016270337922403004,0.5008133075884209
all,perubahan,1,30,0.007509386733416771,0.5004335258162353
all,makin,1,70,0.017521902377972465,0.5000256042871758
all,menuduh,1,12,0.003003754693366708,0.49900596399435077
all,cariberitaditvone,0,75,0.003067108330266225,0.49894325976228127
all,dasar,1,31,0.007759699624530663,0.4981467495165569
all,pake,1,51,0.01276595744680851,0.4980541821664666
all,cuman,1,16,0.004005006257822278,0.49744273083026375
all,ingat,1,16,0.004005006257822278,0.49744273083026375
all,group,0,155,0.006338690549216865,0.49679852719441847
all,aduh,1,5,0.0012515644555694619,0.49636181124376855
all,berafiliasi,1,5,0.0012515644555694619,0.49636181124376855
all,dipastikan,1,5,0.0012515644555694619,0.49636181124376855
all,mengibarkan,1,5,0.0012515644555694619,0.49636181124376855
all,pimpin,1,5,0.0012515644555694619,0.49636181124376855
all,gitu,1,44,0.011013767209011264,0.49636044079236147
all,dalamnya,1,9,0.0022528160200250315,0.4941864908992492
all,mencintai,1,9,0.0022528160200250315,0.4941864908992492
all,follow,0,363,0.014844804318488529,0.49276721914186306
all,merupakan,0,461,0.018852492536703062,0.4908774484622872
all,yakin,1,22,0.005506883604505632,0.4904488068466528
all,mental,1,18,0.004505632040050063,0.48973818282707765
all,perbedaan,1,14,0.003504380475594493,0.4888519553278855
all,bumi,1,32,0.008010012515644555,0.48777339323197844
all,hobi,1,10,0.0025031289111389237,0.48758902846088414
all,warganya,1,10,0.0025031289111389237,0.48758902846088414
all,jam,0,430,0.01758475442685969,0.4875021579310041
all,halaman,0,84,0.003435161329898172,0.4865174885803167
all,memutuskan,0,84,0.003435161329898172,0.4865174885803167
all,karya,0,74,0.003026213552529342,0.48556870998309304
all,keberadaan,0,74,0.003026213552529342,0.48556870998309304
all,caption,1,6,0.001501877346683354,0.4852545680055383
all,jubir,1,6,0.001501877346683354,0.4852545680055383
all,operasi,0,173,0.007074796548480759,0.48520802323291023
all,kedua,0,311,0.012718275876170613,0.4848177632673011
all,1000,0,64,0.002617265775160512,0.48437624485363917
all,sc,0,64,0.002617265775160512,0.48437624485363917
all,tuli,1,20,0.0050062578222778474,0.4836159768776959
all,kampung,0,54,0.002208317997791682,0.48280650547878196
all,kerap,0,54,0.002208317997791682,0.48280650547878196
all,senyum,0,54,0.002208317997791682,0.48280650547878196
all,co,0,545,0.022287653866601236,0.4823933590872237
all,sesama,1,21,0.005256570713391739,0.4810064083770593
all,lintas,0,44,0.001799370220422852,0.48060649171299524
all,menahan,0,44,0.001799370220422852,0.48060649171299524
all,the,0,514,0.02101991575675786,0.478921225167915
all,semangat,0,221,0.009037745879851143,0.478859891288287
all,terima,0,221,0.009037745879851143,0.478859891288287
all,menguasai,1,17,0.00425531914893617,0.4781647753814371
all,89,0,34,0.001390422443054022,0.47723196319650896
all,ahad,0,34,0.001390422443054022,0.47723196319650896
all,jerusalem,0,34,0.001390422443054022,0.47723196319650896
all,manajemen,0,34,0.001390422443054022,0.47723196319650896
all,melukai,0,34,0.001390422443054022,0.47723196319650896
all,penasaran,0,34,0.001390422443054022,0.47723196319650896
all,fifa,1,7,0.0017521902377972466,0.47721138144700326
all,kakek,1,7,0.0017521902377972466,0.47721138144700326
all,masi,1,7,0.0017521902377972466,0.47721138144700326
all,warisan,1,7,0.0017521902377972466,0.47721138144700326
all,wna,1,7,0.0017521902377972466,0.47721138144700326
all,10,0,1090,0.04457530773320247,0.47700019737083293
all,menuntut,0,93,0.003803214329530119,0.4766203225659473
all,maaf,1,23,0.005757196495619525,0.47649333128599264
all,malam,0,396,0.016194331983805668,0.47603428419330435
all,tuh,1,66,0.016520650813516898,0.4757208921393096
all,melancarkan,0,83,0.003394266552161289,0.4745715520157243
all,terbuka,0,132,0.005398110661268556,0.4744419899564014
all,sekali,1,55,0.01376720901126408,0.4741994540510209
all,nyari,1,13,0.003254067584480601,0.4738837010396098
all,ta,1,19,0.004755944931163955,0.47295591999833764
all,cm,0,122,0.004989162883899726,0.4727714083386681
all,detikcom,0,73,0.002985318774792459,0.47201397358912905
all,kenal,0,73,0.002985318774792459,0.47201397358912905
all,beliau,1,32,0.008010012515644555,0.4714965059597393
all,berulang,0,24,0.000981474665685192,0.47125900663100606
all,daun,0,24,0.000981474665685192,0.47125900663100606
all,dibagikan,0,24,0.000981474665685192,0.47125900663100606
all,diculik,0,24,0.000981474665685192,0.47125900663100606
all,haaland,0,24,0.000981474665685192,0.47125900663100606
all,idntimesworldnews,0,24,0.000981474665685192,0.47125900663100606
all,inspirasi,0,24,0.000981474665685192,0.47125900663100606
all,kedamaian,0,24,0.000981474665685192,0.47125900663100606
all,kerukunan,0,24,0.000981474665685192,0.47125900663100606
all,luncurkan,0,24,0.000981474665685192,0.47125900663100606
all,menandatangani,0,24,0.000981474665685192,0.47125900663100606
all,mengembalikan,0,24,0.000981474665685192,0.47125900663100606
all,menurunkan,0,24,0.000981474665685192,0.47125900663100606
all,minuman,0,24,0.000981474665685192,0.47125900663100606
all,pan,0,24,0.000981474665685192,0.47125900663100606
all,pastinya,0,24,0.000981474665685192,0.47125900663100606
all,pendemo,0,24,0.000981474665685192,0.47125900663100606
all,raksasa,0,24,0.000981474665685192,0.47125900663100606
all,road,0,24,0.000981474665685192,0.47125900663100606
all,sender,0,24,0.000981474665685192,0.47125900663100606
all,show,0,24,0.000981474665685192,0.47125900663100606
all,dengar,1,8,0.002002503128911139,0.4711254979071579
all,dialami,1,8,0.002002503128911139,0.4711254979071579
all,gt,1,8,0.002002503128911139,0.4711254979071579
all,jdi,1,8,0.002002503128911139,0.4711254979071579
all,unggahan,1,8,0.002002503128911139,0.4711254979071579
all,ye,1,8,0.002002503128911139,0.4711254979071579
all,orang,1,567,0.14192740926157696,0.471039279932267
all,mana,1,114,0.02853566958698373,0.4704455639336363
all,bawah,0,219,0.008955956324377377,0.46970700393677906
all,namun,0,567,0.02318733897681266,0.4694465534783883
all,city,0,63,0.002576370997423629,0.46870992654054855
all,dilaksanakan,0,63,0.002576370997423629,0.46870992654054855
all,pusat,0,238,0.009732957101378155,0.4678471258682908
all,mendapat,0,170,0.00695211221527011,0.46764217226202237
all,membawa,0,228,0.009324009324009324,0.46652561121416725
all,ribu,0,228,0.009324009324009324,0.46652561121416725
all,bersikap,1,9,0.0022528160200250315,0.46636597339713126
all,penjajahan,1,30,0.007509386733416771,0.46563368048741477
all,cape,0,53,0.002167423220054799,0.46424647410498143
all,community,0,53,0.002167423220054799,0.46424647410498143
all,now,0,53,0.002167423220054799,0.46424647410498143
all,berarti,1,32,0.008010012515644555,0.46345536008249655
all,membalas,1,10,0.0025031289111389237,0.4625467661506033
all,lima,0,111,0.004539320328794013,0.4618655955158608
all,langkah,0,140,0.00572526888316362,0.4616857204244314
all,ratusan,0,246,0.010060115323273219,0.4609130701679439
all,in,0,390,0.01594896331738437,0.4605368410205281
all,berikut,0,188,0.007688218214534004,0.46002998827769576
all,amanah,1,11,0.002753441802252816,0.4594184131279857
all,muhammadiyah,1,11,0.002753441802252816,0.4594184131279857
all,sanggup,1,11,0.002753441802252816,0.4594184131279857
all,sesuai,0,236,0.009651167545904388,0.45934343515395315
all,peristiwa,0,101,0.004130372551425183,0.4587118025412315
all,stay,0,72,0.002944423997055576,0.4582741136860698
all,2016,0,43,0.001758475442685969,0.4578372738185552
all,34,0,43,0.001758475442685969,0.4578372738185552
all,cctv,0,43,0.001758475442685969,0.4578372738185552
all,don,0,43,0.001758475442685969,0.4578372738185552
all,gmn,0,43,0.001758475442685969,0.4578372738185552
all,hype,0,43,0.001758475442685969,0.4578372738185552
all,ketinggalan,0,43,0.001758475442685969,0.4578372738185552
all,pelabuhan,0,43,0.001758475442685969,0.4578372738185552
all,resolusi,0,43,0.001758475442685969,0.4578372738185552
all,tenang,0,43,0.001758475442685969,0.4578372738185552
all,hanya,1,210,0.052565707133917394,0.4572760236028734
all,dukung,1,92,0.0230287859824781,0.4569736050846569
all,kerjaan,1,12,0.003003754693366708,0.45681253326077603
all,sumber,0,560,0.02290107553265448,0.45674203700548965
all,belanda,1,13,0.003254067584480601,0.4546113588641958
all,hingga,0,672,0.027481290639185377,0.45397516582366665
all,parah,1,24,0.006007509386733416,0.45328387756406213
all,diusir,0,62,0.002535476219686746,0.45279557865521314
all,gampang,1,14,0.003504380475594493,0.45273004659225025
all,kutuk,1,14,0.003504380475594493,0.45273004659225025
all,hukum,1,136,0.03404255319148936,0.4515262609148088
all,mengutuk,1,26,0.006508135168961202,0.4514853613024067
all,t,0,708,0.028953502637713163,0.45143212857177184
all,mengatakan,0,735,0.030057661636609005,0.44972619683707116
all,panjang,0,100,0.0040894777736883,0.44876966885576713
all,bangett,1,5,0.0012515644555694619,0.4486928340017354
all,cuci,1,5,0.0012515644555694619,0.4486928340017354
all,dicabut,1,5,0.0012515644555694619,0.4486928340017354
all,gpp,1,5,0.0012515644555694619,0.4486928340017354
all,malik,1,5,0.0012515644555694619,0.4486928340017354
all,pinterpolitik,1,5,0.0012515644555694619,0.4486928340017354
all,sinting,1,30,0.007509386733416771,0.4486734582369896
all,akibatnya,0,33,0.001349527665317139,0.44777712794926
all,taman,0,33,0.001349527665317139,0.44777712794926
all,terjadinya,0,33,0.001349527665317139,0.44777712794926
all,sebenarnya,1,32,0.008010012515644555,0.44756254256675243
all,keselamatan,0,52,0.002126528442317916,0.4453370078736226
all,bapa,1,6,0.001501877346683354,0.4452082984374758
all,dibikin,1,6,0.001501877346683354,0.4452082984374758
all,freepalestina,1,6,0.001501877346683354,0.4452082984374758
all,israelterrorism,1,6,0.001501877346683354,0.4452082984374758
all,kekhawatiran,1,6,0.001501877346683354,0.4452082984374758
all,lapor,1,6,0.001501877346683354,0.4452082984374758
all,manapun,1,6,0.001501877346683354,0.4452082984374758
all,menuai,1,6,0.001501877346683354,0.4452082984374758
all,reporter,1,6,0.001501877346683354,0.4452082984374758
all,sempurna,1,6,0.001501877346683354,0.4452082984374758
all,tiba2,1,6,0.001501877346683354,0.4452082984374758
all,tambah,0,71,0.002903529219318693,0.44434398766271127
all,wni,0,71,0.002903529219318693,0.44434398766271127
all,buka,0,204,0.008342534658324132,0.4440179957660437
all,jangan,1,162,0.04055068836045057,0.4437396368128731
all,nafsu,1,7,0.0017521902377972466,0.44268426371769104
all,pasalnya,1,7,0.0017521902377972466,0.44268426371769104
all,of,0,383,0.015662699873226188,0.4421576378487442
all,boleh,1,61,0.015269086357947435,0.4409228466565144
all,juta,0,326,0.013331697542223858,0.4407410973031772
all,mudah,1,29,0.007259073842302879,0.4406332672784163
all,tau,1,101,0.02528160200250313,0.44047279575042314
all,palestine,1,100,0.025031289111389236,0.4404440107399779
all,pernyataan,0,222,0.009078640657588026,0.439668860245426
all,insya,1,9,0.0022528160200250315,0.4392963459369205
all,mayat,1,9,0.0022528160200250315,0.4392963459369205
all,berjalan,0,99,0.004048582995951417,0.4387285245045071
all,emosi,1,10,0.0025031289111389237,0.4381143512437816
all,investor,1,10,0.0025031289111389237,0.4381143512437816
all,perasaan,1,10,0.0025031289111389237,0.4381143512437816
all,telegram,1,10,0.0025031289111389237,0.4381143512437816
all,barang,0,165,0.006747638326585695,0.43767219042401695
all,dibom,1,11,0.002753441802252816,0.4371543078480426
all,hukumnya,1,11,0.002753441802252816,0.4371543078480426
all,dalem,0,61,0.002494581441949863,0.4366251996771113
all,kang,0,61,0.002494581441949863,0.4366251996771113
all,musim,0,61,0.002494581441949863,0.4366251996771113
all,tanggapan,0,61,0.002494581441949863,0.4366251996771113
all,wartawan,0,61,0.002494581441949863,0.4366251996771113
all,banyaknya,1,12,0.003003754693366708,0.4363626864195652
all,oh,1,12,0.003003754693366708,0.4363626864195652
all,keduanya,1,14,0.003504380475594493,0.4351447482951899
all,pintu,1,14,0.003504380475594493,0.4351447482951899
all,bahkan,1,94,0.023529411764705882,0.4349044322751839
all,terbunuh,1,15,0.0037546933667083854,0.4346711175662011
all,53,0,42,0.001717580664949086,0.4345394465156151
all,ditutup,0,42,0.001717580664949086,0.4345394465156151
all,mendalam,0,42,0.001717580664949086,0.4345394465156151
all,sekolah,0,249,0.010182799656483867,0.43441575809319927
all,saat,0,1256,0.05136384083752505,0.43386591118542744
all,mengusir,1,18,0.004505632040050063,0.43361547709212767
all,marah,1,20,0.0050062578222778474,0.43312678705943386
all,times,0,89,0.003639635218582587,0.43273332478930454
all,mau,1,255,0.06382978723404255,0.4318686702377978
all,ingin,1,79,0.019774718397997496,0.4306199345221041
all,dinas,0,70,0.00286263444158181,0.43021823560034905
all,asumsico,0,23,0.000940579887948309,0.42954537695167677
all,bae,0,23,0.000940579887948309,0.42954537695167677
all,basement,0,23,0.000940579887948309,0.42954537695167677
all,dokumentasi,0,23,0.000940579887948309,0.42954537695167677
all,duh,0,23,0.000940579887948309,0.42954537695167677
all,exo,0,23,0.000940579887948309,0.42954537695167677
all,ganjarpresiden2024,0,23,0.000940579887948309,0.42954537695167677
all,kacamata,0,23,0.000940579887948309,0.42954537695167677
all,kiko,0,23,0.000940579887948309,0.42954537695167677
all,kuliner,0,23,0.000940579887948309,0.42954537695167677
all,may,0,23,0.000940579887948309,0.42954537695167677
all,memberkati,0,23,0.000940579887948309,0.42954537695167677
all,mengundang,0,23,0.000940579887948309,0.42954537695167677
all,menuding,0,23,0.000940579887948309,0.42954537695167677
all,ngamuk,0,23,0.000940579887948309,0.42954537695167677
all,nyaris,0,23,0.000940579887948309,0.42954537695167677
all,okezone,0,23,0.000940579887948309,0.42954537695167677
all,onlyfun,0,23,0.000940579887948309,0.42954537695167677
all,pedas,0,23,0.000940579887948309,0.42954537695167677
all,perawat,0,23,0.000940579887948309,0.42954537695167677
all,read,0,23,0.000940579887948309,0.42954537695167677
all,satria,0,23,0.000940579887948309,0.42954537695167677
all,terganggu,0,23,0.000940579887948309,0.42954537695167677
all,wapres,0,23,0.000940579887948309,0.42954537695167677
all,tahun,0,1167,0.04772420561894246,0.4276291875903765
all,beberapa,0,544,0.02224675908886435,0.4271113227877812
all,fuji,0,51,0.002085633664581033,0.42606466569820867
all,melibatkan,0,51,0.002085633664581033,0.42606466569820867
all,menyelesaikan,0,51,0.002085633664581033,0.42606466569820867
all,cara,1,67,0.016770963704630788,0.42553701594531984
all,kemudian,0,293,0.011982169876906718,0.42455076895017374
all,menerima,0,209,0.008547008547008548,0.42266596101407905
all,utama,0,209,0.008547008547008548,0.42266596101407905
all,bisnis,0,116,0.004743794217478428,0.4223050878374654
all,ganjarpranowo,0,116,0.004743794217478428,0.4223050878374654
all,memang,1,68,0.01702127659574468,0.42204228176713215
all,ambil,1,20,0.0050062578222778474,0.4208904832746531
all,setuju,1,19,0.004755944931163955,0.4204923348603242
all,surat,0,190,0.00777000777000777,0.42040467126790704
all,foto,0,677,0.02768576452786979,0.41915565423619566
all,area,0,97,0.003966793440477651,0.4183411413680836
all,militer,0,530,0.02167423220054799,0.4179737109631937
all,medan,0,134,0.005479900216742322,0.4177956846546311
all,nanti,1,51,0.01276595744680851,0.4175515960313222
all,bersiap,0,32,0.001308632887580256,0.41743083008981235
all,humaniter,0,32,0.001308632887580256,0.41743083008981235
all,map,0,32,0.001308632887580256,0.41743083008981235
all,mengamankan,0,32,0.001308632887580256,0.41743083008981235
all,mengkritik,0,32,0.001308632887580256,0.41743083008981235
all,nantinya,0,32,0.001308632887580256,0.41743083008981235
all,rencananya,0,32,0.001308632887580256,0.41743083008981235
all,setengah,1,13,0.003254067584480601,0.4171418612590364
all,tentara,1,107,0.026783479349186484,0.41713175674526914
all,nyesel,1,12,0.003003754693366708,0.41632104282385535
all,uda,1,12,0.003003754693366708,0.41632104282385535
all,batam,1,11,0.002753441802252816,0.4153733510379175
all,perjanjian,1,11,0.002753441802252816,0.4153733510379175
all,rame,1,10,0.0025031289111389237,0.41426273908946426
all,sejahtera,1,10,0.0025031289111389237,0.41426273908946426
all,mampu,0,161,0.006584059215638163,0.41304146483723836
all,usia,0,161,0.006584059215638163,0.41304146483723836
all,lemah,1,9,0.0022528160200250315,0.412938080869869
all,tengah,0,463,0.01893428209217683,0.41175081905162975
all,demonstrasi,1,8,0.002002503128911139,0.41132436480046125
all,ha,1,8,0.002002503128911139,0.41132436480046125
all,mulyani,1,8,0.002002503128911139,0.41132436480046125
all,pacaran,1,8,0.002002503128911139,0.41132436480046125
all,prancis,1,8,0.002002503128911139,0.41132436480046125
all,said,1,8,0.002002503128911139,0.41132436480046125
all,indo,0,179,0.007320165214902057,0.41073636113077255
all,diversityisbeautiful,0,41,0.001676685887212203,0.41068783436129785
all,fortune,0,41,0.001676685887212203,0.41068783436129785
all,ngerasa,0,41,0.001676685887212203,0.41068783436129785
all,tujuh,0,41,0.001676685887212203,0.41068783436129785
all,york,0,41,0.001676685887212203,0.41068783436129785
all,berapa,1,22,0.005506883604505632,0.4105740833644809
all,akibat,0,435,0.017789228315544105,0.4102764784656115
all,pasien,0,87,0.003557845663108821,0.4100514095985364
all,berjanji,1,7,0.0017521902377972466,0.4093069001156684
all,dur,1,7,0.0017521902377972466,0.4093069001156684
all,entah,1,7,0.0017521902377972466,0.4093069001156684
all,im,1,7,0.0017521902377972466,0.4093069001156684
all,kendali,1,7,0.0017521902377972466,0.4093069001156684
all,pakaian,1,7,0.0017521902377972466,0.4093069001156684
all,pengaruh,1,7,0.0017521902377972466,0.4093069001156684
all,dianggap,1,32,0.008010012515644555,0.4088907034418997
all,doa,1,32,0.008010012515644555,0.4088907034418997
all,aman,0,206,0.008424324213797898,0.40811890230324926
all,ai,0,96,0.003925898662740768,0.40799071574994417
all,bertanggung,0,96,0.003925898662740768,0.40799071574994417
all,segera,0,352,0.014394961763382817,0.4077308145079751
all,berdarah,1,6,0.001501877346683354,0.4067010809795774
all,bocah,1,6,0.001501877346683354,0.4067010809795774
all,mendirikan,1,6,0.001501877346683354,0.4067010809795774
all,mengerti,1,6,0.001501877346683354,0.4067010809795774
all,paloh,1,6,0.001501877346683354,0.4067010809795774
all,pokok,1,6,0.001501877346683354,0.4067010809795774
all,sederhana,1,6,0.001501877346683354,0.4067010809795774
all,senantiasa,1,6,0.001501877346683354,0.4067010809795774
all,tan,1,6,0.001501877346683354,0.4067010809795774
all,virus,1,6,0.001501877346683354,0.4067010809795774
all,melanggar,1,18,0.004505632040050063,0.40668619091897534
all,83,0,50,0.00204473888684415,0.4064152157416177
all,diminta,0,50,0.00204473888684415,0.4064152157416177
all,idn,0,50,0.00204473888684415,0.4064152157416177
all,kak,0,50,0.00204473888684415,0.4064152157416177
all,pembebasan,0,50,0.00204473888684415,0.4064152157416177
all,mungkin,1,73,0.018272841051314142,0.40617407883602774
all,tidur,0,169,0.006911217437533227,0.40589738922112384
all,anies,1,101,0.02528160200250313,0.4057824611985242
all,cepat,0,251,0.010264589211957633,0.40518924080397206
all,menyampaikan,0,178,0.007279270437165174,0.4051085597774306
all,15,0,514,0.02101991575675786,0.4044789144607951
all,jadi,1,306,0.07659574468085106,0.4044387498926544
all,for,0,278,0.011368748210853473,0.4039836026464646
all,genosida,1,44,0.011013767209011264,0.40394658501259073
all,dikirim,0,59,0.002412791886476097,0.4034823483617159
all,menghindari,0,59,0.002412791886476097,0.4034823483617159
all,akhirat,1,5,0.0012515644555694619,0.403189529997009
all,beritapolitik,1,5,0.0012515644555694619,0.403189529997009
all,berpendapat,1,5,0.0012515644555694619,0.403189529997009
all,cipta,1,5,0.0012515644555694619,0.403189529997009
all,dirimu,1,5,0.0012515644555694619,0.403189529997009
all,haha,1,5,0.0012515644555694619,0.403189529997009
all,ht,1,5,0.0012515644555694619,0.403189529997009
all,kawal,1,5,0.0012515644555694619,0.403189529997009
all,miliknya,1,5,0.0012515644555694619,0.403189529997009
all,pengangguran,1,5,0.0012515644555694619,0.403189529997009
all,petunjuk,1,5,0.0012515644555694619,0.403189529997009
all,re,1,5,0.0012515644555694619,0.403189529997009
all,semenanjung,1,5,0.0012515644555694619,0.403189529997009
all,sia,1,5,0.0012515644555694619,0.403189529997009
all,tonton,1,5,0.0012515644555694619,0.403189529997009
all,jd,1,34,0.00851063829787234,0.4030274869095273
all,bantuan,0,386,0.01578538420643684,0.40136667195596565
all,80,0,68,0.002780844886108044,0.40135725173471093
all,dibaca,0,68,0.002780844886108044,0.40135725173471093
all,berjuang,1,23,0.005757196495619525,0.40090160369379824
all,aneh,1,14,0.003504380475594493,0.4008714012140575
all,ganti,1,14,0.003504380475594493,0.4008714012140575
all,gunakan,1,14,0.003504380475594493,0.4008714012140575
all,siapa,1,80,0.02002503128911139,0.39977784809980554
all,diberi,1,13,0.003254067584480601,0.3989185568895581
all,tak,1,198,0.049561952440550686,0.39790734414363627
all,nah,1,20,0.0050062578222778474,0.39685517581933677
all,kemana,1,12,0.003003754693366708,0.39667159286726444
all,pernah,1,121,0.030287859824780976,0.39585529351359605
all,istri,1,19,0.004755944931163955,0.39525172225893423
all,hebat,1,11,0.002753441802252816,0.3940549807382893
all,isinya,1,11,0.002753441802252816,0.3940549807382893
all,panas,0,176,0.007197480881691408,0.3937584507323312
all,imin,1,18,0.004505632040050063,0.3934870857491211
all,biar,1,56,0.014017521902377972,0.39288933237852064
all,semua,1,237,0.05932415519399249,0.3918706257514054
all,da,1,10,0.0025031289111389237,0.3909649117865242
all,not,1,10,0.0025031289111389237,0.3909649117865242
all,trus,1,23,0.005757196495619525,0.39055117807565864
all,itu,1,601,0.1504380475594493,0.39002260946689
all,udara,0,292,0.011941275099169837,0.3895915933992251
all,sekarang,1,144,0.036045056320400504,0.38879148639472466
all,gk,1,28,0.007008760951188986,0.3887911428932407
all,fyp,0,130,0.00531632110579479,0.3874402488346258
all,mantan,0,121,0.004948268106162843,0.38732143481977416
all,berlindung,1,9,0.0022528160200250315,0.38725469182932926
all,ngeri,1,9,0.0022528160200250315,0.38725469182932926
all,balik,1,38,0.00951188986232791,0.3869606108034524
all,05,0,76,0.003108003108003108,0.38672846972004526
all,masak,0,67,0.002739950108371161,0.3866100972097681
all,memenuhi,0,67,0.002739950108371161,0.3866100972097681
all,ukraina,0,67,0.002739950108371161,0.3866100972097681
all,rapat,0,58,0.002371897108739214,0.38649179804137823
all,war,0,58,0.002371897108739214,0.38649179804137823
all,51,0,49,0.002003844109107267,0.38637357214590784
all,alwi,0,49,0.002003844109107267,0.38637357214590784
all,kemampuan,0,49,0.002003844109107267,0.38637357214590784
all,kerjasama,0,49,0.002003844109107267,0.38637357214590784
all,mengirim,0,49,0.002003844109107267,0.38637357214590784
all,pertolongan,0,49,0.002003844109107267,0.38637357214590784
all,ari,0,40,0.00163579110947532,0.38625541945447606
all,berikutnya,0,40,0.00163579110947532,0.38625541945447606
all,infrastruktur,0,40,0.00163579110947532,0.38625541945447606
all,menetapkan,0,40,0.00163579110947532,0.38625541945447606
all,sekitarnya,0,40,0.00163579110947532,0.38625541945447606
all,sertifikat,0,40,0.00163579110947532,0.38625541945447606
all,seumur,0,40,0.00163579110947532,0.38625541945447606
all,cadangan,0,31,0.001267738109843373,0.38613733989828924
all,diizinkan,0,31,0.001267738109843373,0.38613733989828924
all,hokky,0,31,0.001267738109843373,0.38613733989828924
all,innalillahi,0,31,0.001267738109843373,0.38613733989828924
all,kenaikan,0,31,0.001267738109843373,0.38613733989828924
all,menuturkan,0,31,0.001267738109843373,0.38613733989828924
all,sembilan,0,31,0.001267738109843373,0.38613733989828924
all,sengit,0,31,0.001267738109843373,0.38613733989828924
all,tp,1,63,0.01576971214017522,0.38602702287098195
all,afghanistan,0,22,0.000899685110211426,0.3860193334086413
all,ahyeon,0,22,0.000899685110211426,0.3860193334086413
all,berdatangan,0,22,0.000899685110211426,0.3860193334086413
all,berfungsi,0,22,0.000899685110211426,0.3860193334086413
all,brunei,0,22,0.000899685110211426,0.3860193334086413
all,cetak,0,22,0.000899685110211426,0.3860193334086413
all,disiarkan,0,22,0.000899685110211426,0.3860193334086413
all,diterapkan,0,22,0.000899685110211426,0.3860193334086413
all,fast,0,22,0.000899685110211426,0.3860193334086413
all,galaxy,0,22,0.000899685110211426,0.3860193334086413
all,indeks,0,22,0.000899685110211426,0.3860193334086413
all,ivan,0,22,0.000899685110211426,0.3860193334086413
all,jawaposcom,0,22,0.000899685110211426,0.3860193334086413
all,jawapostv,0,22,0.000899685110211426,0.3860193334086413
all,jembatan,0,22,0.000899685110211426,0.3860193334086413
all,juni,0,22,0.000899685110211426,0.3860193334086413
all,kaesang,0,22,0.000899685110211426,0.3860193334086413
all,kaltim,0,22,0.000899685110211426,0.3860193334086413
all,keberhasilan,0,22,0.000899685110211426,0.3860193334086413
all,koranjawapos,0,22,0.000899685110211426,0.3860193334086413
all,magelang,0,22,0.000899685110211426,0.3860193334086413
all,masker,0,22,0.000899685110211426,0.3860193334086413
all,menerbitkan,0,22,0.000899685110211426,0.3860193334086413
all,olive,0,22,0.000899685110211426,0.3860193334086413
all,ozil,0,22,0.000899685110211426,0.3860193334086413
all,pasuruan,0,22,0.000899685110211426,0.3860193334086413
all,pc,0,22,0.000899685110211426,0.3860193334086413
all,thomas,0,22,0.000899685110211426,0.3860193334086413
all,umumkan,0,22,0.000899685110211426,0.3860193334086413
all,wr,0,22,0.000899685110211426,0.3860193334086413
all,buat,1,152,0.03804755944931164,0.38558302672550104
all,adalah,1,309,0.07734668335419274,0.38499641477378704
all,lainnya,0,557,0.02277839119944383,0.384093556680156
all,anjir,1,25,0.006257822277847309,0.38407061051498925
all,terbukti,1,25,0.006257822277847309,0.38407061051498925
all,berlangsung,0,201,0.008219850325113484,0.38340168572115874
all,barisan,1,8,0.002002503128911139,0.382710040638475
all,dikuasai,1,8,0.002002503128911139,0.382710040638475
all,enggak,1,8,0.002002503128911139,0.382710040638475
all,gaes,1,8,0.002002503128911139,0.382710040638475
all,hiburan,1,8,0.002002503128911139,0.382710040638475
all,mesjid,1,8,0.002002503128911139,0.382710040638475
all,panik,1,8,0.002002503128911139,0.382710040638475
all,singapura,1,8,0.002002503128911139,0.382710040638475
all,bersama,0,547,0.022369443422075003,0.38195870738261517
all,tuhan,1,58,0.014518147684605758,0.3818876140133337
all,b,0,200,0.0081789555473766,0.3783853190685044
all,ar,1,12,0.003003754693366708,0.3773992506918503
all,nuklir,1,12,0.003003754693366708,0.3773992506918503
all,support,1,12,0.003003754693366708,0.3773992506918503
all,doakan,1,7,0.0017521902377972466,0.3770050928865906
all,kebakaran,1,7,0.0017521902377972466,0.3770050928865906
all,tahan,1,7,0.0017521902377972466,0.3770050928865906
all,takut,1,44,0.011013767209011264,0.3767118884779128
all,habis,1,26,0.006508135168961202,0.3767037937797461
all,kebutuhan,0,93,0.003803214329530119,0.3762859859343925
all,kondisi,0,235,0.009610272768167505,0.37608951872762986
all,kembali,0,482,0.019711282869177605,0.3754759559165318
all,yaitu,1,43,0.010763454317897372,0.37545960159054304
all,besaran,0,84,0.003435161329898172,0.37504103831954255
all,bahan,0,155,0.006338690549216865,0.3749350944791076
all,belakang,0,75,0.003067108330266225,0.373529364550191
all,menilai,0,75,0.003067108330266225,0.373529364550191
all,membeli,1,20,0.0050062578222778474,0.37338022307635577
all,amin,1,33,0.008260325406758449,0.3733612039229945
all,didukung,1,11,0.002753441802252816,0.3731799203043428
all,ko,1,11,0.002753441802252816,0.3731799203043428
all,menjawab,1,11,0.002753441802252816,0.3731799203043428
all,pdhl,1,11,0.002753441802252816,0.3731799203043428
all,lihat,1,49,0.012265331664580726,0.37260960758196826
all,cocok,0,66,0.002699055330634278,0.3716434415393613
all,momen,0,66,0.002699055330634278,0.3716434415393613
all,beragama,1,27,0.006758448060075094,0.36992491281629536
all,dipilih,1,6,0.001501877346683354,0.3696188709932499
all,hahaha,1,6,0.001501877346683354,0.3696188709932499
all,kepung,1,6,0.001501877346683354,0.3696188709932499
all,mengimbau,1,6,0.001501877346683354,0.3696188709932499
all,meresahkan,1,6,0.001501877346683354,0.3696188709932499
all,mossad,1,6,0.001501877346683354,0.3696188709932499
all,tata,1,6,0.001501877346683354,0.3696188709932499
all,wkwkw,1,6,0.001501877346683354,0.3696188709932499
all,kritik,0,57,0.002331002331002331,0.3692090012805834
all,utang,0,57,0.002331002331002331,0.3692090012805834
all,sendiri,1,144,0.036045056320400504,0.3686956988998412
all,indonesia,0,3082,0.1260377049850734,0.3686098730928559
all,kecaman,1,10,0.0025031289111389237,0.36819569389208406
all,membenarkan,1,10,0.0025031289111389237,0.36819569389208406
all,mah,1,30,0.007509386733416771,0.36789792480876454
all,tua,1,30,0.007509386733416771,0.36789792480876454
all,kisah,0,101,0.004130372551425183,0.3674890833053299
all,website,0,101,0.004130372551425183,0.3674890833053299
all,f,0,145,0.005929742771848035,0.3671458055473354
all,store,0,145,0.005929742771848035,0.3671458055473354
all,are,0,48,0.001962949331370384,0.365923725304697
all,judul,0,48,0.001962949331370384,0.365923725304697
all,men,0,48,0.001962949331370384,0.365923725304697
all,only,0,48,0.001962949331370384,0.365923725304697
all,international,0,92,0.003762319551793236,0.36549214494011245
all,sebab,1,36,0.009011264080100126,0.3649633943469923
all,ia,0,468,0.019138755980861243,0.3642200065325178
all,mengalami,0,232,0.009487588434956855,0.36314496572367844
all,netral,1,9,0.0022528160200250315,0.3622124295190484
all,shalat,1,9,0.0022528160200250315,0.3622124295190484
all,ui,1,9,0.0022528160200250315,0.3622124295190484
all,bom,1,55,0.01376720901126408,0.3619419974781678
all,butuh,1,27,0.006758448060075094,0.36133676253901853
all,dibebaskan,0,39,0.001594896331738437,0.3612131571441952
all,dome,0,39,0.001594896331738437,0.3612131571441952
all,duniaku_com,0,39,0.001594896331738437,0.3612131571441952
all,jet,0,39,0.001594896331738437,0.3612131571441952
all,next,0,39,0.001594896331738437,0.3612131571441952
all,partner,0,39,0.001594896331738437,0.3612131571441952
all,popmama_com,0,39,0.001594896331738437,0.3612131571441952
all,sebagainya,0,39,0.001594896331738437,0.3612131571441952
all,senior,0,39,0.001594896331738437,0.3612131571441952
all,susi,0,39,0.001594896331738437,0.3612131571441952
all,telepon,0,39,0.001594896331738437,0.3612131571441952
all,bingung,1,16,0.004005006257822278,0.36049816186920136
all,up,0,144,0.005888847994111152,0.36020808946083077
all,belum,0,544,0.02224675908886435,0.3599551309186447
all,back,1,5,0.0012515644555694619,0.35966348645397356
all,jadinya,1,5,0.0012515644555694619,0.35966348645397356
all,just,1,5,0.0012515644555694619,0.35966348645397356
all,lia,1,5,0.0012515644555694619,0.35966348645397356
all,manusiawi,1,5,0.0012515644555694619,0.35966348645397356
all,membakar,1,5,0.0012515644555694619,0.35966348645397356
all,menyasar,1,5,0.0012515644555694619,0.35966348645397356
all,profesional,1,5,0.0012515644555694619,0.35966348645397356
all,sejarahnya,1,5,0.0012515644555694619,0.35966348645397356
all,selaku,1,5,0.0012515644555694619,0.35966348645397356
all,strong,1,5,0.0012515644555694619,0.35966348645397356
all,dulu,1,93,0.02327909887359199,0.3588463306977819
all,supaya,1,19,0.004755944931163955,0.35853918275361624
all,seperti,1,168,0.042052565707133914,0.3574607881024164
all,ilmu,1,22,0.005506883604505632,0.3571647927846963
all,begitu,1,45,0.011264080100125156,0.35707686478204914
all,brutal,1,18,0.004505632040050063,0.3548977330471953
all,fisip,1,8,0.002002503128911139,0.354889523136357
all,merebut,1,8,0.002002503128911139,0.354889523136357
all,people,1,8,0.002002503128911139,0.354889523136357
all,sepertinya,1,8,0.002002503128911139,0.354889523136357
all,identitas,0,91,0.003721424774056353,0.3545814251701595
all,bentar,0,30,0.00122684333210649,0.3538355326692116
all,es,0,30,0.00122684333210649,0.3538355326692116
all,gabungan,0,30,0.00122684333210649,0.3538355326692116
all,judi,0,30,0.00122684333210649,0.3538355326692116
all,meluncurkan,0,30,0.00122684333210649,0.3538355326692116
all,motivasi,0,30,0.00122684333210649,0.3538355326692116
all,penonton,0,30,0.00122684333210649,0.3538355326692116
all,siapkan,0,30,0.00122684333210649,0.3538355326692116
all,sidoarjo,0,30,0.00122684333210649,0.3538355326692116
all,umur,0,117,0.004784688995215311,0.3536811299423967
all,postingan,1,24,0.006007509386733416,0.35328855353193966
all,sama,1,276,0.0690863579474343,0.3532539915286971
all,tionghoa,0,143,0.005847953216374269,0.35322248177276105
all,pendiri,1,11,0.002753441802252816,0.35273007346313195
all,malming,0,56,0.002290107553265448,0.35162370298352313
all,martin,0,56,0.002290107553265448,0.35162370298352313
all,ton,0,56,0.002290107553265448,0.35162370298352313
all,makanan,0,212,0.008669692880219196,0.35134668743016917
all,kirim,0,160,0.00654316443790128,0.35096786686278164
all,ternyata,1,73,0.018272841051314142,0.3506175112807144
all,eh,1,23,0.005757196495619525,0.35018051690251084
all,emang,1,72,0.018022528160200252,0.3494678760792652
all,baru,0,1049,0.04289862184599027,0.3491882887985167
all,dokter,0,125,0.005111847217110375,0.3481672392469555
all,anak,1,202,0.05056320400500626,0.34769994121440717
all,bersih,0,99,0.004048582995951417,0.34750580526860547
all,sm,1,31,0.007759699624530663,0.34747944323771474
all,tu,1,31,0.007759699624530663,0.34747944323771474
all,beda,1,25,0.006257822277847309,0.34703577329535373
all,bertambah,0,73,0.002985318774792459,0.34660007837703877
all,era,1,13,0.003254067584480601,0.3461518574655461
all,keadilan,1,13,0.003254067584480601,0.3461518574655461
all,menyetujui,1,10,0.0025031289111389237,0.34593158861214096
all,jualan,1,7,0.0017521902377972466,0.3457116026950677
all,lansia,1,7,0.0017521902377972466,0.3457116026950677
all,membiarkan,1,7,0.0017521902377972466,0.3457116026950677
all,sep,1,7,0.0017521902377972466,0.3457116026950677
all,udah,1,153,0.03829787234042553,0.3454832266109215
all,gabisa,0,47,0.001922054553633501,0.3450486648707505
all,kian,0,47,0.001922054553633501,0.3450486648707505
all,om,0,47,0.001922054553633501,0.3450486648707505
all,pondok,0,47,0.001922054553633501,0.3450486648707505
all,baca,0,519,0.021224389645442276,0.34494045138675233
all,ga,1,218,0.054568210262828536,0.3437471956142209
all,api,0,90,0.00368052999631947,0.3435512577463461
all,post,0,90,0.00368052999631947,0.3435512577463461
all,muhammad,1,69,0.017271589486858575,0.34250178205640663
all,kata,0,882,0.0360691939639308,0.34220044568433805
all,o,0,150,0.00613421666053245,0.3420466941983465
all,perbatasan,0,150,0.00613421666053245,0.3420466941983465
all,trending,0,107,0.004375741217846481,0.3415349310666477
all,sebelah,1,15,0.0037546933667083854,0.3413346869957194
all,seseorang,1,15,0.0037546933667083854,0.3413346869957194
all,kanan,0,64,0.002617265775160512,0.34102471181581445
all,agency,0,21,0.000858790332474543,0.34051602940391507
all,begitulah,0,21,0.000858790332474543,0.34051602940391507
all,bgtt,0,21,0.000858790332474543,0.34051602940391507
all,campuran,0,21,0.000858790332474543,0.34051602940391507
all,cuaca,0,21,0.000858790332474543,0.34051602940391507
all,dicari,0,21,0.000858790332474543,0.34051602940391507
all,emak,0,21,0.000858790332474543,0.34051602940391507
all,en,0,21,0.000858790332474543,0.34051602940391507
all,garam,0,21,0.000858790332474543,0.34051602940391507
all,hiring,0,21,0.000858790332474543,0.34051602940391507
all,kain,0,21,0.000858790332474543,0.34051602940391507
all,kapolda,0,21,0.000858790332474543,0.34051602940391507
all,kekayaan,0,21,0.000858790332474543,0.34051602940391507
all,kemuliaan,0,21,0.000858790332474543,0.34051602940391507
all,lembut,0,21,0.000858790332474543,0.34051602940391507
all,lgi,0,21,0.000858790332474543,0.34051602940391507
all,lindungi,0,21,0.000858790332474543,0.34051602940391507
all,marga,0,21,0.000858790332474543,0.34051602940391507
all,mengeluh,0,21,0.000858790332474543,0.34051602940391507
all,mengusulkan,0,21,0.000858790332474543,0.34051602940391507
all,merespon,0,21,0.000858790332474543,0.34051602940391507
all,nestle,0,21,0.000858790332474543,0.34051602940391507
all,pendapatan,0,21,0.000858790332474543,0.34051602940391507
all,penerbangan,0,21,0.000858790332474543,0.34051602940391507
all,pergerakan,0,21,0.000858790332474543,0.34051602940391507
all,suga,0,21,0.000858790332474543,0.34051602940391507
all,svt,0,21,0.000858790332474543,0.34051602940391507
all,urutan,0,21,0.000858790332474543,0.34051602940391507
all,puluhan,0,124,0.005070952439373492,0.3401260933697127
all,we,0,124,0.005070952439373492,0.3401260933697127
all,pranowo,0,312,0.012759170653907496,0.3394776119863427
all,tokoh,1,28,0.007008760951188986,0.33915180377529874
all,al,1,203,0.05081351689612015,0.33896483740320077
all,soal,0,431,0.017625649204596573,0.33887897205183537
all,ajak,0,81,0.003312476996687523,0.3387694270794455
all,menggelar,0,81,0.003312476996687523,0.3387694270794455
all,partai,1,38,0.00951188986232791,0.33798944315490104
all,bos,1,9,0.0022528160200250315,0.3377800146122268
all,google,0,175,0.007156586103954525,0.3377734980802522
all,sisi,0,115,0.004702899439741545,0.3364311486106887
all,instagram,0,294,0.012023064654643601,0.33626474298926295
all,megawati,1,14,0.003504380475594493,0.3356438230352249
all,tubuh,1,14,0.003504380475594493,0.3356438230352249
all,bulu,0,38,0.001554001554001554,0.33552976810365553
all,democratizeinformation,0,38,0.001554001554001554,0.33552976810365553
all,dubes,0,38,0.001554001554001554,0.33552976810365553
all,gigi,0,38,0.001554001554001554,0.33552976810365553
all,menjalani,0,38,0.001554001554001554,0.33552976810365553
all,mimin,0,38,0.001554001554001554,0.33552976810365553
all,pelaksanaan,0,38,0.001554001554001554,0.33552976810365553
all,popbela_com,0,38,0.001554001554001554,0.33552976810365553
all,sanksi,0,38,0.001554001554001554,0.33552976810365553
all,semangka,0,38,0.001554001554001554,0.33552976810365553
all,sepatu,0,38,0.001554001554001554,0.33552976810365553
all,tahap,0,38,0.001554001554001554,0.33552976810365553
all,tuntut,0,38,0.001554001554001554,0.33552976810365553
all,vina,0,38,0.001554001554001554,0.33552976810365553
all,yummy,0,38,0.001554001554001554,0.33552976810365553
all,suatu,1,24,0.006007509386733416,0.33442651492301206
all,tetapi,1,56,0.014017521902377972,0.33432386097948574
all,alih,1,6,0.001501877346683354,0.33385984840917854
all,dengerin,1,6,0.001501877346683354,0.33385984840917854
all,mengerikan,1,6,0.001501877346683354,0.33385984840917854
all,merangkul,1,6,0.001501877346683354,0.33385984840917854
all,rugi,1,6,0.001501877346683354,0.33385984840917854
all,vidio,1,6,0.001501877346683354,0.33385984840917854
all,bertindak,0,55,0.002249212775528565,0.3337250986173662
all,peluang,0,55,0.002249212775528565,0.3337250986173662
all,peraturan,0,55,0.002249212775528565,0.3337250986173662
all,pertama,0,454,0.01856622909254488,0.33329830277303374
all,kekuatan,1,26,0.006508135168961202,0.3326316885017084
all,besok,0,106,0.004334846440109598,0.3321479958262906
all,baswedan,1,38,0.00951188986232791,0.3320310884451102
all,bagus,0,140,0.00572526888316362,0.3319715394928298
all,mencari,0,216,0.008833271991166729,0.32990310606252254
all,sejak,0,528,0.021592442645074223,0.32946102759286383
all,lama,0,292,0.011941275099169837,0.3293676268256887
all,jejak,1,13,0.003254067584480601,0.3291613071452084
all,jika,1,133,0.03329161451814768,0.3289739935911054
all,alasannya,1,8,0.002002503128911139,0.32781989567614644
all,dibayar,1,8,0.002002503128911139,0.32781989567614644
all,perintah,1,8,0.002002503128911139,0.32781989567614644
all,miliar,0,114,0.004662004662004662,0.32769435532076563
all,sukses,0,114,0.004662004662004662,0.32769435532076563
all,banyak,1,227,0.056821026282853564,0.3265918343384682
all,demokrasi,1,15,0.0037546933667083854,0.3265875324707767
all,dpr,1,22,0.005506883604505632,0.32642698403013337
all,model,0,80,0.00327158221895064,0.326382562249632
all,depan,0,333,0.013617960986382039,0.3256398881866767
all,bekerja,0,156,0.006379585326953748,0.32556529473024504
all,budi,0,63,0.002576370997423629,0.3253583935027237
all,jazeera,0,63,0.002576370997423629,0.3253583935027237
all,kode,0,63,0.002576370997423629,0.3253583935027237
all,mengucapkan,0,63,0.002576370997423629,0.3253583935027237
all,stress,0,63,0.002576370997423629,0.3253583935027237
all,tidak,1,499,0.1249061326658323,0.32521247294558725
all,lg,1,33,0.008260325406758449,0.32478800356947385
all,abdullah,1,10,0.0025031289111389237,0.3241506318020158
all,edisi,1,10,0.0025031289111389237,0.3241506318020158
all,sekedar,1,10,0.0025031289111389237,0.3241506318020158
all,berdampak,0,46,0.001881159775896618,0.32373029457112235
all,disebabkan,0,46,0.001881159775896618,0.32373029457112235
all,manis,0,46,0.001881159775896618,0.32373029457112235
all,pilpres,1,28,0.007008760951188986,0.3231330034026099
all,iya,1,21,0.005256570713391739,0.3219085982070172
all,betul,1,12,0.003003754693366708,0.3217064487172127
all,macam,1,12,0.003003754693366708,0.3217064487172127
all,buta,1,162,0.04055068836045057,0.3210486792484588
all,berita,0,640,0.02617265775160512,0.3206698283951177
all,satunya,0,130,0.00531632110579479,0.320497681167087
all,apri,0,29,0.001185948554369607,0.32045816906718905
all,hasto,0,29,0.001185948554369607,0.32045816906718905
all,kamera,0,29,0.001185948554369607,0.32045816906718905
all,lulus,0,29,0.001185948554369607,0.32045816906718905
all,melampaui,0,29,0.001185948554369607,0.32045816906718905
all,memohon,0,29,0.001185948554369607,0.32045816906718905
all,mengurangi,0,29,0.001185948554369607,0.32045816906718905
all,menjamin,0,29,0.001185948554369607,0.32045816906718905
all,penumpang,0,29,0.001185948554369607,0.32045816906718905
all,sharing,0,29,0.001185948554369607,0.32045816906718905
all,sila,0,29,0.001185948554369607,0.32045816906718905
all,stres,0,29,0.001185948554369607,0.32045816906718905
all,tutur,0,29,0.001185948554369607,0.32045816906718905
all,misi,1,14,0.003504380475594493,0.31997750472213415
all,pertempuran,0,113,0.004621109884267779,0.31888128461357607
all,melawan,1,54,0.013516896120150187,0.31830882098831587
all,curiga,1,5,0.0012515644555694619,0.3179498567746442
all,gerindra,1,5,0.0012515644555694619,0.3179498567746442
all,hd,1,5,0.0012515644555694619,0.3179498567746442
all,sebaiknya,1,5,0.0012515644555694619,0.3179498567746442
all,semacam,1,5,0.0012515644555694619,0.3179498567746442
all,telinga,1,5,0.0012515644555694619,0.3179498567746442
all,wan,1,5,0.0012515644555694619,0.3179498567746442
all,menghadapi,0,138,0.005643479327689854,0.3175521209020939
all,aturan,1,20,0.0050062578222778474,0.31698045233716493
all,deh,1,41,0.010262828535669587,0.31696358734319213
all,enak,1,26,0.006508135168961202,0.31552781984620837
all,menhan,1,7,0.0017521902377972466,0.31536530483562003
all,yaaa,1,7,0.0017521902377972466,0.31536530483562003
all,ada,1,543,0.13591989987484354,0.31473367515575423
all,asal,0,321,0.013127223653539443,0.31439233541633255
all,nyatakan,1,9,0.0022528160200250315,0.3139284024579094
all,wahyu,1,9,0.0022528160200250315,0.3139284024579094
all,gazagenocide,1,11,0.002753441802252816,0.31303897991083107
all,mo,1,11,0.002753441802252816,0.31303897991083107
all,pengeboman,1,11,0.002753441802252816,0.31303897991083107
all,se,0,129,0.005275426328057907,0.3127642238846591
all,pemboman,1,13,0.003254067584480601,0.3124532609730187
all,iran,1,59,0.01476846057571965,0.3123593688392149
all,darah,1,17,0.00425531914893617,0.31177592179969177
all,kah,1,17,0.00425531914893617,0.31177592179969177
all,besar,0,881,0.03602829918619392,0.31167985299544165
all,menyerang,1,41,0.010262828535669587,0.3115460237796918
all,jauh,1,37,0.009261576971214018,0.31141948198120645
all,100,0,237,0.009692062323641271,0.31136549060647606
all,ahmadiyah,1,25,0.006257822277847309,0.31131214284816894
all,menarik,0,212,0.008669692880219196,0.311089527078549
all,acara,0,187,0.007647323436797121,0.3108140562191114
all,ruang,0,87,0.003557845663108821,0.3097170729669817
all,biasa,0,220,0.00899685110211426,0.30965713065094946
all,salam,0,336,0.013740645319592688,0.3094654723890314
all,konflik,0,460,0.01881159775896618,0.30945449342189796
all,2019,0,62,0.002535476219686746,0.3094440456173885
all,paket,0,62,0.002535476219686746,0.3094440456173885
all,pimpinan,0,62,0.002535476219686746,0.3094440456173885
all,sabar,0,62,0.002535476219686746,0.3094440456173885
all,by,0,195,0.007974481658692184,0.30918850627282546
all,bantah,0,37,0.001513106776264671,0.30917150303660396
all,bsi,0,37,0.001513106776264671,0.30917150303660396
all,but,0,37,0.001513106776264671,0.30917150303660396
all,diplomasi,0,37,0.001513106776264671,0.30917150303660396
all,firman,0,37,0.001513106776264671,0.30917150303660396
all,iron,0,37,0.001513106776264671,0.30917150303660396
all,respon,0,37,0.001513106776264671,0.30917150303660396
all,seiring,0,37,0.001513106776264671,0.30917150303660396
all,bener,1,42,0.010513141426783479,0.3089469532759544
all,segala,1,38,0.00951188986232791,0.3085416881937822
all,merasa,1,30,0.007509386733416771,0.3076259482331031
all,selesai,0,120,0.00490737332842596,0.30730573444764997
all,asing,1,26,0.006508135168961202,0.3070833159740064
all,gaji,1,20,0.0050062578222778474,0.30606973256721204
all,buruk,1,18,0.004505632040050063,0.3056440034534421
all,jerman,1,16,0.004005006257822278,0.30514768748645726
all,nyawa,1,16,0.004005006257822278,0.30514768748645726
all,dirinya,0,128,0.005234531550321024,0.30497113711116786
all,resmi,0,252,0.010305483989694516,0.30490190093046676
all,australia,0,70,0.00286263444158181,0.3048043403882587
all,dikenal,0,70,0.00286263444158181,0.3048043403882587
all,rumah,0,875,0.035782930519772625,0.30459550138685315
all,artis,1,12,0.003003754693366708,0.30380784435105584
all,jalur,0,662,0.027072342861816544,0.3033780346151278
all,gereja,0,301,0.012309328098801782,0.3031876158375968
all,beradab,0,45,0.001840264998159735,0.30194933776099725
all,berasa,0,45,0.001840264998159735,0.30194933776099725
all,pandangan,0,45,0.001840264998159735,0.30194933776099725
all,amal,1,8,0.002002503128911139,0.30146163060909487
all,kala,1,8,0.002002503128911139,0.30146163060909487
all,monyet,1,8,0.002002503128911139,0.30146163060909487
all,waktunya,1,8,0.002002503128911139,0.30146163060909487
all,mobil,0,144,0.005888847994111152,0.30111627000958285
all,kena,1,32,0.008010012515644555,0.30102824455018606
all,paling,1,102,0.02553191489361702,0.300646125900287
all,tolak,1,39,0.009762202753441803,0.3001920845545444
all,ham,1,19,0.004755944931163955,0.3001780754651591
all,gapapa,1,6,0.001501877346683354,0.2993327306798663
all,lurus,1,6,0.001501877346683354,0.2993327306798663
all,menghormati,1,6,0.001501877346683354,0.2993327306798663
all,tentaranya,1,6,0.001501877346683354,0.2993327306798663
all,tragedi,1,6,0.001501877346683354,0.2993327306798663
all,korupsi,1,17,0.00425531914893617,0.29907649928673696
all,bangunan,0,86,0.003516950885371938,0.29818165443096867
all,see,0,86,0.003516950885371938,0.29818165443096867
all,luar,0,414,0.016930437983069563,0.29797701649116176
all,dikutip,0,201,0.008219850325113484,0.2977404160738046
all,de,0,53,0.002167423220054799,0.29694176287408736
all,hadid,0,53,0.002167423220054799,0.29694176287408736
all,konfirmasi,0,53,0.002167423220054799,0.29694176287408736
all,pertahanan,0,168,0.006870322659796344,0.2967819255808458
all,hp,0,94,0.003844109107267002,0.2957427158066722
all,terdapat,0,94,0.003844109107267002,0.2957427158066722
all,available,1,4,0.0010012515644555694,0.2954405520118273
all,bak,1,4,0.0010012515644555694,0.2954405520118273
all,cw,1,4,0.0010012515644555694,0.2954405520118273
all,ditujukan,1,4,0.0010012515644555694,0.2954405520118273
all,front,1,4,0.0010012515644555694,0.2954405520118273
all,keluarkan,1,4,0.0010012515644555694,0.2954405520118273
all,lapis,1,4,0.0010012515644555694,0.2954405520118273
all,produknya,1,4,0.0010012515644555694,0.2954405520118273
all,sam,1,4,0.0010012515644555694,0.2954405520118273
all,sumbangan,1,4,0.0010012515644555694,0.2954405520118273
all,tambang,1,4,0.0010012515644555694,0.2954405520118273
all,tawarkan,1,4,0.0010012515644555694,0.2954405520118273
all,tuntutan,1,4,0.0010012515644555694,0.2954405520118273
all,yo,1,4,0.0010012515644555694,0.2954405520118273
all,artinya,1,20,0.0050062578222778474,0.29527589157293205
all,nusantara,1,20,0.0050062578222778474,0.29527589157293205
all,produk,1,89,0.02227784730913642,0.2940855536855731
all,90,1,11,0.002753441802252816,0.2937666377354171
all,siapapun,1,11,0.002753441802252816,0.2937666377354171
all,publik,0,102,0.004171267329162066,0.2937015348344851
all,invasi,0,61,0.002494581441949863,0.29327366663928645
all,mangga,0,61,0.002494581441949863,0.29327366663928645
all,newsone,0,61,0.002494581441949863,0.29327366663928645
all,sejauh,0,61,0.002494581441949863,0.29327366663928645
all,96,0,20,0.00081789555473766,0.2928470521618818
all,bersifat,0,20,0.00081789555473766,0.2928470521618818
all,betah,0,20,0.00081789555473766,0.2928470521618818
all,dedi,0,20,0.00081789555473766,0.2928470521618818
all,dek,0,20,0.00081789555473766,0.2928470521618818
all,divisi,0,20,0.00081789555473766,0.2928470521618818
all,ganjar_pranowo,0,20,0.00081789555473766,0.2928470521618818
all,hardnews_viral,0,20,0.00081789555473766,0.2928470521618818
all,hindari,0,20,0.00081789555473766,0.2928470521618818
all,icc,0,20,0.00081789555473766,0.2928470521618818
all,kurangnya,0,20,0.00081789555473766,0.2928470521618818
all,lengkapcepatberitanya,0,20,0.00081789555473766,0.2928470521618818
all,melon,0,20,0.00081789555473766,0.2928470521618818
all,menyerahkan,0,20,0.00081789555473766,0.2928470521618818
all,menyumbangkan,0,20,0.00081789555473766,0.2928470521618818
all,obatan,0,20,0.00081789555473766,0.2928470521618818
all,pembagian,0,20,0.00081789555473766,0.2928470521618818
all,potongan,0,20,0.00081789555473766,0.2928470521618818
all,rate,0,20,0.00081789555473766,0.2928470521618818
all,s23,0,20,0.00081789555473766,0.2928470521618818
all,selingkuh,0,20,0.00081789555473766,0.2928470521618818
all,simatupang,0,20,0.00081789555473766,0.2928470521618818
all,sind,0,20,0.00081789555473766,0.2928470521618818
all,sudut,0,20,0.00081789555473766,0.2928470521618818
all,tawaran,0,20,0.00081789555473766,0.2928470521618818
all,terkepung,0,20,0.00081789555473766,0.2928470521618818
all,lagu,0,110,0.00449842555105713,0.291970724873581
all,k,0,159,0.006502269660164397,0.2917815047904938
all,yerusalem,1,16,0.004005006257822278,0.291773137707269
all,dua,0,476,0.01946591420275631,0.29087108238822834
all,ambulans,1,9,0.0022528160200250315,0.2906305751549693
all,larangan,1,9,0.0022528160200250315,0.2906305751549693
all,pacar,1,9,0.0022528160200250315,0.2906305751549693
all,tikus,0,69,0.002821739663844927,0.29047737264208884
all,masjid,1,41,0.010262828535669587,0.29016022520644946
all,namanya,1,19,0.004755944931163955,0.2889009597192617
all,kini,0,321,0.013127223653539443,0.28849718809707564
all,kawasan,0,134,0.005479900216742322,0.28808150372302954
all,israel,1,1324,0.3314142678347935,0.28785337236572867
all,pak,1,74,0.018523153942428035,0.2877852103134404
all,wanita,1,59,0.01476846057571965,0.286238214685978
all,terang,1,12,0.003003754693366708,0.2862225460539955
all,boikot,1,51,0.01276595744680851,0.2861261996540295
all,breakingnews,0,28,0.001145053776632724,0.28593105133787683
all,cat,0,28,0.001145053776632724,0.28593105133787683
all,diajak,0,28,0.001145053776632724,0.28593105133787683
all,dijamin,0,28,0.001145053776632724,0.28593105133787683
all,harganya,0,28,0.001145053776632724,0.28593105133787683
all,memanggil,0,28,0.001145053776632724,0.28593105133787683
all,pbsi,0,28,0.001145053776632724,0.28593105133787683
all,prioritas,0,28,0.001145053776632724,0.28593105133787683
all,promosi,0,28,0.001145053776632724,0.28593105133787683
all,pujian,0,28,0.001145053776632724,0.28593105133787683
all,rl,0,28,0.001145053776632724,0.28593105133787683
all,salman,0,28,0.001145053776632724,0.28593105133787683
all,sesi,0,28,0.001145053776632724,0.28593105133787683
all,su,0,28,0.001145053776632724,0.28593105133787683
all,tahunan,0,28,0.001145053776632724,0.28593105133787683
all,tergabung,0,28,0.001145053776632724,0.28593105133787683
all,ibunya,1,7,0.0017521902377972466,0.28591046958837096
all,kabinet,1,7,0.0017521902377972466,0.28591046958837096
all,musk,1,7,0.0017521902377972466,0.28591046958837096
all,warganet,1,7,0.0017521902377972466,0.28591046958837096
all,kerja,0,481,0.019670388091440724,0.2843145822832817
all,buatan,1,15,0.0037546933667083854,0.2836007965427762
all,melindungi,1,15,0.0037546933667083854,0.2836007965427762
all,keras,1,39,0.009762202753441803,0.2834935253432544
all,adakami,0,36,0.001472211998527788,0.2821018755763934
all,berdaya,0,36,0.001472211998527788,0.2821018755763934
all,kuning,0,36,0.001472211998527788,0.2821018755763934
all,mewakili,0,36,0.001472211998527788,0.2821018755763934
all,samping,0,36,0.001472211998527788,0.2821018755763934
all,ungkapnya,0,36,0.001472211998527788,0.2821018755763934
all,digunakan,0,117,0.004784688995215311,0.28197103587354777
all,kl,1,10,0.0025031289111389237,0.28195720106844113
all,mencegah,1,10,0.0025031289111389237,0.28195720106844113
all,nggak,1,24,0.006007509386733416,0.27986805320373837
all,badai,0,44,0.001799370220422852,0.27968523248105404
all,freeport,0,44,0.001799370220422852,0.27968523248105404
all,lulusan,0,44,0.001799370220422852,0.27968523248105404
all,mempertahankan,0,44,0.001799370220422852,0.27968523248105404
all,mengenal,0,44,0.001799370220422852,0.27968523248105404
all,tepatnya,0,44,0.001799370220422852,0.27968523248105404
all,kecil,1,41,0.010262828535669587,0.2796338343091011
all,ama,1,16,0.004005006257822278,0.27857403253741475
all,arti,1,5,0.0012515644555694619,0.2779035872065817
all,bertujuan,1,5,0.0012515644555694619,0.2779035872065817
all,ih,1,5,0.0012515644555694619,0.2779035872065817
all,lgsg,1,5,0.0012515644555694619,0.2779035872065817
all,republika,1,5,0.0012515644555694619,0.2779035872065817
all,sapi,1,5,0.0012515644555694619,0.2779035872065817
all,serba,1,5,0.0012515644555694619,0.2779035872065817
all,sulfat,1,5,0.0012515644555694619,0.2779035872065817
all,terkadang,1,5,0.0012515644555694619,0.2779035872065817
all,menunjukkan,0,197,0.00805627121416595,0.27752470117757383
all,akhir,0,213,0.008710587657956079,0.2771074538084487
all,dibangun,0,60,0.00245368666421298,0.2768388614960811
all,bikin,1,83,0.020775969962453067,0.27654393615683837
all,aktivis,1,8,0.002002503128911139,0.2757782415685551
all,gaada,1,8,0.002002503128911139,0.2757782415685551
all,dukungan,0,333,0.013617960986382039,0.27574150776732403
all,mengingatkan,0,76,0.003108003108003108,0.275252019459271
all,ad,1,11,0.002753441802252816,0.2748571715040585
all,buruh,1,11,0.002753441802252816,0.2748571715040585
all,langit,1,11,0.002753441802252816,0.2748571715040585
all,matanya,1,11,0.002753441802252816,0.2748571715040585
all,narasi,1,11,0.002753441802252816,0.2748571715040585
all,pengakuan,1,11,0.002753441802252816,0.2748571715040585
all,baju,1,14,0.003504380475594493,0.2743921193281805
all,kalah,1,35,0.008760951188986232,0.2741942090411399
all,wah,0,100,0.0040894777736883,0.2739143366634322
all,reuters,0,116,0.004743794217478428,0.273382885596271
all,ke,0,3287,0.13442113442113443,0.2728189941828999
all,menyebut,0,228,0.009324009324009324,0.27236249907936877
all,pbb,0,347,0.0141904878746984,0.2698705033366011
all,dikit,1,15,0.0037546933667083854,0.26967067051941773
all,bagi,0,743,0.03038481985850407,0.26910671500959576
all,houthi,1,12,0.003003754693366708,0.26893974929320064
all,kerusakan,1,12,0.003003754693366708,0.26893974929320064
all,puan,1,12,0.003003754693366708,0.26893974929320064
all,kucing,1,9,0.0022528160200250315,0.2678613572605292
all,menolong,1,9,0.0022528160200250315,0.2678613572605292
all,nanya,1,9,0.0022528160200250315,0.2678613572605292
all,profesor,1,9,0.0022528160200250315,0.2678613572605292
all,wa,0,489,0.019997546313335786,0.26755752751670003
all,oke,1,6,0.001501877346683354,0.2659553670778436
all,piting,1,6,0.001501877346683354,0.2659553670778436
all,qory,1,6,0.001501877346683354,0.2659553670778436
all,setahun,1,6,0.001501877346683354,0.2659553670778436
all,untuk,0,3734,0.15270110006952112,0.2648731237149211
all,berdiri,1,13,0.003254067584480601,0.2639337289663758
all,tepat,0,99,0.004048582995951417,0.26387319231217216
all,alam,1,20,0.0050062578222778474,0.2635711617573804
all,dewan,0,91,0.003721424774056353,0.2633587059342579
all,dalam,0,2528,0.10338199811884022,0.2626966084247928
all,apapun,1,24,0.006007509386733416,0.2623181892066258
all,inilah,1,24,0.006007509386733416,0.2623181892066258
all,agak,0,75,0.003067108330266225,0.2620529142894168
all,berikan,0,75,0.003067108330266225,0.2620529142894168
all,menjadi,0,1167,0.04772420561894246,0.2615848245177176
all,75,1,10,0.0025031289111389237,0.2615073542272303
all,kawan,1,10,0.0025031289111389237,0.2615073542272303
all,lantaran,1,10,0.0025031289111389237,0.2615073542272303
all,marsudi,1,10,0.0025031289111389237,0.2615073542272303
all,antar,0,67,0.002739950108371161,0.2611962019976779
all,bicara,0,170,0.00695211221527011,0.26078420825345144
all,pikiran,0,59,0.002412791886476097,0.2601308153238913
all,u,0,241,0.009855641434588802,0.2599057112873845
all,saudi,1,33,0.008260325406758449,0.25920685432271023
all,250,0,51,0.002085633664581033,0.2587599544673145
all,art,0,51,0.002085633664581033,0.2587599544673145
all,pemilihan,0,51,0.002085633664581033,0.2587599544673145
all,tunggu,0,51,0.002085633664581033,0.2587599544673145
all,saling,1,26,0.006508135168961202,0.2578473348510236
all,gilanya,1,7,0.0017521902377972466,0.2572961454263846
all,penderitaan,1,7,0.0017521902377972466,0.2572961454263846
all,pengetahuan,1,7,0.0017521902377972466,0.2572961454263846
all,sebenernya,1,7,0.0017521902377972466,0.2572961454263846
all,tembok,1,7,0.0017521902377972466,0.2572961454263846
all,mengungkap,0,43,0.001758475442685969,0.25691601458661395
all,pakar,0,43,0.001758475442685969,0.25691601458661395
all,tb,0,43,0.001758475442685969,0.25691601458661395
all,menteri,0,468,0.019138755980861243,0.2564023116702229
all,wong,1,11,0.002753441802252816,0.2562971401302578
all,tangan,1,39,0.009762202753441803,0.25625882880857637
all,keadaan,1,19,0.004755944931163955,0.25580780293689903
all,lupa,1,44,0.011013767209011264,0.2552762282195332
all,selalu,1,75,0.01877346683354193,0.2551828810888315
all,guys,0,106,0.004334846440109598,0.2549358876539453
all,agenda,0,35,0.001431317220790905,0.2542813580742754
all,bi,0,35,0.001431317220790905,0.2542813580742754
all,kayanya,0,35,0.001431317220790905,0.2542813580742754
all,shani,0,35,0.001431317220790905,0.2542813580742754
all,spanyol,0,35,0.001431317220790905,0.2542813580742754
all,suaramillennial,0,35,0.001431317220790905,0.2542813580742754
all,tahanan,0,35,0.001431317220790905,0.2542813580742754
all,turkmenistan,0,35,0.001431317220790905,0.2542813580742754
all,kepala,0,271,0.011082484766695292,0.25399632568527053
all,polisi,0,216,0.008833271991166729,0.253891711750042
all,semakin,1,59,0.01476846057571965,0.25360506704463576
all,hak,1,46,0.01151439299123905,0.25313544187040965
all,langsung,0,560,0.02290107553265448,0.25276429197631833
all,harapan,1,16,0.004005006257822278,0.2526841023484437
all,terkini,0,90,0.00368052999631947,0.25232853851044446
all,membebaskan,1,12,0.003003754693366708,0.2519491989728629
all,pada,0,2231,0.09123624913098598,0.25125673303721924
all,kesalahan,1,8,0.002002503128911139,0.2507359792582741
all,kosong,1,8,0.002002503128911139,0.2507359792582741
all,pesantren,1,8,0.002002503128911139,0.2507359792582741
all,tersebar,1,8,0.002002503128911139,0.2507359792582741
all,batu,0,82,0.003353371774424406,0.25067139423267154
all,muhaimin,0,82,0.003353371774424406,0.25067139423267154
all,super,0,82,0.003353371774424406,0.25067139423267154
all,telah,0,1247,0.0509957878378931,0.25047027762772117
all,2x,0,27,0.001104158998895841,0.25017202875380545
all,atasan,0,27,0.001104158998895841,0.25017202875380545
all,bahlil,0,27,0.001104158998895841,0.25017202875380545
all,ban,0,27,0.001104158998895841,0.25017202875380545
all,bersamaan,0,27,0.001104158998895841,0.25017202875380545
all,engga,0,27,0.001104158998895841,0.25017202875380545
all,gada,0,27,0.001104158998895841,0.25017202875380545
all,jaminan,0,27,0.001104158998895841,0.25017202875380545
all,jkt,0,27,0.001104158998895841,0.25017202875380545
all,mak,0,27,0.001104158998895841,0.25017202875380545
all,mengakhiri,0,27,0.001104158998895841,0.25017202875380545
all,perintahkan,0,27,0.001104158998895841,0.25017202875380545
all,saking,0,27,0.001104158998895841,0.25017202875380545
all,tentera,0,27,0.001104158998895841,0.25017202875380545
all,vagabond,0,27,0.001104158998895841,0.25017202875380545
all,vida,0,27,0.001104158998895841,0.25017202875380545
all,bagaimana,1,50,0.012515644555694618,0.2493972029428484
all,sana,1,36,0.009011264080100126,0.24890213717616613
all,siang,0,254,0.010387273545168283,0.2488562481577878
all,kepada,0,1268,0.05185457817036764,0.24876763718751466
all,mempunyai,0,74,0.003026213552529342,0.24867836451022854
all,tetep,1,13,0.003254067584480601,0.2482674106532852
all,105,1,4,0.0010012515644555694,0.24777157476979414
all,2017,1,4,0.0010012515644555694,0.24777157476979414
all,about,1,4,0.0010012515644555694,0.24777157476979414
all,bangkrut,1,4,0.0010012515644555694,0.24777157476979414
all,inilahcom,1,4,0.0010012515644555694,0.24777157476979414
all,jisoo,1,4,0.0010012515644555694,0.24777157476979414
all,makhluk,1,4,0.0010012515644555694,0.24777157476979414
all,matahari,1,4,0.0010012515644555694,0.24777157476979414
all,mengatur,1,4,0.0010012515644555694,0.24777157476979414
all,murni,1,4,0.0010012515644555694,0.24777157476979414
all,ny,1,4,0.0010012515644555694,0.24777157476979414
all,palestinewillbefree,1,4,0.0010012515644555694,0.24777157476979414
all,pemprov,1,4,0.0010012515644555694,0.24777157476979414
all,seketika,1,4,0.0010012515644555694,0.24777157476979414
all,taat,1,4,0.0010012515644555694,0.24777157476979414
all,taufanalaqsha,1,4,0.0010012515644555694,0.24777157476979414
all,telat,1,4,0.0010012515644555694,0.24777157476979414
all,terluka,0,113,0.004621109884267779,0.24717119054472717
all,bapak,1,23,0.005757196495619525,0.24683429268894302
all,terutama,1,23,0.005757196495619525,0.24683429268894302
all,gal,0,66,0.002699055330634278,0.24622954632727098
all,sekalian,1,9,0.0022528160200250315,0.24559725198058616
all,arah,0,105,0.004293951662372715,0.2454607842853747
all,putih,0,144,0.005888847994111152,0.2452950362491245
all,sengaja,1,14,0.003504380475594493,0.24511094868376962
all,majelis,1,19,0.004755944931163955,0.2450139619426189
all,ig,0,175,0.007156586103954525,0.24417986705293615
all,negeri,1,82,0.020525657071339173,0.24357647528910323
all,kemanusiaan,0,400,0.0163579110947532,0.24317364628291455
all,brand,0,58,0.002371897108739214,0.24314026500355349
all,mengalahkan,0,58,0.002371897108739214,0.24314026500355349
all,dapet,1,20,0.0050062578222778474,0.24297550832005996
all,ya,1,321,0.08035043804755945,0.24284728255272553
all,like,0,159,0.006502269660164397,0.24151957516018074
all,abis,1,21,0.005256570713391739,0.24113475159584818
all,asalnya,1,5,0.0012515644555694619,0.23939636974868336
all,asumsi,1,5,0.0012515644555694619,0.23939636974868336
all,chindo,1,5,0.0012515644555694619,0.23939636974868336
all,denger,1,5,0.0012515644555694619,0.23939636974868336
all,ditambah,1,5,0.0012515644555694619,0.23939636974868336
all,first,1,5,0.0012515644555694619,0.23939636974868336
all,freepalestinefromzionist,1,5,0.0012515644555694619,0.23939636974868336
all,kedaulatan,1,5,0.0012515644555694619,0.23939636974868336
all,mcd,1,5,0.0012515644555694619,0.23939636974868336
all,memperingati,1,5,0.0012515644555694619,0.23939636974868336
all,panggung,1,5,0.0012515644555694619,0.23939636974868336
all,tersisa,1,5,0.0012515644555694619,0.23939636974868336
all,wendy,1,5,0.0012515644555694619,0.23939636974868336
all,jatuh,0,81,0.003312476996687523,0.23843509044789066
all,mas,0,143,0.005847953216374269,0.23830942856105466
all,tepi,0,112,0.004580215106530896,0.23828049232126994
all,ancam,1,11,0.002753441802252816,0.2380738357607795
all,subianto,1,11,0.002753441802252816,0.2380738357607795
all,as,0,498,0.020365599312967733,0.23776145546312846
all,mendukung,1,89,0.02227784730913642,0.23626684856920518
all,palestina,1,552,0.1381727158948686,0.2359005829368882
all,ibadah,1,25,0.006257822277847309,0.2352759720878652
all,ganteng,0,73,0.002985318774792459,0.23512362811626447
all,istimewa,0,73,0.002985318774792459,0.23512362811626447
all,gw,1,87,0.021777221526908634,0.23446080249940268
all,tinggal,0,281,0.011491432544064123,0.23372231828406384
all,agen,1,6,0.001501877346683354,0.23365355984876596
all,blok,1,6,0.001501877346683354,0.23365355984876596
all,dukungannya,1,6,0.001501877346683354,0.23365355984876596
all,kecelakaan,1,6,0.001501877346683354,0.23365355984876596
all,peluru,1,6,0.001501877346683354,0.23365355984876596
all,tanyakanrl,1,6,0.001501877346683354,0.23365355984876596
all,tegaskan,1,6,0.001501877346683354,0.23365355984876596
all,menjalankan,0,42,0.001717580664949086,0.23361818728367392
all,luas,0,96,0.003925898662740768,0.23313538355760935
all,datang,0,296,0.012104854210117368,0.23240659902574523
all,ahmad,1,28,0.007008760951188986,0.23201159531131593
all,dikabarkan,0,65,0.002658160552897395,0.23103673753431606
all,komisi,0,65,0.002658160552897395,0.23103673753431606
all,mengajak,0,65,0.002658160552897395,0.23103673753431606
all,hilang,0,88,0.003598740440845704,0.22989915317595064
all,diatur,1,7,0.0017521902377972466,0.2294756279242667
all,kh,1,7,0.0017521902377972466,0.2294756279242667
all,liputan,1,7,0.0017521902377972466,0.2294756279242667
all,puji,1,7,0.0017521902377972466,0.2294756279242667
all,seneng,1,7,0.0017521902377972466,0.2294756279242667
all,stadion,1,7,0.0017521902377972466,0.2294756279242667
all,donasi,1,15,0.0037546933667083854,0.22900152444320626
all,kamp,0,134,0.005479900216742322,0.2289896842717815
all,ibu,0,226,0.009242219768535558,0.22875042371066712
all,mengumumkan,1,16,0.004005006257822278,0.22744348974705372
all,asam,1,8,0.002002503128911139,0.2263035643514526
all,giselle,1,8,0.002002503128911139,0.2263035643514526
all,mendengar,1,8,0.002002503128911139,0.2263035643514526
all,mikir,1,8,0.002002503128911139,0.2263035643514526
all,rendah,1,8,0.002002503128911139,0.2263035643514526
all,tertentu,1,8,0.002002503128911139,0.2263035643514526
all,usa,1,8,0.002002503128911139,0.2263035643514526
all,video,0,690,0.02821739663844927,0.22630114816845262
all,gangguan,0,80,0.00327158221895064,0.22604822561807716
all,dipimpin,0,57,0.002331002331002331,0.22585746824275882
all,mematikan,0,57,0.002331002331002331,0.22585746824275882
all,pecah,0,57,0.002331002331002331,0.22585746824275882
all,selama,0,591,0.024168813642497854,0.22578448551805644
all,1948,0,34,0.001390422443054022,0.22566703391228893
all,dolar,0,34,0.001390422443054022,0.22566703391228893
all,nct,0,34,0.001390422443054022,0.22566703391228893
all,nemu,0,34,0.001390422443054022,0.22566703391228893
all,pasang,0,34,0.001390422443054022,0.22566703391228893
all,skrng,0,34,0.001390422443054022,0.22566703391228893
all,lakukan,1,28,0.007008760951188986,0.22477619280086938
all,gara2,1,9,0.0022528160200250315,0.22381629517046095
all,jin,1,9,0.0022528160200250315,0.22381629517046095
all,saw,1,19,0.004755944931163955,0.22376704725907873
all,bandung,0,202,0.008260745102850365,0.22375682459683627
all,perlawanan,0,118,0.004825583772952194,0.22354418658423203
all,masuk,1,99,0.024780976220275343,0.22326803652679736
all,rasa,1,43,0.010763454317897372,0.22280060337555407
all,negara,1,244,0.06107634543178974,0.22255939989033038
all,kejadian,0,156,0.006379585326953748,0.22240818579975782
all,campur,1,10,0.0025031289111389237,0.2218162606749294
all,doang,1,23,0.005757196495619525,0.22039373046837338
all,memerangi,1,11,0.002753441802252816,0.22017523139462253
all,pesawat,0,148,0.006052427105058684,0.21986986590349952
all,sampe,0,353,0.0144358565411197,0.21978757419629116
all,hubungan,0,186,0.007606428659060238,0.21976397201999442
all,menegaskan,0,186,0.007606428659060238,0.21976397201999442
all,ben,0,49,0.002003844109107267,0.21906886091501376
all,fahmi,0,49,0.002003844109107267,0.21906886091501376
all,mantap,0,49,0.002003844109107267,0.21906886091501376
all,th,0,49,0.002003844109107267,0.21906886091501376
all,ugm,0,49,0.002003844109107267,0.21906886091501376
all,jaringan,1,12,0.003003754693366708,0.21880634765746768
all,kendaraan,0,87,0.003557845663108821,0.21849435373107992
all,sehari,0,87,0.003557845663108821,0.21849435373107992
all,ri,0,307,0.012554696765223082,0.21814068655405344
all,halal,1,13,0.003254067584480601,0.21764868092973838
all,ap,1,14,0.003504380475594493,0.21665822887523728
all,ikuti,1,14,0.003504380475594493,0.21665822887523728
all,kira,1,14,0.003504380475594493,0.21665822887523728
all,konten,0,102,0.004171267329162066,0.2164894266621397
all,membangun,0,102,0.004171267329162066,0.2164894266621397
all,seluruh,1,82,0.020525657071339173,0.21582213363518696
all,wkwkwk,1,15,0.0037546933667083854,0.21580241927335206
all,_,0,64,0.002617265775160512,0.21561081660372422
all,mega,0,64,0.002617265775160512,0.21561081660372422
all,musik,0,64,0.002617265775160512,0.21561081660372422
all,non,1,16,0.004005006257822278,0.2150566249172403
all,sangat,1,97,0.02428035043804756,0.21503310697926606
all,waktu,0,434,0.01774833353780722,0.21434493661487977
all,berhenti,1,18,0.004505632040050063,0.21382334340667777
all,semuanya,1,19,0.004755944931163955,0.21330923212706723
all,fact,0,26,0.001063264221158958,0.21308981876747785
all,ft,0,26,0.001063264221158958,0.21308981876747785
all,hewan,0,26,0.001063264221158958,0.21308981876747785
all,italia,0,26,0.001063264221158958,0.21308981876747785
all,komplek,0,26,0.001063264221158958,0.21308981876747785
all,layla,0,26,0.001063264221158958,0.21308981876747785
all,momentum,0,26,0.001063264221158958,0.21308981876747785
all,pastor,0,26,0.001063264221158958,0.21308981876747785
all,pneumonia,0,26,0.001063264221158958,0.21308981876747785
all,rehan,0,26,0.001063264221158958,0.21308981876747785
all,terbakar,0,26,0.001063264221158958,0.21308981876747785
all,tertua,0,26,0.001063264221158958,0.21308981876747785
all,urus,0,26,0.001063264221158958,0.21308981876747785
all,korban,0,531,0.021715126978284875,0.21276478094867193
all,skrg,1,22,0.005506883604505632,0.21206719378287808
all,memiliki,0,395,0.016153437206068787,0.2109179070026338
all,dimana,1,27,0.006758448060075094,0.21066945626017633
all,terbesar,0,124,0.005070952439373492,0.21041191243811116
all,goreng,0,41,0.001676685887212203,0.20976657512935654
all,kebangsaan,0,41,0.001676685887212203,0.20976657512935654
all,kiri,0,41,0.001676685887212203,0.20976657512935654
all,mengakibatkan,0,41,0.001676685887212203,0.20976657512935654
all,menggambarkan,0,41,0.001676685887212203,0.20976657512935654
all,menyaksikan,0,41,0.001676685887212203,0.20976657512935654
all,menyerbu,0,41,0.001676685887212203,0.20976657512935654
all,pabrik,0,41,0.001676685887212203,0.20976657512935654
all,peperangan,0,41,0.001676685887212203,0.20976657512935654
all,rumahnya,0,41,0.001676685887212203,0.20976657512935654
all,sayap,0,41,0.001676685887212203,0.20976657512935654
all,setia,0,41,0.001676685887212203,0.20976657512935654
all,dana,0,154,0.006297795771479982,0.2094639625497147
all,alasan,1,35,0.008760951188986232,0.20939153567219337
all,milik,1,38,0.00951188986232791,0.20908986839513613
all,menangis,0,56,0.002290107553265448,0.20827216994569844
all,trauma,0,56,0.002290107553265448,0.20827216994569844
all,who,0,56,0.002290107553265448,0.20827216994569844
all,jalan,0,349,0.014272277430172167,0.2082416926449618
all,do,0,71,0.002903529219318693,0.20745364218984677
all,team,0,71,0.002903529219318693,0.20745364218984677
all,ready,0,86,0.003516950885371938,0.20695893519506697
all,adanya,0,221,0.009037745879851143,0.20622171251471086
all,us,0,161,0.006584059215638163,0.20618350082866743
all,dia,1,181,0.045306633291614516,0.20616176344012202
all,menyatakan,0,258,0.010550852656115814,0.20439244587583338
all,setelah,0,794,0.0324704535230851,0.20408388987848122
all,mengaku,1,33,0.008260325406758449,0.20360758877528023
all,sudah,1,224,0.05607008760951189,0.20359573139724443
all,mui,1,28,0.007008760951188986,0.20337540357483205
all,pengen,1,28,0.007008760951188986,0.20337540357483205
all,pm,0,168,0.006870322659796344,0.20318829455352996
all,cerita,1,23,0.005757196495619525,0.20314374913666533
all,is,1,20,0.0050062578222778474,0.2030050104805046
all,warga,0,1427,0.05835684783053204,0.20285975665831646
all,iman,1,15,0.0037546933667083854,0.2027742014714396
all,bola,1,13,0.003254067584480601,0.20268202525933152
all,nasib,1,13,0.003254067584480601,0.20268202525933152
all,pendapat,1,13,0.003254067584480601,0.20268202525933152
all,calon,0,138,0.005643479327689854,0.20263906769038761
all,yaa,0,138,0.005643479327689854,0.20263906769038761
all,bergabung,1,12,0.003003754693366708,0.20263596867936576
all,retno,1,12,0.003003754693366708,0.20263596867936576
all,400,1,10,0.0025031289111389237,0.2025439184995154
all,isa,1,10,0.0025031289111389237,0.2025439184995154
all,memahami,1,10,0.0025031289111389237,0.2025439184995154
all,nikah,1,9,0.0022528160200250315,0.20249792487083282
all,btw,1,8,0.002002503128911139,0.20245195219713522
all,massal,1,8,0.002002503128911139,0.20245195219713522
all,suku,1,8,0.002002503128911139,0.20245195219713522
all,tertulis,1,8,0.002002503128911139,0.20245195219713522
all,bersembunyi,1,7,0.0017521902377972466,0.20240600046405605
all,memerintahkan,1,7,0.0017521902377972466,0.20240600046405605
all,bersuara,1,6,0.001501877346683354,0.2023600696572429
all,bjir,1,6,0.001501877346683354,0.2023600696572429
all,kriminal,1,6,0.001501877346683354,0.2023600696572429
all,mandarin,1,6,0.001501877346683354,0.2023600696572429
all,pemukim,1,6,0.001501877346683354,0.2023600696572429
all,penelitian,1,6,0.001501877346683354,0.2023600696572429
all,sisa,1,6,0.001501877346683354,0.2023600696572429
all,that,1,6,0.001501877346683354,0.2023600696572429
all,tujuannya,1,6,0.001501877346683354,0.2023600696572429
all,cr,1,5,0.0012515644555694619,0.2023141597623558
all,rambut,1,5,0.0012515644555694619,0.2023141597623558
all,reruntuhan,1,5,0.0012515644555694619,0.2023141597623558
all,sa,1,5,0.0012515644555694619,0.2023141597623558
all,temannya,1,5,0.0012515644555694619,0.2023141597623558
all,film,0,123,0.005030057661636609,0.20230625108061875
all,arus,1,4,0.0010012515644555694,0.20226827076506768
all,daily,1,4,0.0010012515644555694,0.20226827076506768
all,hmm,1,4,0.0010012515644555694,0.20226827076506768
all,kaka,1,4,0.0010012515644555694,0.20226827076506768
all,mengajukan,1,4,0.0010012515644555694,0.20226827076506768
all,paslon,1,4,0.0010012515644555694,0.20226827076506768
all,paulus,1,4,0.0010012515644555694,0.20226827076506768
all,penjuru,1,4,0.0010012515644555694,0.20226827076506768
all,perancis,1,4,0.0010012515644555694,0.20226827076506768
all,politikindonesia,1,4,0.0010012515644555694,0.20226827076506768
all,profil,1,4,0.0010012515644555694,0.20226827076506768
all,lembaga,0,108,0.004416635995583364,0.20191312874741554
all,mengungsi,0,108,0.004416635995583364,0.20191312874741554
all,bakal,0,272,0.011123379544432176,0.2008562301811571
all,tugas,0,78,0.003189792663476874,0.20080761301668734
all,gas,0,63,0.002576370997423629,0.19994449829063352
all,ulang,0,63,0.002576370997423629,0.19994449829063352
all,play,0,130,0.00531632110579479,0.19863424845177605
all,babymonster,0,48,0.001962949331370384,0.1986190140738029
all,keluarganya,0,48,0.001962949331370384,0.1986190140738029
all,kemenangan,0,115,0.004702899439741545,0.19777848687430077
all,sasaran,0,100,0.0040894777736883,0.19670222849108676
all,dirilis,0,33,0.001349527665317139,0.19621219866504008
all,dri,0,33,0.001349527665317139,0.19621219866504008
all,heboh,0,33,0.001349527665317139,0.19621219866504008
all,membantah,0,33,0.001349527665317139,0.19621219866504008
all,memindahkan,0,33,0.001349527665317139,0.19621219866504008
all,pakistan,0,33,0.001349527665317139,0.19621219866504008
all,aksi,0,330,0.01349527665317139,0.19602625465621076
all,yesus,1,26,0.006508135168961202,0.19572272906599625
all,pelaku,0,137,0.005602584549952971,0.19535153398455132
all,benar,1,60,0.015018773466833541,0.1948779141930996
all,nama,1,56,0.014017521902377972,0.1939949297368283
all,politik,1,80,0.02002503128911139,0.19326267235044586
all,savepalestine,1,20,0.0050062578222778474,0.19325513027822264
all,sulit,1,19,0.004755944931163955,0.19271357868974692
all,app,0,107,0.004375741217846481,0.19261272882545338
all,download,0,107,0.004375741217846481,0.19261272882545338
all,maupun,1,35,0.008760951188986232,0.1924136252737519
all,kaki,1,18,0.004505632040050063,0.19211878264244492
all,sang,1,18,0.004505632040050063,0.19211878264244492
all,katanya,1,33,0.008260325406758449,0.19165565955202357
all,tentang,1,101,0.02528160200250313,0.19084423517217494
all,afp,0,55,0.002249212775528565,0.19037356557954152
all,menangkap,0,55,0.002249212775528565,0.19037356557954152
all,polri,0,55,0.002249212775528565,0.19037356557954152
all,md,0,188,0.007688218214534004,0.1902559976210922
all,kemerdekaan,1,28,0.007008760951188986,0.1893556267525791
all,cak,1,14,0.003504380475594493,0.18898824294881958
all,wali,1,14,0.003504380475594493,0.18898824294881958
all,menurutnya,0,77,0.003148897885739991,0.1879459006296285
all,perlu,1,47,0.011764705882352941,0.18739350672558364
all,hamas,0,1623,0.06637222426696111,0.18731808137006473
all,negaranya,1,12,0.003003754693366708,0.18672162079403035
all,gambar,1,23,0.005757196495619525,0.18618352688624026
all,membantu,0,246,0.010060115323273219,0.18602919135157409
all,tni,0,121,0.004948268106162843,0.18589715981932356
all,tegas,1,33,0.008260325406758449,0.18573211027158346
all,mengeluarkan,1,22,0.005506883604505632,0.18539371284919456
all,media,0,495,0.020242914979757085,0.1853742625783503
all,ide,0,40,0.00163579110947532,0.1853341602225349
all,konsisten,0,40,0.00163579110947532,0.1853341602225349
all,fisik,1,11,0.002753441802252816,0.18530713633676751
all,tanpa,1,86,0.021526908635794744,0.18513143340606217
all,khususnya,1,21,0.005256570713391739,0.18453538317161372
all,diplomatik,0,62,0.002535476219686746,0.18403015040529808
all,km,0,62,0.002535476219686746,0.18403015040529808
all,berperang,1,10,0.0025031289111389237,0.18363445226815667
all,kebaikan,1,10,0.0025031289111389237,0.18363445226815667
all,kolom,1,10,0.0025031289111389237,0.18363445226815667
all,setara,1,10,0.0025031289111389237,0.18363445226815667
all,pemilu,1,29,0.007259073842302879,0.18316345829349123
all,berharap,0,128,0.005234531550321024,0.18310770439585686
all,lebanon,0,128,0.005234531550321024,0.18310770439585686
all,cina,1,128,0.03204005006257822,0.18285256685698115
all,diambil,1,9,0.0022528160200250315,0.18162286443688622
all,hakim,1,9,0.0022528160200250315,0.18162286443688622
all,rata,1,9,0.0022528160200250315,0.18162286443688622
all,saatnya,1,9,0.0022528160200250315,0.18162286443688622
all,liat,1,51,0.01276595744680851,0.18116623024180914
all,aku,0,863,0.035292193186930026,0.18042746446335137
all,kita,1,277,0.06933667083854818,0.18027061941843384
all,bertemu,0,113,0.004621109884267779,0.1802286228771883
all,perdamaian,0,113,0.004621109884267779,0.1802286228771883
all,jawab,0,208,0.008506113769271665,0.17994009422918325
all,hal,0,659,0.026949658528605897,0.17906347598522115
all,aparat,0,69,0.002821739663844927,0.17900092238131457
all,hindia,0,69,0.002821739663844927,0.17900092238131457
all,lagi,1,227,0.056821026282853564,0.17855451390714547
all,cukup,1,38,0.00951188986232791,0.17799176688350293
all,abang,0,47,0.001922054553633501,0.17774395363985643
all,kemaren,0,47,0.001922054553633501,0.17774395363985643
all,saham,0,47,0.001922054553633501,0.17774395363985643
all,imigran,1,51,0.01276595744680851,0.17733700752842146
all,sedikit,0,98,0.004007688218214534,0.17651892882258421
all,bernama,0,149,0.006093321882795567,0.17636051465875155
all,beritaviral,1,7,0.0017521902377972466,0.17604773539700452
all,jarang,1,7,0.0017521902377972466,0.17604773539700452
all,memutus,1,7,0.0017521902377972466,0.17604773539700452
all,plus,1,7,0.0017521902377972466,0.17604773539700452
all,lewat,0,178,0.007279270437165174,0.17559172947244736
all,berlaku,0,76,0.003108003108003108,0.17491768282771628
all,tutup,0,76,0.003108003108003108,0.17491768282771628
all,2006,0,25,0.001022369443422075,0.17458260130957937
all,bandar,0,25,0.001022369443422075,0.17458260130957937
all,belapalestina,0,25,0.001022369443422075,0.17458260130957937
all,cover,0,25,0.001022369443422075,0.17458260130957937
all,ditinggal,0,25,0.001022369443422075,0.17458260130957937
all,diungkapkan,0,25,0.001022369443422075,0.17458260130957937
all,dprd,0,25,0.001022369443422075,0.17458260130957937
all,explore,0,25,0.001022369443422075,0.17458260130957937
all,kemarahan,0,25,0.001022369443422075,0.17458260130957937
all,menembus,0,25,0.001022369443422075,0.17458260130957937
all,menulis,0,25,0.001022369443422075,0.17458260130957937
all,mood,0,25,0.001022369443422075,0.17458260130957937
all,pembentukan,0,25,0.001022369443422075,0.17458260130957937
all,penyerbuan,0,25,0.001022369443422075,0.17458260130957937
all,satpol,0,25,0.001022369443422075,0.17458260130957937
all,ujung,0,25,0.001022369443422075,0.17458260130957937
all,masih,1,179,0.044806007509386736,0.17423705977089876
all,cinta,0,185,0.007565533881323355,0.17408924810487392
all,ma,1,20,0.0050062578222778474,0.17403365285726935
all,saya,1,128,0.03204005006257822,0.17353002957675953
all,dan,1,1255,0.3141426783479349,0.17272044005264878
all,membuka,1,19,0.004755944931163955,0.17253027902124438
all,dibandingkan,0,54,0.002208317997791682,0.17215026121006324
all,ngelunjak,0,54,0.002208317997791682,0.17215026121006324
all,yordania,0,54,0.002208317997791682,0.17215026121006324
all,98,1,6,0.001501877346683354,0.17201377179779526
all,bangkit,1,6,0.001501877346683354,0.17201377179779526
all,bumn,1,6,0.001501877346683354,0.17201377179779526
all,menghapus,1,6,0.001501877346683354,0.17201377179779526
all,santai,1,6,0.001501877346683354,0.17201377179779526
all,sulaiman,1,6,0.001501877346683354,0.17201377179779526
all,yohanes,1,6,0.001501877346683354,0.17201377179779526
all,terhadap,0,985,0.040281356070829756,0.17170305693124382
all,sampai,1,116,0.029036295369211516,0.17124413459149018
all,adapun,1,12,0.003003754693366708,0.17105530248093975
all,dibunuh,1,12,0.003003754693366708,0.17105530248093975
all,ni,1,41,0.010262828535669587,0.17051305181691293
all,gendut,0,235,0.009610272768167505,0.1704814934961571
all,menggunakan,0,300,0.0122684333210649,0.17017920058211164
all,jenderal,0,90,0.00368052999631947,0.16869592555401125
all,peringatan,0,90,0.00368052999631947,0.16869592555401125
all,sehingga,0,285,0.011655011655011656,0.16825102087199606
all,senjata,1,59,0.01476846057571965,0.16806049289601355
all,kadang,0,61,0.002494581441949863,0.16785977142719616
all,sebagian,1,38,0.00951188986232791,0.16783365936916358
all,pasukan,1,73,0.018272841051314142,0.1675154600015305
all,keputusan,1,27,0.006758448060075094,0.16740530484238658
all,tolong,1,27,0.006758448060075094,0.16740530484238658
all,beneran,0,126,0.005152741994847258,0.16733889335955193
all,dunia,1,182,0.04555694618272841,0.16726988213475477
all,sesuatu,1,16,0.004005006257822278,0.16697913635541978
all,jiwa,1,37,0.009261576971214018,0.16685189753431864
all,banget,0,780,0.03189792663476874,0.16659456538792894
all,berkah,1,5,0.0012515644555694619,0.16655513717828452
all,hai,1,5,0.0012515644555694619,0.16655513717828452
all,indomy,1,5,0.0012515644555694619,0.16655513717828452
all,jari,1,5,0.0012515644555694619,0.16655513717828452
all,khas,1,5,0.0012515644555694619,0.16655513717828452
all,maroko,1,5,0.0012515644555694619,0.16655513717828452
all,populasi,1,5,0.0012515644555694619,0.16655513717828452
all,santri,1,5,0.0012515644555694619,0.16655513717828452
all,tentunya,1,5,0.0012515644555694619,0.16655513717828452
all,lahir,0,97,0.003966793440477651,0.16627370100340322
all,p,1,31,0.007759699624530663,0.16588013916890093
all,ahy,0,32,0.001308632887580256,0.16586590080559233
all,david,0,32,0.001308632887580256,0.16586590080559233
all,kemajuan,0,32,0.001308632887580256,0.16586590080559233
all,mengepung,0,32,0.001308632887580256,0.16586590080559233
all,rt,0,32,0.001308632887580256,0.16586590080559233
all,semenjak,0,32,0.001308632887580256,0.16586590080559233
all,jurnalis,0,133,0.005439005439005439,0.165664610888675
all,pasca,1,10,0.0025031289111389237,0.16507442089435612
all,trs,1,15,0.0037546933667083854,0.16467187648299092
all,mengambil,1,30,0.007509386733416771,0.16463128776721736
all,temen,1,25,0.006257822277847309,0.16456450821253324
all,abdul,1,20,0.0050062578222778474,0.1645585494886989
all,malem,0,68,0.002780844886108044,0.16446690626184646
all,ketua,0,327,0.013372592319960741,0.1643070608410578
all,naik,0,140,0.00572526888316362,0.16416330698094947
all,muncul,1,28,0.007008760951188986,0.1618856177980299
all,lain,1,132,0.033041301627033795,0.16128243532396
all,merdeka,1,23,0.005757196495619525,0.1612655789127395
all,harap,1,9,0.0022528160200250315,0.16117301759567543
all,penuh,1,32,0.008010012515644555,0.16109797596502015
all,hidup,1,67,0.016770963704630788,0.16109338121606154
all,menyebabkan,0,118,0.004825583772952194,0.16077257332016925
all,pulau,1,18,0.004505632040050063,0.16041405282689328
all,eropa,1,27,0.006758448060075094,0.16037113570820347
all,ilustrasi,0,39,0.001594896331738437,0.16029189791225398
all,pengadilan,0,39,0.001594896331738437,0.16029189791225398
all,pohon,0,39,0.001594896331738437,0.16029189791225398
all,seputar,0,39,0.001594896331738437,0.16029189791225398
all,spotify,0,39,0.001594896331738437,0.16029189791225398
all,1967,1,4,0.0010012515644555694,0.15874222722203235
all,abbas,1,4,0.0010012515644555694,0.15874222722203235
all,amir,1,4,0.0010012515644555694,0.15874222722203235
all,amunisi,1,4,0.0010012515644555694,0.15874222722203235
all,arabia,1,4,0.0010012515644555694,0.15874222722203235
all,bnyk,1,4,0.0010012515644555694,0.15874222722203235
all,cabut,1,4,0.0010012515644555694,0.15874222722203235
all,deket,1,4,0.0010012515644555694,0.15874222722203235
all,hamba,1,4,0.0010012515644555694,0.15874222722203235
all,influencer,1,4,0.0010012515644555694,0.15874222722203235
all,jalanan,1,4,0.0010012515644555694,0.15874222722203235
all,klarifikasi,1,4,0.0010012515644555694,0.15874222722203235
all,roti,1,4,0.0010012515644555694,0.15874222722203235
all,terasa,1,4,0.0010012515644555694,0.15874222722203235
all,wabah,1,4,0.0010012515644555694,0.15874222722203235
all,x,0,318,0.013004539320328794,0.15854475380372443
all,rudal,1,25,0.006257822277847309,0.15700455906810248
all,gimana,1,41,0.010262828535669587,0.15650016706759026
all,gazaunderattack,0,46,0.001881159775896618,0.15642558334022832
all,kumparan,0,46,0.001881159775896618,0.15642558334022832
all,pemilik,0,46,0.001881159775896618,0.15642558334022832
all,sidang,0,46,0.001881159775896618,0.15642558334022832
all,gen,1,8,0.002002503128911139,0.156384906999755
all,aqsa,0,96,0.003925898662740768,0.15592327538526385
all,turki,1,16,0.004005006257822278,0.15531006093416228
all,uang,0,224,0.009160430213061793,0.15369700604125275
all,kasih,0,288,0.011777695988222304,0.1535741311498414
all,share,1,27,0.006758448060075094,0.15338552802013378
all,melakukan,0,699,0.02858544963808122,0.15287258166029782
all,diterima,0,117,0.004784688995215311,0.15225685494194596
all,duduk,1,11,0.002753441802252816,0.15160853984423994
all,kyk,0,60,0.00245368666421298,0.15142496628399066
all,at,1,22,0.005506883604505632,0.1508912198493402
all,ketawa,1,7,0.0017521902377972466,0.15036434635646476
all,pagiii,1,7,0.0017521902377972466,0.15036434635646476
all,tka,1,29,0.007259073842302879,0.15027505801273
all,menciptakan,0,67,0.002739950108371161,0.14971975173690372
all,mata,1,73,0.018272841051314142,0.14904231038739413
all,makan,1,59,0.01476846057571965,0.14854973571322624
all,merah,0,152,0.006216006216006216,0.148472538108434
all,akan,1,337,0.08435544430538172,0.14840757389656753
all,inggris,0,159,0.006502269660164397,0.14792594413286475
all,bantu,0,166,0.006788533104322578,0.14742869299556086
all,fakta,0,265,0.010837116100273995,0.14726175973035435
all,berasal,1,17,0.00425531914893617,0.1470913898762666
all,layak,1,17,0.00425531914893617,0.1470913898762666
all,62,1,10,0.0025031289111389237,0.14685111652487784
all,dpt,1,10,0.0025031289111389237,0.14685111652487784
all,erdogan,1,10,0.0025031289111389237,0.14685111652487784
all,untung,1,10,0.0025031289111389237,0.14685111652487784
all,tiap,1,27,0.006758448060075094,0.14644781193362924
all,gelap,0,88,0.003598740440845704,0.1462665402195174
all,relawan,0,102,0.004171267329162066,0.14477933259329062
all,soalnya,0,102,0.004171267329162066,0.14477933259329062
all,kami,0,826,0.033779086410665356,0.14379877673858027
all,kekerasan,0,123,0.005030057661636609,0.14321443162937067
all,jawa,0,278,0.011368748210853473,0.14313745987862803
all,aing,1,6,0.001501877346683354,0.14255893655054624
all,kasian,1,6,0.001501877346683354,0.14255893655054624
all,rekam,1,6,0.001501877346683354,0.14255893655054624
all,remaja,1,6,0.001501877346683354,0.14255893655054624
all,silahkan,0,151,0.006175111438269333,0.14185241813375002
all,gencatan,0,158,0.006461374882427514,0.14159545449263403
all,penjara,1,9,0.0022528160200250315,0.14113137399996573
all,yah,1,15,0.0037546933667083854,0.1400487078683966
all,awal,0,228,0.009324009324009324,0.14001779689492824
all,sambil,1,21,0.005256570713391739,0.13967970313950392
all,you,0,277,0.011327853433116592,0.13949897036223327
all,di,0,9044,0.36985236985236986,0.13843956060679385
all,seorang,1,100,0.025031289111389236,0.13607497440792055
all,perempuan,0,241,0.009855641434588802,0.13566386174535847
all,bahaya,1,11,0.002753441802252816,0.13517373470103447
all,sayang,0,129,0.005275426328057907,0.13507955740888986
all,pergi,0,108,0.004416635995583364,0.1349705610798767
all,berbeda,0,94,0.003844109107267002,0.13489799467789346
all,bu,0,94,0.003844109107267002,0.13489799467789346
all,aplikasi,0,87,0.003557845663108821,0.13486174077464672
all,benarkah,0,59,0.002412791886476097,0.13471692011180086
all,dibawah,0,59,0.002412791886476097,0.13471692011180086
all,disebutkan,0,59,0.002412791886476097,0.13471692011180086
all,kematian,0,59,0.002412791886476097,0.13471692011180086
all,official,0,59,0.002412791886476097,0.13471692011180086
all,tampak,0,59,0.002412791886476097,0.13471692011180086
all,dewasa,0,45,0.001840264998159735,0.13464462653010306
all,ditanya,0,45,0.001840264998159735,0.13464462653010306
all,cita,0,38,0.001554001554001554,0.13460850887171436
all,its,0,38,0.001554001554001554,0.13460850887171436
all,masuknya,0,38,0.001554001554001554,0.13460850887171436
all,senilai,0,38,0.001554001554001554,0.13460850887171436
all,berkomitmen,0,31,0.001267738109843373,0.13457241061406938
all,depok,0,31,0.001267738109843373,0.13457241061406938
all,diperlukan,0,31,0.001267738109843373,0.13457241061406938
all,gempur,0,31,0.001267738109843373,0.13457241061406938
all,liga,0,31,0.001267738109843373,0.13457241061406938
all,maret,0,31,0.001267738109843373,0.13457241061406938
all,materi,0,31,0.001267738109843373,0.13457241061406938
all,sepak,0,31,0.001267738109843373,0.13457241061406938
all,suaka,0,31,0.001267738109843373,0.13457241061406938
all,woi,0,31,0.001267738109843373,0.13457241061406938
all,women,0,31,0.001267738109843373,0.13457241061406938
all,adek,0,24,0.000981474665685192,0.13453633174151688
all,berwenang,0,24,0.000981474665685192,0.13453633174151688
all,call,0,24,0.000981474665685192,0.13453633174151688
all,flash,0,24,0.000981474665685192,0.13453633174151688
all,kursi,0,24,0.000981474665685192,0.13453633174151688
all,lam,0,24,0.000981474665685192,0.13453633174151688
all,logistik,0,24,0.000981474665685192,0.13453633174151688
all,maharani,0,24,0.000981474665685192,0.13453633174151688
all,mengembangkan,0,24,0.000981474665685192,0.13453633174151688
all,niki,0,24,0.000981474665685192,0.13453633174151688
all,npc,0,24,0.000981474665685192,0.13453633174151688
all,plastik,0,24,0.000981474665685192,0.13453633174151688
all,prayforpalestine,0,24,0.000981474665685192,0.13453633174151688
all,serangannya,0,24,0.000981474665685192,0.13453633174151688
all,shihab,0,24,0.000981474665685192,0.13453633174151688
all,syariah,0,24,0.000981474665685192,0.13453633174151688
all,menjatuhkan,1,8,0.002002503128911139,0.13412080171981192
all,pendeta,1,8,0.002002503128911139,0.13412080171981192
all,air,0,303,0.012391117654275549,0.132663878688399
all,byk,1,5,0.0012515644555694619,0.13202801944897224
all,gudang,1,5,0.0012515644555694619,0.13202801944897224
all,jadilah,1,5,0.0012515644555694619,0.13202801944897224
all,keagamaan,1,5,0.0012515644555694619,0.13202801944897224
all,patut,1,5,0.0012515644555694619,0.13202801944897224
all,pertengahan,1,5,0.0012515644555694619,0.13202801944897224
all,ku,1,29,0.007259073842302879,0.13104272428094213
all,karena,1,268,0.06708385481852315,0.13089938111652538
all,kurang,1,26,0.006508135168961202,0.13011208052779974
all,keluar,0,177,0.007238375659428291,0.1296753838688308
all,serang,0,177,0.007238375659428291,0.1296753838688308
all,pas,1,41,0.010262828535669587,0.12904001239695065
all,bem,1,10,0.0025031289111389237,0.1289525121587208
all,otoritas,1,10,0.0025031289111389237,0.1289525121587208
all,harus,1,149,0.037296620775969964,0.12812489188867723
all,akbar,1,15,0.0037546933667083854,0.1279593369776729
all,susah,0,121,0.004948268106162843,0.12680534036807553
all,kehilangan,1,17,0.00425531914893617,0.12561809977380523
all,memimpin,1,12,0.003003754693366708,0.12546991708698607
all,pertanyaan,1,12,0.003003754693366708,0.12546991708698607
all,merasakan,1,7,0.0017521902377972466,0.125322084046184
all,serukan,1,7,0.0017521902377972466,0.125322084046184
all,medis,0,100,0.0040894777736883,0.1249921344222378
all,bangun,1,19,0.004755944931163955,0.12377172322695641
all,mengakui,1,19,0.004755944931163955,0.12377172322695641
all,alias,0,86,0.003516950885371938,0.12332632223863378
all,tetap,0,445,0.018198176092912934,0.12314512124616826
all,mundur,1,14,0.003504380475594493,0.1229699214168421
all,pasangan,0,162,0.006624953993375046,0.12294670513286818
all,guna,0,79,0.003230687441213757,0.12228431629374034
all,kdrt,1,9,0.0022528160200250315,0.12148192404337475
all,biasanya,0,72,0.002944423997055576,0.12104943158165042
all,kemungkinan,0,72,0.002944423997055576,0.12104943158165042
all,so,0,72,0.002944423997055576,0.12104943158165042
all,sosok,0,72,0.002944423997055576,0.12104943158165042
all,syahid,0,72,0.002944423997055576,0.12104943158165042
all,tuan,0,72,0.002944423997055576,0.12104943158165042
all,terlihat,0,134,0.005479900216742322,0.12027327121114906
all,terus,0,821,0.03357461252198094,0.12012536746523166
all,apabila,0,65,0.002658160552897395,0.1195602872735418
all,berusia,0,65,0.002658160552897395,0.1195602872735418
all,periode,0,65,0.002658160552897395,0.1195602872735418
all,mulai,0,450,0.01840264998159735,0.11887492561022858
all,komunitas,0,120,0.00490737332842596,0.11849973406480035
all,terlalu,1,20,0.0050062578222778474,0.11847356275556209
all,mencoba,1,13,0.003254067584480601,0.11727814887997066
all,mengetahui,1,13,0.003254067584480601,0.11727814887997066
all,catat,1,4,0.0010012515644555694,0.11702859754270295
all,cuan,1,4,0.0010012515644555694,0.11702859754270295
all,dirumah,1,4,0.0010012515644555694,0.11702859754270295
all,geram,1,4,0.0010012515644555694,0.11702859754270295
all,ialah,1,4,0.0010012515644555694,0.11702859754270295
all,macet,1,4,0.0010012515644555694,0.11702859754270295
all,melahirkan,1,4,0.0010012515644555694,0.11702859754270295
all,merawat,1,4,0.0010012515644555694,0.11702859754270295
all,norak,1,4,0.0010012515644555694,0.11702859754270295
all,orng,1,4,0.0010012515644555694,0.11702859754270295
all,sponsor,1,4,0.0010012515644555694,0.11702859754270295
all,rs,0,264,0.010796221322537112,0.11687686806755361
all,cari,1,35,0.008760951188986232,0.11673441745056422
all,turun,1,26,0.006508135168961202,0.11609230370554681
all,menolak,1,56,0.014017521902377972,0.11556301043560362
all,beras,0,51,0.002085633664581033,0.11540842142948991
all,ios,0,51,0.002085633664581033,0.11540842142948991
all,suami,0,51,0.002085633664581033,0.11540842142948991
all,joe,0,99,0.004048582995951417,0.11495099007097774
all,hizbullah,1,19,0.004755944931163955,0.1142966198583859
all,a,0,441,0.0180345969819654,0.1139593005970466
all,home,1,6,0.001501877346683354,0.11394461238856003
all,menikmati,1,6,0.001501877346683354,0.11394461238856003
all,pangkalan,1,6,0.001501877346683354,0.11394461238856003
all,pembicaraan,1,6,0.001501877346683354,0.11394461238856003
all,terkenal,1,6,0.001501877346683354,0.11394461238856003
all,akhirnya,0,222,0.009078640657588026,0.11316104592618688
all,masa,0,345,0.014108698319224636,0.1130305204963178
all,yakni,0,133,0.005439005439005439,0.11276943158850103
all,presiden,1,121,0.030287859824780976,0.11261773356223992
all,artikel,0,174,0.007115691326217642,0.11250594793269783
all,mahal,0,44,0.001799370220422852,0.11238052125016003
all,poster,0,44,0.001799370220422852,0.11238052125016003
all,renungan,0,44,0.001799370220422852,0.11238052125016003
all,toleransi,0,44,0.001799370220422852,0.11238052125016003
all,diikuti,1,8,0.002002503128911139,0.1123398449096868
all,gagasan,1,8,0.002002503128911139,0.1123398449096868
all,kamar,1,8,0.002002503128911139,0.1123398449096868
all,sy,1,8,0.002002503128911139,0.1123398449096868
all,protes,0,85,0.003476056107635055,0.11165724681737632
all,mimpi,1,10,0.0025031289111389237,0.11136721386166053
all,suriah,1,10,0.0025031289111389237,0.11136721386166053
all,investasi,0,119,0.004866478550689077,0.11012525774112308
all,cantik,0,78,0.003189792663476874,0.10958489378078562
all,jenis,0,78,0.003189792663476874,0.10958489378078562
all,wkwk,1,20,0.0050062578222778474,0.10950385075252528
all,demikian,1,24,0.006007509386733416,0.10924355909383418
all,berencana,0,37,0.001513106776264671,0.10825024380466265
all,disiapkan,0,37,0.001513106776264671,0.10825024380466265
all,lantas,0,37,0.001513106776264671,0.10825024380466265
all,mengumpulkan,0,37,0.001513106776264671,0.10825024380466265
all,russia,0,37,0.001513106776264671,0.10825024380466265
all,channel,0,71,0.002903529219318693,0.10711930555829192
all,normal,0,71,0.002903529219318693,0.10711930555829192
all,tiongkok,0,71,0.002903529219318693,0.10711930555829192
all,urusan,0,71,0.002903529219318693,0.10711930555829192
all,lokal,0,139,0.005684374105426737,0.10671736127034709
all,gue,1,117,0.029286608260325406,0.1062444952955855
all,tindakan,0,261,0.010673536989326464,0.10534588721130884
all,keluarga,0,322,0.013168118431276327,0.10519114416362542
all,meninggalkan,1,17,0.00425531914893617,0.10459281906643478
all,barat,0,403,0.01648059542796385,0.10433639244435342
all,belakangan,0,64,0.002617265775160512,0.10413436634294994
all,qatar,0,64,0.002617265775160512,0.10413436634294994
all,solo,1,13,0.003254067584480601,0.10372341248600667
all,hasan,1,11,0.002753441802252816,0.10308900783759715
all,membaca,1,11,0.002753441802252816,0.10308900783759715
all,mengklaim,1,11,0.002753441802252816,0.10308900783759715
all,berujung,0,30,0.00122684333210649,0.1022706033849916
all,jantung,0,30,0.00122684333210649,0.1022706033849916
all,jawabannya,0,30,0.00122684333210649,0.1022706033849916
all,kekurangan,0,30,0.00122684333210649,0.1022706033849916
all,membentuk,0,30,0.00122684333210649,0.1022706033849916
all,pangan,0,30,0.00122684333210649,0.1022706033849916
all,strategis,0,30,0.00122684333210649,0.1022706033849916
all,tembak,0,30,0.00122684333210649,0.1022706033849916
all,gede,1,9,0.0022528160200250315,0.10220958186796064
all,menambah,1,9,0.0022528160200250315,0.10220958186796064
all,social,1,9,0.0022528160200250315,0.10220958186796064
all,bet,1,7,0.0017521902377972466,0.1008896691393623
all,kepercayaan,1,7,0.0017521902377972466,0.1008896691393623
all,sampaikan,1,7,0.0017521902377972466,0.1008896691393623
all,serupa,1,7,0.0017521902377972466,0.1008896691393623
all,viva,1,7,0.0017521902377972466,0.1008896691393623
all,serta,0,469,0.019179650758598128,0.10068220153593455
all,begini,1,20,0.0050062578222778474,0.10061315252906798
all,gerakan,1,20,0.0050062578222778474,0.10061315252906798
all,m,0,415,0.016971332760806444,0.10057253676229226
all,main,0,253,0.0103463787674314,0.10051476157799723
all,buah,0,57,0.002331002331002331,0.10044357303066835
all,hitam,0,57,0.002331002331002331,0.10044357303066835
all,nak,0,57,0.002331002331002331,0.10044357303066835
all,terdepan,0,57,0.002331002331002331,0.10044357303066835
all,ayo,1,27,0.006758448060075094,0.0991712959127116
all,citra,1,5,0.0012515644555694619,0.09865065584694947
all,didirikan,1,5,0.0012515644555694619,0.09865065584694947
all,lelah,1,5,0.0012515644555694619,0.09865065584694947
all,potret,1,5,0.0012515644555694619,0.09865065584694947
all,zonauang,1,5,0.0012515644555694619,0.09865065584694947
all,pun,1,87,0.021777221526908634,0.0979469690282755
all,biden,0,158,0.006461374882427514,0.09785864358353218
all,rasanya,0,104,0.004253056884635832,0.0972431715892882
all,pilihan,1,21,0.005256570713391739,0.0967327062674478
all,agustus,0,50,0.00204473888684415,0.09575897147289884
all,elon,0,50,0.00204473888684415,0.09575897147289884
all,intelijen,0,50,0.00204473888684415,0.09575897147289884
all,putus,0,50,0.00204473888684415,0.09575897147289884
all,sendirian,0,50,0.00204473888684415,0.09575897147289884
all,hujan,1,19,0.004755944931163955,0.09560928469606654
all,pulang,0,97,0.003966793440477651,0.09456360693455439
all,dengan,0,3301,0.13499366130945079,0.09311283642327416
all,ditolak,0,70,0.00286263444158181,0.0929935534959296
all,hotel,0,70,0.00286263444158181,0.0929935534959296
all,jaga,0,70,0.00286263444158181,0.0929935534959296
all,2010,0,23,0.000940579887948309,0.09282270206218751
all,batal,0,23,0.000940579887948309,0.09282270206218751
all,besarnya,0,23,0.000940579887948309,0.09282270206218751
all,disney,0,23,0.000940579887948309,0.09282270206218751
all,freepalastine,0,23,0.000940579887948309,0.09282270206218751
all,ganjarmahfud,0,23,0.000940579887948309,0.09282270206218751
all,halus,0,23,0.000940579887948309,0.09282270206218751
all,images,0,23,0.000940579887948309,0.09282270206218751
all,kandungan,0,23,0.000940579887948309,0.09282270206218751
all,london,0,23,0.000940579887948309,0.09282270206218751
all,mbah,0,23,0.000940579887948309,0.09282270206218751
all,memperkuat,0,23,0.000940579887948309,0.09282270206218751
all,menetap,0,23,0.000940579887948309,0.09282270206218751
all,menyikapi,0,23,0.000940579887948309,0.09282270206218751
all,penegak,0,23,0.000940579887948309,0.09282270206218751
all,perlakuan,0,23,0.000940579887948309,0.09282270206218751
all,pr,0,23,0.000940579887948309,0.09282270206218751
all,putuskan,0,23,0.000940579887948309,0.09282270206218751
all,quotes,0,23,0.000940579887948309,0.09282270206218751
all,ramah,0,23,0.000940579887948309,0.09282270206218751
all,wacana,0,23,0.000940579887948309,0.09282270206218751
all,wkwkwkwk,0,23,0.000940579887948309,0.09282270206218751
all,damai,0,137,0.005602584549952971,0.09219442505406417
all,pekerjaan,1,20,0.0050062578222778474,0.09180008182187858
all,netanyahu,1,52,0.013016270337922404,0.09158594469022503
all,sebuah,0,458,0.018729808203492414,0.0912633248083561
all,berupa,1,8,0.002002503128911139,0.09102147461005873
all,cnbc,1,8,0.002002503128911139,0.09102147461005873
all,dikatakan,1,8,0.002002503128911139,0.09102147461005873
all,mengadakan,1,8,0.002002503128911139,0.09102147461005873
all,z,1,8,0.002002503128911139,0.09102147461005873
all,melarang,1,13,0.003254067584480601,0.09034886270681833
all,pemuda,1,18,0.004505632040050063,0.0900980213477356
all,dm,1,28,0.007008760951188986,0.08997397891103576
all,sikap,1,28,0.007008760951188986,0.08997397891103576
all,termasuk,0,424,0.01733938576043839,0.08986521359532774
all,appstore,0,43,0.001758475442685969,0.0896113033557199
all,dihentikan,0,43,0.001758475442685969,0.0896113033557199
all,tambahan,0,63,0.002576370997423629,0.08846804802985932
all,terimakasih,0,63,0.002576370997423629,0.08846804802985932
all,kamu,1,73,0.018272841051314142,0.08810149854611705
all,lho,1,16,0.004005006257822278,0.08799957042501858
all,gabung,0,83,0.003394266552161289,0.08790543293106026
all,bgt,0,716,0.02928066085960823,0.08785480271496574
all,lari,1,11,0.002753441802252816,0.08742268952450641
all,wajib,1,24,0.006007509386733416,0.0870604756206062
all,tank,1,19,0.004755944931163955,0.08639383222367525
all,covid,1,6,0.001501877346683354,0.0861240948864421
all,kelahiran,1,6,0.001501877346683354,0.0861240948864421
all,ketat,1,6,0.001501877346683354,0.0861240948864421
all,oki,1,6,0.001501877346683354,0.0861240948864421
all,pekanbaru,1,6,0.001501877346683354,0.0861240948864421
all,benjamin,0,156,0.006379585326953748,0.08507774386333998
all,beli,1,33,0.008260325406758449,0.08462788119527757
all,guru,1,25,0.006257822277847309,0.08435974139572298
all,membuat,1,69,0.017271589486858575,0.08424740535509928
all,disebut,0,189,0.007729112992270887,0.08360673383226506
all,au,1,9,0.0022528160200250315,0.08330011563660196
all,gege,1,9,0.0022528160200250315,0.08330011563660196
all,pendudukan,1,20,0.0050062578222778474,0.0830632885319555
all,gadot,0,56,0.002290107553265448,0.08285827473360823
all,na,0,56,0.002290107553265448,0.08285827473360823
all,mesir,1,26,0.006508135168961202,0.08186971636543257
all,angkat,0,36,0.001472211998527788,0.081180616344452
all,engkau,0,36,0.001472211998527788,0.081180616344452
all,fosfor,0,36,0.001472211998527788,0.081180616344452
all,harinya,0,36,0.001472211998527788,0.081180616344452
all,jabalia,0,36,0.001472211998527788,0.081180616344452
all,kecewa,0,36,0.001472211998527788,0.081180616344452
all,membagikan,0,36,0.001472211998527788,0.081180616344452
all,merek,0,36,0.001472211998527788,0.081180616344452
all,perawatan,0,36,0.001472211998527788,0.081180616344452
all,pidato,0,36,0.001472211998527788,0.081180616344452
all,ucapan,0,36,0.001472211998527788,0.081180616344452
all,willy,0,36,0.001472211998527788,0.081180616344452
all,yoongi,0,36,0.001472211998527788,0.081180616344452
all,cnn,1,15,0.0037546933667083854,0.08100302913408662
all,bayar,0,89,0.003639635218582587,0.08033154779306946
all,khusus,1,30,0.007509386733416771,0.07941224012592743
all,nih,1,51,0.01276595744680851,0.07902144286058553
all,baik,1,94,0.023529411764705882,0.07869006812325206
all,time,0,69,0.002821739663844927,0.07866658574975972
all,secara,0,670,0.02739950108371161,0.07853814267909623
all,breaking,0,102,0.004171267329162066,0.07783676492575183
all,netizen,0,102,0.004171267329162066,0.07783676492575183
all,menang,1,37,0.009261576971214018,0.07759981945721295
all,gaza,0,2594,0.10608105344947451,0.07743542664714635
all,tadi,0,168,0.006870322659796344,0.07726986455455538
all,walaupun,1,16,0.004005006257822278,0.07720572943073843
all,menangkan,1,13,0.003254067584480601,0.0771497575369641
all,be,1,10,0.0025031289111389237,0.07709386678052808
all,fix,1,10,0.0025031289111389237,0.07709386678052808
all,alami,1,7,0.0017521902377972466,0.0770380569850449
all,berkat,1,7,0.0017521902377972466,0.0770380569850449
all,khan,1,7,0.0017521902377972466,0.0770380569850449
all,komando,1,7,0.0017521902377972466,0.0770380569850449
all,cedera,1,4,0.0010012515644555694,0.07698232797464058
all,dilancarkan,1,4,0.0010012515644555694,0.07698232797464058
all,dilanjutkan,1,4,0.0010012515644555694,0.07698232797464058
all,diyakini,1,4,0.0010012515644555694,0.07698232797464058
all,gerak,1,4,0.0010012515644555694,0.07698232797464058
all,gr,1,4,0.0010012515644555694,0.07698232797464058
all,kehabisan,1,4,0.0010012515644555694,0.07698232797464058
all,tl,1,4,0.0010012515644555694,0.07698232797464058
all,kelas,0,148,0.006052427105058684,0.07601430524587044
all,feni,0,49,0.002003844109107267,0.075717327877189
all,sakit,0,641,0.026213552529342002,0.07433801693248762
all,budaya,0,95,0.003885003885003885,0.07375536618440331
all,bahasa,0,141,0.005766163660900503,0.07315511460204036
all,kabur,0,62,0.002535476219686746,0.07255370014452384
all,para,1,223,0.055819774718397996,0.07215201459234251
all,g,0,154,0.006297795771479982,0.07213352061329693
all,rusak,1,11,0.002753441802252816,0.07199676859391473
all,dong,1,28,0.007008760951188986,0.07121640700193045
all,sih,0,639,0.026131762973868235,0.07113146792130216
all,70,0,75,0.003067108330266225,0.07049585842196031
all,bab,1,8,0.002002503128911139,0.07014641417611206
all,berbahaya,1,8,0.002002503128911139,0.07014641417611206
all,larang,1,8,0.002002503128911139,0.07014641417611206
all,mengebom,1,8,0.002002503128911139,0.07014641417611206
all,bawa,1,22,0.005506883604505632,0.06946426932240442
all,belajar,0,147,0.006011532327321801,0.06921638067815483
all,dah,1,47,0.011764705882352941,0.06906104278567174
all,tempur,0,88,0.003598740440845704,0.06905443204717206
all,beit,0,29,0.001185948554369607,0.06889323978296913
all,hospital,0,29,0.001185948554369607,0.06889323978296913
all,karina,0,29,0.001185948554369607,0.06889323978296913
all,makam,0,29,0.001185948554369607,0.06889323978296913
all,pinggir,0,29,0.001185948554369607,0.06889323978296913
all,radio,0,29,0.001185948554369607,0.06889323978296913
all,ramadhan,0,29,0.001185948554369607,0.06889323978296913
all,zone,0,29,0.001185948554369607,0.06889323978296913
all,agresi,0,160,0.00654316443790128,0.06855585725762418
all,menjaga,1,19,0.004755944931163955,0.06821163312524901
all,ancaman,1,12,0.003003754693366708,0.06773602663404298
all,mahfud,1,56,0.014017521902377972,0.06746431302416939
all,jual,0,114,0.004662004662004662,0.067178260869067
all,alhamdulillah,0,127,0.005193636772584141,0.06653764331921744
all,berbagai,0,336,0.013740645319592688,0.06640082690552754
all,kristen,1,160,0.04005006257822278,0.06637380548221669
all,burung,1,5,0.0012515644555694619,0.06634884861787188
all,monas,1,5,0.0012515644555694619,0.06634884861787188
all,penjelasan,1,5,0.0012515644555694619,0.06634884861787188
all,president,1,5,0.0012515644555694619,0.06634884861787188
all,rejim,1,5,0.0012515644555694619,0.06634884861787188
all,security,1,5,0.0012515644555694619,0.06634884861787188
all,visi,1,5,0.0012515644555694619,0.06634884861787188
all,chris,0,42,0.001717580664949086,0.06631347605277992
all,mbak,0,42,0.001717580664949086,0.06631347605277992
all,memaksa,0,42,0.001717580664949086,0.06631347605277992
all,pancasila,0,42,0.001717580664949086,0.06631347605277992
all,penyerangan,0,42,0.001717580664949086,0.06631347605277992
all,quds,0,42,0.001717580664949086,0.06631347605277992
all,save,0,42,0.001717580664949086,0.06631347605277992
all,tiada,0,42,0.001717580664949086,0.06631347605277992
all,transaksi,0,42,0.001717580664949086,0.06631347605277992
all,sore,0,153,0.006256900993743099,0.0655988390393683
all,selain,0,303,0.012391117654275549,0.06521320271057338
all,beban,0,55,0.002249212775528565,0.06495967036745132
all,gadis,0,55,0.002249212775528565,0.06495967036745132
all,gegara,0,55,0.002249212775528565,0.06495967036745132
all,siswa,0,55,0.002249212775528565,0.06495967036745132
all,terjadi,0,570,0.023310023310023312,0.06484020066802512
all,kpu,0,68,0.002780844886108044,0.06413256963029156
all,kepentingan,1,13,0.003254067584480601,0.06412153973505173
all,pribadi,1,13,0.003254067584480601,0.06412153973505173
all,generasi,0,81,0.003312476996687523,0.06357975825555569
all,gagal,0,133,0.005439005439005439,0.06250750195818788
all,komentar,1,26,0.006508135168961202,0.0618780715981246
all,jujur,1,14,0.003504380475594493,0.061016769310134146
all,ayah,1,10,0.0025031289111389237,0.06038582060833822
all,surya,1,10,0.0025031289111389237,0.06038582060833822
all,your,1,10,0.0025031289111389237,0.06038582060833822
all,satu,1,173,0.04330413016270338,0.05995524011652909
all,retweet,1,6,0.001501877346683354,0.059054467426231466
all,sembarangan,1,6,0.001501877346683354,0.059054467426231466
all,rusia,0,139,0.005684374105426737,0.05883773995272155
all,isu,0,126,0.005152741994847258,0.05862248029891951
all,target,1,15,0.0037546933667083854,0.058321113943318535
all,penduduk,1,29,0.007259073842302879,0.057567980229815255
all,d,1,34,0.00851063829787234,0.05712451346260999
all,berat,0,184,0.007524639103586472,0.056661131663828336
all,dahulu,0,61,0.002494581441949863,0.056383321166422126
all,mendadak,0,61,0.002494581441949863,0.056383321166422126
all,perwakilan,0,61,0.002494581441949863,0.056383321166422126
all,mari,1,35,0.008760951188986232,0.05607114242313178
all,bahwa,0,1081,0.044207254733570525,0.056033858115699844
all,beritasatu,0,48,0.001962949331370384,0.05526748103597811
all,berkembang,0,48,0.001962949331370384,0.05526748103597811
all,infografis,0,48,0.001962949331370384,0.05526748103597811
all,kiky,0,48,0.001962949331370384,0.05526748103597811
all,agar,0,545,0.022287653866601236,0.05463815880791533
all,mengecam,1,17,0.00425531914893617,0.05387173227514758
all,fb,1,7,0.0017521902377972466,0.05374022968210483
all,hadapi,1,7,0.0017521902377972466,0.05374022968210483
all,induk,1,7,0.0017521902377972466,0.05374022968210483
all,berhak,0,35,0.001431317220790905,0.05336009884233418
all,dimiliki,0,35,0.001431317220790905,0.05336009884233418
all,dubai,0,35,0.001431317220790905,0.05336009884233418
all,sepakbola,0,35,0.001431317220790905,0.05336009884233418
all,hampir,0,209,0.008547008547008548,0.0524213357857381
all,orgil,1,39,0.009762202753441803,0.052402364068309656
all,najwa,1,18,0.004505632040050063,0.05201450531785471
all,masalah,0,286,0.011695906432748537,0.051335845288869204
all,penyakit,1,13,0.003254067584480601,0.051259827347993156
all,kebijakan,0,80,0.00327158221895064,0.05119289342574241
all,lingkungan,0,80,0.00327158221895064,0.05119289342574241
all,ganjar,0,960,0.03925898662740768,0.050597446148948205
all,akui,1,8,0.002002503128911139,0.0496965673349013
all,produsen,1,8,0.002002503128911139,0.0496965673349013
all,protestan,1,8,0.002002503128911139,0.0496965673349013
all,gara,0,67,0.002739950108371161,0.049385415105348794
all,menlu,0,67,0.002739950108371161,0.049385415105348794
all,adzan,0,22,0.000899685110211426,0.04929665851915209
all,akademisi,0,22,0.000899685110211426,0.04929665851915209
all,alumni,0,22,0.000899685110211426,0.04929665851915209
all,asa,0,22,0.000899685110211426,0.04929665851915209
all,eks,0,22,0.000899685110211426,0.04929665851915209
all,fair,0,22,0.000899685110211426,0.04929665851915209
all,he,0,22,0.000899685110211426,0.04929665851915209
all,human,0,22,0.000899685110211426,0.04929665851915209
all,instastory,0,22,0.000899685110211426,0.04929665851915209
all,khalifa,0,22,0.000899685110211426,0.04929665851915209
all,kompascom,0,22,0.000899685110211426,0.04929665851915209
all,lebar,0,22,0.000899685110211426,0.04929665851915209
all,melebihi,0,22,0.000899685110211426,0.04929665851915209
all,mempertanyakan,0,22,0.000899685110211426,0.04929665851915209
all,mengganti,0,22,0.000899685110211426,0.04929665851915209
all,prinsip,0,22,0.000899685110211426,0.04929665851915209
all,riset,0,22,0.000899685110211426,0.04929665851915209
all,sosialisasi,0,22,0.000899685110211426,0.04929665851915209
all,terjebak,0,22,0.000899685110211426,0.04929665851915209
all,tulus,0,22,0.000899685110211426,0.04929665851915209
all,ucapkan,0,22,0.000899685110211426,0.04929665851915209
all,woy,0,22,0.000899685110211426,0.04929665851915209
all,gelar,1,14,0.003504380475594493,0.04907083274554151
all,setidaknya,0,99,0.004048582995951417,0.04800842240343886
all,kesempatan,1,21,0.005256570713391739,0.04749672514446517
all,buku,1,15,0.0037546933667083854,0.04716884435472202
all,republik,1,15,0.0037546933667083854,0.04716884435472202
all,sepakat,0,54,0.002208317997791682,0.04673636599797291
all,bukti,1,28,0.007008760951188986,0.04673441913923769
all,bertahan,1,9,0.0022528160200250315,0.04651677989332303
all,debat,0,86,0.003516950885371938,0.04611421406628847
all,fokus,0,86,0.003516950885371938,0.04611421406628847
all,atau,1,220,0.05506883604505632,0.04470611041768975
all,youtube,0,201,0.008219850325113484,0.044661874432165266
all,lalu,0,629,0.025722815196499407,0.044490164294970845
all,coba,1,24,0.006007509386733416,0.04410258104410269
all,menderita,1,10,0.0025031289111389237,0.04395101546513275
all,menyelamatkan,1,10,0.0025031289111389237,0.04395101546513275
all,batak,1,3,0.000750938673341677,0.0438756227276075
all,berbalik,1,3,0.000750938673341677,0.0438756227276075
all,berkontribusi,1,3,0.000750938673341677,0.0438756227276075
all,bocil,1,3,0.000750938673341677,0.0438756227276075
all,goal,1,3,0.000750938673341677,0.0438756227276075
all,ikhlas,1,3,0.000750938673341677,0.0438756227276075
all,jenin,1,3,0.000750938673341677,0.0438756227276075
all,joebiden,1,3,0.000750938673341677,0.0438756227276075
all,mar,1,3,0.000750938673341677,0.0438756227276075
all,memajukan,1,3,0.000750938673341677,0.0438756227276075
all,nalar,1,3,0.000750938673341677,0.0438756227276075
all,nampak,1,3,0.000750938673341677,0.0438756227276075
all,pembawa,1,3,0.000750938673341677,0.0438756227276075
all,pencapaian,1,3,0.000750938673341677,0.0438756227276075
all,pijat,1,3,0.000750938673341677,0.0438756227276075
all,recep,1,3,0.000750938673341677,0.0438756227276075
all,tayyip,1,3,0.000750938673341677,0.0438756227276075
all,teman2,1,3,0.000750938673341677,0.0438756227276075
all,titiktengah,1,3,0.000750938673341677,0.0438756227276075
all,wasit,1,3,0.000750938673341677,0.0438756227276075
all,repost,0,73,0.002985318774792459,0.04356657224880807
all,tenaga,0,73,0.002985318774792459,0.04356657224880807
all,disuruh,0,41,0.001676685887212203,0.04246186389846237
all,keknya,0,41,0.001676685887212203,0.04246186389846237
all,amerika,1,73,0.018272841051314142,0.04227958123954354
all,sebelum,0,226,0.009242219768535558,0.04209417673734785
all,stop,1,11,0.002753441802252816,0.04183730413055283
all,berakhir,0,92,0.003762319551793236,0.04171461050658313
all,oleh,1,284,0.07108886107634543,0.04060678669051422
all,pesan,0,111,0.004539320328794013,0.0405047799353833
all,congratulations,0,60,0.00245368666421298,0.03994851602321652
all,gua,1,49,0.012265331664580726,0.03890539815222674
all,pindah,0,79,0.003230687441213757,0.038651703337307046
all,baja,1,4,0.0010012515644555694,0.038475110516741996
all,body,1,4,0.0010012515644555694,0.038475110516741996
all,daging,1,4,0.0010012515644555694,0.038475110516741996
all,eric,1,4,0.0010012515644555694,0.038475110516741996
all,getty,1,4,0.0010012515644555694,0.038475110516741996
all,iklan,1,4,0.0010012515644555694,0.038475110516741996
all,injil,1,4,0.0010012515644555694,0.038475110516741996
all,permanen,1,4,0.0010012515644555694,0.038475110516741996
all,kuat,1,32,0.008010012515644555,0.03815675591504621
all,gus,1,14,0.003504380475594493,0.037264955423818184
all,sedang,0,485,0.019833967202388256,0.03711217328011357
all,atas,0,795,0.03251134830082199,0.03632632846846149
all,lebih,0,1281,0.05238621028094712,0.03536950428567377
all,dozan,1,5,0.0012515644555694619,0.03505535842634878
all,freepalestinenow,1,5,0.0012515644555694619,0.03505535842634878
all,panggilan,1,5,0.0012515644555694619,0.03505535842634878
all,ra,1,5,0.0012515644555694619,0.03505535842634878
all,sby,1,5,0.0012515644555694619,0.03505535842634878
all,strategi,1,5,0.0012515644555694619,0.03505535842634878
all,ttg,1,5,0.0012515644555694619,0.03505535842634878
all,u20,1,5,0.0012515644555694619,0.03505535842634878
all,yaallah,1,5,0.0012515644555694619,0.03505535842634878
all,i,1,62,0.015519399249061327,0.0350546816246259
all,bentuk,0,199,0.008138060769639717,0.03460426705027388
all,jogja,0,85,0.003476056107635055,0.034445138645030876
all,man,0,47,0.001922054553633501,0.034392420602031515
all,mengirimkan,0,47,0.001922054553633501,0.034392420602031515
all,bunda,0,28,0.001145053776632724,0.03436612205365681
all,canggih,0,28,0.001145053776632724,0.03436612205365681
all,menerapkan,0,28,0.001145053776632724,0.03436612205365681
all,ortodoks,0,28,0.001145053776632724,0.03436612205365681
all,pahala,0,28,0.001145053776632724,0.03436612205365681
all,saran,0,28,0.001145053776632724,0.03436612205365681
all,spek,0,28,0.001145053776632724,0.03436612205365681
all,tangkap,0,28,0.001145053776632724,0.03436612205365681
all,wawancara,0,28,0.001145053776632724,0.03436612205365681
all,kali,1,82,0.020525657071339173,0.03364200374864108
all,pejuang,1,31,0.007759699624530663,0.03331456962164487
all,sebagai,1,190,0.04755944931163955,0.03317878020981273
all,diri,1,73,0.018272841051314142,0.03288577104303184
all,dingin,1,6,0.001501877346683354,0.03269620235917973
all,inget,1,6,0.001501877346683354,0.03269620235917973
all,this,1,6,0.001501877346683354,0.03269620235917973
all,yang,1,1072,0.2683354192740926,0.03184767623370463
all,pakai,1,21,0.005256570713391739,0.031603907628721103
all,listrik,1,22,0.005506883604505632,0.031086129069127964
all,mencatat,1,7,0.0017521902377972466,0.03097101178766475
all,sorotan,1,7,0.0017521902377972466,0.03097101178766475
all,umkm,1,7,0.0017521902377972466,0.03097101178766475
all,menargetkan,0,91,0.003721424774056353,0.030803890736630268
all,organisasi,1,23,0.005757196495619525,0.030613080666070828
all,perjuangan,1,25,0.006257822277847309,0.029780021574915078
all,catatan,1,8,0.002002503128911139,0.029654923739191368
all,garis,1,8,0.002002503128911139,0.029654923739191368
all,oknum,1,8,0.002002503128911139,0.029654923739191368
all,minta,0,286,0.011695906432748537,0.028859608021917057
all,diklaim,1,9,0.0022528160200250315,0.028618175527165994
all,ikutan,1,10,0.0025031289111389237,0.027780636487030965
all,agung,1,12,0.003003754693366708,0.026511304313661176
all,alat,1,12,0.003003754693366708,0.026511304313661176
all,sedih,1,15,0.0037546933667083854,0.02522795716095563
all,dragon,0,34,0.001390422443054022,0.024745774680347745
all,laman,0,34,0.001390422443054022,0.024745774680347745
all,mesti,0,34,0.001390422443054022,0.024745774680347745
all,ormas,0,34,0.001390422443054022,0.024745774680347745
all,juga,1,310,0.07759699624530664,0.024585950162844133
all,tentu,1,18,0.004505632040050063,0.024366603338576074
all,me,0,128,0.005234531550321024,0.024129361704911426
all,berdoa,0,59,0.002412791886476097,0.023240469851026718
all,ka,0,59,0.002412791886476097,0.023240469851026718
all,no,0,347,0.0141904878746984,0.023207749388927758
all,h,1,27,0.006758448060075094,0.022931403117803954
all,sehat,1,27,0.006758448060075094,0.022931403117803954
all,salah,1,119,0.029787234042553193,0.022500290384744347
all,bisa,1,312,0.07809762202753442,0.02053129860346618
all,dari,1,612,0.15319148936170213,0.020233719937467295
all,dikira,0,40,0.00163579110947532,0.018029448991640735
all,luhut,0,40,0.00163579110947532,0.018029448991640735
all,menjelang,0,40,0.00163579110947532,0.018029448991640735
all,putin,0,40,0.00163579110947532,0.018029448991640735
all,rafah,0,40,0.00163579110947532,0.018029448991640735
all,rahasia,0,40,0.00163579110947532,0.018029448991640735
all,subuh,0,40,0.00163579110947532,0.018029448991640735
all,syuhada,0,40,0.00163579110947532,0.018029448991640735
all,menghentikan,1,23,0.005757196495619525,0.016295706016752072
all,isi,1,20,0.0050062578222778474,0.015763911061574796
all,l,1,18,0.004505632040050063,0.015316453825074934
all,laki,1,18,0.004505632040050063,0.015316453825074934
all,akun,0,313,0.01280006543164438,0.014510784805373196
all,capek,1,14,0.003504380475594493,0.014060461466547726
all,izin,1,14,0.003504380475594493,0.014060461466547726
all,muda,1,40,0.010012515644555695,0.01372476783206824
all,kelompok,0,356,0.014558540874330348,0.013241131536301732
all,pemerintahan,1,12,0.003003754693366708,0.013136754534472848
all,meninggal,0,139,0.005684374105426737,0.013123730243031026
all,sekaligus,0,77,0.003148897885739991,0.013090568437293544
all,standar,0,46,0.001881159775896618,0.013074050302403597
all,setiap,1,60,0.015018773466833541,0.013073695434113191
all,dilakukan,1,81,0.020275344180225283,0.012869327897087906
all,aviv,1,11,0.002753441802252816,0.01255613348614188
all,hamil,1,11,0.002753441802252816,0.01255613348614188
all,hentikan,1,11,0.002753441802252816,0.01255613348614188
all,tvone,1,10,0.0025031289111389237,0.011866288601695443
all,suara,1,30,0.007509386733416771,0.011665687552122645
all,la,0,114,0.004662004662004662,0.011357027108608614
all,terafiliasi,1,9,0.0022528160200250315,0.01103287723010585
all,undang,1,9,0.0022528160200250315,0.01103287723010585
all,with,0,83,0.003394266552161289,0.010693324758714956
all,grup,0,151,0.006175111438269333,0.010477138776705185
all,udh,1,43,0.010763454317897372,0.010319274118274324
all,bermanfaat,1,8,0.002002503128911139,0.010005473782600572
all,iphone,1,8,0.002002503128911139,0.010005473782600572
all,nangis,0,120,0.00490737332842596,0.009783321004167867
all,ketika,1,70,0.017521902377972465,0.0093220776561894
all,600,0,52,0.002126528442317916,0.009266868392813628
all,harusnya,0,52,0.002126528442317916,0.009266868392813628
all,prestasi,0,52,0.002126528442317916,0.009266868392813628
all,rencana,0,126,0.005152741994847258,0.008360550668606507
all,bts,1,6,0.001501877346683354,0.007012813318640134
all,hutan,1,6,0.001501877346683354,0.007012813318640134
all,kerugian,1,6,0.001501877346683354,0.007012813318640134
all,sepenuhnya,1,6,0.001501877346683354,0.007012813318640134
all,uni,1,6,0.001501877346683354,0.007012813318640134
all,dibuat,1,18,0.004505632040050063,0.006346741822038091
all,empat,1,18,0.004505632040050063,0.006346741822038091
all,odgj,1,42,0.010513141426783479,0.006173784911538552
all,tujuan,0,138,0.005643479327689854,0.005888327732584578
all,nunggu,1,5,0.0012515644555694619,0.004709060566901286
all,sedekah,1,5,0.0012515644555694619,0.004709060566901286
all,tamu,1,5,0.0012515644555694619,0.004709060566901286
all,td,1,5,0.0012515644555694619,0.004709060566901286
all,blm,0,64,0.002617265775160512,0.003800029711395298
all,menimbulkan,0,64,0.002617265775160512,0.003800029711395298
all,boss,0,21,0.000858790332474543,0.003793354514425855
all,dahsyat,0,21,0.000858790332474543,0.003793354514425855
all,dekade,0,21,0.000858790332474543,0.003793354514425855
all,disediakan,0,21,0.000858790332474543,0.003793354514425855
all,ditembakkan,0,21,0.000858790332474543,0.003793354514425855
all,eksekutif,0,21,0.000858790332474543,0.003793354514425855
all,elektabilitas,0,21,0.000858790332474543,0.003793354514425855
all,fun,0,21,0.000858790332474543,0.003793354514425855
all,hijrah,0,21,0.000858790332474543,0.003793354514425855
all,inilahviral,0,21,0.000858790332474543,0.003793354514425855
all,karenanya,0,21,0.000858790332474543,0.003793354514425855
all,kering,0,21,0.000858790332474543,0.003793354514425855
all,kesatuan,0,21,0.000858790332474543,0.003793354514425855
all,kuno,0,21,0.000858790332474543,0.003793354514425855
all,makasih,0,21,0.000858790332474543,0.003793354514425855
all,makna,0,21,0.000858790332474543,0.003793354514425855
all,megumi,0,21,0.000858790332474543,0.003793354514425855
all,memikirkan,0,21,0.000858790332474543,0.003793354514425855
all,mengundurkan,0,21,0.000858790332474543,0.003793354514425855
all,mi,0,21,0.000858790332474543,0.003793354514425855
all,nasir,0,21,0.000858790332474543,0.003793354514425855
all,ngaruh,0,21,0.000858790332474543,0.003793354514425855
all,padat,0,21,0.000858790332474543,0.003793354514425855
all,proud,0,21,0.000858790332474543,0.003793354514425855
all,uin,0,21,0.000858790332474543,0.003793354514425855
all,wes,0,21,0.000858790332474543,0.003793354514425855
all,ini,1,825,0.2065081351689612,0.0035579729971680404
all,disini,0,113,0.004621109884267779,0.0025439564014191176
all,perang,0,1027,0.04199893673577884,0.002505816450375093
all,anaknya,1,13,0.003254067584480601,0.0013960461320087164
all,barusan,1,4,0.0010012515644555694,0.0013929005304145663
all,ditembak,1,4,0.0010012515644555694,0.0013929005304145663
all,duty,1,4,0.0010012515644555694,0.0013929005304145663
all,enggan,1,4,0.0010012515644555694,0.0013929005304145663
all,girl,1,4,0.0010012515644555694,0.0013929005304145663
all,holocaust,1,4,0.0010012515644555694,0.0013929005304145663
all,humanitarian,1,4,0.0010012515644555694,0.0013929005304145663
all,king,1,4,0.0010012515644555694,0.0013929005304145663
all,kontrak,1,4,0.0010012515644555694,0.0013929005304145663
all,lampu,1,4,0.0010012515644555694,0.0013929005304145663
all,make,1,4,0.0010012515644555694,0.0013929005304145663
all,menimpa,1,4,0.0010012515644555694,0.0013929005304145663
all,ngantuk,1,4,0.0010012515644555694,0.0013929005304145663
all,ntar,1,4,0.0010012515644555694,0.0013929005304145663
all,batas,0,76,0.003108003108003108,6.235063538122512e-05
all,seharusnya,0,76,0.003108003108003108,6.235063538122512e-05
all,tel,0,76,0.003108003108003108,6.235063538122512e-05
all,batas,1,12,0.003003754693366708,-6.235063538127381e-05
all,seharusnya,1,12,0.003003754693366708,-6.235063538127381e-05
all,tel,1,12,0.003003754693366708,-6.235063538127381e-05
all,barusan,0,27,0.001104158998895841,-0.001392900530414542
all,ditembak,0,27,0.001104158998895841,-0.001392900530414542
all,duty,0,27,0.001104158998895841,-0.001392900530414542
all,enggan,0,27,0.001104158998895841,-0.001392900530414542
all,girl,0,27,0.001104158998895841,-0.001392900530414542
all,holocaust,0,27,0.001104158998895841,-0.001392900530414542
all,humanitarian,0,27,0.001104158998895841,-0.001392900530414542
all,king,0,27,0.001104158998895841,-0.001392900530414542
all,kontrak,0,27,0.001104158998895841,-0.001392900530414542
all,lampu,0,27,0.001104158998895841,-0.001392900530414542
all,make,0,27,0.001104158998895841,-0.001392900530414542
all,menimpa,0,27,0.001104158998895841,-0.001392900530414542
all,ngantuk,0,27,0.001104158998895841,-0.001392900530414542
all,ntar,0,27,0.001104158998895841,-0.001392900530414542
all,anaknya,0,82,0.003353371774424406,-0.0013960461320087663
all,perang,1,167,0.04180225281602003,-0.0025058164503751037
all,disini,1,18,0.004505632040050063,-0.0025439564014190373
all,ini,0,5037,0.20598699546067967,-0.0035579729971680746
all,boss,1,3,0.000750938673341677,-0.0037933545144258007
all,dahsyat,1,3,0.000750938673341677,-0.0037933545144258007
all,dekade,1,3,0.000750938673341677,-0.0037933545144258007
all,disediakan,1,3,0.000750938673341677,-0.0037933545144258007
all,ditembakkan,1,3,0.000750938673341677,-0.0037933545144258007
all,eksekutif,1,3,0.000750938673341677,-0.0037933545144258007
all,elektabilitas,1,3,0.000750938673341677,-0.0037933545144258007
all,fun,1,3,0.000750938673341677,-0.0037933545144258007
all,hijrah,1,3,0.000750938673341677,-0.0037933545144258007
all,inilahviral,1,3,0.000750938673341677,-0.0037933545144258007
all,karenanya,1,3,0.000750938673341677,-0.0037933545144258007
all,kering,1,3,0.000750938673341677,-0.0037933545144258007
all,kesatuan,1,3,0.000750938673341677,-0.0037933545144258007
all,kuno,1,3,0.000750938673341677,-0.0037933545144258007
all,makasih,1,3,0.000750938673341677,-0.0037933545144258007
all,makna,1,3,0.000750938673341677,-0.0037933545144258007
all,megumi,1,3,0.000750938673341677,-0.0037933545144258007
all,memikirkan,1,3,0.000750938673341677,-0.0037933545144258007
all,mengundurkan,1,3,0.000750938673341677,-0.0037933545144258007
all,mi,1,3,0.000750938673341677,-0.0037933545144258007
all,nasir,1,3,0.000750938673341677,-0.0037933545144258007
all,ngaruh,1,3,0.000750938673341677,-0.0037933545144258007
all,padat,1,3,0.000750938673341677,-0.0037933545144258007
all,proud,1,3,0.000750938673341677,-0.0037933545144258007
all,uin,1,3,0.000750938673341677,-0.0037933545144258007
all,wes,1,3,0.000750938673341677,-0.0037933545144258007
all,blm,1,10,0.0025031289111389237,-0.0038000297113951593
all,menimbulkan,1,10,0.0025031289111389237,-0.0038000297113951593
all,nunggu,0,33,0.001349527665317139,-0.004709060566901203
all,sedekah,0,33,0.001349527665317139,-0.004709060566901203
all,tamu,0,33,0.001349527665317139,-0.004709060566901203
all,td,0,33,0.001349527665317139,-0.004709060566901203
all,tujuan,1,22,0.005506883604505632,-0.005888327732584471
all,odgj,0,258,0.010550852656115814,-0.006173784911538638
all,dibuat,0,112,0.004580215106530896,-0.0063467418220380335
all,empat,0,112,0.004580215106530896,-0.0063467418220380335
all,bts,0,39,0.001594896331738437,-0.007012813318640038
all,hutan,0,39,0.001594896331738437,-0.007012813318640038
all,kerugian,0,39,0.001594896331738437,-0.007012813318640038
all,sepenuhnya,0,39,0.001594896331738437,-0.007012813318640038
all,uni,0,39,0.001594896331738437,-0.007012813318640038
all,rencana,1,20,0.0050062578222778474,-0.00836055066860644
all,600,1,8,0.002002503128911139,-0.009266868392813586
all,harusnya,1,8,0.002002503128911139,-0.009266868392813586
all,prestasi,1,8,0.002002503128911139,-0.009266868392813586
all,ketika,0,427,0.01746207009364904,-0.009322077656189467
all,nangis,1,19,0.004755944931163955,-0.009783321004167869
all,bermanfaat,0,51,0.002085633664581033,-0.010005473782600475
all,iphone,0,51,0.002085633664581033,-0.010005473782600475
all,udh,0,263,0.010755326544800228,-0.010319274118274322
all,grup,1,24,0.006007509386733416,-0.010477138776705225
all,with,1,13,0.003254067584480601,-0.010693324758714944
all,terafiliasi,0,57,0.002331002331002331,-0.011032877230105707
all,undang,0,57,0.002331002331002331,-0.011032877230105707
all,la,1,18,0.004505632040050063,-0.01135702710860866
all,suara,0,184,0.007524639103586472,-0.011665687552122583
all,tvone,0,63,0.002576370997423629,-0.011866288601695488
all,aviv,0,69,0.002821739663844927,-0.01255613348614187
all,hamil,0,69,0.002821739663844927,-0.01255613348614187
all,hentikan,0,69,0.002821739663844927,-0.01255613348614187
all,dilakukan,0,492,0.020120230646546437,-0.012869327897087914
all,setiap,0,365,0.014926593873962295,-0.013073695434113134
all,standar,1,7,0.0017521902377972466,-0.013074050302403578
all,sekaligus,1,12,0.003003754693366708,-0.013090568437293636
all,meninggal,1,22,0.005506883604505632,-0.01312373024303109
all,pemerintahan,0,75,0.003067108330266225,-0.013136754534472954
all,kelompok,1,57,0.014267834793491864,-0.013241131536301807
all,muda,0,244,0.009978325767799452,-0.013724767832068302
all,capek,0,87,0.003557845663108821,-0.0140604614665477
all,izin,0,87,0.003557845663108821,-0.0140604614665477
all,akun,1,50,0.012515644555694618,-0.014510784805373184
all,l,0,111,0.004539320328794013,-0.015316453825074966
all,laki,0,111,0.004539320328794013,-0.015316453825074966
all,isi,0,123,0.005030057661636609,-0.015763911061574844
all,menghentikan,0,141,0.005766163660900503,-0.01629570601675196
all,dikira,1,6,0.001501877346683354,-0.018029448991640815
all,luhut,1,6,0.001501877346683354,-0.018029448991640815
all,menjelang,1,6,0.001501877346683354,-0.018029448991640815
all,putin,1,6,0.001501877346683354,-0.018029448991640815
all,rafah,1,6,0.001501877346683354,-0.018029448991640815
all,rahasia,1,6,0.001501877346683354,-0.018029448991640815
all,subuh,1,6,0.001501877346683354,-0.018029448991640815
all,syuhada,1,6,0.001501877346683354,-0.018029448991640815
all,dari,0,3684,0.15065636118267697,-0.020233719937467427
all,bisa,0,1876,0.07671860303439251,-0.02053129860346619
all,salah,0,715,0.029239766081871343,-0.022500290384744298
all,h,0,164,0.006706743548848812,-0.02293140311780401
all,sehat,0,164,0.006706743548848812,-0.02293140311780401
all,no,1,55,0.01376720901126408,-0.02320774938892786
all,berdoa,1,9,0.0022528160200250315,-0.023240469851026763
all,ka,1,9,0.0022528160200250315,-0.023240469851026763
all,me,1,20,0.0050062578222778474,-0.024129361704911412
all,tentu,0,110,0.00449842555105713,-0.024366603338576157
all,juga,0,1857,0.07594160225739173,-0.02458595016284404
all,dragon,1,5,0.0012515644555694619,-0.024745774680347825
all,laman,1,5,0.0012515644555694619,-0.024745774680347825
all,mesti,1,5,0.0012515644555694619,-0.024745774680347825
all,ormas,1,5,0.0012515644555694619,-0.024745774680347825
all,sedih,0,92,0.003762319551793236,-0.025227957160955737
all,agung,0,74,0.003026213552529342,-0.026511304313661183
all,alat,0,74,0.003026213552529342,-0.026511304313661183
all,ikutan,0,62,0.002535476219686746,-0.027780636487030875
all,diklaim,0,56,0.002290107553265448,-0.028618175527166036
all,minta,1,45,0.011264080100125156,-0.02885960802191698
all,catatan,0,50,0.00204473888684415,-0.0296549237391914
all,garis,0,50,0.00204473888684415,-0.0296549237391914
all,oknum,0,50,0.00204473888684415,-0.0296549237391914
all,perjuangan,0,151,0.006175111438269333,-0.029780021574915
all,organisasi,0,139,0.005684374105426737,-0.030613080666070724
all,menargetkan,1,14,0.003504380475594493,-0.030803890736630177
all,mencatat,0,44,0.001799370220422852,-0.0309710117876647
all,sorotan,0,44,0.001799370220422852,-0.0309710117876647
all,umkm,0,44,0.001799370220422852,-0.0309710117876647
all,listrik,0,133,0.005439005439005439,-0.03108612906912803
all,pakai,0,127,0.005193636772584141,-0.0316039076287211
all,yang,0,6411,0.26217642007115693,-0.03184767623370466
all,dingin,0,38,0.001554001554001554,-0.032696202359179805
all,inget,0,38,0.001554001554001554,-0.032696202359179805
all,this,0,38,0.001554001554001554,-0.032696202359179805
all,diri,0,435,0.017789228315544105,-0.0328857710430319
all,sebagai,0,1129,0.046170204064940906,-0.03317878020981278
all,pejuang,0,186,0.007606428659060238,-0.03331456962164487
all,kali,0,488,0.019956651535598904,-0.03364200374864102
all,bunda,1,4,0.0010012515644555694,-0.034366122053656835
all,canggih,1,4,0.0010012515644555694,-0.034366122053656835
all,menerapkan,1,4,0.0010012515644555694,-0.034366122053656835
all,ortodoks,1,4,0.0010012515644555694,-0.034366122053656835
all,pahala,1,4,0.0010012515644555694,-0.034366122053656835
all,saran,1,4,0.0010012515644555694,-0.034366122053656835
all,spek,1,4,0.0010012515644555694,-0.034366122053656835
all,tangkap,1,4,0.0010012515644555694,-0.034366122053656835
all,wawancara,1,4,0.0010012515644555694,-0.034366122053656835
all,man,1,7,0.0017521902377972466,-0.0343924206020316
all,mengirimkan,1,7,0.0017521902377972466,-0.0343924206020316
all,jogja,1,13,0.003254067584480601,-0.034445138645030904
all,bentuk,1,31,0.007759699624530663,-0.03460426705027383
all,i,0,369,0.015090172984909826,-0.03505468162462584
all,dozan,0,32,0.001308632887580256,-0.03505535842634886
all,freepalestinenow,0,32,0.001308632887580256,-0.03505535842634886
all,panggilan,0,32,0.001308632887580256,-0.03505535842634886
all,ra,0,32,0.001308632887580256,-0.03505535842634886
all,sby,0,32,0.001308632887580256,-0.03505535842634886
all,strategi,0,32,0.001308632887580256,-0.03505535842634886
all,ttg,0,32,0.001308632887580256,-0.03505535842634886
all,u20,0,32,0.001308632887580256,-0.03505535842634886
all,yaallah,0,32,0.001308632887580256,-0.03505535842634886
all,lebih,1,202,0.05056320400500626,-0.03536950428567381
all,atas,1,125,0.03128911138923655,-0.03632632846846147
all,sedang,1,76,0.01902377972465582,-0.037112173280113514
all,gus,0,85,0.003476056107635055,-0.037264955423818046
all,kuat,0,191,0.007810902547744653,-0.03815675591504621
all,baja,0,26,0.001063264221158958,-0.03847511051674209
all,body,0,26,0.001063264221158958,-0.03847511051674209
all,daging,0,26,0.001063264221158958,-0.03847511051674209
all,eric,0,26,0.001063264221158958,-0.03847511051674209
all,getty,0,26,0.001063264221158958,-0.03847511051674209
all,iklan,0,26,0.001063264221158958,-0.03847511051674209
all,injil,0,26,0.001063264221158958,-0.03847511051674209
all,permanen,0,26,0.001063264221158958,-0.03847511051674209
all,pindah,1,12,0.003003754693366708,-0.03865170333730709
all,gua,0,291,0.011900380321432954,-0.03890539815222683
all,congratulations,1,9,0.0022528160200250315,-0.03994851602321652
all,pesan,1,17,0.00425531914893617,-0.04050477993538343
all,oleh,0,1676,0.06853964748701591,-0.04060678669051422
all,berakhir,1,14,0.003504380475594493,-0.04171461050658311
all,stop,0,67,0.002739950108371161,-0.041837304130552894
all,sebelum,1,35,0.008760951188986232,-0.0420941767373478
all,amerika,0,431,0.017625649204596573,-0.04227958123954345
all,disuruh,1,6,0.001501877346683354,-0.0424618638984624
all,keknya,1,6,0.001501877346683354,-0.0424618638984624
all,repost,1,11,0.002753441802252816,-0.04356657224880801
all,tenaga,1,11,0.002753441802252816,-0.04356657224880801
all,batak,0,20,0.00081789555473766,-0.04387562272760745
all,berbalik,0,20,0.00081789555473766,-0.04387562272760745
all,berkontribusi,0,20,0.00081789555473766,-0.04387562272760745
all,bocil,0,20,0.00081789555473766,-0.04387562272760745
all,goal,0,20,0.00081789555473766,-0.04387562272760745
all,ikhlas,0,20,0.00081789555473766,-0.04387562272760745
all,jenin,0,20,0.00081789555473766,-0.04387562272760745
all,joebiden,0,20,0.00081789555473766,-0.04387562272760745
all,mar,0,20,0.00081789555473766,-0.04387562272760745
all,memajukan,0,20,0.00081789555473766,-0.04387562272760745
all,nalar,0,20,0.00081789555473766,-0.04387562272760745
all,nampak,0,20,0.00081789555473766,-0.04387562272760745
all,pembawa,0,20,0.00081789555473766,-0.04387562272760745
all,pencapaian,0,20,0.00081789555473766,-0.04387562272760745
all,pijat,0,20,0.00081789555473766,-0.04387562272760745
all,recep,0,20,0.00081789555473766,-0.04387562272760745
all,tayyip,0,20,0.00081789555473766,-0.04387562272760745
all,teman2,0,20,0.00081789555473766,-0.04387562272760745
all,titiktengah,0,20,0.00081789555473766,-0.04387562272760745
all,wasit,0,20,0.00081789555473766,-0.04387562272760745
all,menderita,0,61,0.002494581441949863,-0.043951015465132776
all,menyelamatkan,0,61,0.002494581441949863,-0.043951015465132776
all,coba,0,143,0.005847953216374269,-0.04410258104410266
all,lalu,1,98,0.024530663329161453,-0.04449016429497087
all,youtube,1,31,0.007759699624530663,-0.04466187443216529
all,atau,0,1293,0.05287694761378972,-0.0447061104176896
all,debat,1,13,0.003254067584480601,-0.04611421406628844
all,fokus,1,13,0.003254067584480601,-0.04611421406628844
all,bertahan,0,55,0.002249212775528565,-0.04651677989332299
all,bukti,0,166,0.006788533104322578,-0.04673441913923774
all,sepakat,1,8,0.002002503128911139,-0.04673636599797295
all,buku,0,90,0.00368052999631947,-0.047168844354722066
all,republik,0,90,0.00368052999631947,-0.047168844354722066
all,kesempatan,0,125,0.005111847217110375,-0.0474967251444651
all,setidaknya,1,15,0.0037546933667083854,-0.04800842240343893
all,gelar,0,84,0.003435161329898172,-0.04907083274554163
all,adzan,1,3,0.000750938673341677,-0.049296658519152194
all,akademisi,1,3,0.000750938673341677,-0.049296658519152194
all,alumni,1,3,0.000750938673341677,-0.049296658519152194
all,asa,1,3,0.000750938673341677,-0.049296658519152194
all,eks,1,3,0.000750938673341677,-0.049296658519152194
all,fair,1,3,0.000750938673341677,-0.049296658519152194
all,he,1,3,0.000750938673341677,-0.049296658519152194
all,human,1,3,0.000750938673341677,-0.049296658519152194
all,instastory,1,3,0.000750938673341677,-0.049296658519152194
all,khalifa,1,3,0.000750938673341677,-0.049296658519152194
all,kompascom,1,3,0.000750938673341677,-0.049296658519152194
all,lebar,1,3,0.000750938673341677,-0.049296658519152194
all,melebihi,1,3,0.000750938673341677,-0.049296658519152194
all,mempertanyakan,1,3,0.000750938673341677,-0.049296658519152194
all,mengganti,1,3,0.000750938673341677,-0.049296658519152194
all,prinsip,1,3,0.000750938673341677,-0.049296658519152194
all,riset,1,3,0.000750938673341677,-0.049296658519152194
all,sosialisasi,1,3,0.000750938673341677,-0.049296658519152194
all,terjebak,1,3,0.000750938673341677,-0.049296658519152194
all,tulus,1,3,0.000750938673341677,-0.049296658519152194
all,ucapkan,1,3,0.000750938673341677,-0.049296658519152194
all,woy,1,3,0.000750938673341677,-0.049296658519152194
all,gara,1,10,0.0025031289111389237,-0.04938541510534878
all,menlu,1,10,0.0025031289111389237,-0.04938541510534878
all,akui,0,49,0.002003844109107267,-0.04969656733490124
all,produsen,0,49,0.002003844109107267,-0.04969656733490124
all,protestan,0,49,0.002003844109107267,-0.04969656733490124
all,ganjar,1,149,0.037296620775969964,-0.050597446148948254
all,kebijakan,1,12,0.003003754693366708,-0.05119289342574234
all,lingkungan,1,12,0.003003754693366708,-0.05119289342574234
all,penyakit,0,78,0.003189792663476874,-0.05125982734799308
all,masalah,1,44,0.011013767209011264,-0.051335845288869246
all,najwa,0,107,0.004375741217846481,-0.052014505317854745
all,orgil,0,229,0.009364904101746207,-0.05240236406830966
all,hampir,1,32,0.008010012515644555,-0.05242133578573809
all,berhak,1,5,0.0012515644555694619,-0.05336009884233405
all,dimiliki,1,5,0.0012515644555694619,-0.05336009884233405
all,dubai,1,5,0.0012515644555694619,-0.05336009884233405
all,sepakbola,1,5,0.0012515644555694619,-0.05336009884233405
all,fb,0,43,0.001758475442685969,-0.053740229682104894
all,hadapi,0,43,0.001758475442685969,-0.053740229682104894
all,induk,0,43,0.001758475442685969,-0.053740229682104894
all,mengecam,0,101,0.004130372551425183,-0.05387173227514751
all,agar,1,84,0.021026282853566957,-0.05463815880791533
all,beritasatu,1,7,0.0017521902377972466,-0.05526748103597821
all,berkembang,1,7,0.0017521902377972466,-0.05526748103597821
all,infografis,1,7,0.0017521902377972466,-0.05526748103597821
all,kiky,1,7,0.0017521902377972466,-0.05526748103597821
all,bahwa,1,167,0.04180225281602003,-0.056033858115699865
all,mari,0,205,0.008383429436061015,-0.05607114242313182
all,dahulu,1,9,0.0022528160200250315,-0.05638332116642209
all,mendadak,1,9,0.0022528160200250315,-0.05638332116642209
all,perwakilan,1,9,0.0022528160200250315,-0.05638332116642209
all,berat,1,28,0.007008760951188986,-0.05666113166382828
all,d,0,199,0.008138060769639717,-0.05712451346260986
all,penduduk,0,170,0.00695211221527011,-0.05756798022981528
all,target,0,89,0.003639635218582587,-0.058321113943318466
all,isu,1,19,0.004755944931163955,-0.05862248029891957
all,rusia,1,21,0.005256570713391739,-0.05883773995272168
all,retweet,0,37,0.001513106776264671,-0.05905446742623142
all,sembarangan,0,37,0.001513106776264671,-0.05905446742623142
all,satu,0,1002,0.04097656729235677,-0.05995524011652921
all,ayah,0,60,0.00245368666421298,-0.060385820608338234
all,surya,0,60,0.00245368666421298,-0.060385820608338234
all,your,0,60,0.00245368666421298,-0.060385820608338234
all,jujur,0,83,0.003394266552161289,-0.061016769310134146
all,komentar,0,152,0.006216006216006216,-0.06187807159812468
all,gagal,1,20,0.0050062578222778474,-0.06250750195818791
all,generasi,1,12,0.003003754693366708,-0.06357975825555569
all,kepentingan,0,77,0.003148897885739991,-0.0641215397350518
all,pribadi,0,77,0.003148897885739991,-0.0641215397350518
all,kpu,1,10,0.0025031289111389237,-0.06413256963029153
all,terjadi,1,87,0.021777221526908634,-0.06484020066802505
all,beban,1,8,0.002002503128911139,-0.06495967036745123
all,gadis,1,8,0.002002503128911139,-0.06495967036745123
all,gegara,1,8,0.002002503128911139,-0.06495967036745123
all,siswa,1,8,0.002002503128911139,-0.06495967036745123
all,selain,1,46,0.01151439299123905,-0.06521320271057342
all,sore,1,23,0.005757196495619525,-0.06559883903936825
all,chris,1,6,0.001501877346683354,-0.06631347605277979
all,mbak,1,6,0.001501877346683354,-0.06631347605277979
all,memaksa,1,6,0.001501877346683354,-0.06631347605277979
all,pancasila,1,6,0.001501877346683354,-0.06631347605277979
all,penyerangan,1,6,0.001501877346683354,-0.06631347605277979
all,quds,1,6,0.001501877346683354,-0.06631347605277979
all,save,1,6,0.001501877346683354,-0.06631347605277979
all,tiada,1,6,0.001501877346683354,-0.06631347605277979
all,transaksi,1,6,0.001501877346683354,-0.06631347605277979
all,burung,0,31,0.001267738109843373,-0.0663488486178719
all,monas,0,31,0.001267738109843373,-0.0663488486178719
all,penjelasan,0,31,0.001267738109843373,-0.0663488486178719
all,president,0,31,0.001267738109843373,-0.0663488486178719
all,rejim,0,31,0.001267738109843373,-0.0663488486178719
all,security,0,31,0.001267738109843373,-0.0663488486178719
all,visi,0,31,0.001267738109843373,-0.0663488486178719
all,kristen,0,921,0.03766409029566924,-0.06637380548221676
all,berbagai,1,51,0.01276595744680851,-0.06640082690552757
all,alhamdulillah,1,19,0.004755944931163955,-0.06653764331921752
all,jual,1,17,0.00425531914893617,-0.067178260869067
all,mahfud,0,323,0.01320901320901321,-0.0674643130241694
all,ancaman,0,71,0.002903529219318693,-0.06773602663404296
all,menjaga,0,111,0.004539320328794013,-0.06821163312524905
all,agresi,1,24,0.006007509386733416,-0.06855585725762423
all,beit,1,4,0.0010012515644555694,-0.06889323978296902
all,hospital,1,4,0.0010012515644555694,-0.06889323978296902
all,karina,1,4,0.0010012515644555694,-0.06889323978296902
all,makam,1,4,0.0010012515644555694,-0.06889323978296902
all,pinggir,1,4,0.0010012515644555694,-0.06889323978296902
all,radio,1,4,0.0010012515644555694,-0.06889323978296902
all,ramadhan,1,4,0.0010012515644555694,-0.06889323978296902
all,zone,1,4,0.0010012515644555694,-0.06889323978296902
all,tempur,1,13,0.003254067584480601,-0.06905443204717195
all,dah,0,271,0.011082484766695292,-0.06906104278567173
all,belajar,1,22,0.005506883604505632,-0.06921638067815487
all,bawa,0,128,0.005234531550321024,-0.06946426932240447
all,bab,0,48,0.001962949331370384,-0.07014641417611206
all,berbahaya,0,48,0.001962949331370384,-0.07014641417611206
all,larang,0,48,0.001962949331370384,-0.07014641417611206
all,mengebom,0,48,0.001962949331370384,-0.07014641417611206
all,70,1,11,0.002753441802252816,-0.07049585842196027
all,sih,1,97,0.02428035043804756,-0.07113146792130211
all,dong,0,162,0.006624953993375046,-0.0712164070019303
all,rusak,0,65,0.002658160552897395,-0.07199676859391474
all,g,1,23,0.005757196495619525,-0.07213352061329688
all,para,0,1277,0.05222263116999959,-0.0721520145923426
all,kabur,1,9,0.0022528160200250315,-0.07255370014452396
all,bahasa,1,21,0.005256570713391739,-0.07315511460204034
all,budaya,1,14,0.003504380475594493,-0.07375536618440329
all,sakit,1,97,0.02428035043804756,-0.07433801693248754
all,feni,1,7,0.0017521902377972466,-0.07571732787718898
all,kelas,1,22,0.005506883604505632,-0.07601430524587052
all,cedera,0,25,0.001022369443422075,-0.0769823279746405
all,dilancarkan,0,25,0.001022369443422075,-0.0769823279746405
all,dilanjutkan,0,25,0.001022369443422075,-0.0769823279746405
all,diyakini,0,25,0.001022369443422075,-0.0769823279746405
all,gerak,0,25,0.001022369443422075,-0.0769823279746405
all,gr,0,25,0.001022369443422075,-0.0769823279746405
all,kehabisan,0,25,0.001022369443422075,-0.0769823279746405
all,tl,0,25,0.001022369443422075,-0.0769823279746405
all,alami,0,42,0.001717580664949086,-0.07703805698504487
all,berkat,0,42,0.001717580664949086,-0.07703805698504487
all,khan,0,42,0.001717580664949086,-0.07703805698504487
all,komando,0,42,0.001717580664949086,-0.07703805698504487
all,be,0,59,0.002412791886476097,-0.07709386678052804
all,fix,0,59,0.002412791886476097,-0.07709386678052804
all,menangkan,0,76,0.003108003108003108,-0.07714975753696418
all,walaupun,0,93,0.003803214329530119,-0.07720572943073849
all,tadi,1,25,0.006257822277847309,-0.07726986455455545
all,gaza,1,395,0.09887359198998748,-0.07743542664714628
all,menang,0,212,0.008669692880219196,-0.07759981945721296
all,breaking,1,15,0.0037546933667083854,-0.07783676492575185
all,netizen,1,15,0.0037546933667083854,-0.07783676492575185
all,secara,1,101,0.02528160200250313,-0.07853814267909617
all,time,1,10,0.0025031289111389237,-0.07866658574975981
all,baik,0,535,0.021878706089232404,-0.07869006812325201
all,nih,0,291,0.011900380321432954,-0.07902144286058546
all,khusus,0,172,0.007033901770743876,-0.07941224012592751
all,bayar,1,13,0.003254067584480601,-0.08033154779306932
all,cnn,0,87,0.003557845663108821,-0.08100302913408651
all,angkat,1,5,0.0012515644555694619,-0.08118061634445212
all,engkau,1,5,0.0012515644555694619,-0.08118061634445212
all,fosfor,1,5,0.0012515644555694619,-0.08118061634445212
all,harinya,1,5,0.0012515644555694619,-0.08118061634445212
all,jabalia,1,5,0.0012515644555694619,-0.08118061634445212
all,kecewa,1,5,0.0012515644555694619,-0.08118061634445212
all,membagikan,1,5,0.0012515644555694619,-0.08118061634445212
all,merek,1,5,0.0012515644555694619,-0.08118061634445212
all,perawatan,1,5,0.0012515644555694619,-0.08118061634445212
all,pidato,1,5,0.0012515644555694619,-0.08118061634445212
all,ucapan,1,5,0.0012515644555694619,-0.08118061634445212
all,willy,1,5,0.0012515644555694619,-0.08118061634445212
all,yoongi,1,5,0.0012515644555694619,-0.08118061634445212
all,mesir,0,149,0.006093321882795567,-0.08186971636543258
all,gadot,1,8,0.002002503128911139,-0.08285827473360813
all,na,1,8,0.002002503128911139,-0.08285827473360813
all,pendudukan,0,115,0.004702899439741545,-0.08306328853195555
all,au,0,53,0.002167423220054799,-0.08330011563660183
all,gege,0,53,0.002167423220054799,-0.08330011563660183
all,disebut,1,28,0.007008760951188986,-0.08360673383226504
all,membuat,0,391,0.015989858095121254,-0.08424740535509943
all,guru,0,143,0.005847953216374269,-0.08435974139572289
all,beli,0,188,0.007688218214534004,-0.08462788119527755
all,benjamin,1,23,0.005757196495619525,-0.08507774386334004
all,covid,0,36,0.001472211998527788,-0.086124094886442
all,kelahiran,0,36,0.001472211998527788,-0.086124094886442
all,ketat,0,36,0.001472211998527788,-0.086124094886442
all,oki,0,36,0.001472211998527788,-0.086124094886442
all,pekanbaru,0,36,0.001472211998527788,-0.086124094886442
all,tank,0,109,0.004457530773320247,-0.08639383222367518
all,wajib,0,137,0.005602584549952971,-0.08706047562060613
all,lari,0,64,0.002617265775160512,-0.0874226895245065
all,bgt,1,107,0.026783479349186484,-0.08785480271496579
all,gabung,1,12,0.003003754693366708,-0.08790543293106032
all,lho,0,92,0.003762319551793236,-0.08799957042501855
all,kamu,0,412,0.016848648427595796,-0.08810149854611715
all,tambahan,1,9,0.0022528160200250315,-0.08846804802985928
all,terimakasih,1,9,0.0022528160200250315,-0.08846804802985928
all,appstore,1,6,0.001501877346683354,-0.08961130335571987
all,dihentikan,1,6,0.001501877346683354,-0.08961130335571987
all,termasuk,1,63,0.01576971214017522,-0.08986521359532784
all,dm,0,159,0.006502269660164397,-0.08997397891103562
all,sikap,0,159,0.006502269660164397,-0.08997397891103562
all,pemuda,0,103,0.004212162106898949,-0.09009802134773548
all,melarang,0,75,0.003067108330266225,-0.09034886270681838
all,berupa,0,47,0.001922054553633501,-0.09102147461005873
all,cnbc,0,47,0.001922054553633501,-0.09102147461005873
all,dikatakan,0,47,0.001922054553633501,-0.09102147461005873
all,mengadakan,0,47,0.001922054553633501,-0.09102147461005873
all,z,0,47,0.001922054553633501,-0.09102147461005873
all,sebuah,1,68,0.01702127659574468,-0.09126332480835603
all,netanyahu,0,293,0.011982169876906718,-0.09158594469022502
all,pekerjaan,0,114,0.004662004662004662,-0.09180008182187853
all,damai,1,20,0.0050062578222778474,-0.09219442505406407
all,2010,1,3,0.000750938673341677,-0.09282270206218765
all,batal,1,3,0.000750938673341677,-0.09282270206218765
all,besarnya,1,3,0.000750938673341677,-0.09282270206218765
all,disney,1,3,0.000750938673341677,-0.09282270206218765
all,freepalastine,1,3,0.000750938673341677,-0.09282270206218765
all,ganjarmahfud,1,3,0.000750938673341677,-0.09282270206218765
all,halus,1,3,0.000750938673341677,-0.09282270206218765
all,images,1,3,0.000750938673341677,-0.09282270206218765
all,kandungan,1,3,0.000750938673341677,-0.09282270206218765
all,london,1,3,0.000750938673341677,-0.09282270206218765
all,mbah,1,3,0.000750938673341677,-0.09282270206218765
all,memperkuat,1,3,0.000750938673341677,-0.09282270206218765
all,menetap,1,3,0.000750938673341677,-0.09282270206218765
all,menyikapi,1,3,0.000750938673341677,-0.09282270206218765
all,penegak,1,3,0.000750938673341677,-0.09282270206218765
all,perlakuan,1,3,0.000750938673341677,-0.09282270206218765
all,pr,1,3,0.000750938673341677,-0.09282270206218765
all,putuskan,1,3,0.000750938673341677,-0.09282270206218765
all,quotes,1,3,0.000750938673341677,-0.09282270206218765
all,ramah,1,3,0.000750938673341677,-0.09282270206218765
all,wacana,1,3,0.000750938673341677,-0.09282270206218765
all,wkwkwkwk,1,3,0.000750938673341677,-0.09282270206218765
all,ditolak,1,10,0.0025031289111389237,-0.0929935534959297
all,hotel,1,10,0.0025031289111389237,-0.0929935534959297
all,jaga,1,10,0.0025031289111389237,-0.0929935534959297
all,dengan,1,497,0.12440550688360451,-0.09311283642327413
all,pulang,1,14,0.003504380475594493,-0.09456360693455433
all,hujan,0,108,0.004416635995583364,-0.09560928469606657
all,agustus,1,7,0.0017521902377972466,-0.09575897147289889
all,elon,1,7,0.0017521902377972466,-0.09575897147289889
all,intelijen,1,7,0.0017521902377972466,-0.09575897147289889
all,putus,1,7,0.0017521902377972466,-0.09575897147289889
all,sendirian,1,7,0.0017521902377972466,-0.09575897147289889
all,pilihan,0,119,0.004866478550689077,-0.09673270626744784
all,rasanya,1,15,0.0037546933667083854,-0.09724317158928827
all,biden,1,23,0.005757196495619525,-0.09785864358353213
all,pun,0,486,0.019874861980125138,-0.09794696902827547
all,citra,0,30,0.00122684333210649,-0.09865065584694958
all,didirikan,0,30,0.00122684333210649,-0.09865065584694958
all,lelah,0,30,0.00122684333210649,-0.09865065584694958
all,potret,0,30,0.00122684333210649,-0.09865065584694958
all,zonauang,0,30,0.00122684333210649,-0.09865065584694958
all,ayo,0,152,0.006216006216006216,-0.09917129591271164
all,buah,1,8,0.002002503128911139,-0.10044357303066839
all,hitam,1,8,0.002002503128911139,-0.10044357303066839
all,nak,1,8,0.002002503128911139,-0.10044357303066839
all,terdepan,1,8,0.002002503128911139,-0.10044357303066839
all,main,1,37,0.009261576971214018,-0.1005147615779973
all,m,1,61,0.015269086357947435,-0.1005725367622923
all,begini,0,113,0.004621109884267779,-0.10061315252906808
all,gerakan,0,113,0.004621109884267779,-0.10061315252906808
all,serta,1,69,0.017271589486858575,-0.10068220153593448
all,bet,0,41,0.001676685887212203,-0.10088966913936233
all,kepercayaan,0,41,0.001676685887212203,-0.10088966913936233
all,sampaikan,0,41,0.001676685887212203,-0.10088966913936233
all,serupa,0,41,0.001676685887212203,-0.10088966913936233
all,viva,0,41,0.001676685887212203,-0.10088966913936233
all,gede,0,52,0.002126528442317916,-0.10220958186796059
all,menambah,0,52,0.002126528442317916,-0.10220958186796059
all,social,0,52,0.002126528442317916,-0.10220958186796059
all,berujung,1,4,0.0010012515644555694,-0.10227060338499165
all,jantung,1,4,0.0010012515644555694,-0.10227060338499165
all,jawabannya,1,4,0.0010012515644555694,-0.10227060338499165
all,kekurangan,1,4,0.0010012515644555694,-0.10227060338499165
all,membentuk,1,4,0.0010012515644555694,-0.10227060338499165
all,pangan,1,4,0.0010012515644555694,-0.10227060338499165
all,strategis,1,4,0.0010012515644555694,-0.10227060338499165
all,tembak,1,4,0.0010012515644555694,-0.10227060338499165
all,hasan,0,63,0.002576370997423629,-0.10308900783759721
all,membaca,0,63,0.002576370997423629,-0.10308900783759721
all,mengklaim,0,63,0.002576370997423629,-0.10308900783759721
all,solo,0,74,0.003026213552529342,-0.10372341248600667
all,belakangan,1,9,0.0022528160200250315,-0.10413436634294997
all,qatar,1,9,0.0022528160200250315,-0.10413436634294997
all,barat,1,59,0.01476846057571965,-0.1043363924443534
all,meninggalkan,0,96,0.003925898662740768,-0.10459281906643488
all,keluarga,1,47,0.011764705882352941,-0.10519114416362539
all,tindakan,1,38,0.00951188986232791,-0.1053458872113088
all,gue,0,648,0.026499815973500183,-0.10624449529558547
all,lokal,1,20,0.0050062578222778474,-0.10671736127034706
all,channel,1,10,0.0025031289111389237,-0.107119305558292
all,normal,1,10,0.0025031289111389237,-0.107119305558292
all,tiongkok,1,10,0.0025031289111389237,-0.107119305558292
all,urusan,1,10,0.0025031289111389237,-0.107119305558292
all,berencana,1,5,0.0012515644555694619,-0.10825024380466268
all,disiapkan,1,5,0.0012515644555694619,-0.10825024380466268
all,lantas,1,5,0.0012515644555694619,-0.10825024380466268
all,mengumpulkan,1,5,0.0012515644555694619,-0.10825024380466268
all,russia,1,5,0.0012515644555694619,-0.10825024380466268
all,demikian,0,134,0.005479900216742322,-0.10924355909383422
all,wkwk,0,112,0.004580215106530896,-0.10950385075252525
all,cantik,1,11,0.002753441802252816,-0.1095848937807856
all,jenis,1,11,0.002753441802252816,-0.1095848937807856
all,investasi,1,17,0.00425531914893617,-0.11012525774112317
all,mimpi,0,57,0.002331002331002331,-0.11136721386166057
all,suriah,0,57,0.002331002331002331,-0.11136721386166057
all,protes,1,12,0.003003754693366708,-0.11165724681737631
all,diikuti,0,46,0.001881159775896618,-0.11233984490968678
all,gagasan,0,46,0.001881159775896618,-0.11233984490968678
all,kamar,0,46,0.001881159775896618,-0.11233984490968678
all,sy,0,46,0.001881159775896618,-0.11233984490968678
all,mahal,1,6,0.001501877346683354,-0.11238052125016003
all,poster,1,6,0.001501877346683354,-0.11238052125016003
all,renungan,1,6,0.001501877346683354,-0.11238052125016003
all,toleransi,1,6,0.001501877346683354,-0.11238052125016003
all,artikel,1,25,0.006257822277847309,-0.11250594793269784
all,presiden,0,666,0.027235921972764077,-0.11261773356223985
all,yakni,1,19,0.004755944931163955,-0.11276943158850096
all,masa,1,50,0.012515644555694618,-0.11303052049631791
all,akhirnya,1,32,0.008010012515644555,-0.11316104592618693
all,home,0,35,0.001431317220790905,-0.11394461238856005
all,menikmati,0,35,0.001431317220790905,-0.11394461238856005
all,pangkalan,0,35,0.001431317220790905,-0.11394461238856005
all,pembicaraan,0,35,0.001431317220790905,-0.11394461238856005
all,terkenal,0,35,0.001431317220790905,-0.11394461238856005
all,a,1,64,0.01602002503128911,-0.11395930059704659
all,hizbullah,0,106,0.004334846440109598,-0.11429661985838582
all,joe,1,14,0.003504380475594493,-0.11495099007097778
all,beras,1,7,0.0017521902377972466,-0.11540842142948979
all,ios,1,7,0.0017521902377972466,-0.11540842142948979
all,suami,1,7,0.0017521902377972466,-0.11540842142948979
all,menolak,0,308,0.012595591542959963,-0.11556301043560363
all,turun,0,144,0.005888847994111152,-0.1160923037055467
all,cari,0,193,0.00789269210321842,-0.11673441745056434
all,rs,1,38,0.00951188986232791,-0.11687686806755347
all,catat,0,24,0.000981474665685192,-0.11702859754270303
all,cuan,0,24,0.000981474665685192,-0.11702859754270303
all,dirumah,0,24,0.000981474665685192,-0.11702859754270303
all,geram,0,24,0.000981474665685192,-0.11702859754270303
all,ialah,0,24,0.000981474665685192,-0.11702859754270303
all,macet,0,24,0.000981474665685192,-0.11702859754270303
all,melahirkan,0,24,0.000981474665685192,-0.11702859754270303
all,merawat,0,24,0.000981474665685192,-0.11702859754270303
all,norak,0,24,0.000981474665685192,-0.11702859754270303
all,orng,0,24,0.000981474665685192,-0.11702859754270303
all,sponsor,0,24,0.000981474665685192,-0.11702859754270303
all,mencoba,0,73,0.002985318774792459,-0.11727814887997058
all,mengetahui,0,73,0.002985318774792459,-0.11727814887997058
all,terlalu,0,111,0.004539320328794013,-0.11847356275556215
all,komunitas,1,17,0.00425531914893617,-0.11849973406480031
all,mulai,1,65,0.016270337922403004,-0.11887492561022846
all,apabila,1,9,0.0022528160200250315,-0.11956028727354184
all,berusia,1,9,0.0022528160200250315,-0.11956028727354184
all,periode,1,9,0.0022528160200250315,-0.11956028727354184
all,terus,1,119,0.029787234042553193,-0.12012536746523172
all,terlihat,1,19,0.004755944931163955,-0.12027327121114909
all,biasanya,1,10,0.0025031289111389237,-0.12104943158165053
all,kemungkinan,1,10,0.0025031289111389237,-0.12104943158165053
all,so,1,10,0.0025031289111389237,-0.12104943158165053
all,sosok,1,10,0.0025031289111389237,-0.12104943158165053
all,syahid,1,10,0.0025031289111389237,-0.12104943158165053
all,tuan,1,10,0.0025031289111389237,-0.12104943158165053
all,kdrt,0,51,0.002085633664581033,-0.12148192404337467
all,guna,1,11,0.002753441802252816,-0.1222843162937404
all,pasangan,1,23,0.005757196495619525,-0.12294670513286814
all,mundur,0,78,0.003189792663476874,-0.12296992141684208
all,tetap,1,64,0.01602002503128911,-0.12314512124616835
all,alias,1,12,0.003003754693366708,-0.12332632223863375
all,bangun,0,105,0.004293951662372715,-0.12377172322695633
all,mengakui,0,105,0.004293951662372715,-0.12377172322695633
all,medis,1,14,0.003504380475594493,-0.12499213442223775
all,merasakan,0,40,0.00163579110947532,-0.12532208404618397
all,serukan,0,40,0.00163579110947532,-0.12532208404618397
all,memimpin,0,67,0.002739950108371161,-0.12546991708698613
all,pertanyaan,0,67,0.002739950108371161,-0.12546991708698613
all,kehilangan,0,94,0.003844109107267002,-0.12561809977380523
all,susah,1,17,0.00425531914893617,-0.12680534036807556
all,akbar,0,83,0.003394266552161289,-0.12795933697767292
all,harus,0,808,0.03304298041140146,-0.12812489188867726
all,bem,0,56,0.002290107553265448,-0.12895251215872083
all,otoritas,0,56,0.002290107553265448,-0.12895251215872083
all,pas,0,223,0.00911953543532491,-0.12904001239695065
all,keluar,1,25,0.006257822277847309,-0.12967538386883076
all,serang,1,25,0.006257822277847309,-0.12967538386883076
all,kurang,0,142,0.005807058438637386,-0.13011208052779974
all,karena,0,1453,0.059420112051690996,-0.13089938111652535
all,ku,0,158,0.006461374882427514,-0.13104272428094219
all,byk,0,29,0.001185948554369607,-0.13202801944897213
all,gudang,0,29,0.001185948554369607,-0.13202801944897213
all,jadilah,0,29,0.001185948554369607,-0.13202801944897213
all,keagamaan,0,29,0.001185948554369607,-0.13202801944897213
all,patut,0,29,0.001185948554369607,-0.13202801944897213
all,pertengahan,0,29,0.001185948554369607,-0.13202801944897213
all,air,1,43,0.010763454317897372,-0.13266387868839902
all,menjatuhkan,0,45,0.001840264998159735,-0.13412080171981194
all,pendeta,0,45,0.001840264998159735,-0.13412080171981194
all,adek,1,3,0.000750938673341677,-0.13453633174151688
all,berwenang,1,3,0.000750938673341677,-0.13453633174151688
all,call,1,3,0.000750938673341677,-0.13453633174151688
all,flash,1,3,0.000750938673341677,-0.13453633174151688
all,kursi,1,3,0.000750938673341677,-0.13453633174151688
all,lam,1,3,0.000750938673341677,-0.13453633174151688
all,logistik,1,3,0.000750938673341677,-0.13453633174151688
all,maharani,1,3,0.000750938673341677,-0.13453633174151688
all,mengembangkan,1,3,0.000750938673341677,-0.13453633174151688
all,niki,1,3,0.000750938673341677,-0.13453633174151688
all,npc,1,3,0.000750938673341677,-0.13453633174151688
all,plastik,1,3,0.000750938673341677,-0.13453633174151688
all,prayforpalestine,1,3,0.000750938673341677,-0.13453633174151688
all,serangannya,1,3,0.000750938673341677,-0.13453633174151688
all,shihab,1,3,0.000750938673341677,-0.13453633174151688
all,syariah,1,3,0.000750938673341677,-0.13453633174151688
all,berkomitmen,1,4,0.0010012515644555694,-0.13457241061406935
all,depok,1,4,0.0010012515644555694,-0.13457241061406935
all,diperlukan,1,4,0.0010012515644555694,-0.13457241061406935
all,gempur,1,4,0.0010012515644555694,-0.13457241061406935
all,liga,1,4,0.0010012515644555694,-0.13457241061406935
all,maret,1,4,0.0010012515644555694,-0.13457241061406935
all,materi,1,4,0.0010012515644555694,-0.13457241061406935
all,sepak,1,4,0.0010012515644555694,-0.13457241061406935
all,suaka,1,4,0.0010012515644555694,-0.13457241061406935
all,woi,1,4,0.0010012515644555694,-0.13457241061406935
all,women,1,4,0.0010012515644555694,-0.13457241061406935
all,cita,1,5,0.0012515644555694619,-0.1346085088717143
all,its,1,5,0.0012515644555694619,-0.1346085088717143
all,masuknya,1,5,0.0012515644555694619,-0.1346085088717143
all,senilai,1,5,0.0012515644555694619,-0.1346085088717143
all,dewasa,1,6,0.001501877346683354,-0.13464462653010315
all,ditanya,1,6,0.001501877346683354,-0.13464462653010315
all,benarkah,1,8,0.002002503128911139,-0.13471692011180098
all,dibawah,1,8,0.002002503128911139,-0.13471692011180098
all,disebutkan,1,8,0.002002503128911139,-0.13471692011180098
all,kematian,1,8,0.002002503128911139,-0.13471692011180098
all,official,1,8,0.002002503128911139,-0.13471692011180098
all,tampak,1,8,0.002002503128911139,-0.13471692011180098
all,aplikasi,1,12,0.003003754693366708,-0.13486174077464672
all,berbeda,1,13,0.003254067584480601,-0.13489799467789343
all,bu,1,13,0.003254067584480601,-0.13489799467789343
all,pergi,1,15,0.0037546933667083854,-0.13497056107987668
all,sayang,1,18,0.004505632040050063,-0.13507955740888983
all,bahaya,0,61,0.002494581441949863,-0.13517373470103441
all,perempuan,1,34,0.00851063829787234,-0.13566386174535855
all,seorang,0,538,0.022001390422443055,-0.13607497440792046
all,di,1,1351,0.3381727158948686,-0.13843956060679394
all,you,1,39,0.009762202753441803,-0.1394989703622333
all,sambil,0,114,0.004662004662004662,-0.13967970313950404
all,awal,1,32,0.008010012515644555,-0.14001779689492824
all,yah,0,82,0.003353371774424406,-0.14004870786839668
all,penjara,0,50,0.00204473888684415,-0.14113137399996561
all,gencatan,1,22,0.005506883604505632,-0.14159545449263397
all,silahkan,1,21,0.005256570713391739,-0.14185241813374996
all,aing,0,34,0.001390422443054022,-0.14255893655054627
all,kasian,0,34,0.001390422443054022,-0.14255893655054627
all,rekam,0,34,0.001390422443054022,-0.14255893655054627
all,remaja,0,34,0.001390422443054022,-0.14255893655054627
all,jawa,1,39,0.009762202753441803,-0.14313745987862814
all,kekerasan,1,17,0.00425531914893617,-0.1432144316293707
all,kami,1,117,0.029286608260325406,-0.14379877673858038
all,relawan,1,14,0.003504380475594493,-0.1447793325932907
all,soalnya,1,14,0.003504380475594493,-0.1447793325932907
all,gelap,1,12,0.003003754693366708,-0.14626654021951746
all,tiap,0,145,0.005929742771848035,-0.1464478119336293
all,62,0,55,0.002249212775528565,-0.14685111652487778
all,dpt,0,55,0.002249212775528565,-0.14685111652487778
all,erdogan,0,55,0.002249212775528565,-0.14685111652487778
all,untung,0,55,0.002249212775528565,-0.14685111652487778
all,berasal,0,92,0.003762319551793236,-0.14709138987626663
all,layak,0,92,0.003762319551793236,-0.14709138987626663
all,fakta,1,37,0.009261576971214018,-0.14726175973035444
all,bantu,1,23,0.005757196495619525,-0.1474286929955609
all,inggris,1,22,0.005506883604505632,-0.1479259441328648
all,akan,0,1801,0.07365149470412628,-0.14840757389656756
all,merah,1,21,0.005256570713391739,-0.14847253810843394
all,makan,0,314,0.012840960209381263,-0.14854973571322624
all,mata,0,388,0.015867173761910602,-0.1490423103873942
all,menciptakan,1,9,0.0022528160200250315,-0.14971975173690372
all,tka,0,155,0.006338690549216865,-0.15027505801272997
all,ketawa,0,39,0.001594896331738437,-0.15036434635646478
all,pagiii,0,39,0.001594896331738437,-0.15036434635646478
all,at,0,118,0.004825583772952194,-0.15089121984934029
all,kyk,1,8,0.002002503128911139,-0.15142496628399074
all,duduk,0,60,0.00245368666421298,-0.15160853984423994
all,diterima,1,16,0.004005006257822278,-0.15225685494194602
all,melakukan,1,98,0.024530663329161453,-0.15287258166029788
all,share,0,144,0.005888847994111152,-0.15338552802013375
all,kasih,1,40,0.010012515644555695,-0.15357413114984128
all,uang,1,31,0.007759699624530663,-0.15369700604125278
all,turki,0,86,0.003516950885371938,-0.15531006093416228
all,aqsa,1,13,0.003254067584480601,-0.1559232753852639
all,gen,0,44,0.001799370220422852,-0.15638490699975507
all,gazaunderattack,1,6,0.001501877346683354,-0.1564255833402282
all,kumparan,1,6,0.001501877346683354,-0.1564255833402282
all,pemilik,1,6,0.001501877346683354,-0.1564255833402282
all,sidang,1,6,0.001501877346683354,-0.1564255833402282
all,gimana,0,217,0.00887416676890361,-0.15650016706759032
all,rudal,0,133,0.005439005439005439,-0.15700455906810254
all,x,1,44,0.011013767209011264,-0.1585447538037243
all,1967,0,23,0.000940579887948309,-0.15874222722203238
all,abbas,0,23,0.000940579887948309,-0.15874222722203238
all,amir,0,23,0.000940579887948309,-0.15874222722203238
all,amunisi,0,23,0.000940579887948309,-0.15874222722203238
all,arabia,0,23,0.000940579887948309,-0.15874222722203238
all,bnyk,0,23,0.000940579887948309,-0.15874222722203238
all,cabut,0,23,0.000940579887948309,-0.15874222722203238
all,deket,0,23,0.000940579887948309,-0.15874222722203238
all,hamba,0,23,0.000940579887948309,-0.15874222722203238
all,influencer,0,23,0.000940579887948309,-0.15874222722203238
all,jalanan,0,23,0.000940579887948309,-0.15874222722203238
all,klarifikasi,0,23,0.000940579887948309,-0.15874222722203238
all,roti,0,23,0.000940579887948309,-0.15874222722203238
all,terasa,0,23,0.000940579887948309,-0.15874222722203238
all,wabah,0,23,0.000940579887948309,-0.15874222722203238
all,ilustrasi,1,5,0.0012515644555694619,-0.16029189791225404
all,pengadilan,1,5,0.0012515644555694619,-0.16029189791225404
all,pohon,1,5,0.0012515644555694619,-0.16029189791225404
all,seputar,1,5,0.0012515644555694619,-0.16029189791225404
all,spotify,1,5,0.0012515644555694619,-0.16029189791225404
all,eropa,0,143,0.005847953216374269,-0.16037113570820347
all,pulau,0,96,0.003925898662740768,-0.16041405282689325
all,menyebabkan,1,16,0.004005006257822278,-0.16077257332016928
all,hidup,0,352,0.014394961763382817,-0.16109338121606165
all,penuh,0,169,0.006911217437533227,-0.1610979759650202
all,harap,0,49,0.002003844109107267,-0.16117301759567537
all,merdeka,0,122,0.004989162883899726,-0.16126557891273938
all,lain,0,693,0.02834008097165992,-0.16128243532396005
all,muncul,0,148,0.006052427105058684,-0.16188561779802996
all,naik,1,19,0.004755944931163955,-0.1641633069809494
all,ketua,1,45,0.011264080100125156,-0.16430706084105773
all,malem,1,9,0.0022528160200250315,-0.1644669062618464
all,abdul,0,106,0.004334846440109598,-0.16455854948869889
all,temen,0,132,0.005398110661268556,-0.16456450821253316
all,mengambil,0,158,0.006461374882427514,-0.16463128776721733
all,trs,0,80,0.00327158221895064,-0.16467187648299103
all,pasca,0,54,0.002208317997791682,-0.1650744208943561
all,jurnalis,1,18,0.004505632040050063,-0.16566461088867504
all,ahy,1,4,0.0010012515644555694,-0.16586590080559244
all,david,1,4,0.0010012515644555694,-0.16586590080559244
all,kemajuan,1,4,0.0010012515644555694,-0.16586590080559244
all,mengepung,1,4,0.0010012515644555694,-0.16586590080559244
all,rt,1,4,0.0010012515644555694,-0.16586590080559244
all,semenjak,1,4,0.0010012515644555694,-0.16586590080559244
all,p,0,163,0.006665848771111929,-0.16588013916890104
all,lahir,1,13,0.003254067584480601,-0.1662737010034033
all,berkah,0,28,0.001145053776632724,-0.1665551371782844
all,hai,0,28,0.001145053776632724,-0.1665551371782844
all,indomy,0,28,0.001145053776632724,-0.1665551371782844
all,jari,0,28,0.001145053776632724,-0.1665551371782844
all,khas,0,28,0.001145053776632724,-0.1665551371782844
all,maroko,0,28,0.001145053776632724,-0.1665551371782844
all,populasi,0,28,0.001145053776632724,-0.1665551371782844
all,santri,0,28,0.001145053776632724,-0.1665551371782844
all,tentunya,0,28,0.001145053776632724,-0.1665551371782844
all,banget,1,108,0.027033792240300374,-0.166594565387929
all,jiwa,0,194,0.007933586880955301,-0.16685189753431867
all,sesuatu,0,85,0.003476056107635055,-0.16697913635541972
all,dunia,0,951,0.03889093362777573,-0.16726988213475474
all,beneran,1,17,0.00425531914893617,-0.16733889335955193
all,keputusan,0,142,0.005807058438637386,-0.16740530484238658
all,tolong,0,142,0.005807058438637386,-0.16740530484238658
all,pasukan,0,381,0.015580910317752423,-0.16751546000153064
all,sebagian,0,199,0.008138060769639717,-0.16783365936916364
all,kadang,1,8,0.002002503128911139,-0.16785977142719627
all,senjata,0,308,0.012595591542959963,-0.1680604928960135
all,sehingga,1,39,0.009762202753441803,-0.16825102087199603
all,jenderal,1,12,0.003003754693366708,-0.16869592555401125
all,peringatan,1,12,0.003003754693366708,-0.16869592555401125
all,menggunakan,1,41,0.010262828535669587,-0.17017920058211172
all,gendut,1,32,0.008010012515644555,-0.17048149349615707
all,ni,0,214,0.008751482435692962,-0.17051305181691284
all,adapun,0,64,0.002617265775160512,-0.17105530248093972
all,dibunuh,0,64,0.002617265775160512,-0.17105530248093972
all,sampai,0,603,0.02465955097534045,-0.17124413459149015
all,terhadap,1,136,0.03404255319148936,-0.17170305693124377
all,98,0,33,0.001349527665317139,-0.17201377179779528
all,bangkit,0,33,0.001349527665317139,-0.17201377179779528
all,bumn,0,33,0.001349527665317139,-0.17201377179779528
all,menghapus,0,33,0.001349527665317139,-0.17201377179779528
all,santai,0,33,0.001349527665317139,-0.17201377179779528
all,sulaiman,0,33,0.001349527665317139,-0.17201377179779528
all,yohanes,0,33,0.001349527665317139,-0.17201377179779528
all,dibandingkan,1,7,0.0017521902377972466,-0.17215026121006322
all,ngelunjak,1,7,0.0017521902377972466,-0.17215026121006322
all,yordania,1,7,0.0017521902377972466,-0.17215026121006322
all,membuka,0,100,0.0040894777736883,-0.1725302790212443
all,dan,0,6803,0.27820717294401504,-0.17272044005264883
all,saya,0,664,0.02715413241729031,-0.17353002957675948
all,ma,0,105,0.004293951662372715,-0.1740336528572694
all,cinta,1,25,0.006257822277847309,-0.1740892481048739
all,masih,0,929,0.03799124851756431,-0.17423705977089882
all,2006,1,3,0.000750938673341677,-0.1745826013095794
all,bandar,1,3,0.000750938673341677,-0.1745826013095794
all,belapalestina,1,3,0.000750938673341677,-0.1745826013095794
all,cover,1,3,0.000750938673341677,-0.1745826013095794
all,ditinggal,1,3,0.000750938673341677,-0.1745826013095794
all,diungkapkan,1,3,0.000750938673341677,-0.1745826013095794
all,dprd,1,3,0.000750938673341677,-0.1745826013095794
all,explore,1,3,0.000750938673341677,-0.1745826013095794
all,kemarahan,1,3,0.000750938673341677,-0.1745826013095794
all,menembus,1,3,0.000750938673341677,-0.1745826013095794
all,menulis,1,3,0.000750938673341677,-0.1745826013095794
all,mood,1,3,0.000750938673341677,-0.1745826013095794
all,pembentukan,1,3,0.000750938673341677,-0.1745826013095794
all,penyerbuan,1,3,0.000750938673341677,-0.1745826013095794
all,satpol,1,3,0.000750938673341677,-0.1745826013095794
all,ujung,1,3,0.000750938673341677,-0.1745826013095794
all,berlaku,1,10,0.0025031289111389237,-0.17491768282771625
all,tutup,1,10,0.0025031289111389237,-0.17491768282771625
all,lewat,1,24,0.006007509386733416,-0.17559172947244742
all,beritaviral,0,38,0.001554001554001554,-0.17604773539700452
all,jarang,0,38,0.001554001554001554,-0.17604773539700452
all,memutus,0,38,0.001554001554001554,-0.17604773539700452
all,plus,0,38,0.001554001554001554,-0.17604773539700452
all,bernama,1,20,0.0050062578222778474,-0.17636051465875152
all,sedikit,1,13,0.003254067584480601,-0.17651892882258413
all,imigran,0,264,0.010796221322537112,-0.17733700752842144
all,abang,1,6,0.001501877346683354,-0.1777439536398563
all,kemaren,1,6,0.001501877346683354,-0.1777439536398563
all,saham,1,6,0.001501877346683354,-0.1777439536398563
all,cukup,0,197,0.00805627121416595,-0.17799176688350296
all,lagi,0,1175,0.048051363840837524,-0.17855451390714536
all,aparat,1,9,0.0022528160200250315,-0.1790009223813146
all,hindia,1,9,0.0022528160200250315,-0.1790009223813146
all,hal,1,90,0.02252816020025031,-0.1790634759852212
all,jawab,1,28,0.007008760951188986,-0.17994009422918322
all,bertemu,1,15,0.0037546933667083854,-0.18022862287718822
all,perdamaian,1,15,0.0037546933667083854,-0.18022862287718822
all,kita,0,1434,0.05864311127469022,-0.18027061941843384
all,aku,1,118,0.0295369211514393,-0.18042746446335142
all,liat,0,263,0.010755326544800228,-0.18116623024180922
all,diambil,0,48,0.001962949331370384,-0.18162286443688627
all,hakim,0,48,0.001962949331370384,-0.18162286443688627
all,rata,0,48,0.001962949331370384,-0.18162286443688627
all,saatnya,0,48,0.001962949331370384,-0.18162286443688627
all,cina,0,658,0.026908763750869015,-0.18285256685698112
all,berharap,1,17,0.00425531914893617,-0.183107704395857
all,lebanon,1,17,0.00425531914893617,-0.183107704395857
all,pemilu,0,150,0.00613421666053245,-0.1831634582934911
all,berperang,0,53,0.002167423220054799,-0.18363445226815667
all,kebaikan,0,53,0.002167423220054799,-0.18363445226815667
all,kolom,0,53,0.002167423220054799,-0.18363445226815667
all,setara,0,53,0.002167423220054799,-0.18363445226815667
all,diplomatik,1,8,0.002002503128911139,-0.1840301504052981
all,km,1,8,0.002002503128911139,-0.1840301504052981
all,khususnya,0,109,0.004457530773320247,-0.18453538317161375
all,tanpa,0,441,0.0180345969819654,-0.18513143340606225
all,fisik,0,58,0.002371897108739214,-0.1853071363367674
all,ide,1,5,0.0012515644555694619,-0.18533416022253485
all,konsisten,1,5,0.0012515644555694619,-0.18533416022253485
all,media,1,67,0.016770963704630788,-0.1853742625783503
all,mengeluarkan,0,114,0.004662004662004662,-0.1853937128491945
all,tegas,0,170,0.00695211221527011,-0.18573211027158332
all,tni,1,16,0.004005006257822278,-0.1858971598193235
all,membantu,1,33,0.008260325406758449,-0.18602919135157417
all,gambar,0,119,0.004866478550689077,-0.18618352688624018
all,negaranya,0,63,0.002576370997423629,-0.18672162079403049
all,hamas,1,222,0.0555694618272841,-0.18731808137006484
all,perlu,0,241,0.009855641434588802,-0.1873935067255837
all,menurutnya,1,10,0.0025031289111389237,-0.18794590062962863
all,cak,0,73,0.002985318774792459,-0.18898824294881963
all,wali,0,73,0.002985318774792459,-0.18898824294881963
all,kemerdekaan,0,144,0.005888847994111152,-0.18935562675257905
all,md,1,25,0.006257822277847309,-0.19025599762109222
all,afp,1,7,0.0017521902377972466,-0.19037356557954152
all,menangkap,1,7,0.0017521902377972466,-0.19037356557954152
all,polri,1,7,0.0017521902377972466,-0.19037356557954152
all,tentang,0,515,0.021060810534494746,-0.19084423517217505
all,katanya,0,169,0.006911217437533227,-0.19165565955202352
all,kaki,0,93,0.003803214329530119,-0.19211878264244492
all,sang,0,93,0.003803214329530119,-0.19211878264244492
all,maupun,0,179,0.007320165214902057,-0.19241362527375197
all,app,1,14,0.003504380475594493,-0.19261272882545327
all,download,1,14,0.003504380475594493,-0.19261272882545327
all,sulit,0,98,0.004007688218214534,-0.19271357868974698
all,savepalestine,0,103,0.004212162106898949,-0.19325513027822275
all,politik,0,407,0.016644174538911382,-0.19326267235044595
all,nama,0,285,0.011655011655011656,-0.19399492973682822
all,benar,0,305,0.012472907209749315,-0.19487791419309972
all,pelaku,1,18,0.004505632040050063,-0.1953515339845513
all,yesus,0,133,0.005439005439005439,-0.1957227290659962
all,aksi,1,44,0.011013767209011264,-0.19602625465621082
all,dirilis,1,4,0.0010012515644555694,-0.19621219866504
all,dri,1,4,0.0010012515644555694,-0.19621219866504
all,heboh,1,4,0.0010012515644555694,-0.19621219866504
all,membantah,1,4,0.0010012515644555694,-0.19621219866504
all,memindahkan,1,4,0.0010012515644555694,-0.19621219866504
all,pakistan,1,4,0.0010012515644555694,-0.19621219866504
all,sasaran,1,13,0.003254067584480601,-0.1967022284910868
all,kemenangan,1,15,0.0037546933667083854,-0.19777848687430077
all,babymonster,1,6,0.001501877346683354,-0.1986190140738029
all,keluarganya,1,6,0.001501877346683354,-0.1986190140738029
all,play,1,17,0.00425531914893617,-0.19863424845177613
all,gas,1,8,0.002002503128911139,-0.19994449829063352
all,ulang,1,8,0.002002503128911139,-0.19994449829063352
all,tugas,1,10,0.0025031289111389237,-0.2008076130166872
all,bakal,1,36,0.009011264080100126,-0.20085623018115722
all,lembaga,1,14,0.003504380475594493,-0.20191312874741552
all,mengungsi,1,14,0.003504380475594493,-0.20191312874741552
all,arus,0,22,0.000899685110211426,-0.2022682707650677
all,daily,0,22,0.000899685110211426,-0.2022682707650677
all,hmm,0,22,0.000899685110211426,-0.2022682707650677
all,kaka,0,22,0.000899685110211426,-0.2022682707650677
all,mengajukan,0,22,0.000899685110211426,-0.2022682707650677
all,paslon,0,22,0.000899685110211426,-0.2022682707650677
all,paulus,0,22,0.000899685110211426,-0.2022682707650677
all,penjuru,0,22,0.000899685110211426,-0.2022682707650677
all,perancis,0,22,0.000899685110211426,-0.2022682707650677
all,politikindonesia,0,22,0.000899685110211426,-0.2022682707650677
all,profil,0,22,0.000899685110211426,-0.2022682707650677
all,film,1,16,0.004005006257822278,-0.20230625108061867
all,cr,0,27,0.001104158998895841,-0.20231415976235573
all,rambut,0,27,0.001104158998895841,-0.20231415976235573
all,reruntuhan,0,27,0.001104158998895841,-0.20231415976235573
all,sa,0,27,0.001104158998895841,-0.20231415976235573
all,temannya,0,27,0.001104158998895841,-0.20231415976235573
all,bersuara,0,32,0.001308632887580256,-0.20236006965724287
all,bjir,0,32,0.001308632887580256,-0.20236006965724287
all,kriminal,0,32,0.001308632887580256,-0.20236006965724287
all,mandarin,0,32,0.001308632887580256,-0.20236006965724287
all,pemukim,0,32,0.001308632887580256,-0.20236006965724287
all,penelitian,0,32,0.001308632887580256,-0.20236006965724287
all,sisa,0,32,0.001308632887580256,-0.20236006965724287
all,that,0,32,0.001308632887580256,-0.20236006965724287
all,tujuannya,0,32,0.001308632887580256,-0.20236006965724287
all,bersembunyi,0,37,0.001513106776264671,-0.20240600046405605
all,memerintahkan,0,37,0.001513106776264671,-0.20240600046405605
all,btw,0,42,0.001717580664949086,-0.2024519521971352
all,massal,0,42,0.001717580664949086,-0.2024519521971352
all,suku,0,42,0.001717580664949086,-0.2024519521971352
all,tertulis,0,42,0.001717580664949086,-0.2024519521971352
all,nikah,0,47,0.001922054553633501,-0.20249792487083285
all,400,0,52,0.002126528442317916,-0.20254391849951542
all,isa,0,52,0.002126528442317916,-0.20254391849951542
all,memahami,0,52,0.002126528442317916,-0.20254391849951542
all,bergabung,0,62,0.002535476219686746,-0.20263596867936579
all,retno,0,62,0.002535476219686746,-0.20263596867936579
all,calon,1,18,0.004505632040050063,-0.20263906769038761
all,yaa,1,18,0.004505632040050063,-0.20263906769038761
all,bola,0,67,0.002739950108371161,-0.20268202525933157
all,nasib,0,67,0.002739950108371161,-0.20268202525933157
all,pendapat,0,67,0.002739950108371161,-0.20268202525933157
all,iman,0,77,0.003148897885739991,-0.20277420147143957
all,warga,1,192,0.04806007509386733,-0.20285975665831643
all,is,0,102,0.004171267329162066,-0.20300501048050446
all,cerita,0,117,0.004784688995215311,-0.20314374913666527
all,pm,1,22,0.005506883604505632,-0.20318829455352996
all,mui,0,142,0.005807058438637386,-0.20337540357483194
all,pengen,0,142,0.005807058438637386,-0.20337540357483194
all,sudah,0,1132,0.04629288839815156,-0.20359573139724443
all,mengaku,0,167,0.006829427882059461,-0.20360758877528026
all,setelah,1,106,0.02653316645807259,-0.20408388987848128
all,menyatakan,1,34,0.00851063829787234,-0.2043924458758333
all,dia,0,911,0.037255142518300415,-0.206161763440122
all,us,1,21,0.005256570713391739,-0.2061835008286673
all,adanya,1,29,0.007259073842302879,-0.2062217125147108
all,ready,1,11,0.002753441802252816,-0.20695893519506697
all,do,1,9,0.0022528160200250315,-0.20745364218984683
all,team,1,9,0.0022528160200250315,-0.20745364218984683
all,jalan,1,46,0.01151439299123905,-0.2082416926449618
all,menangis,1,7,0.0017521902377972466,-0.20827216994569844
all,trauma,1,7,0.0017521902377972466,-0.20827216994569844
all,who,1,7,0.0017521902377972466,-0.20827216994569844
all,milik,0,191,0.007810902547744653,-0.20908986839513619
all,alasan,0,176,0.007197480881691408,-0.2093915356721934
all,dana,1,20,0.0050062578222778474,-0.20946396254971478
all,goreng,1,5,0.0012515644555694619,-0.20976657512935648
all,kebangsaan,1,5,0.0012515644555694619,-0.20976657512935648
all,kiri,1,5,0.0012515644555694619,-0.20976657512935648
all,mengakibatkan,1,5,0.0012515644555694619,-0.20976657512935648
all,menggambarkan,1,5,0.0012515644555694619,-0.20976657512935648
all,menyaksikan,1,5,0.0012515644555694619,-0.20976657512935648
all,menyerbu,1,5,0.0012515644555694619,-0.20976657512935648
all,pabrik,1,5,0.0012515644555694619,-0.20976657512935648
all,peperangan,1,5,0.0012515644555694619,-0.20976657512935648
all,rumahnya,1,5,0.0012515644555694619,-0.20976657512935648
all,sayap,1,5,0.0012515644555694619,-0.20976657512935648
all,setia,1,5,0.0012515644555694619,-0.20976657512935648
all,terbesar,1,16,0.004005006257822278,-0.21041191243811114
all,dimana,0,136,0.005561689772216088,-0.21066945626017633
all,memiliki,1,52,0.013016270337922404,-0.21091790700263377
all,skrg,0,111,0.004539320328794013,-0.2120671937828781
all,korban,1,70,0.017521902377972465,-0.21276478094867193
all,fact,1,3,0.000750938673341677,-0.21308981876747785
all,ft,1,3,0.000750938673341677,-0.21308981876747785
all,hewan,1,3,0.000750938673341677,-0.21308981876747785
all,italia,1,3,0.000750938673341677,-0.21308981876747785
all,komplek,1,3,0.000750938673341677,-0.21308981876747785
all,layla,1,3,0.000750938673341677,-0.21308981876747785
all,momentum,1,3,0.000750938673341677,-0.21308981876747785
all,pastor,1,3,0.000750938673341677,-0.21308981876747785
all,pneumonia,1,3,0.000750938673341677,-0.21308981876747785
all,rehan,1,3,0.000750938673341677,-0.21308981876747785
all,terbakar,1,3,0.000750938673341677,-0.21308981876747785
all,tertua,1,3,0.000750938673341677,-0.21308981876747785
all,urus,1,3,0.000750938673341677,-0.21308981876747785
all,semuanya,0,96,0.003925898662740768,-0.21330923212706726
all,berhenti,0,91,0.003721424774056353,-0.21382334340667788
all,waktu,1,57,0.014267834793491864,-0.2143449366148798
all,sangat,0,483,0.01975217764691449,-0.21503310697926611
all,non,0,81,0.003312476996687523,-0.2150566249172404
all,_,1,8,0.002002503128911139,-0.21561081660372416
all,mega,1,8,0.002002503128911139,-0.21561081660372416
all,musik,1,8,0.002002503128911139,-0.21561081660372416
all,wkwkwk,0,76,0.003108003108003108,-0.21580241927335198
all,seluruh,0,408,0.016685069316648263,-0.21582213363518693
all,konten,1,13,0.003254067584480601,-0.21648942666213966
all,membangun,1,13,0.003254067584480601,-0.21648942666213966
all,ap,0,71,0.002903529219318693,-0.2166582288752374
all,ikuti,0,71,0.002903529219318693,-0.2166582288752374
all,kira,0,71,0.002903529219318693,-0.2166582288752374
all,halal,0,66,0.002699055330634278,-0.21764868092973835
all,ri,1,40,0.010012515644555695,-0.21814068655405347
all,kendaraan,1,11,0.002753441802252816,-0.21849435373107992
all,sehari,1,11,0.002753441802252816,-0.21849435373107992
all,jaringan,0,61,0.002494581441949863,-0.2188063476574677
all,ben,1,6,0.001501877346683354,-0.2190688609150137
all,fahmi,1,6,0.001501877346683354,-0.2190688609150137
all,mantap,1,6,0.001501877346683354,-0.2190688609150137
all,th,1,6,0.001501877346683354,-0.2190688609150137
all,ugm,1,6,0.001501877346683354,-0.2190688609150137
all,hubungan,1,24,0.006007509386733416,-0.2197639720199944
all,menegaskan,1,24,0.006007509386733416,-0.2197639720199944
all,sampe,1,46,0.01151439299123905,-0.21978757419629105
all,pesawat,1,19,0.004755944931163955,-0.21986986590349952
all,memerangi,0,56,0.002290107553265448,-0.22017523139462258
all,doang,0,115,0.004702899439741545,-0.22039373046837335
all,campur,0,51,0.002085633664581033,-0.22181626067492954
all,kejadian,1,20,0.0050062578222778474,-0.22240818579975793
all,negara,0,1212,0.049564470617102195,-0.22255939989033044
all,rasa,0,213,0.008710587657956079,-0.22280060337555416
all,masuk,0,489,0.019997546313335786,-0.22326803652679728
all,perlawanan,1,15,0.0037546933667083854,-0.22354418658423197
all,bandung,1,26,0.006508135168961202,-0.22375682459683613
all,saw,0,95,0.003885003885003885,-0.22376704725907873
all,gara2,0,46,0.001881159775896618,-0.22381629517046092
all,jin,0,46,0.001881159775896618,-0.22381629517046092
all,lakukan,0,139,0.005684374105426737,-0.22477619280086927
all,1948,1,4,0.0010012515644555694,-0.22566703391228898
all,dolar,1,4,0.0010012515644555694,-0.22566703391228898
all,nct,1,4,0.0010012515644555694,-0.22566703391228898
all,nemu,1,4,0.0010012515644555694,-0.22566703391228898
all,pasang,1,4,0.0010012515644555694,-0.22566703391228898
all,skrng,1,4,0.0010012515644555694,-0.22566703391228898
all,selama,1,77,0.019274092615769713,-0.2257844855180564
all,dipimpin,1,7,0.0017521902377972466,-0.2258574682427588
all,mematikan,1,7,0.0017521902377972466,-0.2258574682427588
all,pecah,1,7,0.0017521902377972466,-0.2258574682427588
all,gangguan,1,10,0.0025031289111389237,-0.22604822561807716
all,video,1,90,0.02252816020025031,-0.22630114816845268
all,asam,0,41,0.001676685887212203,-0.22630356435145252
all,giselle,0,41,0.001676685887212203,-0.22630356435145252
all,mendengar,0,41,0.001676685887212203,-0.22630356435145252
all,mikir,0,41,0.001676685887212203,-0.22630356435145252
all,rendah,0,41,0.001676685887212203,-0.22630356435145252
all,tertentu,0,41,0.001676685887212203,-0.22630356435145252
all,usa,0,41,0.001676685887212203,-0.22630356435145252
all,mengumumkan,0,80,0.00327158221895064,-0.2274434897470538
all,ibu,1,29,0.007259073842302879,-0.2287504237106672
all,kamp,1,17,0.00425531914893617,-0.22898968427178143
all,donasi,0,75,0.003067108330266225,-0.22900152444320618
all,diatur,0,36,0.001472211998527788,-0.22947562792426673
all,kh,0,36,0.001472211998527788,-0.22947562792426673
all,liputan,0,36,0.001472211998527788,-0.22947562792426673
all,puji,0,36,0.001472211998527788,-0.22947562792426673
all,seneng,0,36,0.001472211998527788,-0.22947562792426673
all,stadion,0,36,0.001472211998527788,-0.22947562792426673
all,hilang,1,11,0.002753441802252816,-0.2298991531759506
all,dikabarkan,1,8,0.002002503128911139,-0.23103673753431594
all,komisi,1,8,0.002002503128911139,-0.23103673753431594
all,mengajak,1,8,0.002002503128911139,-0.23103673753431594
all,ahmad,0,138,0.005643479327689854,-0.2320115953113159
all,datang,1,38,0.00951188986232791,-0.2324065990257453
all,luas,1,12,0.003003754693366708,-0.2331353835576093
all,menjalankan,1,5,0.0012515644555694619,-0.23361818728367387
all,agen,0,31,0.001267738109843373,-0.23365355984876587
all,blok,0,31,0.001267738109843373,-0.23365355984876587
all,dukungannya,0,31,0.001267738109843373,-0.23365355984876587
all,kecelakaan,0,31,0.001267738109843373,-0.23365355984876587
all,peluru,0,31,0.001267738109843373,-0.23365355984876587
all,tanyakanrl,0,31,0.001267738109843373,-0.23365355984876587
all,tegaskan,0,31,0.001267738109843373,-0.23365355984876587
all,tinggal,1,36,0.009011264080100126,-0.23372231828406373
all,gw,0,425,0.017380280538175277,-0.23446080249940263
all,ganteng,1,9,0.0022528160200250315,-0.23512362811626453
all,istimewa,1,9,0.0022528160200250315,-0.23512362811626453
all,ibadah,0,123,0.005030057661636609,-0.23527597208786521
all,palestina,0,2750,0.11246063877642826,-0.2359005829368883
all,mendukung,0,434,0.01774833353780722,-0.23626684856920518
all,as,1,64,0.01602002503128911,-0.23776145546312835
all,ancam,0,55,0.002249212775528565,-0.23807383576077942
all,subianto,0,55,0.002249212775528565,-0.23807383576077942
all,tepi,1,14,0.003504380475594493,-0.23828049232126988
all,mas,1,18,0.004505632040050063,-0.23830942856105464
all,jatuh,1,10,0.0025031289111389237,-0.2384350904478906
all,asalnya,0,26,0.001063264221158958,-0.23939636974868336
all,asumsi,0,26,0.001063264221158958,-0.23939636974868336
all,chindo,0,26,0.001063264221158958,-0.23939636974868336
all,denger,0,26,0.001063264221158958,-0.23939636974868336
all,ditambah,0,26,0.001063264221158958,-0.23939636974868336
all,first,0,26,0.001063264221158958,-0.23939636974868336
all,freepalestinefromzionist,0,26,0.001063264221158958,-0.23939636974868336
all,kedaulatan,0,26,0.001063264221158958,-0.23939636974868336
all,mcd,0,26,0.001063264221158958,-0.23939636974868336
all,memperingati,0,26,0.001063264221158958,-0.23939636974868336
all,panggung,0,26,0.001063264221158958,-0.23939636974868336
all,tersisa,0,26,0.001063264221158958,-0.23939636974868336
all,wendy,0,26,0.001063264221158958,-0.23939636974868336
all,abis,0,103,0.004212162106898949,-0.24113475159584807
all,like,1,20,0.0050062578222778474,-0.24151957516018077
all,ya,0,1570,0.0642048010469063,-0.24284728255272564
all,dapet,0,98,0.004007688218214534,-0.24297550832006004
all,brand,1,7,0.0017521902377972466,-0.24314026500355357
all,mengalahkan,1,7,0.0017521902377972466,-0.24314026500355357
all,kemanusiaan,1,51,0.01276595744680851,-0.24317364628291457
all,negeri,0,397,0.01623522676154255,-0.2435764752891033
all,ig,1,22,0.005506883604505632,-0.24417986705293615
all,majelis,0,93,0.003803214329530119,-0.24501396194261893
all,sengaja,0,69,0.002821739663844927,-0.24511094868376956
all,putih,1,18,0.004505632040050063,-0.24529503624912452
all,arah,1,13,0.003254067584480601,-0.24546078428537482
all,sekalian,0,45,0.001840264998159735,-0.24559725198058605
all,gal,1,8,0.002002503128911139,-0.24622954632727104
all,bapak,0,112,0.004580215106530896,-0.24683429268894314
all,terutama,0,112,0.004580215106530896,-0.24683429268894314
all,terluka,1,14,0.003504380475594493,-0.24717119054472717
all,105,0,21,0.000858790332474543,-0.24777157476979417
all,2017,0,21,0.000858790332474543,-0.24777157476979417
all,about,0,21,0.000858790332474543,-0.24777157476979417
all,bangkrut,0,21,0.000858790332474543,-0.24777157476979417
all,inilahcom,0,21,0.000858790332474543,-0.24777157476979417
all,jisoo,0,21,0.000858790332474543,-0.24777157476979417
all,makhluk,0,21,0.000858790332474543,-0.24777157476979417
all,matahari,0,21,0.000858790332474543,-0.24777157476979417
all,mengatur,0,21,0.000858790332474543,-0.24777157476979417
all,murni,0,21,0.000858790332474543,-0.24777157476979417
all,ny,0,21,0.000858790332474543,-0.24777157476979417
all,palestinewillbefree,0,21,0.000858790332474543,-0.24777157476979417
all,pemprov,0,21,0.000858790332474543,-0.24777157476979417
all,seketika,0,21,0.000858790332474543,-0.24777157476979417
all,taat,0,21,0.000858790332474543,-0.24777157476979417
all,taufanalaqsha,0,21,0.000858790332474543,-0.24777157476979417
all,telat,0,21,0.000858790332474543,-0.24777157476979417
all,tetep,0,64,0.002617265775160512,-0.2482674106532851
all,mempunyai,1,9,0.0022528160200250315,-0.24867836451022854
all,kepada,1,163,0.04080100125156445,-0.2487676371875146
all,siang,1,32,0.008010012515644555,-0.2488562481577879
all,sana,0,174,0.007115691326217642,-0.2489021371761661
all,bagaimana,0,241,0.009855641434588802,-0.24939720294284842
all,2x,1,3,0.000750938673341677,-0.2501720287538054
all,atasan,1,3,0.000750938673341677,-0.2501720287538054
all,bahlil,1,3,0.000750938673341677,-0.2501720287538054
all,ban,1,3,0.000750938673341677,-0.2501720287538054
all,bersamaan,1,3,0.000750938673341677,-0.2501720287538054
all,engga,1,3,0.000750938673341677,-0.2501720287538054
all,gada,1,3,0.000750938673341677,-0.2501720287538054
all,jaminan,1,3,0.000750938673341677,-0.2501720287538054
all,jkt,1,3,0.000750938673341677,-0.2501720287538054
all,mak,1,3,0.000750938673341677,-0.2501720287538054
all,mengakhiri,1,3,0.000750938673341677,-0.2501720287538054
all,perintahkan,1,3,0.000750938673341677,-0.2501720287538054
all,saking,1,3,0.000750938673341677,-0.2501720287538054
all,tentera,1,3,0.000750938673341677,-0.2501720287538054
all,vagabond,1,3,0.000750938673341677,-0.2501720287538054
all,vida,1,3,0.000750938673341677,-0.2501720287538054
all,telah,1,160,0.04005006257822278,-0.2504702776277212
all,batu,1,10,0.0025031289111389237,-0.25067139423267154
all,muhaimin,1,10,0.0025031289111389237,-0.25067139423267154
all,super,1,10,0.0025031289111389237,-0.25067139423267154
all,kesalahan,0,40,0.00163579110947532,-0.25073597925827423
all,kosong,0,40,0.00163579110947532,-0.25073597925827423
all,pesantren,0,40,0.00163579110947532,-0.25073597925827423
all,tersebar,0,40,0.00163579110947532,-0.25073597925827423
all,pada,1,289,0.07234042553191489,-0.2512567330372193
all,membebaskan,0,59,0.002412791886476097,-0.251949198972863
all,terkini,1,11,0.002753441802252816,-0.25232853851044446
all,harapan,0,78,0.003189792663476874,-0.2526841023484438
all,langsung,1,71,0.01777221526908636,-0.2527642919763183
all,hak,0,221,0.009037745879851143,-0.2531354418704097
all,semakin,0,283,0.01157322209953789,-0.2536050670446357
all,polisi,1,27,0.006758448060075094,-0.25389171175004194
all,kepala,1,34,0.00851063829787234,-0.25399632568527053
all,agenda,1,4,0.0010012515644555694,-0.2542813580742754
all,bi,1,4,0.0010012515644555694,-0.2542813580742754
all,kayanya,1,4,0.0010012515644555694,-0.2542813580742754
all,shani,1,4,0.0010012515644555694,-0.2542813580742754
all,spanyol,1,4,0.0010012515644555694,-0.2542813580742754
all,suaramillennial,1,4,0.0010012515644555694,-0.2542813580742754
all,tahanan,1,4,0.0010012515644555694,-0.2542813580742754
all,turkmenistan,1,4,0.0010012515644555694,-0.2542813580742754
all,guys,1,13,0.003254067584480601,-0.25493588765394537
all,selalu,0,359,0.014681225207540997,-0.25518288108883147
all,lupa,0,211,0.008628798102482313,-0.25527622821953316
all,keadaan,0,92,0.003762319551793236,-0.255807802936899
all,tangan,0,187,0.007647323436797121,-0.2562588288085764
all,wong,0,54,0.002208317997791682,-0.2562971401302578
all,menteri,1,59,0.01476846057571965,-0.2564023116702229
all,mengungkap,1,5,0.0012515644555694619,-0.256916014586614
all,pakar,1,5,0.0012515644555694619,-0.256916014586614
all,tb,1,5,0.0012515644555694619,-0.256916014586614
all,gilanya,0,35,0.001431317220790905,-0.25729614542638474
all,penderitaan,0,35,0.001431317220790905,-0.25729614542638474
all,pengetahuan,0,35,0.001431317220790905,-0.25729614542638474
all,sebenernya,0,35,0.001431317220790905,-0.25729614542638474
all,tembok,0,35,0.001431317220790905,-0.25729614542638474
all,saling,0,125,0.005111847217110375,-0.2578473348510238
all,250,1,6,0.001501877346683354,-0.2587599544673145
all,art,1,6,0.001501877346683354,-0.2587599544673145
all,pemilihan,1,6,0.001501877346683354,-0.2587599544673145
all,tunggu,1,6,0.001501877346683354,-0.2587599544673145
all,saudi,0,158,0.006461374882427514,-0.25920685432271023
all,u,1,30,0.007509386733416771,-0.2599057112873846
all,pikiran,1,7,0.0017521902377972466,-0.26013081532389126
all,bicara,1,21,0.005256570713391739,-0.26078420825345133
all,antar,1,8,0.002002503128911139,-0.26119620199767785
all,75,0,49,0.002003844109107267,-0.2615073542272303
all,kawan,0,49,0.002003844109107267,-0.2615073542272303
all,lantaran,0,49,0.002003844109107267,-0.2615073542272303
all,marsudi,0,49,0.002003844109107267,-0.2615073542272303
all,menjadi,1,148,0.03704630788485607,-0.2615848245177175
all,agak,1,9,0.0022528160200250315,-0.26205291428941674
all,berikan,1,9,0.0022528160200250315,-0.26205291428941674
all,apapun,0,115,0.004702899439741545,-0.26231818920662575
all,inilah,0,115,0.004702899439741545,-0.26231818920662575
all,dalam,1,325,0.08135168961201501,-0.2626966084247928
all,dewan,1,11,0.002753441802252816,-0.2633587059342578
all,alam,0,96,0.003925898662740768,-0.2635711617573803
all,tepat,1,12,0.003003754693366708,-0.26387319231217216
all,berdiri,0,63,0.002576370997423629,-0.26393372896637585
all,untuk,1,485,0.1214017521902378,-0.26487312371492105
all,oke,0,30,0.00122684333210649,-0.2659553670778437
all,piting,0,30,0.00122684333210649,-0.2659553670778437
all,qory,0,30,0.00122684333210649,-0.2659553670778437
all,setahun,0,30,0.00122684333210649,-0.2659553670778437
all,wa,1,61,0.015269086357947435,-0.2675575275167001
all,kucing,0,44,0.001799370220422852,-0.2678613572605293
all,menolong,0,44,0.001799370220422852,-0.2678613572605293
all,nanya,0,44,0.001799370220422852,-0.2678613572605293
all,profesor,0,44,0.001799370220422852,-0.2678613572605293
all,houthi,0,58,0.002371897108739214,-0.26893974929320064
all,kerusakan,0,58,0.002371897108739214,-0.26893974929320064
all,puan,0,58,0.002371897108739214,-0.26893974929320064
all,bagi,1,93,0.02327909887359199,-0.2691067150095958
all,dikit,0,72,0.002944423997055576,-0.2696706705194177
all,pbb,1,43,0.010763454317897372,-0.2698705033366012
all,menyebut,1,28,0.007008760951188986,-0.27236249907936866
all,ke,1,422,0.10563204005006258,-0.27281899418289995
all,reuters,1,14,0.003504380475594493,-0.27338288559627094
all,wah,1,12,0.003003754693366708,-0.27391433666343223
all,kalah,0,165,0.006747638326585695,-0.27419420904113984
all,baju,0,67,0.002739950108371161,-0.2743921193281806
all,ad,0,53,0.002167423220054799,-0.2748571715040585
all,buruh,0,53,0.002167423220054799,-0.2748571715040585
all,langit,0,53,0.002167423220054799,-0.2748571715040585
all,matanya,0,53,0.002167423220054799,-0.2748571715040585
all,narasi,0,53,0.002167423220054799,-0.2748571715040585
all,pengakuan,0,53,0.002167423220054799,-0.2748571715040585
all,mengingatkan,1,9,0.0022528160200250315,-0.2752520194592711
all,dukungan,1,41,0.010262828535669587,-0.27574150776732403
all,aktivis,0,39,0.001594896331738437,-0.2757782415685551
all,gaada,0,39,0.001594896331738437,-0.2757782415685551
all,bikin,0,389,0.015908068539647487,-0.2765439361568383
all,dibangun,1,7,0.0017521902377972466,-0.276838861496081
all,akhir,1,26,0.006508135168961202,-0.2771074538084488
all,menunjukkan,1,24,0.006007509386733416,-0.27752470117757383
all,arti,0,25,0.001022369443422075,-0.2779035872065817
all,bertujuan,0,25,0.001022369443422075,-0.2779035872065817
all,ih,0,25,0.001022369443422075,-0.2779035872065817
all,lgsg,0,25,0.001022369443422075,-0.2779035872065817
all,republika,0,25,0.001022369443422075,-0.2779035872065817
all,sapi,0,25,0.001022369443422075,-0.2779035872065817
all,serba,0,25,0.001022369443422075,-0.2779035872065817
all,sulfat,0,25,0.001022369443422075,-0.2779035872065817
all,terkadang,0,25,0.001022369443422075,-0.2779035872065817
all,ama,0,76,0.003108003108003108,-0.2785740325374148
all,kecil,0,192,0.007851797325481536,-0.27963383430910116
all,badai,1,5,0.0012515644555694619,-0.279685232481054
all,freeport,1,5,0.0012515644555694619,-0.279685232481054
all,lulusan,1,5,0.0012515644555694619,-0.279685232481054
all,mempertahankan,1,5,0.0012515644555694619,-0.279685232481054
all,mengenal,1,5,0.0012515644555694619,-0.279685232481054
all,tepatnya,1,5,0.0012515644555694619,-0.279685232481054
all,nggak,0,113,0.004621109884267779,-0.2798680532037382
all,kl,0,48,0.001962949331370384,-0.28195720106844113
all,mencegah,0,48,0.001962949331370384,-0.28195720106844113
all,digunakan,1,14,0.003504380475594493,-0.28197103587354766
all,adakami,1,4,0.0010012515644555694,-0.2821018755763933
all,berdaya,1,4,0.0010012515644555694,-0.2821018755763933
all,kuning,1,4,0.0010012515644555694,-0.2821018755763933
all,mewakili,1,4,0.0010012515644555694,-0.2821018755763933
all,samping,1,4,0.0010012515644555694,-0.2821018755763933
all,ungkapnya,1,4,0.0010012515644555694,-0.2821018755763933
all,keras,0,182,0.007442849548112706,-0.28349352534325445
all,buatan,0,71,0.002903529219318693,-0.28360079654277615
all,melindungi,0,71,0.002903529219318693,-0.28360079654277615
all,kerja,1,59,0.01476846057571965,-0.2843145822832819
all,ibunya,0,34,0.001390422443054022,-0.2859104695883711
all,kabinet,0,34,0.001390422443054022,-0.2859104695883711
all,musk,0,34,0.001390422443054022,-0.2859104695883711
all,warganet,0,34,0.001390422443054022,-0.2859104695883711
all,breakingnews,1,3,0.000750938673341677,-0.2859310513378768
all,cat,1,3,0.000750938673341677,-0.2859310513378768
all,diajak,1,3,0.000750938673341677,-0.2859310513378768
all,dijamin,1,3,0.000750938673341677,-0.2859310513378768
all,harganya,1,3,0.000750938673341677,-0.2859310513378768
all,memanggil,1,3,0.000750938673341677,-0.2859310513378768
all,pbsi,1,3,0.000750938673341677,-0.2859310513378768
all,prioritas,1,3,0.000750938673341677,-0.2859310513378768
all,promosi,1,3,0.000750938673341677,-0.2859310513378768
all,pujian,1,3,0.000750938673341677,-0.2859310513378768
all,rl,1,3,0.000750938673341677,-0.2859310513378768
all,salman,1,3,0.000750938673341677,-0.2859310513378768
all,sesi,1,3,0.000750938673341677,-0.2859310513378768
all,su,1,3,0.000750938673341677,-0.2859310513378768
all,tahunan,1,3,0.000750938673341677,-0.2859310513378768
all,tergabung,1,3,0.000750938673341677,-0.2859310513378768
all,boikot,0,237,0.009692062323641271,-0.28612619965402947
all,terang,0,57,0.002331002331002331,-0.2862225460539955
all,wanita,0,274,0.011205169099905942,-0.2862382146859779
all,pak,0,343,0.01402690876375087,-0.28778521031344045
all,israel,0,6627,0.2710096920623236,-0.2878533723657287
all,kawasan,1,16,0.004005006257822278,-0.28808150372302943
all,kini,1,39,0.009762202753441803,-0.2884971880970757
all,namanya,0,89,0.003639635218582587,-0.2889009597192618
all,masjid,0,190,0.00777000777000777,-0.2901602252064494
all,tikus,1,8,0.002002503128911139,-0.2904773726420888
all,ambulans,0,43,0.001758475442685969,-0.2906305751549694
all,larangan,0,43,0.001758475442685969,-0.2906305751549694
all,pacar,0,43,0.001758475442685969,-0.2906305751549694
all,dua,1,58,0.014518147684605758,-0.2908710823882283
all,yerusalem,0,75,0.003067108330266225,-0.29177313770726904
all,k,1,19,0.004755944931163955,-0.2917815047904938
all,lagu,1,13,0.003254067584480601,-0.291970724873581
all,96,1,2,0.0005006257822277847,-0.2928470521618818
all,bersifat,1,2,0.0005006257822277847,-0.2928470521618818
all,betah,1,2,0.0005006257822277847,-0.2928470521618818
all,dedi,1,2,0.0005006257822277847,-0.2928470521618818
all,dek,1,2,0.0005006257822277847,-0.2928470521618818
all,divisi,1,2,0.0005006257822277847,-0.2928470521618818
all,ganjar_pranowo,1,2,0.0005006257822277847,-0.2928470521618818
all,hardnews_viral,1,2,0.0005006257822277847,-0.2928470521618818
all,hindari,1,2,0.0005006257822277847,-0.2928470521618818
all,icc,1,2,0.0005006257822277847,-0.2928470521618818
all,kurangnya,1,2,0.0005006257822277847,-0.2928470521618818
all,lengkapcepatberitanya,1,2,0.0005006257822277847,-0.2928470521618818
all,melon,1,2,0.0005006257822277847,-0.2928470521618818
all,menyerahkan,1,2,0.0005006257822277847,-0.2928470521618818
all,menyumbangkan,1,2,0.0005006257822277847,-0.2928470521618818
all,obatan,1,2,0.0005006257822277847,-0.2928470521618818
all,pembagian,1,2,0.0005006257822277847,-0.2928470521618818
all,potongan,1,2,0.0005006257822277847,-0.2928470521618818
all,rate,1,2,0.0005006257822277847,-0.2928470521618818
all,s23,1,2,0.0005006257822277847,-0.2928470521618818
all,selingkuh,1,2,0.0005006257822277847,-0.2928470521618818
all,simatupang,1,2,0.0005006257822277847,-0.2928470521618818
all,sind,1,2,0.0005006257822277847,-0.2928470521618818
all,sudut,1,2,0.0005006257822277847,-0.2928470521618818
all,tawaran,1,2,0.0005006257822277847,-0.2928470521618818
all,terkepung,1,2,0.0005006257822277847,-0.2928470521618818
all,invasi,1,7,0.0017521902377972466,-0.29327366663928656
all,mangga,1,7,0.0017521902377972466,-0.29327366663928656
all,newsone,1,7,0.0017521902377972466,-0.29327366663928656
all,sejauh,1,7,0.0017521902377972466,-0.29327366663928656
all,publik,1,12,0.003003754693366708,-0.2937015348344851
all,90,0,52,0.002126528442317916,-0.29376663773541706
all,siapapun,0,52,0.002126528442317916,-0.29376663773541706
all,produk,0,410,0.01676685887212203,-0.2940855536855731
all,artinya,0,93,0.003803214329530119,-0.2952758915729321
all,nusantara,0,93,0.003803214329530119,-0.2952758915729321
all,available,0,20,0.00081789555473766,-0.29544055201182745
all,bak,0,20,0.00081789555473766,-0.29544055201182745
all,cw,0,20,0.00081789555473766,-0.29544055201182745
all,ditujukan,0,20,0.00081789555473766,-0.29544055201182745
all,front,0,20,0.00081789555473766,-0.29544055201182745
all,keluarkan,0,20,0.00081789555473766,-0.29544055201182745
all,lapis,0,20,0.00081789555473766,-0.29544055201182745
all,produknya,0,20,0.00081789555473766,-0.29544055201182745
all,sam,0,20,0.00081789555473766,-0.29544055201182745
all,sumbangan,0,20,0.00081789555473766,-0.29544055201182745
all,tambang,0,20,0.00081789555473766,-0.29544055201182745
all,tawarkan,0,20,0.00081789555473766,-0.29544055201182745
all,tuntutan,0,20,0.00081789555473766,-0.29544055201182745
all,yo,0,20,0.00081789555473766,-0.29544055201182745
all,hp,1,11,0.002753441802252816,-0.29574271580667216
all,terdapat,1,11,0.002753441802252816,-0.29574271580667216
all,pertahanan,1,20,0.0050062578222778474,-0.2967819255808458
all,de,1,6,0.001501877346683354,-0.29694176287408736
all,hadid,1,6,0.001501877346683354,-0.29694176287408736
all,konfirmasi,1,6,0.001501877346683354,-0.29694176287408736
all,dikutip,1,24,0.006007509386733416,-0.2977404160738045
all,luar,1,50,0.012515644555694618,-0.29797701649116176
all,bangunan,1,10,0.0025031289111389237,-0.29818165443096867
all,see,1,10,0.0025031289111389237,-0.29818165443096867
all,korupsi,0,79,0.003230687441213757,-0.2990764992867371
all,gapapa,0,29,0.001185948554369607,-0.2993327306798663
all,lurus,0,29,0.001185948554369607,-0.2993327306798663
all,menghormati,0,29,0.001185948554369607,-0.2993327306798663
all,tentaranya,0,29,0.001185948554369607,-0.2993327306798663
all,tragedi,0,29,0.001185948554369607,-0.2993327306798663
all,ham,0,88,0.003598740440845704,-0.3001780754651591
all,tolak,0,179,0.007320165214902057,-0.30019208455454444
all,paling,0,467,0.019097861203124362,-0.30064612590028683
all,kena,0,147,0.006011532327321801,-0.30102824455018606
all,mobil,1,17,0.00425531914893617,-0.30111627000958274
all,amal,0,38,0.001554001554001554,-0.3014616306090947
all,kala,0,38,0.001554001554001554,-0.3014616306090947
all,monyet,0,38,0.001554001554001554,-0.3014616306090947
all,waktunya,0,38,0.001554001554001554,-0.3014616306090947
all,beradab,1,5,0.0012515644555694619,-0.30194933776099714
all,berasa,1,5,0.0012515644555694619,-0.30194933776099714
all,pandangan,1,5,0.0012515644555694619,-0.30194933776099714
all,gereja,1,36,0.009011264080100126,-0.3031876158375969
all,jalur,1,80,0.02002503128911139,-0.3033780346151277
all,artis,0,56,0.002290107553265448,-0.30380784435105573
all,rumah,1,106,0.02653316645807259,-0.3045955013868532
all,australia,1,8,0.002002503128911139,-0.30480434038825877
all,dikenal,1,8,0.002002503128911139,-0.30480434038825877
all,resmi,1,30,0.007509386733416771,-0.30490190093046676
all,dirinya,1,15,0.0037546933667083854,-0.3049711371111678
all,jerman,0,74,0.003026213552529342,-0.3051476874864573
all,nyawa,0,74,0.003026213552529342,-0.3051476874864573
all,buruk,0,83,0.003394266552161289,-0.3056440034534421
all,gaji,0,92,0.003762319551793236,-0.3060697325672121
all,asing,0,119,0.004866478550689077,-0.3070833159740064
all,selesai,1,14,0.003504380475594493,-0.30730573444765
all,merasa,0,137,0.005602584549952971,-0.3076259482331032
all,segala,0,173,0.007074796548480759,-0.30854168819378225
all,bener,0,191,0.007810902547744653,-0.30894695327595445
all,bantah,1,4,0.0010012515644555694,-0.3091715030366039
all,bsi,1,4,0.0010012515644555694,-0.3091715030366039
all,but,1,4,0.0010012515644555694,-0.3091715030366039
all,diplomasi,1,4,0.0010012515644555694,-0.3091715030366039
all,firman,1,4,0.0010012515644555694,-0.3091715030366039
all,iron,1,4,0.0010012515644555694,-0.3091715030366039
all,respon,1,4,0.0010012515644555694,-0.3091715030366039
all,seiring,1,4,0.0010012515644555694,-0.3091715030366039
all,by,1,23,0.005757196495619525,-0.3091885062728255
all,2019,1,7,0.0017521902377972466,-0.30944404561738836
all,paket,1,7,0.0017521902377972466,-0.30944404561738836
all,pimpinan,1,7,0.0017521902377972466,-0.30944404561738836
all,sabar,1,7,0.0017521902377972466,-0.30944404561738836
all,konflik,1,55,0.01376720901126408,-0.30945449342189796
all,salam,1,40,0.010012515644555695,-0.3094654723890315
all,biasa,1,26,0.006508135168961202,-0.30965713065094946
all,ruang,1,10,0.0025031289111389237,-0.30971707296698164
all,acara,1,22,0.005506883604505632,-0.31081405621911146
all,menarik,1,25,0.006257822277847309,-0.3110895270785489
all,ahmadiyah,0,114,0.004662004662004662,-0.3113121428481689
all,100,1,28,0.007008760951188986,-0.311365490606476
all,jauh,0,168,0.006870322659796344,-0.31141948198120656
all,menyerang,0,186,0.007606428659060238,-0.31154602377969187
all,besar,1,106,0.02653316645807259,-0.31167985299544165
all,darah,0,78,0.003189792663476874,-0.31177592179969177
all,kah,0,78,0.003189792663476874,-0.31177592179969177
all,iran,0,267,0.010918905655747761,-0.312359368839215
all,pemboman,0,60,0.00245368666421298,-0.3124532609730187
all,se,1,15,0.0037546933667083854,-0.312764223884659
all,gazagenocide,0,51,0.002085633664581033,-0.3130389799108311
all,mo,0,51,0.002085633664581033,-0.3130389799108311
all,pengeboman,0,51,0.002085633664581033,-0.3130389799108311
all,nyatakan,0,42,0.001717580664949086,-0.3139284024579094
all,wahyu,0,42,0.001717580664949086,-0.3139284024579094
all,asal,1,38,0.00951188986232791,-0.31439233541633255
all,ada,0,2520,0.10305483989694517,-0.31473367515575434
all,menhan,0,33,0.001349527665317139,-0.31536530483562003
all,yaaa,0,33,0.001349527665317139,-0.31536530483562003
all,enak,0,118,0.004825583772952194,-0.31552781984620837
all,deh,0,185,0.007565533881323355,-0.3169635873431921
all,aturan,0,91,0.003721424774056353,-0.316980452337165
all,menghadapi,1,16,0.004005006257822278,-0.3175521209020939
all,curiga,0,24,0.000981474665685192,-0.31794985677464427
all,gerindra,0,24,0.000981474665685192,-0.31794985677464427
all,hd,0,24,0.000981474665685192,-0.31794985677464427
all,sebaiknya,0,24,0.000981474665685192,-0.31794985677464427
all,semacam,0,24,0.000981474665685192,-0.31794985677464427
all,telinga,0,24,0.000981474665685192,-0.31794985677464427
all,wan,0,24,0.000981474665685192,-0.31794985677464427
all,melawan,0,243,0.009937430990062569,-0.31830882098831575
all,pertempuran,1,13,0.003254067584480601,-0.3188812846135762
all,misi,0,64,0.002617265775160512,-0.3199775047221341
all,apri,1,3,0.000750938673341677,-0.32045816906718894
all,hasto,1,3,0.000750938673341677,-0.32045816906718894
all,kamera,1,3,0.000750938673341677,-0.32045816906718894
all,lulus,1,3,0.000750938673341677,-0.32045816906718894
all,melampaui,1,3,0.000750938673341677,-0.32045816906718894
all,memohon,1,3,0.000750938673341677,-0.32045816906718894
all,mengurangi,1,3,0.000750938673341677,-0.32045816906718894
all,menjamin,1,3,0.000750938673341677,-0.32045816906718894
all,penumpang,1,3,0.000750938673341677,-0.32045816906718894
all,sharing,1,3,0.000750938673341677,-0.32045816906718894
all,sila,1,3,0.000750938673341677,-0.32045816906718894
all,stres,1,3,0.000750938673341677,-0.32045816906718894
all,tutur,1,3,0.000750938673341677,-0.32045816906718894
all,satunya,1,15,0.0037546933667083854,-0.32049768116708705
all,berita,1,76,0.01902377972465582,-0.32066982839511765
all,buta,0,729,0.02981229297018771,-0.3210486792484589
all,betul,0,55,0.002249212775528565,-0.32170644871721277
all,macam,0,55,0.002249212775528565,-0.32170644871721277
all,iya,0,95,0.003885003885003885,-0.32190859820701734
all,pilpres,0,126,0.005152741994847258,-0.32313300340261
all,berdampak,1,5,0.0012515644555694619,-0.32373029457112235
all,disebabkan,1,5,0.0012515644555694619,-0.32373029457112235
all,manis,1,5,0.0012515644555694619,-0.32373029457112235
all,abdullah,0,46,0.001881159775896618,-0.3241506318020158
all,edisi,0,46,0.001881159775896618,-0.3241506318020158
all,sekedar,0,46,0.001881159775896618,-0.3241506318020158
all,lg,0,148,0.006052427105058684,-0.32478800356947385
all,tidak,0,2287,0.09352635668425142,-0.3252124729455873
all,budi,1,7,0.0017521902377972466,-0.3253583935027238
all,jazeera,1,7,0.0017521902377972466,-0.3253583935027238
all,kode,1,7,0.0017521902377972466,-0.3253583935027238
all,mengucapkan,1,7,0.0017521902377972466,-0.3253583935027238
all,stress,1,7,0.0017521902377972466,-0.3253583935027238
all,bekerja,1,18,0.004505632040050063,-0.325565294730245
all,depan,1,39,0.009762202753441803,-0.3256398881866767
all,model,1,9,0.0022528160200250315,-0.32638256224963214
all,dpr,0,99,0.004048582995951417,-0.32642698403013337
all,demokrasi,0,68,0.002780844886108044,-0.3265875324707766
all,banyak,0,1020,0.04171267329162066,-0.3265918343384682
all,miliar,1,13,0.003254067584480601,-0.32769435532076563
all,sukses,1,13,0.003254067584480601,-0.32769435532076563
all,alasannya,0,37,0.001513106776264671,-0.32781989567614644
all,dibayar,0,37,0.001513106776264671,-0.32781989567614644
all,perintah,0,37,0.001513106776264671,-0.32781989567614644
all,jika,0,593,0.024250603197971617,-0.3289739935911053
all,jejak,0,59,0.002412791886476097,-0.3291613071452084
all,lama,1,34,0.00851063829787234,-0.3293676268256887
all,sejak,1,62,0.015519399249061327,-0.32946102759286394
all,mencari,1,25,0.006257822277847309,-0.3299031060625226
all,bagus,1,16,0.004005006257822278,-0.33197153949282987
all,baswedan,0,169,0.006911217437533227,-0.3320310884451102
all,besok,1,12,0.003003754693366708,-0.33214799582629073
all,kekuatan,0,116,0.004743794217478428,-0.3326316885017083
all,pertama,1,53,0.013266583229036295,-0.3332983027730338
all,bertindak,1,6,0.001501877346683354,-0.33372509861736616
all,peluang,1,6,0.001501877346683354,-0.33372509861736616
all,peraturan,1,6,0.001501877346683354,-0.33372509861736616
all,alih,0,28,0.001145053776632724,-0.33385984840917854
all,dengerin,0,28,0.001145053776632724,-0.33385984840917854
all,mengerikan,0,28,0.001145053776632724,-0.33385984840917854
all,merangkul,0,28,0.001145053776632724,-0.33385984840917854
all,rugi,0,28,0.001145053776632724,-0.33385984840917854
all,vidio,0,28,0.001145053776632724,-0.33385984840917854
all,tetapi,0,248,0.010141904878746983,-0.3343238609794856
all,suatu,0,107,0.004375741217846481,-0.33442651492301206
all,bulu,1,4,0.0010012515644555694,-0.33552976810365553
all,democratizeinformation,1,4,0.0010012515644555694,-0.33552976810365553
all,dubes,1,4,0.0010012515644555694,-0.33552976810365553
all,gigi,1,4,0.0010012515644555694,-0.33552976810365553
all,menjalani,1,4,0.0010012515644555694,-0.33552976810365553
all,mimin,1,4,0.0010012515644555694,-0.33552976810365553
all,pelaksanaan,1,4,0.0010012515644555694,-0.33552976810365553
all,popbela_com,1,4,0.0010012515644555694,-0.33552976810365553
all,sanksi,1,4,0.0010012515644555694,-0.33552976810365553
all,semangka,1,4,0.0010012515644555694,-0.33552976810365553
all,sepatu,1,4,0.0010012515644555694,-0.33552976810365553
all,tahap,1,4,0.0010012515644555694,-0.33552976810365553
all,tuntut,1,4,0.0010012515644555694,-0.33552976810365553
all,vina,1,4,0.0010012515644555694,-0.33552976810365553
all,yummy,1,4,0.0010012515644555694,-0.33552976810365553
all,megawati,0,63,0.002576370997423629,-0.3356438230352249
all,tubuh,0,63,0.002576370997423629,-0.3356438230352249
all,instagram,1,34,0.00851063829787234,-0.33626474298926295
all,sisi,1,13,0.003254067584480601,-0.33643114861068874
all,google,1,20,0.0050062578222778474,-0.3377734980802521
all,bos,0,41,0.001676685887212203,-0.3377800146122267
all,partai,0,168,0.006870322659796344,-0.337989443154901
all,ajak,1,9,0.0022528160200250315,-0.3387694270794455
all,menggelar,1,9,0.0022528160200250315,-0.3387694270794455
all,soal,1,50,0.012515644555694618,-0.33887897205183526
all,al,0,900,0.0368052999631947,-0.3389648374032007
all,tokoh,0,124,0.005070952439373492,-0.3391518037752988
all,pranowo,1,36,0.009011264080100126,-0.3394776119863426
all,puluhan,1,14,0.003504380475594493,-0.3401260933697127
all,we,1,14,0.003504380475594493,-0.3401260933697127
all,agency,1,2,0.0005006257822277847,-0.34051602940391495
all,begitulah,1,2,0.0005006257822277847,-0.34051602940391495
all,bgtt,1,2,0.0005006257822277847,-0.34051602940391495
all,campuran,1,2,0.0005006257822277847,-0.34051602940391495
all,cuaca,1,2,0.0005006257822277847,-0.34051602940391495
all,dicari,1,2,0.0005006257822277847,-0.34051602940391495
all,emak,1,2,0.0005006257822277847,-0.34051602940391495
all,en,1,2,0.0005006257822277847,-0.34051602940391495
all,garam,1,2,0.0005006257822277847,-0.34051602940391495
all,hiring,1,2,0.0005006257822277847,-0.34051602940391495
all,kain,1,2,0.0005006257822277847,-0.34051602940391495
all,kapolda,1,2,0.0005006257822277847,-0.34051602940391495
all,kekayaan,1,2,0.0005006257822277847,-0.34051602940391495
all,kemuliaan,1,2,0.0005006257822277847,-0.34051602940391495
all,lembut,1,2,0.0005006257822277847,-0.34051602940391495
all,lgi,1,2,0.0005006257822277847,-0.34051602940391495
all,lindungi,1,2,0.0005006257822277847,-0.34051602940391495
all,marga,1,2,0.0005006257822277847,-0.34051602940391495
all,mengeluh,1,2,0.0005006257822277847,-0.34051602940391495
all,mengusulkan,1,2,0.0005006257822277847,-0.34051602940391495
all,merespon,1,2,0.0005006257822277847,-0.34051602940391495
all,nestle,1,2,0.0005006257822277847,-0.34051602940391495
all,pendapatan,1,2,0.0005006257822277847,-0.34051602940391495
all,penerbangan,1,2,0.0005006257822277847,-0.34051602940391495
all,pergerakan,1,2,0.0005006257822277847,-0.34051602940391495
all,suga,1,2,0.0005006257822277847,-0.34051602940391495
all,svt,1,2,0.0005006257822277847,-0.34051602940391495
all,urutan,1,2,0.0005006257822277847,-0.34051602940391495
all,kanan,1,7,0.0017521902377972466,-0.3410247118158145
all,sebelah,0,67,0.002739950108371161,-0.34133468699571945
all,seseorang,0,67,0.002739950108371161,-0.34133468699571945
all,trending,1,12,0.003003754693366708,-0.3415349310666477
all,o,1,17,0.00425531914893617,-0.34204669419834655
all,perbatasan,1,17,0.00425531914893617,-0.34204669419834655
all,kata,1,103,0.025782227784730914,-0.34220044568433805
all,muhammad,0,303,0.012391117654275549,-0.3425017820564067
all,api,1,10,0.0025031289111389237,-0.34355125774634615
all,post,1,10,0.0025031289111389237,-0.34355125774634615
all,ga,0,963,0.03938167096061833,-0.34374719561422096
all,baca,1,60,0.015018773466833541,-0.3449404513867523
all,gabisa,1,5,0.0012515644555694619,-0.3450486648707504
all,kian,1,5,0.0012515644555694619,-0.3450486648707504
all,om,1,5,0.0012515644555694619,-0.3450486648707504
all,pondok,1,5,0.0012515644555694619,-0.3450486648707504
all,udah,0,672,0.027481290639185377,-0.34548322661092146
all,jualan,0,32,0.001308632887580256,-0.34571160269506773
all,lansia,0,32,0.001308632887580256,-0.34571160269506773
all,membiarkan,0,32,0.001308632887580256,-0.34571160269506773
all,sep,0,32,0.001308632887580256,-0.34571160269506773
all,menyetujui,0,45,0.001840264998159735,-0.34593158861214096
all,era,0,58,0.002371897108739214,-0.3461518574655461
all,keadilan,0,58,0.002371897108739214,-0.3461518574655461
all,bertambah,1,8,0.002002503128911139,-0.3466000783770387
all,beda,0,110,0.00449842555105713,-0.34703577329535373
all,sm,0,136,0.005561689772216088,-0.3474794432377148
all,tu,0,136,0.005561689772216088,-0.3474794432377148
all,bersih,1,11,0.002753441802252816,-0.3475058052686054
all,anak,0,888,0.036314562630352105,-0.34769994121440706
all,dokter,1,14,0.003504380475594493,-0.3481672392469555
all,baru,1,122,0.03053817271589487,-0.3491882887985167
all,emang,0,314,0.012840960209381263,-0.3494678760792653
all,eh,0,101,0.004130372551425183,-0.35018051690251084
all,ternyata,0,318,0.013004539320328794,-0.35061751128071433
all,kirim,1,18,0.004505632040050063,-0.3509678668627816
all,makanan,1,24,0.006007509386733416,-0.3513466874301692
all,malming,1,6,0.001501877346683354,-0.35162370298352313
all,martin,1,6,0.001501877346683354,-0.35162370298352313
all,ton,1,6,0.001501877346683354,-0.35162370298352313
all,pendiri,0,49,0.002003844109107267,-0.35273007346313195
all,tionghoa,1,16,0.004005006257822278,-0.35322248177276105
all,sama,0,1213,0.04960536539483908,-0.3532539915286971
all,postingan,0,105,0.004293951662372715,-0.35328855353193955
all,umur,1,13,0.003254067584480601,-0.35368112994239664
all,bentar,1,3,0.000750938673341677,-0.3538355326692116
all,es,1,3,0.000750938673341677,-0.3538355326692116
all,gabungan,1,3,0.000750938673341677,-0.3538355326692116
all,judi,1,3,0.000750938673341677,-0.3538355326692116
all,meluncurkan,1,3,0.000750938673341677,-0.3538355326692116
all,motivasi,1,3,0.000750938673341677,-0.3538355326692116
all,penonton,1,3,0.000750938673341677,-0.3538355326692116
all,siapkan,1,3,0.000750938673341677,-0.3538355326692116
all,sidoarjo,1,3,0.000750938673341677,-0.3538355326692116
all,identitas,1,10,0.0025031289111389237,-0.3545814251701596
all,fisip,0,36,0.001472211998527788,-0.3548895231363571
all,merebut,0,36,0.001472211998527788,-0.3548895231363571
all,people,0,36,0.001472211998527788,-0.3548895231363571
all,sepertinya,0,36,0.001472211998527788,-0.3548895231363571
all,brutal,0,79,0.003230687441213757,-0.3548977330471954
all,begitu,0,195,0.007974481658692184,-0.3570768647820491
all,ilmu,0,96,0.003925898662740768,-0.35716479278469626
all,seperti,0,730,0.02985318774792459,-0.3574607881024164
all,supaya,0,83,0.003394266552161289,-0.3585391827536162
all,dulu,0,402,0.016439700650226968,-0.35884633069778177
all,back,0,23,0.000940579887948309,-0.3596634864539735
all,jadinya,0,23,0.000940579887948309,-0.3596634864539735
all,just,0,23,0.000940579887948309,-0.3596634864539735
all,lia,0,23,0.000940579887948309,-0.3596634864539735
all,manusiawi,0,23,0.000940579887948309,-0.3596634864539735
all,membakar,0,23,0.000940579887948309,-0.3596634864539735
all,menyasar,0,23,0.000940579887948309,-0.3596634864539735
all,profesional,0,23,0.000940579887948309,-0.3596634864539735
all,sejarahnya,0,23,0.000940579887948309,-0.3596634864539735
all,selaku,0,23,0.000940579887948309,-0.3596634864539735
all,strong,0,23,0.000940579887948309,-0.3596634864539735
all,belum,1,62,0.015519399249061327,-0.3599551309186446
all,up,1,16,0.004005006257822278,-0.3602080894608309
all,bingung,0,70,0.00286263444158181,-0.3604981618692013
all,dibebaskan,1,4,0.0010012515644555694,-0.3612131571441953
all,dome,1,4,0.0010012515644555694,-0.3612131571441953
all,duniaku_com,1,4,0.0010012515644555694,-0.3612131571441953
all,jet,1,4,0.0010012515644555694,-0.3612131571441953
all,next,1,4,0.0010012515644555694,-0.3612131571441953
all,partner,1,4,0.0010012515644555694,-0.3612131571441953
all,popmama_com,1,4,0.0010012515644555694,-0.3612131571441953
all,sebagainya,1,4,0.0010012515644555694,-0.3612131571441953
all,senior,1,4,0.0010012515644555694,-0.3612131571441953
all,susi,1,4,0.0010012515644555694,-0.3612131571441953
all,telepon,1,4,0.0010012515644555694,-0.3612131571441953
all,butuh,0,117,0.004784688995215311,-0.36133676253901853
all,bom,0,237,0.009692062323641271,-0.36194199747816785
all,netral,0,40,0.00163579110947532,-0.3622124295190484
all,shalat,0,40,0.00163579110947532,-0.3622124295190484
all,ui,0,40,0.00163579110947532,-0.3622124295190484
all,mengalami,1,26,0.006508135168961202,-0.3631449657236785
all,ia,1,53,0.013266583229036295,-0.36422000653251774
all,sebab,0,155,0.006338690549216865,-0.36496339434699226
all,international,1,10,0.0025031289111389237,-0.36549214494011245
all,are,1,5,0.0012515644555694619,-0.365923725304697
all,judul,1,5,0.0012515644555694619,-0.365923725304697
all,men,1,5,0.0012515644555694619,-0.365923725304697
all,only,1,5,0.0012515644555694619,-0.365923725304697
all,f,1,16,0.004005006257822278,-0.3671458055473353
all,store,1,16,0.004005006257822278,-0.3671458055473353
all,kisah,1,11,0.002753441802252816,-0.36748908330532987
all,website,1,11,0.002753441802252816,-0.36748908330532987
all,mah,0,129,0.005275426328057907,-0.36789792480876454
all,tua,0,129,0.005275426328057907,-0.36789792480876454
all,kecaman,0,44,0.001799370220422852,-0.36819569389208406
all,membenarkan,0,44,0.001799370220422852,-0.36819569389208406
all,indonesia,1,362,0.09061326658322903,-0.368609873092856
all,sendiri,0,618,0.025272972641393693,-0.3686956988998412
all,kritik,1,6,0.001501877346683354,-0.3692090012805835
all,utang,1,6,0.001501877346683354,-0.3692090012805835
all,dipilih,0,27,0.001104158998895841,-0.3696188709932498
all,hahaha,0,27,0.001104158998895841,-0.3696188709932498
all,kepung,0,27,0.001104158998895841,-0.3696188709932498
all,mengimbau,0,27,0.001104158998895841,-0.3696188709932498
all,meresahkan,0,27,0.001104158998895841,-0.3696188709932498
all,mossad,0,27,0.001104158998895841,-0.3696188709932498
all,tata,0,27,0.001104158998895841,-0.3696188709932498
all,wkwkw,0,27,0.001104158998895841,-0.3696188709932498
all,beragama,0,116,0.004743794217478428,-0.3699249128162953
all,cocok,1,7,0.0017521902377972466,-0.3716434415393613
all,momen,1,7,0.0017521902377972466,-0.3716434415393613
all,lihat,0,209,0.008547008547008548,-0.3726096075819683
all,didukung,0,48,0.001962949331370384,-0.3731799203043429
all,ko,0,48,0.001962949331370384,-0.3731799203043429
all,menjawab,0,48,0.001962949331370384,-0.3731799203043429
all,pdhl,0,48,0.001962949331370384,-0.3731799203043429
all,amin,0,141,0.005766163660900503,-0.3733612039229944
all,membeli,0,86,0.003516950885371938,-0.37338022307635577
all,belakang,1,8,0.002002503128911139,-0.37352936455019103
all,menilai,1,8,0.002002503128911139,-0.37352936455019103
all,bahan,1,17,0.00425531914893617,-0.37493509447910756
all,besaran,1,9,0.0022528160200250315,-0.37504103831954255
all,yaitu,0,183,0.007483744325849589,-0.37545960159054315
all,kembali,1,54,0.013516896120150187,-0.3754759559165319
all,kondisi,1,26,0.006508135168961202,-0.3760895187276299
all,kebutuhan,1,10,0.0025031289111389237,-0.3762859859343924
all,habis,0,111,0.004539320328794013,-0.3767037937797461
all,takut,0,187,0.007647323436797121,-0.37671188847791287
all,doakan,0,31,0.001267738109843373,-0.3770050928865906
all,kebakaran,0,31,0.001267738109843373,-0.3770050928865906
all,tahan,0,31,0.001267738109843373,-0.3770050928865906
all,ar,0,52,0.002126528442317916,-0.37739925069185043
all,nuklir,0,52,0.002126528442317916,-0.37739925069185043
all,support,0,52,0.002126528442317916,-0.37739925069185043
all,b,1,22,0.005506883604505632,-0.3783853190685044
all,tuhan,0,245,0.010019220545536335,-0.3818876140133338
all,bersama,1,61,0.015269086357947435,-0.3819587073826151
all,barisan,0,35,0.001431317220790905,-0.38271004063847497
all,dikuasai,0,35,0.001431317220790905,-0.38271004063847497
all,enggak,0,35,0.001431317220790905,-0.38271004063847497
all,gaes,0,35,0.001431317220790905,-0.38271004063847497
all,hiburan,0,35,0.001431317220790905,-0.38271004063847497
all,mesjid,0,35,0.001431317220790905,-0.38271004063847497
all,panik,0,35,0.001431317220790905,-0.38271004063847497
all,singapura,0,35,0.001431317220790905,-0.38271004063847497
all,berlangsung,1,22,0.005506883604505632,-0.3834016857211588
all,anjir,0,106,0.004334846440109598,-0.3840706105149893
all,terbukti,0,106,0.004334846440109598,-0.3840706105149893
all,lainnya,1,62,0.015519399249061327,-0.38409355668015605
all,adalah,0,1321,0.054022001390422444,-0.38499641477378704
all,buat,0,642,0.026254447307078887,-0.38558302672550115
all,afghanistan,1,2,0.0005006257822277847,-0.38601933340864136
all,ahyeon,1,2,0.0005006257822277847,-0.38601933340864136
all,berdatangan,1,2,0.0005006257822277847,-0.38601933340864136
all,berfungsi,1,2,0.0005006257822277847,-0.38601933340864136
all,brunei,1,2,0.0005006257822277847,-0.38601933340864136
all,cetak,1,2,0.0005006257822277847,-0.38601933340864136
all,disiarkan,1,2,0.0005006257822277847,-0.38601933340864136
all,diterapkan,1,2,0.0005006257822277847,-0.38601933340864136
all,fast,1,2,0.0005006257822277847,-0.38601933340864136
all,galaxy,1,2,0.0005006257822277847,-0.38601933340864136
all,indeks,1,2,0.0005006257822277847,-0.38601933340864136
all,ivan,1,2,0.0005006257822277847,-0.38601933340864136
all,jawaposcom,1,2,0.0005006257822277847,-0.38601933340864136
all,jawapostv,1,2,0.0005006257822277847,-0.38601933340864136
all,jembatan,1,2,0.0005006257822277847,-0.38601933340864136
all,juni,1,2,0.0005006257822277847,-0.38601933340864136
all,kaesang,1,2,0.0005006257822277847,-0.38601933340864136
all,kaltim,1,2,0.0005006257822277847,-0.38601933340864136
all,keberhasilan,1,2,0.0005006257822277847,-0.38601933340864136
all,koranjawapos,1,2,0.0005006257822277847,-0.38601933340864136
all,magelang,1,2,0.0005006257822277847,-0.38601933340864136
all,masker,1,2,0.0005006257822277847,-0.38601933340864136
all,menerbitkan,1,2,0.0005006257822277847,-0.38601933340864136
all,olive,1,2,0.0005006257822277847,-0.38601933340864136
all,ozil,1,2,0.0005006257822277847,-0.38601933340864136
all,pasuruan,1,2,0.0005006257822277847,-0.38601933340864136
all,pc,1,2,0.0005006257822277847,-0.38601933340864136
all,thomas,1,2,0.0005006257822277847,-0.38601933340864136
all,umumkan,1,2,0.0005006257822277847,-0.38601933340864136
all,wr,1,2,0.0005006257822277847,-0.38601933340864136
all,tp,0,265,0.010837116100273995,-0.3860270228709819
all,cadangan,1,3,0.000750938673341677,-0.38613733989828936
all,diizinkan,1,3,0.000750938673341677,-0.38613733989828936
all,hokky,1,3,0.000750938673341677,-0.38613733989828936
all,innalillahi,1,3,0.000750938673341677,-0.38613733989828936
all,kenaikan,1,3,0.000750938673341677,-0.38613733989828936
all,menuturkan,1,3,0.000750938673341677,-0.38613733989828936
all,sembilan,1,3,0.000750938673341677,-0.38613733989828936
all,sengit,1,3,0.000750938673341677,-0.38613733989828936
all,ari,1,4,0.0010012515644555694,-0.38625541945447617
all,berikutnya,1,4,0.0010012515644555694,-0.38625541945447617
all,infrastruktur,1,4,0.0010012515644555694,-0.38625541945447617
all,menetapkan,1,4,0.0010012515644555694,-0.38625541945447617
all,sekitarnya,1,4,0.0010012515644555694,-0.38625541945447617
all,sertifikat,1,4,0.0010012515644555694,-0.38625541945447617
all,seumur,1,4,0.0010012515644555694,-0.38625541945447617
all,51,1,5,0.0012515644555694619,-0.3863735721459079
all,alwi,1,5,0.0012515644555694619,-0.3863735721459079
all,kemampuan,1,5,0.0012515644555694619,-0.3863735721459079
all,kerjasama,1,5,0.0012515644555694619,-0.3863735721459079
all,mengirim,1,5,0.0012515644555694619,-0.3863735721459079
all,pertolongan,1,5,0.0012515644555694619,-0.3863735721459079
all,rapat,1,6,0.001501877346683354,-0.38649179804137823
all,war,1,6,0.001501877346683354,-0.38649179804137823
all,masak,1,7,0.0017521902377972466,-0.3866100972097681
all,memenuhi,1,7,0.0017521902377972466,-0.3866100972097681
all,ukraina,1,7,0.0017521902377972466,-0.3866100972097681
all,05,1,8,0.002002503128911139,-0.3867284697200452
all,balik,0,160,0.00654316443790128,-0.3869606108034525
all,berlindung,0,39,0.001594896331738437,-0.3872546918293292
all,ngeri,0,39,0.001594896331738437,-0.3872546918293292
all,mantan,1,13,0.003254067584480601,-0.3873214348197742
all,fyp,1,14,0.003504380475594493,-0.3874402488346259
all,gk,0,118,0.004825583772952194,-0.38879114289324074
all,sekarang,0,606,0.024782235308551098,-0.3887914863947248
all,udara,1,32,0.008010012515644555,-0.3895915933992251
all,itu,0,2619,0.10710342289289658,-0.39002260946688994
all,trus,0,97,0.003966793440477651,-0.39055117807565864
all,da,0,43,0.001758475442685969,-0.3909649117865242
all,not,0,43,0.001758475442685969,-0.3909649117865242
all,semua,0,1001,0.04093567251461988,-0.3918706257514054
all,biar,0,234,0.009569377990430622,-0.39288933237852064
all,imin,0,76,0.003108003108003108,-0.3934870857491212
all,panas,1,19,0.004755944931163955,-0.3937584507323311
all,hebat,0,47,0.001922054553633501,-0.39405498073828943
all,isinya,0,47,0.001922054553633501,-0.39405498073828943
all,istri,0,80,0.00327158221895064,-0.39525172225893423
all,pernah,0,505,0.020651862757125914,-0.3958552935135961
all,kemana,0,51,0.002085633664581033,-0.3966715928672644
all,nah,0,84,0.003435161329898172,-0.3968551758193368
all,tak,0,829,0.03390177074387601,-0.3979073441436363
all,diberi,0,55,0.002249212775528565,-0.3989185568895581
all,siapa,0,332,0.013577066208645155,-0.39977784809980543
all,aneh,0,59,0.002412791886476097,-0.40087140121405734
all,ganti,0,59,0.002412791886476097,-0.40087140121405734
all,gunakan,0,59,0.002412791886476097,-0.40087140121405734
all,berjuang,0,96,0.003925898662740768,-0.4009016036937981
all,80,1,7,0.0017521902377972466,-0.40135725173471076
all,dibaca,1,7,0.0017521902377972466,-0.40135725173471076
all,bantuan,1,42,0.010513141426783479,-0.40136667195596554
all,jd,0,141,0.005766163660900503,-0.40302748690952744
all,akhirat,0,22,0.000899685110211426,-0.403189529997009
all,beritapolitik,0,22,0.000899685110211426,-0.403189529997009
all,berpendapat,0,22,0.000899685110211426,-0.403189529997009
all,cipta,0,22,0.000899685110211426,-0.403189529997009
all,dirimu,0,22,0.000899685110211426,-0.403189529997009
all,haha,0,22,0.000899685110211426,-0.403189529997009
all,ht,0,22,0.000899685110211426,-0.403189529997009
all,kawal,0,22,0.000899685110211426,-0.403189529997009
all,miliknya,0,22,0.000899685110211426,-0.403189529997009
all,pengangguran,0,22,0.000899685110211426,-0.403189529997009
all,petunjuk,0,22,0.000899685110211426,-0.403189529997009
all,re,0,22,0.000899685110211426,-0.403189529997009
all,semenanjung,0,22,0.000899685110211426,-0.403189529997009
all,sia,0,22,0.000899685110211426,-0.403189529997009
all,tonton,0,22,0.000899685110211426,-0.403189529997009
all,dikirim,1,6,0.001501877346683354,-0.40348234836171587
all,menghindari,1,6,0.001501877346683354,-0.40348234836171587
all,genosida,0,182,0.007442849548112706,-0.4039465850125908
all,for,1,30,0.007509386733416771,-0.4039836026464647
all,jadi,0,1284,0.052508894614157774,-0.40443874989265444
all,15,1,56,0.014017521902377972,-0.40447891446079515
all,menyampaikan,1,19,0.004755944931163955,-0.40510855977743065
all,cepat,1,27,0.006758448060075094,-0.40518924080397195
all,anies,0,417,0.01705312231628021,-0.4057824611985241
all,tidur,1,18,0.004505632040050063,-0.40589738922112384
all,mungkin,0,301,0.012309328098801782,-0.4061740788360278
all,83,1,5,0.0012515644555694619,-0.4064152157416177
all,diminta,1,5,0.0012515644555694619,-0.4064152157416177
all,idn,1,5,0.0012515644555694619,-0.4064152157416177
all,kak,1,5,0.0012515644555694619,-0.4064152157416177
all,pembebasan,1,5,0.0012515644555694619,-0.4064152157416177
all,melanggar,0,75,0.003067108330266225,-0.40668619091897534
all,berdarah,0,26,0.001063264221158958,-0.40670108097957747
all,bocah,0,26,0.001063264221158958,-0.40670108097957747
all,mendirikan,0,26,0.001063264221158958,-0.40670108097957747
all,mengerti,0,26,0.001063264221158958,-0.40670108097957747
all,paloh,0,26,0.001063264221158958,-0.40670108097957747
all,pokok,0,26,0.001063264221158958,-0.40670108097957747
all,sederhana,0,26,0.001063264221158958,-0.40670108097957747
all,senantiasa,0,26,0.001063264221158958,-0.40670108097957747
all,tan,0,26,0.001063264221158958,-0.40670108097957747
all,virus,0,26,0.001063264221158958,-0.40670108097957747
all,segera,1,38,0.00951188986232791,-0.4077308145079751
all,ai,1,10,0.0025031289111389237,-0.40799071574994417
all,bertanggung,1,10,0.0025031289111389237,-0.40799071574994417
all,aman,1,22,0.005506883604505632,-0.40811890230324926
all,dianggap,0,132,0.005398110661268556,-0.40889070344189965
all,doa,0,132,0.005398110661268556,-0.40889070344189965
all,berjanji,0,30,0.00122684333210649,-0.4093069001156683
all,dur,0,30,0.00122684333210649,-0.4093069001156683
all,entah,0,30,0.00122684333210649,-0.4093069001156683
all,im,0,30,0.00122684333210649,-0.4093069001156683
all,kendali,0,30,0.00122684333210649,-0.4093069001156683
all,pakaian,0,30,0.00122684333210649,-0.4093069001156683
all,pengaruh,0,30,0.00122684333210649,-0.4093069001156683
all,pasien,1,9,0.0022528160200250315,-0.4100514095985365
all,akibat,1,47,0.011764705882352941,-0.4102764784656115
all,berapa,0,91,0.003721424774056353,-0.41057408336448104
all,diversityisbeautiful,1,4,0.0010012515644555694,-0.4106878343612978
all,fortune,1,4,0.0010012515644555694,-0.4106878343612978
all,ngerasa,1,4,0.0010012515644555694,-0.4106878343612978
all,tujuh,1,4,0.0010012515644555694,-0.4106878343612978
all,york,1,4,0.0010012515644555694,-0.4106878343612978
all,indo,1,19,0.004755944931163955,-0.4107363611307726
all,demonstrasi,0,34,0.001390422443054022,-0.41132436480046125
all,ha,0,34,0.001390422443054022,-0.41132436480046125
all,mulyani,0,34,0.001390422443054022,-0.41132436480046125
all,pacaran,0,34,0.001390422443054022,-0.41132436480046125
all,prancis,0,34,0.001390422443054022,-0.41132436480046125
all,said,0,34,0.001390422443054022,-0.41132436480046125
all,tengah,1,50,0.012515644555694618,-0.4117508190516296
all,lemah,0,38,0.001554001554001554,-0.412938080869869
all,mampu,1,17,0.00425531914893617,-0.4130414648372383
all,usia,1,17,0.00425531914893617,-0.4130414648372383
all,rame,0,42,0.001717580664949086,-0.4142627390894642
all,sejahtera,0,42,0.001717580664949086,-0.4142627390894642
all,batam,0,46,0.001881159775896618,-0.4153733510379175
all,perjanjian,0,46,0.001881159775896618,-0.4153733510379175
all,nyesel,0,50,0.00204473888684415,-0.4163210428238553
all,uda,0,50,0.00204473888684415,-0.4163210428238553
all,tentara,0,437,0.017871017871017872,-0.4171317567452692
all,setengah,0,54,0.002208317997791682,-0.41714186125903646
all,bersiap,1,3,0.000750938673341677,-0.4174308300898123
all,humaniter,1,3,0.000750938673341677,-0.4174308300898123
all,map,1,3,0.000750938673341677,-0.4174308300898123
all,mengamankan,1,3,0.000750938673341677,-0.4174308300898123
all,mengkritik,1,3,0.000750938673341677,-0.4174308300898123
all,nantinya,1,3,0.000750938673341677,-0.4174308300898123
all,rencananya,1,3,0.000750938673341677,-0.4174308300898123
all,nanti,0,208,0.008506113769271665,-0.41755159603132214
all,medan,1,14,0.003504380475594493,-0.4177956846546311
all,militer,1,57,0.014267834793491864,-0.41797371096319363
all,area,1,10,0.0025031289111389237,-0.4183411413680836
all,foto,1,73,0.018272841051314142,-0.4191556542361956
all,surat,1,20,0.0050062578222778474,-0.420404671267907
all,setuju,0,78,0.003189792663476874,-0.4204923348603243
all,ambil,0,82,0.003353371774424406,-0.42089048327465295
all,memang,0,276,0.011286958655379709,-0.42204228176713215
all,bisnis,1,12,0.003003754693366708,-0.4223050878374654
all,ganjarpranowo,1,12,0.003003754693366708,-0.4223050878374654
all,menerima,1,22,0.005506883604505632,-0.422665961014079
all,utama,1,22,0.005506883604505632,-0.422665961014079
all,kemudian,1,31,0.007759699624530663,-0.4245507689501738
all,cara,0,271,0.011082484766695292,-0.4255370159453199
all,fuji,1,5,0.0012515644555694619,-0.42606466569820867
all,melibatkan,1,5,0.0012515644555694619,-0.42606466569820867
all,menyelesaikan,1,5,0.0012515644555694619,-0.42606466569820867
all,beberapa,1,58,0.014518147684605758,-0.4271113227877811
all,tahun,1,126,0.03153942428035044,-0.42762918759037644
all,asumsico,1,2,0.0005006257822277847,-0.4295453769516768
all,bae,1,2,0.0005006257822277847,-0.4295453769516768
all,basement,1,2,0.0005006257822277847,-0.4295453769516768
all,dokumentasi,1,2,0.0005006257822277847,-0.4295453769516768
all,duh,1,2,0.0005006257822277847,-0.4295453769516768
all,exo,1,2,0.0005006257822277847,-0.4295453769516768
all,ganjarpresiden2024,1,2,0.0005006257822277847,-0.4295453769516768
all,kacamata,1,2,0.0005006257822277847,-0.4295453769516768
all,kiko,1,2,0.0005006257822277847,-0.4295453769516768
all,kuliner,1,2,0.0005006257822277847,-0.4295453769516768
all,may,1,2,0.0005006257822277847,-0.4295453769516768
all,memberkati,1,2,0.0005006257822277847,-0.4295453769516768
all,mengundang,1,2,0.0005006257822277847,-0.4295453769516768
all,menuding,1,2,0.0005006257822277847,-0.4295453769516768
all,ngamuk,1,2,0.0005006257822277847,-0.4295453769516768
all,nyaris,1,2,0.0005006257822277847,-0.4295453769516768
all,okezone,1,2,0.0005006257822277847,-0.4295453769516768
all,onlyfun,1,2,0.0005006257822277847,-0.4295453769516768
all,pedas,1,2,0.0005006257822277847,-0.4295453769516768
all,perawat,1,2,0.0005006257822277847,-0.4295453769516768
all,read,1,2,0.0005006257822277847,-0.4295453769516768
all,satria,1,2,0.0005006257822277847,-0.4295453769516768
all,terganggu,1,2,0.0005006257822277847,-0.4295453769516768
all,wapres,1,2,0.0005006257822277847,-0.4295453769516768
all,dinas,1,7,0.0017521902377972466,-0.430218235600349
all,ingin,0,318,0.013004539320328794,-0.4306199345221041
all,mau,0,1038,0.04244877929088455,-0.43186867023779774
all,times,1,9,0.0022528160200250315,-0.4327333247893046
all,marah,0,81,0.003312476996687523,-0.43312678705943397
all,mengusir,0,73,0.002985318774792459,-0.43361547709212767
all,saat,1,135,0.03379224030037547,-0.43386591118542744
all,sekolah,1,26,0.006508135168961202,-0.43441575809319916
all,53,1,4,0.0010012515644555694,-0.43453944651561505
all,ditutup,1,4,0.0010012515644555694,-0.43453944651561505
all,mendalam,1,4,0.0010012515644555694,-0.43453944651561505
all,terbunuh,0,61,0.002494581441949863,-0.4346711175662011
all,bahkan,0,377,0.01541733120680489,-0.4349044322751838
all,keduanya,0,57,0.002331002331002331,-0.43514474829518984
all,pintu,0,57,0.002331002331002331,-0.43514474829518984
all,banyaknya,0,49,0.002003844109107267,-0.43636268641956516
all,oh,0,49,0.002003844109107267,-0.43636268641956516
all,dalem,1,6,0.001501877346683354,-0.4366251996771112
all,kang,1,6,0.001501877346683354,-0.4366251996771112
all,musim,1,6,0.001501877346683354,-0.4366251996771112
all,tanggapan,1,6,0.001501877346683354,-0.4366251996771112
all,wartawan,1,6,0.001501877346683354,-0.4366251996771112
all,dibom,0,45,0.001840264998159735,-0.4371543078480426
all,hukumnya,0,45,0.001840264998159735,-0.4371543078480426
all,barang,1,17,0.00425531914893617,-0.4376721904240171
all,emosi,0,41,0.001676685887212203,-0.4381143512437815
all,investor,0,41,0.001676685887212203,-0.4381143512437815
all,perasaan,0,41,0.001676685887212203,-0.4381143512437815
all,telegram,0,41,0.001676685887212203,-0.4381143512437815
all,berjalan,1,10,0.0025031289111389237,-0.43872852450450717
all,insya,0,37,0.001513106776264671,-0.4392963459369206
all,mayat,0,37,0.001513106776264671,-0.4392963459369206
all,pernyataan,1,23,0.005757196495619525,-0.439668860245426
all,palestine,0,399,0.016317016317016316,-0.44044401073997785
all,tau,0,403,0.01648059542796385,-0.44047279575042325
all,mudah,0,116,0.004743794217478428,-0.4406332672784163
all,juta,1,34,0.00851063829787234,-0.44074109730317707
all,boleh,0,243,0.009937430990062569,-0.4409228466565144
all,of,1,40,0.010012515644555695,-0.4421576378487443
all,nafsu,0,29,0.001185948554369607,-0.442684263717691
all,pasalnya,0,29,0.001185948554369607,-0.442684263717691
all,jangan,0,647,0.0264589211957633,-0.4437396368128731
all,buka,1,21,0.005256570713391739,-0.4440179957660438
all,tambah,1,7,0.0017521902377972466,-0.44434398766271127
all,wni,1,7,0.0017521902377972466,-0.44434398766271127
all,bapa,0,25,0.001022369443422075,-0.4452082984374758
all,dibikin,0,25,0.001022369443422075,-0.4452082984374758
all,freepalestina,0,25,0.001022369443422075,-0.4452082984374758
all,israelterrorism,0,25,0.001022369443422075,-0.4452082984374758
all,kekhawatiran,0,25,0.001022369443422075,-0.4452082984374758
all,lapor,0,25,0.001022369443422075,-0.4452082984374758
all,manapun,0,25,0.001022369443422075,-0.4452082984374758
all,menuai,0,25,0.001022369443422075,-0.4452082984374758
all,reporter,0,25,0.001022369443422075,-0.4452082984374758
all,sempurna,0,25,0.001022369443422075,-0.4452082984374758
all,tiba2,0,25,0.001022369443422075,-0.4452082984374758
all,keselamatan,1,5,0.0012515644555694619,-0.44533700787362274
all,sebenarnya,0,127,0.005193636772584141,-0.44756254256675243
all,akibatnya,1,3,0.000750938673341677,-0.44777712794925995
all,taman,1,3,0.000750938673341677,-0.44777712794925995
all,terjadinya,1,3,0.000750938673341677,-0.44777712794925995
all,sinting,0,119,0.004866478550689077,-0.4486734582369896
all,bangett,0,21,0.000858790332474543,-0.4486928340017354
all,cuci,0,21,0.000858790332474543,-0.4486928340017354
all,dicabut,0,21,0.000858790332474543,-0.4486928340017354
all,gpp,0,21,0.000858790332474543,-0.4486928340017354
all,malik,0,21,0.000858790332474543,-0.4486928340017354
all,pinterpolitik,0,21,0.000858790332474543,-0.4486928340017354
all,panjang,1,10,0.0025031289111389237,-0.4487696688557672
all,mengatakan,1,77,0.019274092615769713,-0.4497261968370711
all,t,1,74,0.018523153942428035,-0.45143212857177173
all,mengutuk,0,103,0.004212162106898949,-0.4514853613024068
all,hukum,0,538,0.022001390422443055,-0.4515262609148088
all,gampang,0,56,0.002290107553265448,-0.45273004659225013
all,kutuk,0,56,0.002290107553265448,-0.45273004659225013
all,diusir,1,6,0.001501877346683354,-0.45279557865521314
all,parah,0,95,0.003885003885003885,-0.453283877564062
all,hingga,1,70,0.017521902377972465,-0.45397516582366665
all,belanda,0,52,0.002126528442317916,-0.4546113588641958
all,sumber,1,58,0.014518147684605758,-0.4567420370054897
all,kerjaan,0,48,0.001962949331370384,-0.4568125332607761
all,dukung,0,361,0.014763014763014764,-0.456973605084657
all,hanya,0,831,0.03398356029934977,-0.4572760236028734
all,2016,1,4,0.0010012515644555694,-0.4578372738185552
all,34,1,4,0.0010012515644555694,-0.4578372738185552
all,cctv,1,4,0.0010012515644555694,-0.4578372738185552
all,don,1,4,0.0010012515644555694,-0.4578372738185552
all,gmn,1,4,0.0010012515644555694,-0.4578372738185552
all,hype,1,4,0.0010012515644555694,-0.4578372738185552
all,ketinggalan,1,4,0.0010012515644555694,-0.4578372738185552
all,pelabuhan,1,4,0.0010012515644555694,-0.4578372738185552
all,resolusi,1,4,0.0010012515644555694,-0.4578372738185552
all,tenang,1,4,0.0010012515644555694,-0.4578372738185552
all,stay,1,7,0.0017521902377972466,-0.4582741136860698
all,peristiwa,1,10,0.0025031289111389237,-0.4587118025412316
all,sesuai,1,24,0.006007509386733416,-0.45934343515395326
all,amanah,0,44,0.001799370220422852,-0.4594184131279857
all,muhammadiyah,0,44,0.001799370220422852,-0.4594184131279857
all,sanggup,0,44,0.001799370220422852,-0.4594184131279857
all,berikut,1,19,0.004755944931163955,-0.46002998827769576
all,in,1,40,0.010012515644555695,-0.46053684102052805
all,ratusan,1,25,0.006257822277847309,-0.46091307016794386
all,langkah,1,14,0.003504380475594493,-0.46168572042443157
all,lima,1,11,0.002753441802252816,-0.4618655955158607
all,membalas,0,40,0.00163579110947532,-0.46254676615060325
all,berarti,0,125,0.005111847217110375,-0.46345536008249655
all,cape,1,5,0.0012515644555694619,-0.4642464741049815
all,community,1,5,0.0012515644555694619,-0.4642464741049815
all,now,1,5,0.0012515644555694619,-0.4642464741049815
all,penjajahan,0,117,0.004784688995215311,-0.46563368048741477
all,bersikap,0,36,0.001472211998527788,-0.46636597339713126
all,membawa,1,23,0.005757196495619525,-0.46652561121416725
all,ribu,1,23,0.005757196495619525,-0.46652561121416725
all,mendapat,1,17,0.00425531914893617,-0.4676421722620224
all,pusat,1,24,0.006007509386733416,-0.46784712586829075
all,city,1,6,0.001501877346683354,-0.46870992654054855
all,dilaksanakan,1,6,0.001501877346683354,-0.46870992654054855
all,namun,1,58,0.014518147684605758,-0.4694465534783884
all,bawah,1,22,0.005506883604505632,-0.46970700393677906
all,mana,0,442,0.018075491759702286,-0.4704455639336364
all,orang,0,2290,0.09364904101746208,-0.47103927993226696
all,dengar,0,32,0.001308632887580256,-0.47112549790715796
all,dialami,0,32,0.001308632887580256,-0.47112549790715796
all,gt,0,32,0.001308632887580256,-0.47112549790715796
all,jdi,0,32,0.001308632887580256,-0.47112549790715796
all,unggahan,0,32,0.001308632887580256,-0.47112549790715796
all,ye,0,32,0.001308632887580256,-0.47112549790715796
all,berulang,1,2,0.0005006257822277847,-0.4712590066310061
all,daun,1,2,0.0005006257822277847,-0.4712590066310061
all,dibagikan,1,2,0.0005006257822277847,-0.4712590066310061
all,diculik,1,2,0.0005006257822277847,-0.4712590066310061
all,haaland,1,2,0.0005006257822277847,-0.4712590066310061
all,idntimesworldnews,1,2,0.0005006257822277847,-0.4712590066310061
all,inspirasi,1,2,0.0005006257822277847,-0.4712590066310061
all,kedamaian,1,2,0.0005006257822277847,-0.4712590066310061
all,kerukunan,1,2,0.0005006257822277847,-0.4712590066310061
all,luncurkan,1,2,0.0005006257822277847,-0.4712590066310061
all,menandatangani,1,2,0.0005006257822277847,-0.4712590066310061
all,mengembalikan,1,2,0.0005006257822277847,-0.4712590066310061
all,menurunkan,1,2,0.0005006257822277847,-0.4712590066310061
all,minuman,1,2,0.0005006257822277847,-0.4712590066310061
all,pan,1,2,0.0005006257822277847,-0.4712590066310061
all,pastinya,1,2,0.0005006257822277847,-0.4712590066310061
all,pendemo,1,2,0.0005006257822277847,-0.4712590066310061
all,raksasa,1,2,0.0005006257822277847,-0.4712590066310061
all,road,1,2,0.0005006257822277847,-0.4712590066310061
all,sender,1,2,0.0005006257822277847,-0.4712590066310061
all,show,1,2,0.0005006257822277847,-0.4712590066310061
all,beliau,0,124,0.005070952439373492,-0.47149650595973924
all,detikcom,1,7,0.0017521902377972466,-0.47201397358912905
all,kenal,1,7,0.0017521902377972466,-0.47201397358912905
all,cm,1,12,0.003003754693366708,-0.47277140833866804
all,ta,0,74,0.003026213552529342,-0.4729559199983378
all,nyari,0,51,0.002085633664581033,-0.47388370103960986
all,sekali,0,212,0.008669692880219196,-0.4741994540510208
all,terbuka,1,13,0.003254067584480601,-0.47444198995640136
all,melancarkan,1,8,0.002002503128911139,-0.4745715520157242
all,tuh,0,254,0.010387273545168283,-0.47572089213930957
all,malam,1,40,0.010012515644555695,-0.47603428419330435
all,maaf,0,89,0.003639635218582587,-0.4764933312859927
all,menuntut,1,9,0.0022528160200250315,-0.4766203225659474
all,10,1,112,0.028035043804755945,-0.47700019737083293
all,fifa,0,28,0.001145053776632724,-0.4772113814470033
all,kakek,0,28,0.001145053776632724,-0.4772113814470033
all,masi,0,28,0.001145053776632724,-0.4772113814470033
all,warisan,0,28,0.001145053776632724,-0.4772113814470033
all,wna,0,28,0.001145053776632724,-0.4772113814470033
all,89,1,3,0.000750938673341677,-0.47723196319650896
all,ahad,1,3,0.000750938673341677,-0.47723196319650896
all,jerusalem,1,3,0.000750938673341677,-0.47723196319650896
all,manajemen,1,3,0.000750938673341677,-0.47723196319650896
all,melukai,1,3,0.000750938673341677,-0.47723196319650896
all,penasaran,1,3,0.000750938673341677,-0.47723196319650896
all,menguasai,0,66,0.002699055330634278,-0.47816477538143715
all,semangat,1,22,0.005506883604505632,-0.478859891288287
all,terima,1,22,0.005506883604505632,-0.478859891288287
all,the,1,52,0.013016270337922404,-0.478921225167915
all,lintas,1,4,0.0010012515644555694,-0.48060649171299524
all,menahan,1,4,0.0010012515644555694,-0.48060649171299524
all,sesama,0,81,0.003312476996687523,-0.4810064083770593
all,co,1,55,0.01376720901126408,-0.48239335908722375
all,kampung,1,5,0.0012515644555694619,-0.482806505478782
all,kerap,1,5,0.0012515644555694619,-0.482806505478782
all,senyum,1,5,0.0012515644555694619,-0.482806505478782
all,tuli,0,77,0.003148897885739991,-0.483615976877696
all,1000,1,6,0.001501877346683354,-0.4843762448536393
all,sc,1,6,0.001501877346683354,-0.4843762448536393
all,kedua,1,31,0.007759699624530663,-0.4848177632673011
all,operasi,1,17,0.00425531914893617,-0.48520802323291023
all,caption,0,24,0.000981474665685192,-0.4852545680055384
all,jubir,0,24,0.000981474665685192,-0.4852545680055384
all,karya,1,7,0.0017521902377972466,-0.4855687099830929
all,keberadaan,1,7,0.0017521902377972466,-0.4855687099830929
all,halaman,1,8,0.002002503128911139,-0.4865174885803168
all,memutuskan,1,8,0.002002503128911139,-0.4865174885803168
all,jam,1,43,0.010763454317897372,-0.48750215793100404
all,hobi,0,39,0.001594896331738437,-0.4875890284608841
all,warganya,0,39,0.001594896331738437,-0.4875890284608841
all,bumi,0,122,0.004989162883899726,-0.4877733932319785
all,perbedaan,0,54,0.002208317997791682,-0.4888519553278854
all,mental,0,69,0.002821739663844927,-0.48973818282707765
all,yakin,0,84,0.003435161329898172,-0.4904488068466527
all,merupakan,1,46,0.01151439299123905,-0.4908774484622872
all,follow,1,36,0.009011264080100126,-0.49276721914186306
all,dalamnya,0,35,0.001431317220790905,-0.49418649089924915
all,mencintai,0,35,0.001431317220790905,-0.49418649089924915
all,gitu,0,166,0.006788533104322578,-0.4963604407923616
all,aduh,0,20,0.00081789555473766,-0.49636181124376866
all,berafiliasi,0,20,0.00081789555473766,-0.49636181124376866
all,dipastikan,0,20,0.00081789555473766,-0.49636181124376866
all,mengibarkan,0,20,0.00081789555473766,-0.49636181124376866
all,pimpin,0,20,0.00081789555473766,-0.49636181124376866
all,group,1,15,0.0037546933667083854,-0.49679852719441836
all,cuman,0,61,0.002494581441949863,-0.49744273083026386
all,ingat,0,61,0.002494581441949863,-0.49744273083026386
all,pake,0,192,0.007851797325481536,-0.49805418216646663
all,dasar,0,117,0.004784688995215311,-0.4981467495165569
all,cariberitaditvone,1,7,0.0017521902377972466,-0.4989432597622813
all,menuduh,0,46,0.001881159775896618,-0.49900596399435077
all,makin,0,263,0.010755326544800228,-0.5000256042871757
all,perubahan,0,113,0.004621109884267779,-0.5004335258162352
all,kek,0,244,0.009978325767799452,-0.5008133075884209
all,ditahan,1,5,0.0012515644555694619,-0.5010298098482604
all,markas,1,5,0.0012515644555694619,-0.5010298098482604
all,tampil,1,5,0.0012515644555694619,-0.5010298098482604
all,miskin,0,57,0.002331002331002331,-0.5020873159627287
all,diduduki,0,31,0.001267738109843373,-0.502418988098681
all,hr,0,31,0.001267738109843373,-0.502418988098681
all,padang,0,31,0.001267738109843373,-0.502418988098681
all,prajurit,0,31,0.001267738109843373,-0.502418988098681
all,sifat,0,31,0.001267738109843373,-0.502418988098681
all,antaranews,1,4,0.0010012515644555694,-0.5028705969929383
all,editor,1,4,0.0010012515644555694,-0.5028705969929383
all,hasilnya,1,4,0.0010012515644555694,-0.5028705969929383
all,jasa,1,4,0.0010012515644555694,-0.5028705969929383
all,jawaban,1,4,0.0010012515644555694,-0.5028705969929383
all,kepemimpinan,1,4,0.0010012515644555694,-0.5028705969929383
all,terpaksa,1,4,0.0010012515644555694,-0.5028705969929383
all,walau,1,4,0.0010012515644555694,-0.5028705969929383
all,ilegal,0,94,0.003844109107267002,-0.5041085034910412
all,mengapa,0,94,0.003844109107267002,-0.5041085034910412
all,berubah,0,68,0.002780844886108044,-0.5042721989465458
all,lapangan,0,68,0.002780844886108044,-0.5042721989465458
all,gini,0,187,0.007647323436797121,-0.5047156002709728
all,minimal,1,12,0.003003754693366708,-0.505067095983596
all,mayoritas,0,105,0.004293951662372715,-0.5055272069284857
all,diantaranya,1,3,0.000750938673341677,-0.5058462873584952
all,individu,1,3,0.000750938673341677,-0.5058462873584952
all,jalurgaza,1,3,0.000750938673341677,-0.5058462873584952
all,karyawan,1,3,0.000750938673341677,-0.5058462873584952
all,lanjutkan,1,3,0.000750938673341677,-0.5058462873584952
all,memegang,1,3,0.000750938673341677,-0.5058462873584952
all,memperlihatkan,1,3,0.000750938673341677,-0.5058462873584952
all,pola,1,3,0.000750938673341677,-0.5058462873584952
all,press,1,3,0.000750938673341677,-0.5058462873584952
all,reels,1,3,0.000750938673341677,-0.5058462873584952
all,tusuk,1,3,0.000750938673341677,-0.5058462873584952
all,cowo,0,79,0.003230687441213757,-0.5059344632953079
all,or,1,10,0.0025031289111389237,-0.5070033280186256
all,berisi,1,9,0.0022528160200250315,-0.508325052381499
all,berusaha,0,101,0.004130372551425183,-0.5083735303048641
all,gibran,0,437,0.017871017871017872,-0.5086542409658371
all,karna,0,138,0.005643479327689854,-0.5087194488021519
all,pagi,1,34,0.00851063829787234,-0.5097684340017812
all,sri,1,8,0.002002503128911139,-0.5099924413232978
all,free,1,14,0.003504380475594493,-0.510594354779266
all,900,1,2,0.0005006257822277847,-0.5113052761990686
all,ariel,1,2,0.0005006257822277847,-0.5113052761990686
all,bermula,1,2,0.0005006257822277847,-0.5113052761990686
all,blinken,1,2,0.0005006257822277847,-0.5113052761990686
all,buntut,1,2,0.0005006257822277847,-0.5113052761990686
all,darul,1,2,0.0005006257822277847,-0.5113052761990686
all,dievakuasi,1,2,0.0005006257822277847,-0.5113052761990686
all,dkk,1,2,0.0005006257822277847,-0.5113052761990686
all,efektif,1,2,0.0005006257822277847,-0.5113052761990686
all,ekor,1,2,0.0005006257822277847,-0.5113052761990686
all,elektronik,1,2,0.0005006257822277847,-0.5113052761990686
all,faktor,1,2,0.0005006257822277847,-0.5113052761990686
all,gazapalestina,1,2,0.0005006257822277847,-0.5113052761990686
all,interview,1,2,0.0005006257822277847,-0.5113052761990686
all,kerabat,1,2,0.0005006257822277847,-0.5113052761990686
all,lampung,1,2,0.0005006257822277847,-0.5113052761990686
all,let,1,2,0.0005006257822277847,-0.5113052761990686
all,menekan,1,2,0.0005006257822277847,-0.5113052761990686
all,ng,1,2,0.0005006257822277847,-0.5113052761990686
all,perekonomian,1,2,0.0005006257822277847,-0.5113052761990686
all,rajin,1,2,0.0005006257822277847,-0.5113052761990686
all,ruf,1,2,0.0005006257822277847,-0.5113052761990686
all,tuduh,1,2,0.0005006257822277847,-0.5113052761990686
all,voc,1,2,0.0005006257822277847,-0.5113052761990686
all,wahid,1,2,0.0005006257822277847,-0.5113052761990686
all,bakar,0,108,0.004416635995583364,-0.5121030241272717
all,timnasday,1,7,0.0017521902377972466,-0.5121423649321355
all,tingkat,1,7,0.0017521902377972466,-0.5121423649321355
all,widodo,1,7,0.0017521902377972466,-0.5121423649321355
all,dibanding,0,27,0.001104158998895841,-0.5129704040310746
all,penjahat,0,38,0.001554001554001554,-0.5132724175014237
all,bayi,0,82,0.003353371774424406,-0.514484114301969
all,impor,1,6,0.001501877346683354,-0.5149949745771859
all,nyaman,1,6,0.001501877346683354,-0.5149949745771859
all,prof,1,6,0.001501877346683354,-0.5149949745771859
all,siap,1,27,0.006758448060075094,-0.5155189179944941
all,saudara,0,185,0.007565533881323355,-0.5155219783862358
all,kompas,1,14,0.003504380475594493,-0.5173922793469815
all,punya,0,493,0.02016112542428332,-0.517670617885939
all,proyek,0,78,0.003189792663476874,-0.5186338858082626
all,qassam,0,78,0.003189792663476874,-0.5186338858082626
all,un,1,5,0.0012515644555694619,-0.5189284142144174
all,pajak,0,45,0.001840264998159735,-0.5207869208044759
all,melihat,0,265,0.010837116100273995,-0.5208649221978702
all,hati,0,342,0.013986013986013986,-0.522761310291338
all,jelang,0,34,0.001390422443054022,-0.5228008150612354
all,membombardir,0,34,0.001390422443054022,-0.5228008150612354
all,apakah,0,224,0.009160430213061793,-0.5229485576770476
all,serangan,1,121,0.030287859824780976,-0.5236574651546477
all,jutaan,0,63,0.002576370997423629,-0.5244498234180744
all,real,0,63,0.002576370997423629,-0.5244498234180744
all,700,1,4,0.0010012515644555694,-0.5246515538030636
all,ac,1,4,0.0010012515644555694,-0.5246515538030636
all,memperingatkan,1,4,0.0010012515644555694,-0.5246515538030636
all,usaha,1,7,0.0017521902377972466,-0.5251705827340478
all,paksa,1,10,0.0025031289111389237,-0.5256906631809448
all,jelas,0,282,0.011532327321801006,-0.526064711457209
all,antara,1,56,0.014017521902377972,-0.5261678925918952
all,karir,0,23,0.000940579887948309,-0.5269681976848677
all,masalahnya,0,23,0.000940579887948309,-0.5269681976848677
all,salib,0,23,0.000940579887948309,-0.5269681976848677
all,diatas,0,41,0.001676685887212203,-0.5293370704796833
all,henti,0,41,0.001676685887212203,-0.5293370704796833
all,aja,0,930,0.03803214329530119,-0.5294327382334003
all,dinilai,1,6,0.001501877346683354,-0.5299616302475929
all,story,1,11,0.002753441802252816,-0.5314860733216005
all,viral,1,46,0.01151439299123905,-0.5320148507992075
all,ikut,0,313,0.01280006543164438,-0.5328264932476671
all,krisis,1,8,0.002002503128911139,-0.5329326593041813
all,jg,0,131,0.005357215883531673,-0.5335895021697421
all,48,1,3,0.000750938673341677,-0.5336668048606132
all,icha,1,3,0.000750938673341677,-0.5336668048606132
all,jum,1,3,0.000750938673341677,-0.5336668048606132
all,lancar,1,3,0.000750938673341677,-0.5336668048606132
all,panglima,1,3,0.000750938673341677,-0.5336668048606132
all,pastikan,1,3,0.000750938673341677,-0.5336668048606132
all,results,1,3,0.000750938673341677,-0.5336668048606132
all,signifikan,1,3,0.000750938673341677,-0.5336668048606132
all,terorisme,1,3,0.000750938673341677,-0.5336668048606132
all,tradisi,1,3,0.000750938673341677,-0.5336668048606132
all,teh,0,48,0.001962949331370384,-0.5340246414331214
all,diketahui,1,18,0.004505632040050063,-0.5340881710957424
all,sering,0,149,0.006093321882795567,-0.534204381815605
all,caranya,0,30,0.00122684333210649,-0.5347207953277586
all,kpk,0,30,0.00122684333210649,-0.5347207953277586
all,sosmed,0,30,0.00122684333210649,-0.5347207953277586
all,tawanan,0,30,0.00122684333210649,-0.5347207953277586
all,kan,0,327,0.013372592319960741,-0.5347868010203538
all,teman,1,20,0.0050062578222778474,-0.5353376848326328
all,sipil,0,312,0.012759170653907496,-0.5360628074489435
all,pejabat,1,12,0.003003754693366708,-0.5363624510758201
all,el,1,5,0.0012515644555694619,-0.5365137125114775
all,hendak,1,5,0.0012515644555694619,-0.5365137125114775
all,kalimantan,1,5,0.0012515644555694619,-0.5365137125114775
all,ngasih,1,5,0.0012515644555694619,-0.5365137125114775
all,pp,1,5,0.0012515644555694619,-0.5365137125114775
all,apa,0,946,0.038686459739091315,-0.5368838071656749
all,sedangkan,0,116,0.004743794217478428,-0.5382397137331812
all,jenazah,0,37,0.001513106776264671,-0.5396306825684755
all,menewaskan,1,11,0.002753441802252816,-0.5398605496452776
all,si,0,339,0.013863329652803336,-0.5425781122492525
all,raja,1,8,0.002002503128911139,-0.5442097750500788
all,tiba,1,18,0.004505632040050063,-0.544506618958221
all,more,1,6,0.001501877346683354,-0.5447087847725355
all,pihak,1,35,0.008760951188986232,-0.5456307104011056
all,41,1,4,0.0010012515644555694,-0.5459699241026916
all,afrika,1,4,0.0010012515644555694,-0.5459699241026916
all,am,1,4,0.0010012515644555694,-0.5459699241026916
all,ampe,1,4,0.0010012515644555694,-0.5459699241026916
all,bacapres,1,4,0.0010012515644555694,-0.5459699241026916
all,best,1,4,0.0010012515644555694,-0.5459699241026916
all,lepas,1,4,0.0010012515644555694,-0.5459699241026916
all,mengganggu,1,4,0.0010012515644555694,-0.5459699241026916
all,pemerintah,1,57,0.014267834793491864,-0.5465524941288068
all,perdana,1,21,0.005256570713391739,-0.5471026121939339
all,arab,0,323,0.01320901320901321,-0.5472415212130454
all,bombardir,0,65,0.002658160552897395,-0.5491788179348503
all,ampun,1,2,0.0005006257822277847,-0.5498124936569669
all,beritadunia,1,2,0.0005006257822277847,-0.5498124936569669
all,development,1,2,0.0005006257822277847,-0.5498124936569669
all,keterlibatan,1,2,0.0005006257822277847,-0.5498124936569669
all,ki,1,2,0.0005006257822277847,-0.5498124936569669
all,kpop,1,2,0.0005006257822277847,-0.5498124936569669
all,manfaat,1,2,0.0005006257822277847,-0.5498124936569669
all,pembuat,1,2,0.0005006257822277847,-0.5498124936569669
all,penampilan,1,2,0.0005006257822277847,-0.5498124936569669
all,perut,1,2,0.0005006257822277847,-0.5498124936569669
all,sopan,1,2,0.0005006257822277847,-0.5498124936569669
all,ujian,1,2,0.0005006257822277847,-0.5498124936569669
all,peduli,0,104,0.004253056884635832,-0.5498304136178601
all,kerjanya,0,26,0.001063264221158958,-0.5500526140174021
all,pangeran,0,26,0.001063264221158958,-0.5500526140174021
all,perhatikan,0,26,0.001063264221158958,-0.5500526140174021
all,ragu,0,26,0.001063264221158958,-0.5500526140174021
all,syarat,1,7,0.0017521902377972466,-0.5507317176340614
all,bro,0,33,0.001349527665317139,-0.5522556503084844
all,mendoakan,0,33,0.001349527665317139,-0.5522556503084844
all,kalau,0,611,0.024986709197235512,-0.5526008663775054
all,bekasi,1,5,0.0012515644555694619,-0.5537965092722724
all,bintang,1,5,0.0012515644555694619,-0.5537965092722724
all,dijual,1,5,0.0012515644555694619,-0.5537965092722724
all,semoga,0,360,0.01472211998527788,-0.5549436349538528
all,dibawa,1,8,0.002002503128911139,-0.5553620446386752
all,seruan,1,8,0.002002503128911139,-0.5553620446386752
all,dibilang,0,61,0.002494581441949863,-0.5565345502815118
all,komen,0,61,0.002494581441949863,-0.5565345502815118
all,dapat,1,58,0.014518147684605758,-0.5576403757557029
all,murah,1,9,0.0022528160200250315,-0.5590461391727862
all,persen,1,9,0.0022528160200250315,-0.5590461391727862
all,sma,1,12,0.003003754693366708,-0.5592140472731775
all,bahas,1,6,0.001501877346683354,-0.5592428008920037
all,ahli,0,103,0.004212162106898949,-0.5594869400791148
all,berbasis,1,3,0.000750938673341677,-0.5607364323208239
all,menceritakan,1,3,0.000750938673341677,-0.5607364323208239
all,pendek,1,3,0.000750938673341677,-0.5607364323208239
all,banjir,1,7,0.0017521902377972466,-0.5632729077224965
all,ditangkap,1,7,0.0017521902377972466,-0.5632729077224965
all,penggunaan,1,7,0.0017521902377972466,-0.5632729077224965
all,ketemu,0,85,0.003476056107635055,-0.5643041991722834
all,mahkamah,0,78,0.003189792663476874,-0.5643478955179533
all,mengikuti,0,106,0.004334846440109598,-0.5643789227758662
all,nilai,1,11,0.002753441802252816,-0.564575247209848
all,memilih,0,148,0.006052427105058684,-0.5650205173433788
all,simak,1,18,0.004505632040050063,-0.5650284534817345
all,lawan,0,155,0.006338690549216865,-0.5651628239361781
all,menyuarakan,0,50,0.00204473888684415,-0.5652432450650497
all,ataupun,0,43,0.001758475442685969,-0.5658202439788591
all,fans,0,43,0.001758475442685969,-0.5658202439788591
all,medsos,0,36,0.001472211998527788,-0.566700310028686
all,ngeliat,0,36,0.001472211998527788,-0.566700310028686
all,simbol,0,36,0.001472211998527788,-0.566700310028686
all,temukan,1,12,0.003003754693366708,-0.5667178868958255
all,evakuasi,1,4,0.0010012515644555694,-0.5668449845366381
all,peta,1,4,0.0010012515644555694,-0.5668449845366381
all,rekening,1,4,0.0010012515644555694,-0.5668449845366381
all,topik,1,4,0.0010012515644555694,-0.5668449845366381
all,konteks,0,29,0.001185948554369607,-0.5680981589297813
all,meski,1,13,0.003254067584480601,-0.5685700805477859
all,juru,1,9,0.0022528160200250315,-0.5688912036583749
all,daripada,0,81,0.003312476996687523,-0.5704572289958517
all,bersumpah,0,22,0.000899685110211426,-0.5704942412279029
all,membedakan,0,22,0.000899685110211426,-0.5704942412279029
all,musa,0,22,0.000899685110211426,-0.5704942412279029
all,savegaza,0,22,0.000899685110211426,-0.5704942412279029
all,massa,0,74,0.003026213552529342,-0.5710974709462763
all,apalagi,0,140,0.00572526888316362,-0.5720192214975817
all,menurut,1,44,0.011013767209011264,-0.5722297997743176
all,penulis,1,6,0.001501877346683354,-0.5735697686381737
all,please,1,6,0.001501877346683354,-0.5735697686381737
all,serikat,1,23,0.005757196495619525,-0.575364062477027
all,facebook,1,13,0.003254067584480601,-0.5754605611131296
all,tapi,0,1043,0.042653253179568966,-0.5757182852596597
all,source,1,15,0.0037546933667083854,-0.5776237009871023
all,diberikan,1,9,0.0022528160200250315,-0.5786410838606566
all,menyerukan,1,9,0.0022528160200250315,-0.5786410838606566
all,kerajaan,0,39,0.001594896331738437,-0.5788117476967858
all,ketakutan,0,39,0.001594896331738437,-0.5788117476967858
all,laporan,1,18,0.004505632040050063,-0.5801524256789617
all,menganggap,0,63,0.002576370997423629,-0.580271057178533
all,dilarang,0,87,0.003557845663108821,-0.5813568655666334
all,kader,0,32,0.001308632887580256,-0.5826019481679322
all,kritis,0,32,0.001308632887580256,-0.5826019481679322
all,ngobrol,0,32,0.001308632887580256,-0.5826019481679322
all,pemikiran,0,32,0.001308632887580256,-0.5826019481679322
all,teguh,0,32,0.001308632887580256,-0.5826019481679322
all,terpilih,0,32,0.001308632887580256,-0.5826019481679322
all,jokowi,0,444,0.018157281315176053,-0.5848201312761636
all,prabowo,0,405,0.016562384983437616,-0.5859416036242637
all,kaya,0,200,0.0081789555473766,-0.5862274402052774
all,menentang,0,66,0.002699055330634278,-0.5868811884420695
all,pks,0,66,0.002699055330634278,-0.5868811884420695
all,kanada,1,2,0.0005006257822277847,-0.5868947036432945
all,kontra,1,2,0.0005006257822277847,-0.5868947036432945
all,laporkan,1,2,0.0005006257822277847,-0.5868947036432945
all,latihan,1,2,0.0005006257822277847,-0.5868947036432945
all,maxwin,1,2,0.0005006257822277847,-0.5868947036432945
all,memandang,1,2,0.0005006257822277847,-0.5868947036432945
all,mengerahkan,1,2,0.0005006257822277847,-0.5868947036432945
all,opung,1,2,0.0005006257822277847,-0.5868947036432945
all,salma,1,2,0.0005006257822277847,-0.5868947036432945
all,û,1,2,0.0005006257822277847,-0.5868947036432945
all,istilah,1,3,0.000750938673341677,-0.5870946973878755
all,juli,1,3,0.000750938673341677,-0.5870946973878755
all,minus,1,3,0.000750938673341677,-0.5870946973878755
all,panasnya,1,3,0.000750938673341677,-0.5870946973878755
all,parlemen,1,3,0.000750938673341677,-0.5870946973878755
all,pernyataannya,1,3,0.000750938673341677,-0.5870946973878755
all,restoran,1,3,0.000750938673341677,-0.5870946973878755
all,adi,1,4,0.0010012515644555694,-0.587294831377849
all,bandara,1,4,0.0010012515644555694,-0.587294831377849
all,idntimes,1,4,0.0010012515644555694,-0.587294831377849
all,jan,1,4,0.0010012515644555694,-0.587294831377849
all,viralindonesia,1,4,0.0010012515644555694,-0.587294831377849
all,layanan,1,5,0.0012515644555694619,-0.5874951057647998
all,justru,0,107,0.004375741217846481,-0.5875050565646514
all,tindak,1,6,0.001501877346683354,-0.5876955207005361
all,pemimpin,0,286,0.011695906432748537,-0.5879402951923673
all,fasilitas,1,10,0.0025031289111389237,-0.588498588975369
all,berkaitan,0,25,0.001022369443422075,-0.5885598314753006
all,yak,0,25,0.001022369443422075,-0.5885598314753006
all,teknologi,1,12,0.003003754693366708,-0.5889009703690538
all,suka,0,303,0.012391117654275549,-0.5890282420188417
all,w,1,13,0.003254067584480601,-0.5891023734158306
all,berpikir,0,42,0.001717580664949086,-0.589118071281799
all,tetangga,0,42,0.001717580664949086,-0.589118071281799
all,balas,0,59,0.002412791886476097,-0.5896774015969072
all,mengenai,1,16,0.004005006257822278,-0.5897074337999746
all,kalo,0,561,0.022941970310391364,-0.58985260573268
all,mencapai,1,19,0.004755944931163955,-0.5903137742877567
all,mereka,0,1751,0.07160675581728214,-0.5930132809200419
all,an,0,226,0.009242219768535558,-0.5934331630411952
all,wilayah,1,53,0.013266583229036295,-0.5937883531565745
all,menuju,1,19,0.004755944931163955,-0.5950062012908789
all,gila,1,388,0.09712140175219024,-0.5952474046198015
all,menjelaskan,1,11,0.002753441802252816,-0.5966148719603273
all,twitter,0,106,0.004334846440109598,-0.5968919918050083
all,melaporkan,1,10,0.0025031289111389237,-0.5971604200298003
all,gemoy,0,45,0.001840264998159735,-0.5979990289768213
all,merayakan,0,45,0.001840264998159735,-0.5979990289768213
all,300,1,8,0.002002503128911139,-0.5987762219349029
all,militan,1,8,0.002002503128911139,-0.5987762219349029
all,fatwa,0,99,0.004048582995951417,-0.5990651628037095
all,tersebut,1,117,0.029286608260325406,-0.5993572559036031
all,terbaik,1,18,0.004505632040050063,-0.5999740232815669
all,dr,0,255,0.010428168322905164,-0.600981697692892
all,vs,1,32,0.008010012515644555,-0.6014372461095047
all,enam,1,6,0.001501877346683354,-0.6016256467238945
all,obat,1,6,0.001501877346683354,-0.6016256467238945
all,akar,0,28,0.001145053776632724,-0.6026252766590935
all,asy,0,28,0.001145053776632724,-0.6026252766590935
all,harta,0,28,0.001145053776632724,-0.6026252766590935
all,murid,0,28,0.001145053776632724,-0.6026252766590935
all,pa,0,28,0.001145053776632724,-0.6026252766590935
all,maju,0,112,0.004580215106530896,-0.6038997905951855
all,pagii,1,5,0.0012515644555694619,-0.6039299109080054
all,perkembangan,1,5,0.0012515644555694619,-0.6039299109080054
all,sekretaris,1,5,0.0012515644555694619,-0.6039299109080054
all,tanda,1,5,0.0012515644555694619,-0.6039299109080054
all,bekas,0,38,0.001554001554001554,-0.6044951367373254
all,kenyataan,0,38,0.001554001554001554,-0.6044951367373254
all,pengusaha,0,38,0.001554001554001554,-0.6044951367373254
all,allahu,0,48,0.001962949331370384,-0.6057347355019704
all,bangga,0,48,0.001962949331370384,-0.6057347355019704
all,bener2,0,48,0.001962949331370384,-0.6057347355019704
all,terakhir,1,22,0.005506883604505632,-0.607119065115427
all,bergerak,1,4,0.0010012515644555694,-0.6073364749735589
all,deklarasi,1,4,0.0010012515644555694,-0.6073364749735589
all,gresik,1,4,0.0010012515644555694,-0.6073364749735589
all,diserang,0,78,0.003189792663476874,-0.608084706427055
all,pelanggaran,0,78,0.003189792663476874,-0.608084706427055
all,tanah,0,355,0.014517646096593464,-0.6087976174936562
all,news,1,36,0.009011264080100126,-0.6088569709451007
all,kayak,0,165,0.006747638326585695,-0.6101753518902917
all,ali,0,118,0.004825583772952194,-0.6101856455962358
all,padahal,0,276,0.011286958655379709,-0.6115778067244714
all,pembangunan,1,11,0.002753441802252816,-0.6122616067498255
all,piala,1,11,0.002753441802252816,-0.6122616067498255
all,terlibat,1,11,0.002753441802252816,-0.6122616067498255
all,kalangan,0,71,0.002903529219318693,-0.612322193266658
all,n,0,168,0.006870322659796344,-0.6123413619365543
all,cowok,0,51,0.002085633664581033,-0.6125363627759975
all,dp,1,3,0.000750938673341677,-0.6127780864284152
all,efek,1,3,0.000750938673341677,-0.6127780864284152
all,http,1,3,0.000750938673341677,-0.6127780864284152
all,pppk,1,3,0.000750938673341677,-0.6127780864284152
all,solutif,1,3,0.000750938673341677,-0.6127780864284152
all,tajam,1,3,0.000750938673341677,-0.6127780864284152
all,tambahnya,1,3,0.000750938673341677,-0.6127780864284152
all,ikn,0,41,0.001676685887212203,-0.6129696834361165
all,hatinya,0,31,0.001267738109843373,-0.6138954383594551
all,agama,0,394,0.0161125424283319,-0.6139006413002088
all,sah,1,10,0.0025031289111389237,-0.6142642886853001
all,timur,1,33,0.008260325406758449,-0.6149699531594442
all,dugaan,1,6,0.001501877346683354,-0.6153655066269538
all,olahraga,1,6,0.001501877346683354,-0.6153655066269538
all,bolivia,0,21,0.000858790332474543,-0.6159975452326294
all,janganlah,0,21,0.000858790332474543,-0.6159975452326294
all,keuntungan,0,21,0.000858790332474543,-0.6159975452326294
all,meledak,0,21,0.000858790332474543,-0.6159975452326294
all,mencuri,0,21,0.000858790332474543,-0.6159975452326294
all,pecat,0,21,0.000858790332474543,-0.6159975452326294
all,ة,0,21,0.000858790332474543,-0.6159975452326294
all,emg,0,84,0.003435161329898172,-0.6163672368456272
all,suci,0,74,0.003026213552529342,-0.6168114806559668
all,umum,1,27,0.006758448060075094,-0.6183708935176039
all,waspada,0,54,0.002208317997791682,-0.618566136259487
all,cabang,1,5,0.0012515644555694619,-0.6201002898861072
all,irak,0,44,0.001799370220422852,-0.6202631342567644
all,minum,0,44,0.001799370220422852,-0.6202631342567644
all,hari,1,171,0.042803504380475595,-0.6205123843242294
all,57,1,2,0.0005006257822277847,-0.6226537262273659
all,administrasi,1,2,0.0005006257822277847,-0.6226537262273659
all,bca,1,2,0.0005006257822277847,-0.6226537262273659
all,elemen,1,2,0.0005006257822277847,-0.6226537262273659
all,kiki,1,2,0.0005006257822277847,-0.6226537262273659
all,kinerja,1,2,0.0005006257822277847,-0.6226537262273659
all,menyesalkan,1,2,0.0005006257822277847,-0.6226537262273659
all,misterius,1,2,0.0005006257822277847,-0.6226537262273659
all,mitra,1,2,0.0005006257822277847,-0.6226537262273659
all,ngerjain,1,2,0.0005006257822277847,-0.6226537262273659
all,pengepungan,1,2,0.0005006257822277847,-0.6226537262273659
all,q,1,2,0.0005006257822277847,-0.6226537262273659
all,siaran,1,2,0.0005006257822277847,-0.6226537262273659
all,sindonews,1,2,0.0005006257822277847,-0.6226537262273659
all,tebal,1,2,0.0005006257822277847,-0.6226537262273659
all,tulang,1,2,0.0005006257822277847,-0.6226537262273659
all,tuturnya,1,2,0.0005006257822277847,-0.6226537262273659
all,uji,1,2,0.0005006257822277847,-0.6226537262273659
all,buang,0,34,0.001390422443054022,-0.6231351516927903
all,jakarta,1,47,0.011764705882352941,-0.6249662116104963
all,7,1,62,0.015519399249061327,-0.6257504587463034
all,detik,1,9,0.0022528160200250315,-0.6260249998124996
all,serius,1,9,0.0022528160200250315,-0.6260249998124996
all,gatau,0,47,0.001922054553633501,-0.626609795935917
all,perbuatan,0,47,0.001922054553633501,-0.626609795935917
all,ganjarmahfud2024,1,4,0.0010012515644555694,-0.6269859249301498
all,hijau,1,4,0.0010012515644555694,-0.6269859249301498
all,pengusiran,1,4,0.0010012515644555694,-0.6269859249301498
all,sementara,1,42,0.010513141426783479,-0.6272124826663779
all,pria,1,16,0.004005006257822278,-0.6278382207895762
all,kekejaman,0,83,0.003394266552161289,-0.6283131734102197
all,galang,0,24,0.000981474665685192,-0.6286061010433631
all,kontroversi,0,24,0.000981474665685192,-0.6286061010433631
all,memboikot,0,24,0.000981474665685192,-0.6286061010433631
all,syam,0,24,0.000981474665685192,-0.6286061010433631
all,ال,0,24,0.000981474665685192,-0.6286061010433631
all,membutuhkan,1,6,0.001501877346683354,-0.6289202430209179
all,nyata,0,119,0.004866478550689077,-0.6297732310849767
all,kemarin,1,15,0.0037546933667083854,-0.6300292203013774
all,on,1,15,0.0037546933667083854,-0.6300292203013774
all,silakan,1,8,0.002002503128911139,-0.6301519282604127
all,konsep,0,37,0.001513106776264671,-0.6308534018043771
all,bulan,1,33,0.008260325406758449,-0.631029785547218
all,org,0,274,0.011205169099905942,-0.631223981767317
all,nonton,1,19,0.004755944931163955,-0.6317868137077189
all,tanya,0,63,0.002576370997423629,-0.6331662364787068
all,duta,1,7,0.0017521902377972466,-0.6354063365353879
all,darat,1,15,0.0037546933667083854,-0.635688405553374
all,positif,1,5,0.0012515644555694619,-0.6360146377714426
all,red,1,5,0.0012515644555694619,-0.6360146377714426
all,demi,0,233,0.009528483212693738,-0.6364758000139272
all,state,0,40,0.00163579110947532,-0.6374020983429382
all,sini,0,154,0.006297795771479982,-0.6376556287504206
all,antonio,1,3,0.000750938673341677,-0.6378203487386961
all,belanja,1,3,0.000750938673341677,-0.6378203487386961
all,jawapos,1,3,0.000750938673341677,-0.6378203487386961
all,nov,1,3,0.000750938673341677,-0.6378203487386961
all,seminggu,1,3,0.000750938673341677,-0.6378203487386961
all,tribun,1,3,0.000750938673341677,-0.6378203487386961
all,kelaparan,0,27,0.001104158998895841,-0.6383842992431648
all,kesejahteraan,0,27,0.001104158998895841,-0.6383842992431648
all,sedunia,0,27,0.001104158998895841,-0.6383842992431648
all,kejahatan,0,170,0.00695211221527011,-0.6398063263856312
all,35,1,8,0.002002503128911139,-0.6403971560795935
all,tv,1,13,0.003254067584480601,-0.6419026229424021
all,nya,0,766,0.031325399746452376,-0.6420776077490252
all,berangkat,1,6,0.001501877346683354,-0.642294792800106
all,berbicara,1,6,0.001501877346683354,-0.642294792800106
all,tahu,0,212,0.008669692880219196,-0.6424075504997312
all,alkitab,0,43,0.001758475442685969,-0.6430323521512046
all,sejarah,0,202,0.008260745102850365,-0.6433755265492139
all,internasional,1,43,0.010763454317897372,-0.6451520395641978
all,diam,0,88,0.003598740440845704,-0.6459634604342432
all,uu,0,30,0.00122684333210649,-0.6461972455885328
all,berperan,1,4,0.0010012515644555694,-0.646258267105564
all,manusia,0,358,0.014640330429804114,-0.6478602863211593
all,tpi,0,46,0.001881159775896618,-0.647928166235545
all,memberi,1,13,0.003254067584480601,-0.6483132285724158
all,perlindungan,1,8,0.002002503128911139,-0.6505393113968362
all,bersenjata,1,5,0.0012515644555694619,-0.6516809560845334
all,bertanya,0,33,0.001349527665317139,-0.6525899869400393
all,ceasefirenow,0,33,0.001349527665317139,-0.6525899869400393
all,diantara,0,33,0.001349527665317139,-0.6525899869400393
all,dipakai,0,33,0.001349527665317139,-0.6525899869400393
all,hormat,0,33,0.001349527665317139,-0.6525899869400393
all,2,1,134,0.033541927409261575,-0.652767786922273
all,penting,1,16,0.004005006257822278,-0.6542238014658407
all,digital,1,6,0.001501877346683354,-0.6554938979699602
all,roket,1,10,0.0025031289111389237,-0.6557979664457498
all,anda,0,238,0.009732957101378155,-0.6569485053870076
all,82,1,2,0.0005006257822277847,-0.6571808439566782
all,aladdin666,1,2,0.0005006257822277847,-0.6571808439566782
all,anadolu,1,2,0.0005006257822277847,-0.6571808439566782
all,cuy,1,2,0.0005006257822277847,-0.6571808439566782
all,faisal,1,2,0.0005006257822277847,-0.6571808439566782
all,harum,1,2,0.0005006257822277847,-0.6571808439566782
all,irene,1,2,0.0005006257822277847,-0.6571808439566782
all,kepedulian,1,2,0.0005006257822277847,-0.6571808439566782
all,kolaborasi,1,2,0.0005006257822277847,-0.6571808439566782
all,mencerminkan,1,2,0.0005006257822277847,-0.6571808439566782
all,permainan,1,2,0.0005006257822277847,-0.6571808439566782
all,rebecca,1,2,0.0005006257822277847,-0.6571808439566782
all,rizal,1,2,0.0005006257822277847,-0.6571808439566782
all,serbu,1,2,0.0005006257822277847,-0.6571808439566782
all,singkat,1,2,0.0005006257822277847,-0.6571808439566782
all,special,1,2,0.0005006257822277847,-0.6571808439566782
all,terbanyak,1,2,0.0005006257822277847,-0.6571808439566782
all,will,1,2,0.0005006257822277847,-0.6571808439566782
all,wisata,1,2,0.0005006257822277847,-0.6571808439566782
all,menutup,0,36,0.001472211998527788,-0.6579230292645877
all,muhamad,0,36,0.001472211998527788,-0.6579230292645877
all,puas,0,36,0.001472211998527788,-0.6579230292645877
all,knp,0,71,0.002903529219318693,-0.6580362029763485
all,beri,1,7,0.0017521902377972466,-0.6583465545162716
all,peran,1,7,0.0017521902377972466,-0.6583465545162716
all,y,0,55,0.002249212775528565,-0.6594346513412568
all,nasional,1,20,0.0050062578222778474,-0.6597260845745518
all,kampanye,0,74,0.003026213552529342,-0.6605482915650686
all,selanjutnya,1,8,0.002002503128911139,-0.6605804557480961
all,tempat,1,48,0.012015018773466833,-0.6612484021316337
all,72,1,3,0.000750938673341677,-0.6622527636455178
all,melarikan,1,3,0.000750938673341677,-0.6622527636455178
all,note,1,3,0.000750938673341677,-0.6622527636455178
all,off,1,3,0.000750938673341677,-0.6622527636455178
all,perserikatan,1,3,0.000750938673341677,-0.6622527636455178
all,polsek,1,3,0.000750938673341677,-0.6622527636455178
all,tautan,1,3,0.000750938673341677,-0.6622527636455178
all,love,1,14,0.003504380475594493,-0.6623373236004799
all,my,1,9,0.0022528160200250315,-0.6623923633863541
all,kaget,0,39,0.001594896331738437,-0.662444360653219
all,bangsa,0,304,0.012432012432012432,-0.663614086241007
all,berlebihan,0,20,0.00081789555473766,-0.6636665224746626
all,bngt,0,20,0.00081789555473766,-0.6636665224746626
all,dateng,0,20,0.00081789555473766,-0.6636665224746626
all,jumatberkah,0,20,0.00081789555473766,-0.6636665224746626
all,madrid,0,20,0.00081789555473766,-0.6636665224746626
all,negri,0,20,0.00081789555473766,-0.6636665224746626
all,pelajaran,0,20,0.00081789555473766,-0.6636665224746626
all,pelakunya,0,20,0.00081789555473766,-0.6636665224746626
all,sorry,0,20,0.00081789555473766,-0.6636665224746626
all,kecuali,0,80,0.00327158221895064,-0.6650257129155378
all,angin,1,4,0.0010012515644555694,-0.6651677333369226
all,level,1,4,0.0010012515644555694,-0.6651677333369226
all,lina,1,4,0.0010012515644555694,-0.6651677333369226
all,mengutip,1,4,0.0010012515644555694,-0.6651677333369226
all,mendapatkan,1,22,0.005506883604505632,-0.6656702820036213
all,entertainment,1,5,0.0012515644555694619,-0.6671068770151249
all,smp,1,5,0.0012515644555694619,-0.6671068770151249
all,11,1,61,0.015269086357947435,-0.6680860396512198
all,pula,0,86,0.003516950885371938,-0.6689036784151268
all,koalisi,0,45,0.001840264998159735,-0.6697091230456702
all,sekitar,1,33,0.008260325406758449,-0.6701194041611547
all,baptis,0,23,0.000940579887948309,-0.6703197307226925
all,emyu,0,23,0.000940579887948309,-0.6703197307226925
all,kudu,0,23,0.000940579887948309,-0.6703197307226925
all,novel,0,23,0.000940579887948309,-0.6703197307226925
all,seandainya,0,23,0.000940579887948309,-0.6703197307226925
all,memasuki,1,8,0.002002503128911139,-0.6705225894335607
all,masyarakat,1,53,0.013266583229036295,-0.6712250723180968
all,bunuh,0,73,0.002985318774792459,-0.6741030279590325
all,40,1,15,0.0037546933667083854,-0.6744430845374207
all,asia,1,15,0.0037546933667083854,-0.6744430845374207
all,perusahaan,1,16,0.004005006257822278,-0.6748497639944375
all,senang,0,51,0.002085633664581033,-0.6753079760400604
all,dipenuhi,0,26,0.001063264221158958,-0.6754665092294925
all,gaza_genocide,0,26,0.001063264221158958,-0.6754665092294925
all,putaran,0,26,0.001063264221158958,-0.6754665092294925
all,tercinta,0,26,0.001063264221158958,-0.6754665092294925
all,bagian,1,24,0.006007509386733416,-0.677629310591813
all,kota,1,53,0.013266583229036295,-0.6776971993517593
all,ngakak,0,29,0.001185948554369607,-0.6795746091905555
all,malaysia,1,15,0.0037546933667083854,-0.679860648100921
all,update,1,22,0.005506883604505632,-0.6807335250371606
all,ungkap,1,7,0.0017521902377972466,-0.6807759398507656
all,perhatian,1,6,0.001501877346683354,-0.6813838281589314
all,pintar,0,32,0.001308632887580256,-0.682936284799487
all,pura,0,32,0.001308632887580256,-0.682936284799487
all,pro,0,276,0.011286958655379709,-0.6833163963469809
all,arhan,1,4,0.0010012515644555694,-0.6837277647107232
all,dosen,1,4,0.0010012515644555694,-0.6837277647107232
all,gugur,1,4,0.0010012515644555694,-0.6837277647107232
all,terkena,1,4,0.0010012515644555694,-0.6837277647107232
all,tuduhan,1,4,0.0010012515644555694,-0.6837277647107232
all,tvonenews,1,4,0.0010012515644555694,-0.6837277647107232
all,cuma,0,326,0.013331697542223858,-0.685314704070228
all,jeda,1,3,0.000750938673341677,-0.6861043757998352
all,kamuharustau,1,3,0.000750938673341677,-0.6861043757998352
all,mengubah,1,3,0.000750938673341677,-0.6861043757998352
all,patroli,1,3,0.000750938673341677,-0.6861043757998352
all,terletak,1,3,0.000750938673341677,-0.6861043757998352
all,all,1,12,0.003003754693366708,-0.6864385847663651
all,meskipun,1,12,0.003003754693366708,-0.6864385847663651
all,hukuman,0,38,0.001554001554001554,-0.6881277496937587
all,mengancam,0,38,0.001554001554001554,-0.6881277496937587
all,hancur,0,106,0.004334846440109598,-0.6886207723178921
all,ribuan,1,18,0.004505632040050063,-0.6891875572880493
all,mengungkapkan,1,8,0.002002503128911139,-0.6901175341214308
all,menit,1,8,0.002002503128911139,-0.6901175341214308
all,hrs,0,41,0.001676685887212203,-0.6901817916084618
all,bekerjasama,1,2,0.0005006257822277847,-0.6905582075587007
all,dapur,1,2,0.0005006257822277847,-0.6905582075587007
all,have,1,2,0.0005006257822277847,-0.6905582075587007
all,independen,1,2,0.0005006257822277847,-0.6905582075587007
all,jajaran,1,2,0.0005006257822277847,-0.6905582075587007
all,jumlahnya,1,2,0.0005006257822277847,-0.6905582075587007
all,kapten,1,2,0.0005006257822277847,-0.6905582075587007
all,maya,1,2,0.0005006257822277847,-0.6905582075587007
all,menempati,1,2,0.0005006257822277847,-0.6905582075587007
all,mengangkut,1,2,0.0005006257822277847,-0.6905582075587007
all,ridwan,1,2,0.0005006257822277847,-0.6905582075587007
all,survei,1,2,0.0005006257822277847,-0.6905582075587007
all,terulang,1,2,0.0005006257822277847,-0.6905582075587007
all,tewaskan,1,2,0.0005006257822277847,-0.6905582075587007
all,raya,1,12,0.003003754693366708,-0.693058704741049
all,tewas,1,31,0.007759699624530663,-0.6930922830735687
all,nomor,1,19,0.004755944931163955,-0.6931209743080055
all,aktif,1,6,0.001501877346683354,-0.694083250671886
all,pers,1,6,0.001501877346683354,-0.694083250671886
all,global,1,11,0.002753441802252816,-0.6942405356220592
all,hadir,1,11,0.002753441802252816,-0.6942405356220592
all,https,1,58,0.014518147684605758,-0.6943651902563224
all,bang,1,10,0.0025031289111389237,-0.695691239212236
all,maka,0,332,0.013577066208645155,-0.6959310672989997
all,malu,0,53,0.002167423220054799,-0.6962179870845357
all,tinggi,1,26,0.006508135168961202,-0.6972179226154747
all,event,1,5,0.0012515644555694619,-0.697266341478487
all,kakak,1,5,0.0012515644555694619,-0.697266341478487
all,menyambut,1,5,0.0012515644555694619,-0.697266341478487
all,minyak,1,5,0.0012515644555694619,-0.697266341478487
all,aamiin,0,62,0.002535476219686746,-0.6993425139943554
all,ngapain,0,62,0.002535476219686746,-0.6993425139943554
all,lucu,0,65,0.002658160552897395,-0.700215548182963
all,lah,0,262,0.010714431767063347,-0.7006013826456258
all,music,1,4,0.0010012515644555694,-0.7019510690802016
all,kasus,1,19,0.004755944931163955,-0.705797330530017
all,abu,0,156,0.006379585326953748,-0.706577058531964
all,keliru,1,6,0.001501877346683354,-0.7066244407603213
all,masing,1,6,0.001501877346683354,-0.7066244407603213
all,berdasarkan,1,14,0.003504380475594493,-0.7082587745742546
all,malah,0,300,0.0122684333210649,-0.7087027693868191
all,1,1,150,0.03754693366708386,-0.7090452584001103
all,capres,0,229,0.009364904101746207,-0.7093749477944838
all,bahrain,1,3,0.000750938673341677,-0.7094022031027751
all,berupaya,1,3,0.000750938673341677,-0.7094022031027751
all,dok,1,3,0.000750938673341677,-0.7094022031027751
all,februari,1,3,0.000750938673341677,-0.7094022031027751
all,lomba,1,3,0.000750938673341677,-0.7094022031027751
all,mandiri,1,3,0.000750938673341677,-0.7094022031027751
all,mohammad,1,3,0.000750938673341677,-0.7094022031027751
all,gak,0,643,0.02629534208481577,-0.7114375032254789
all,pekerja,1,5,0.0012515644555694619,-0.7120134960034297
all,persoalan,1,5,0.0012515644555694619,-0.7120134960034297
all,terupdate,1,5,0.0012515644555694619,-0.7120134960034297
all,dipaksa,0,22,0.000899685110211426,-0.7138457742657278
all,minoritas,0,22,0.000899685110211426,-0.7138457742657278
all,pandang,0,22,0.000899685110211426,-0.7138457742657278
all,pasir,0,22,0.000899685110211426,-0.7138457742657278
all,sebarkan,0,22,0.000899685110211426,-0.7138457742657278
all,siapakah,0,22,0.000899685110211426,-0.7138457742657278
all,doi,0,25,0.001022369443422075,-0.7139737266873909
all,patung,0,25,0.001022369443422075,-0.7139737266873909
all,pahlawan,0,28,0.001145053776632724,-0.7141017269198677
all,duluan,0,31,0.001267738109843373,-0.71422977499101
all,gamau,0,31,0.001267738109843373,-0.71422977499101
all,wafat,0,31,0.001267738109843373,-0.71422977499101
all,modal,0,34,0.001390422443054022,-0.7143578709286921
all,ba,0,37,0.001513106776264671,-0.7144860147608103
all,rakyatnya,0,40,0.00163579110947532,-0.7146142065152836
all,sekelompok,0,40,0.00163579110947532,-0.7146142065152836
all,kayaknya,0,46,0.001881159775896618,-0.714870733903084
all,abad,0,49,0.002003844109107267,-0.7149990695923613
all,mending,0,52,0.002126528442317916,-0.7151274533158946
all,palestin,0,55,0.002249212775528565,-0.7152558851017152
all,luka,1,11,0.002753441802252816,-0.7154914779019903
all,bila,0,61,0.002494581441949863,-0.7155128929724573
all,pikir,0,67,0.002739950108371161,-0.7157700934292917
all,itulah,0,73,0.002985318774792459,-0.716027486697285
all,mohon,0,73,0.002985318774792459,-0.716027486697285
all,timnas,1,10,0.0025031289111389237,-0.7188925214727367
all,melanjutkan,1,6,0.001501877346683354,-0.7190113055901346
all,posisi,1,12,0.003003754693366708,-0.7191147311147476
all,2024,1,60,0.015018773466833541,-0.7197586886951205
all,kk,1,4,0.0010012515644555694,-0.7198496734463585
all,pelayanan,1,4,0.0010012515644555694,-0.7198496734463585
all,79,1,2,0.0005006257822277847,-0.7228600147877785
all,86,1,2,0.0005006257822277847,-0.7228600147877785
all,can,1,2,0.0005006257822277847,-0.7228600147877785
all,kristiani,1,2,0.0005006257822277847,-0.7228600147877785
all,pelajar,1,2,0.0005006257822277847,-0.7228600147877785
all,pernikahan,1,2,0.0005006257822277847,-0.7228600147877785
all,reaksi,1,2,0.0005006257822277847,-0.7228600147877785
all,sejati,1,2,0.0005006257822277847,-0.7228600147877785
all,shop,1,2,0.0005006257822277847,-0.7228600147877785
all,sulawesi,1,2,0.0005006257822277847,-0.7228600147877785
all,terdampar,1,2,0.0005006257822277847,-0.7228600147877785
all,member,1,9,0.0022528160200250315,-0.723043129189057
all,pasti,0,262,0.010714431767063347,-0.724235374447761
all,pembantaian,0,93,0.003803214329530119,-0.7276093338892414
all,kapan,0,78,0.003189792663476874,-0.7289844955148214
all,ekonomi,1,21,0.005256570713391739,-0.7301789271968382
all,sungguh,0,69,0.002821739663844927,-0.7302257336939826
all,disana,0,66,0.002699055330634278,-0.7307367490996985
all,konser,0,66,0.002699055330634278,-0.7307367490996985
all,pd,0,66,0.002699055330634278,-0.7307367490996985
all,20,1,36,0.009011264080100126,-0.7311197984570401
all,2025,1,6,0.001501877346683354,-0.7312476093749156
all,ngga,0,63,0.002576370997423629,-0.7313077874266455
all,meminta,1,24,0.006007509386733416,-0.7313722207750959
all,pekan,1,9,0.0022528160200250315,-0.7314176055127342
all,hadi,1,3,0.000750938673341677,-0.7321714209972152
all,kalinya,1,3,0.000750938673341677,-0.7321714209972152
all,ning,1,3,0.000750938673341677,-0.7321714209972152
all,our,1,3,0.000750938673341677,-0.7321714209972152
all,personel,1,3,0.000750938673341677,-0.7321714209972152
all,rb,1,3,0.000750938673341677,-0.7321714209972152
all,st,1,3,0.000750938673341677,-0.7321714209972152
all,surga,0,48,0.001962949331370384,-0.7354489164335721
all,saja,0,446,0.01823907087064982,-0.7370596301273258
all,ade,1,4,0.0010012515644555694,-0.7374349717434188
all,anime,1,4,0.0010012515644555694,-0.7374349717434188
all,asasi,1,4,0.0010012515644555694,-0.7374349717434188
all,kesepakatan,1,4,0.0010012515644555694,-0.7374349717434188
all,komandan,1,4,0.0010012515644555694,-0.7374349717434188
all,mengunjungi,1,4,0.0010012515644555694,-0.7374349717434188
all,owner,1,4,0.0010012515644555694,-0.7374349717434188
all,persiapan,1,4,0.0010012515644555694,-0.7374349717434188
all,peserta,1,4,0.0010012515644555694,-0.7374349717434188
all,pesta,1,4,0.0010012515644555694,-0.7374349717434188
all,wajah,1,4,0.0010012515644555694,-0.7374349717434188
all,belah,0,42,0.001717580664949086,-0.7380402735229935
all,bersalah,0,42,0.001717580664949086,-0.7380402735229935
all,sekutu,0,42,0.001717580664949086,-0.7380402735229935
all,kalian,0,424,0.01733938576043839,-0.7387304099291163
all,pdip,0,86,0.003516950885371938,-0.7396120328772479
all,bung,0,39,0.001594896331738437,-0.7396564688255645
all,niat,0,39,0.001594896331738437,-0.7396564688255645
all,pengalaman,1,9,0.0022528160200250315,-0.7397232118160094
all,populer,1,5,0.0012515644555694619,-0.7408744798690678
all,tiktok,1,21,0.005256570713391739,-0.7412921131206345
all,hoax,0,77,0.003148897885739991,-0.74184620790188
all,kunjungi,1,6,0.001501877346683354,-0.7433369802656392
all,kok,0,239,0.009773851879115038,-0.7443136233135721
all,bismillah,0,68,0.002780844886108044,-0.7447597498134508
all,and,1,21,0.005256570713391739,-0.7449698389674237
all,melalui,1,37,0.009261576971214018,-0.7451479679366055
all,angkatan,1,7,0.0017521902377972466,-0.7452153978543634
all,bakalan,0,30,0.00122684333210649,-0.7465315822200876
all,bebaskan,0,30,0.00122684333210649,-0.7465315822200876
all,hadapan,0,30,0.00122684333210649,-0.7465315822200876
all,transgender,0,30,0.00122684333210649,-0.7465315822200876
all,total,1,19,0.004755944931163955,-0.7469492395660922
all,kebenaran,0,62,0.002535476219686746,-0.7472221353119809
all,ل,0,62,0.002535476219686746,-0.7472221353119809
all,terbaru,1,20,0.0050062578222778474,-0.7478190140899126
all,papua,1,9,0.0022528160200250315,-0.7479610771625578
all,dll,0,135,0.005520794994479205,-0.7481290612154623
all,selasa,1,27,0.006758448060075094,-0.7498530830435327
all,assalamualaikum,0,27,0.001104158998895841,-0.7498607495039391
all,hidayah,0,27,0.001104158998895841,-0.7498607495039391
all,kiamat,0,27,0.001104158998895841,-0.7498607495039391
all,د,0,27,0.001104158998895841,-0.7498607495039391
all,situasi,1,12,0.003003754693366708,-0.7507696674612824
all,lo,0,143,0.005847953216374269,-0.7537168799927957
all,diduga,1,17,0.00425531914893617,-0.7539605762025047
all,reply,0,24,0.000981474665685192,-0.7540199962554534
all,badmintoneurope,1,2,0.0005006257822277847,-0.7541535049793016
all,bimbingan,1,2,0.0005006257822277847,-0.7541535049793016
all,cikarang,1,2,0.0005006257822277847,-0.7541535049793016
all,kapasitas,1,2,0.0005006257822277847,-0.7541535049793016
all,kurus,1,2,0.0005006257822277847,-0.7541535049793016
all,mall,1,2,0.0005006257822277847,-0.7541535049793016
all,memakan,1,2,0.0005006257822277847,-0.7541535049793016
all,memanfaatkan,1,2,0.0005006257822277847,-0.7541535049793016
all,menembakkan,1,2,0.0005006257822277847,-0.7541535049793016
all,menu,1,2,0.0005006257822277847,-0.7541535049793016
all,pengurus,1,2,0.0005006257822277847,-0.7541535049793016
all,tertarik,1,2,0.0005006257822277847,-0.7541535049793016
all,whoosh,1,2,0.0005006257822277847,-0.7541535049793016
all,120,1,3,0.000750938673341677,-0.7544355262771584
all,aktivitas,1,3,0.000750938673341677,-0.7544355262771584
all,milisi,1,3,0.000750938673341677,-0.7544355262771584
all,pegawai,1,3,0.000750938673341677,-0.7544355262771584
all,beroperasi,1,4,0.0010012515644555694,-0.7547177685042136
all,menunggu,1,4,0.0010012515644555694,-0.7547177685042136
all,siswi,1,4,0.0010012515644555694,-0.7547177685042136
all,yogyakarta,1,4,0.0010012515644555694,-0.7547177685042136
all,gunung,1,5,0.0012515644555694619,-0.7550002319314302
all,perayaan,1,6,0.001501877346683354,-0.7552829168302317
all,menghadiri,1,7,0.0017521902377972466,-0.755565823472503
all,babak,1,13,0.003254067584480601,-0.7572679352228964
all,umat,0,374,0.015294646873594242,-0.7590896540183578
all,berkali,0,21,0.000858790332474543,-0.7593490782704542
all,freepalestinefromisrael,0,21,0.000858790332474543,-0.7593490782704542
all,sekian,0,21,0.000858790332474543,-0.7593490782704542
all,tabligh,0,21,0.000858790332474543,-0.7593490782704542
all,berada,1,25,0.006257822277847309,-0.7606963739022636
all,rakyat,0,558,0.022819285977180713,-0.7616403440230722
all,e,1,13,0.003254067584480601,-0.7629909582446622
all,saksi,1,9,0.0022528160200250315,-0.764237964434797
all,ber,0,38,0.001554001554001554,-0.7653398578661041
all,cindo,0,38,0.001554001554001554,-0.7653398578661041
all,sebaliknya,0,38,0.001554001554001554,-0.7653398578661041
all,heran,0,58,0.002371897108739214,-0.7656462946081903
all,bukan,0,799,0.032674927411769514,-0.7685963641452052
all,hindu,0,35,0.001431317220790905,-0.769376159723139
all,kehancuran,0,35,0.001431317220790905,-0.769376159723139
all,maha,0,35,0.001431317220790905,-0.769376159723139
all,pemukiman,0,35,0.001431317220790905,-0.769376159723139
all,bella,1,4,0.0010012515644555694,-0.7717083188245513
all,it,1,4,0.0010012515644555694,-0.7717083188245513
all,janda,0,32,0.001308632887580256,-0.7741590040353886
all,kajian,0,32,0.001308632887580256,-0.7741590040353886
all,lesbian,0,32,0.001308632887580256,-0.7741590040353886
all,data,1,13,0.003254067584480601,-0.7743410672897618
all,45,1,7,0.0017521902377972466,-0.7759532066089264
all,shifa,1,7,0.0017521902377972466,-0.7759532066089264
all,demokrat,1,3,0.000750938673341677,-0.7762164830872835
all,mandi,1,3,0.000750938673341677,-0.7762164830872835
all,ntt,1,3,0.000750938673341677,-0.7762164830872835
all,transfer,1,3,0.000750938673341677,-0.7762164830872835
all,idf,0,117,0.004784688995215311,-0.7763782036746039
all,gerbang,0,29,0.001185948554369607,-0.7799089458221103
all,ok,0,29,0.001185948554369607,-0.7799089458221103
all,ngomong,0,74,0.003026213552529342,-0.7814480806528349
all,online,1,12,0.003003754693366708,-0.7814656802469684
all,dosa,0,43,0.001758475442685969,-0.7816850138875924
all,daniel,1,5,0.0012515644555694619,-0.7826702178578478
all,kehidupan,1,8,0.002002503128911139,-0.7827595118705856
all,amat,0,57,0.002331002331002331,-0.7829290913689851
all,usir,0,71,0.002903529219318693,-0.783954632975323
all,125,1,2,0.0005006257822277847,-0.7844998028387491
all,berkunjung,1,2,0.0005006257822277847,-0.7844998028387491
all,capai,1,2,0.0005006257822277847,-0.7844998028387491
all,doubles,1,2,0.0005006257822277847,-0.7844998028387491
all,jago,1,2,0.0005006257822277847,-0.7844998028387491
all,kedutaan,1,2,0.0005006257822277847,-0.7844998028387491
all,onic,1,2,0.0005006257822277847,-0.7844998028387491
all,palembang,1,2,0.0005006257822277847,-0.7844998028387491
all,project,1,2,0.0005006257822277847,-0.7844998028387491
all,undangan,1,2,0.0005006257822277847,-0.7844998028387491
all,bio,1,21,0.005256570713391739,-0.7845757996955839
all,utk,0,133,0.005439005439005439,-0.7846120893419476
all,badan,1,17,0.00425531914893617,-0.7846866780072876
all,gedung,1,13,0.003254067584480601,-0.7855656348294763
all,istana,0,26,0.001063264221158958,-0.7869429594902666
all,kesel,0,26,0.001063264221158958,-0.7869429594902666
all,nasdem,0,26,0.001063264221158958,-0.7869429594902666
all,penindasan,0,26,0.001063264221158958,-0.7869429594902666
all,persis,0,26,0.001063264221158958,-0.7869429594902666
all,maksimal,1,4,0.0010012515644555694,-0.7884163649967411
all,maria,1,4,0.0010012515644555694,-0.7884163649967411
all,memulai,1,4,0.0010012515644555694,-0.7884163649967411
all,hancurkan,0,51,0.002085633664581033,-0.7902210292517668
all,digelar,1,6,0.001501877346683354,-0.7902932881092257
all,hadiah,1,6,0.001501877346683354,-0.7902932881092257
all,memberikan,1,33,0.008260325406758449,-0.7906816110747361
all,drama,1,10,0.0025031289111389237,-0.7925966134269904
all,freepalestine,0,353,0.0144358565411197,-0.7932711627419424
all,asli,0,115,0.004702899439741545,-0.7936281850063119
all,bersatu,0,101,0.004130372551425183,-0.7937702211012474
all,rempang,0,87,0.003557845663108821,-0.7941782468566523
all,baliho,0,23,0.000940579887948309,-0.7957336259347827
all,kepikiran,0,23,0.000940579887948309,-0.7957336259347827
all,sombong,0,23,0.000940579887948309,-0.7957336259347827
all,kebanyakan,0,59,0.002412791886476097,-0.7965353656054781
all,hidupnya,1,3,0.000750938673341677,-0.7975348533869115
all,kcic,1,3,0.000750938673341677,-0.7975348533869115
all,kulit,1,3,0.000750938673341677,-0.7975348533869115
all,memenangkan,1,3,0.000750938673341677,-0.7975348533869115
all,anj,0,34,0.001390422443054022,-0.7979904838851252
all,beribadah,0,34,0.001390422443054022,-0.7979904838851252
all,wib,1,26,0.006508135168961202,-0.7985641695907135
all,gubernur,1,10,0.0025031289111389237,-0.799680028003709
all,berkata,0,103,0.004212162106898949,-0.801456537840275
all,krn,0,150,0.00613421666053245,-0.8032966288590102
all,loh,1,9,0.0022528160200250315,-0.8038186626172821
all,2004,1,1,0.00025031289111389235,-0.8039230514925253
all,abadi,1,1,0.00025031289111389235,-0.8039230514925253
all,aji,1,1,0.00025031289111389235,-0.8039230514925253
all,antusias,1,1,0.00025031289111389235,-0.8039230514925253
all,arahan,1,1,0.00025031289111389235,-0.8039230514925253
all,bertempur,1,1,0.00025031289111389235,-0.8039230514925253
all,cegil,1,1,0.00025031289111389235,-0.8039230514925253
all,daratan,1,1,0.00025031289111389235,-0.8039230514925253
all,drakor,1,1,0.00025031289111389235,-0.8039230514925253
all,drogba,1,1,0.00025031289111389235,-0.8039230514925253
all,friends,1,1,0.00025031289111389235,-0.8039230514925253
all,fypシ,1,1,0.00025031289111389235,-0.8039230514925253
all,graduate,1,1,0.00025031289111389235,-0.8039230514925253
all,guyss,1,1,0.00025031289111389235,-0.8039230514925253
all,idi,1,1,0.00025031289111389235,-0.8039230514925253
all,ikatan,1,1,0.00025031289111389235,-0.8039230514925253
all,iri,1,1,0.00025031289111389235,-0.8039230514925253
all,jemput,1,1,0.00025031289111389235,-0.8039230514925253
all,jodoh,1,1,0.00025031289111389235,-0.8039230514925253
all,jun,1,1,0.00025031289111389235,-0.8039230514925253
all,katadatacoid,1,1,0.00025031289111389235,-0.8039230514925253
all,kompetisi,1,1,0.00025031289111389235,-0.8039230514925253
all,kunjung,1,1,0.00025031289111389235,-0.8039230514925253
all,lelang,1,1,0.00025031289111389235,-0.8039230514925253
all,lombok,1,1,0.00025031289111389235,-0.8039230514925253
all,lumpuh,1,1,0.00025031289111389235,-0.8039230514925253
all,mempromosikan,1,1,0.00025031289111389235,-0.8039230514925253
all,mendominasi,1,1,0.00025031289111389235,-0.8039230514925253
all,narkoba,1,1,0.00025031289111389235,-0.8039230514925253
all,network,1,1,0.00025031289111389235,-0.8039230514925253
all,pemandangan,1,1,0.00025031289111389235,-0.8039230514925253
all,penangkapan,1,1,0.00025031289111389235,-0.8039230514925253
all,pengukuhan,1,1,0.00025031289111389235,-0.8039230514925253
all,penyandang,1,1,0.00025031289111389235,-0.8039230514925253
all,perguruan,1,1,0.00025031289111389235,-0.8039230514925253
all,refugee,1,1,0.00025031289111389235,-0.8039230514925253
all,reza,1,1,0.00025031289111389235,-0.8039230514925253
all,rocket,1,1,0.00025031289111389235,-0.8039230514925253
all,samsul,1,1,0.00025031289111389235,-0.8039230514925253
all,sandi,1,1,0.00025031289111389235,-0.8039230514925253
all,seberapa,1,1,0.00025031289111389235,-0.8039230514925253
all,siregar,1,1,0.00025031289111389235,-0.8039230514925253
all,ten,1,1,0.00025031289111389235,-0.8039230514925253
all,terhenti,1,1,0.00025031289111389235,-0.8039230514925253
all,terjun,1,1,0.00025031289111389235,-0.8039230514925253
all,tk,1,1,0.00025031289111389235,-0.8039230514925253
all,today,1,1,0.00025031289111389235,-0.8039230514925253
all,transit,1,1,0.00025031289111389235,-0.8039230514925253
all,utm_medium,1,1,0.00025031289111389235,-0.8039230514925253
all,wilayahnya,1,1,0.00025031289111389235,-0.8039230514925253
all,wo,1,1,0.00025031289111389235,-0.8039230514925253
all,ταιρει,1,1,0.00025031289111389235,-0.8039230514925253
all,tag,1,14,0.003504380475594493,-0.8045639449260391
all,bahagia,1,4,0.0010012515644555694,-0.8048511701399466
all,ditempatkan,1,4,0.0010012515644555694,-0.8048511701399466
all,kuasa,0,42,0.001717580664949086,-0.8049828411905324
all,info,1,32,0.008010012515644555,-0.8051816571314941
all,suruh,0,31,0.001267738109843373,-0.8054524942269117
all,rabu,1,35,0.008760951188986232,-0.8068364746333083
all,daud,0,20,0.00081789555473766,-0.8070180555124874
all,diluar,0,20,0.00081789555473766,-0.8070180555124874
all,hapus,0,20,0.00081789555473766,-0.8070180555124874
all,kedepannya,0,20,0.00081789555473766,-0.8070180555124874
all,lelaki,0,20,0.00081789555473766,-0.8070180555124874
all,males,0,20,0.00081789555473766,-0.8070180555124874
all,dijadikan,0,61,0.002494581441949863,-0.8091065239997733
all,tulisan,0,39,0.001594896331738437,-0.8113665628944136
all,mu,0,91,0.003721424774056353,-0.8113763921798252
all,mendorong,1,6,0.001501877346683354,-0.8129752032999937
all,2000,1,2,0.0005006257822277847,-0.8139546380859982
all,84,1,2,0.0005006257822277847,-0.8139546380859982
all,belom,1,2,0.0005006257822277847,-0.8139546380859982
all,mendatangi,1,2,0.0005006257822277847,-0.8139546380859982
all,menjabat,1,2,0.0005006257822277847,-0.8139546380859982
all,operasional,1,2,0.0005006257822277847,-0.8139546380859982
all,pdi,1,2,0.0005006257822277847,-0.8139546380859982
all,penyelidikan,1,2,0.0005006257822277847,-0.8139546380859982
all,perihal,1,2,0.0005006257822277847,-0.8139546380859982
all,regional,1,2,0.0005006257822277847,-0.8139546380859982
all,removal,1,2,0.0005006257822277847,-0.8139546380859982
all,trend,1,2,0.0005006257822277847,-0.8139546380859982
all,thn,0,28,0.001145053776632724,-0.8144360635514225
all,umumnya,0,28,0.001145053776632724,-0.8144360635514225
all,paham,0,118,0.004825583772952194,-0.8154358770302113
all,s,1,41,0.010262828535669587,-0.8170880473051298
all,bebas,1,12,0.003003754693366708,-0.8171146784762294
all,pertemuan,1,8,0.002002503128911139,-0.817559357199406
all,pasal,1,3,0.000750938673341677,-0.8184099138208581
all,ukuran,1,3,0.000750938673341677,-0.8184099138208581
all,diskusi,1,4,0.0010012515644555694,-0.8210215491180485
all,memanas,1,4,0.0010012515644555694,-0.8210215491180485
all,riau,1,4,0.0010012515644555694,-0.8210215491180485
all,zaman,0,71,0.002903529219318693,-0.8226728029732167
all,nasi,1,5,0.0012515644555694619,-0.8227986092008543
all,06,1,6,0.001501877346683354,-0.8241274728885902
all,meningkat,1,7,0.0017521902377972466,-0.8251879557947759
all,berdua,0,25,0.001022369443422075,-0.8254501769481651
all,lbh,0,25,0.001022369443422075,-0.8254501769481651
all,teror,0,25,0.001022369443422075,-0.8254501769481651
all,usul,0,25,0.001022369443422075,-0.8254501769481651
all,sejumlah,1,21,0.005256570713391739,-0.8261038542898288
all,merusak,0,41,0.001676685887212203,-0.8288344533448497
all,sepanjang,1,7,0.0017521902377972466,-0.8347529067544743
all,pemain,1,6,0.001501877346683354,-0.8351576403124036
all,harga,1,27,0.006758448060075094,-0.8352004949888991
all,cb,1,5,0.0012515644555694619,-0.8358268270027667
all,motor,1,5,0.0012515644555694619,-0.8358268270027667
all,kebencian,0,46,0.001881159775896618,-0.8367341666183948
all,sebulan,1,4,0.0010012515644555694,-0.8369358970033839
all,rela,0,38,0.001554001554001554,-0.8370499519349531
all,misalnya,0,30,0.00122684333210649,-0.8377543014559893
all,wajar,0,30,0.00122684333210649,-0.8377543014559893
all,aktor,1,3,0.000750938673341677,-0.838859760662069
all,drone,1,3,0.000750938673341677,-0.838859760662069
all,konvensi,1,3,0.000750938673341677,-0.838859760662069
all,rahmat,1,3,0.000750938673341677,-0.838859760662069
all,taehyung,1,3,0.000750938673341677,-0.838859760662069
all,terpercaya,1,3,0.000750938673341677,-0.838859760662069
all,bayangkan,0,22,0.000899685110211426,-0.8392596694778182
all,stand,0,22,0.000899685110211426,-0.8392596694778182
all,daerah,1,18,0.004505632040050063,-0.8394016082957375
all,upaya,1,14,0.003504380475594493,-0.8396819601574644
all,berani,0,150,0.00613421666053245,-0.8398441151564271
all,bidang,1,12,0.003003754693366708,-0.8402030664170077
all,awards,1,2,0.0005006257822277847,-0.8425689622479844
all,beragam,1,2,0.0005006257822277847,-0.8425689622479844
all,blokade,1,2,0.0005006257822277847,-0.8425689622479844
all,kemenag,1,2,0.0005006257822277847,-0.8425689622479844
all,selebrasi,1,2,0.0005006257822277847,-0.8425689622479844
all,service,1,2,0.0005006257822277847,-0.8425689622479844
all,tipe,1,2,0.0005006257822277847,-0.8425689622479844
all,utara,1,24,0.006007509386733416,-0.8428989073390479
all,faktanya,0,51,0.002085633664581033,-0.8431162085519409
all,dekat,1,14,0.003504380475594493,-0.8446012574248749
all,tulis,1,6,0.001501877346683354,-0.8460683600823564
all,usman,0,56,0.002290107553265448,-0.8483940109836708
all,bareng,1,5,0.0012515644555694619,-0.8486885393898255
all,tanggung,1,5,0.0012515644555694619,-0.8486885393898255
all,palsu,0,85,0.003476056107635055,-0.8488875547532702
all,mulu,0,77,0.003148897885739991,-0.8498477866785881
all,menghasilkan,0,27,0.001104158998895841,-0.8501950861354938
all,tweet,0,27,0.001104158998895841,-0.8501950861354938
all,1951,1,1,0.00025031289111389235,-0.8515920287345586
all,afc,1,1,0.00025031289111389235,-0.8515920287345586
all,angga,1,1,0.00025031289111389235,-0.8515920287345586
all,antaranewscom,1,1,0.00025031289111389235,-0.8515920287345586
all,anton,1,1,0.00025031289111389235,-0.8515920287345586
all,belt,1,1,0.00025031289111389235,-0.8515920287345586
all,binaan,1,1,0.00025031289111389235,-0.8515920287345586
all,bona,1,1,0.00025031289111389235,-0.8515920287345586
all,bungkus,1,1,0.00025031289111389235,-0.8515920287345586
all,cirebon,1,1,0.00025031289111389235,-0.8515920287345586
all,diberitakan,1,1,0.00025031289111389235,-0.8515920287345586
all,genre,1,1,0.00025031289111389235,-0.8515920287345586
all,haris,1,1,0.00025031289111389235,-0.8515920287345586
all,hut,1,1,0.00025031289111389235,-0.8515920287345586
all,istrinya,1,1,0.00025031289111389235,-0.8515920287345586
all,joshua,1,1,0.00025031289111389235,-0.8515920287345586
all,kebetulan,1,1,0.00025031289111389235,-0.8515920287345586
all,kemlu,1,1,0.00025031289111389235,-0.8515920287345586
all,kolonel,1,1,0.00025031289111389235,-0.8515920287345586
all,mendengarkan,1,1,0.00025031289111389235,-0.8515920287345586
all,miliki,1,1,0.00025031289111389235,-0.8515920287345586
all,peluncuran,1,1,0.00025031289111389235,-0.8515920287345586
all,pencari,1,1,0.00025031289111389235,-0.8515920287345586
all,pulsa,1,1,0.00025031289111389235,-0.8515920287345586
all,sakti,1,1,0.00025031289111389235,-0.8515920287345586
all,san,1,1,0.00025031289111389235,-0.8515920287345586
all,shenzhen,1,1,0.00025031289111389235,-0.8515920287345586
all,syailendra,1,1,0.00025031289111389235,-0.8515920287345586
all,taufanalaqsa,1,1,0.00025031289111389235,-0.8515920287345586
all,tergantung,1,1,0.00025031289111389235,-0.8515920287345586
all,togelchinapools,1,1,0.00025031289111389235,-0.8515920287345586
all,welcome,1,1,0.00025031289111389235,-0.8515920287345586
all,xd,1,1,0.00025031289111389235,-0.8515920287345586
all,membela,0,119,0.004866478550689077,-0.8524488979411148
all,line,1,4,0.0010012515644555694,-0.8526022153164745
all,menyusul,1,4,0.0010012515644555694,-0.8526022153164745
all,vietnam,1,4,0.0010012515644555694,-0.8526022153164745
all,muslim,0,341,0.013945119208277103,-0.852703300091193
all,janji,0,61,0.002494581441949863,-0.8528433349088751
all,photo,1,10,0.0025031289111389237,-0.8546302290147254
all,kenapa,0,297,0.012145748987854251,-0.8553556828038539
all,kelak,0,32,0.001308632887580256,-0.8577916169918218
all,baesuzy,1,3,0.000750938673341677,-0.8589014042577788
all,pengguna,1,3,0.000750938673341677,-0.8589014042577788
all,platform,1,3,0.000750938673341677,-0.8589014042577788
all,darurat,1,5,0.0012515644555694619,-0.8613879619027801
all,meraih,1,5,0.0012515644555694619,-0.8613879619027801
all,ala,0,76,0.003108003108003108,-0.8628760044805004
all,bank,1,7,0.0017521902377972466,-0.8629153452853643
all,keyakinan,0,37,0.001513106776264671,-0.8634082170020048
all,sd,1,9,0.0022528160200250315,-0.8640906391929434
all,iki,0,24,0.000981474665685192,-0.8654964465162276
all,pembela,0,24,0.000981474665685192,-0.8654964465162276
all,ketiga,1,8,0.002002503128911139,-0.8676087533380787
all,bs,0,42,0.001717580664949086,-0.8677544544545952
all,biru,1,4,0.0010012515644555694,-0.8680281362470663
all,cakep,1,4,0.0010012515644555694,-0.8680281362470663
all,kuda,1,4,0.0010012515644555694,-0.8680281362470663
all,melayani,1,4,0.0010012515644555694,-0.8680281362470663
all,menambahkan,1,4,0.0010012515644555694,-0.8680281362470663
all,october,1,4,0.0010012515644555694,-0.8680281362470663
all,ulama,0,151,0.006175111438269333,-0.8684743508497225
all,65,1,2,0.0005006257822277847,-0.8703894797501025
all,ji,1,2,0.0005006257822277847,-0.8703894797501025
all,menggempur,1,2,0.0005006257822277847,-0.8703894797501025
all,sdm,1,2,0.0005006257822277847,-0.8703894797501025
all,zhang,1,2,0.0005006257822277847,-0.8703894797501025
all,teriak,0,47,0.001922054553633501,-0.871237030079225
all,23,1,32,0.008010012515644555,-0.8723172490733684
all,kantor,1,18,0.004505632040050063,-0.8737392074048105
all,center,1,5,0.0012515644555694619,-0.8739291519912153
all,daya,1,5,0.0012515644555694619,-0.8739291519912153
all,berhasil,1,20,0.0050062578222778474,-0.8739834756074543
all,anggota,1,19,0.004755944931163955,-0.8756293157121409
all,emas,1,11,0.002753441802252816,-0.8771210838522687
all,99,1,3,0.000750938673341677,-0.8785508542143697
all,bakso,1,3,0.000750938673341677,-0.8785508542143697
all,tertinggi,1,3,0.000750938673341677,-0.8785508542143697
all,dikasih,0,62,0.002535476219686746,-0.8785974146690256
all,solusi,1,9,0.0022528160200250315,-0.8786135754092265
all,klo,0,170,0.00695211221527011,-0.8797515669816776
all,02,1,7,0.0017521902377972466,-0.8812628473426807
all,percaya,0,131,0.005357215883531673,-0.8816546003663097
all,babi,0,113,0.004621109884267779,-0.8817327282534082
all,bendera,0,113,0.004621109884267779,-0.8817327282534082
all,tiga,1,19,0.004755944931163955,-0.8827173506435225
all,antaranya,1,4,0.0010012515644555694,-0.8832209450400212
all,iskandar,1,4,0.0010012515644555694,-0.8832209450400212
all,jl,1,4,0.0010012515644555694,-0.8832209450400212
all,persatuan,1,4,0.0010012515644555694,-0.8832209450400212
all,web,1,4,0.0010012515644555694,-0.8832209450400212
all,musuh,0,77,0.003148897885739991,-0.8834363501648631
all,dibombardir,0,21,0.000858790332474543,-0.8847629734825445
all,membom,0,21,0.000858790332474543,-0.8847629734825445
all,niam,0,21,0.000858790332474543,-0.8847629734825445
all,sesudah,0,21,0.000858790332474543,-0.8847629734825445
all,penolakan,1,9,0.0022528160200250315,-0.8857975914895158
all,solidaritas,1,5,0.0012515644555694619,-0.8863160168210288
all,open,1,25,0.006257822277847309,-0.8871527242513708
all,budek,0,26,0.001063264221158958,-0.8872772961218215
all,dihancurkan,0,26,0.001063264221158958,-0.8872772961218215
all,qs,0,26,0.001063264221158958,-0.8872772961218215
all,menemukan,1,6,0.001501877346683354,-0.8885669308921883
all,mulia,0,31,0.001267738109843373,-0.8890851071833449
all,org2,0,31,0.001267738109843373,-0.8890851071833449
all,sibuk,0,31,0.001267738109843373,-0.8890851071833449
all,tsb,0,36,0.001472211998527788,-0.8904778444622153
all,klaim,1,14,0.003504380475594493,-0.8925286147343611
all,ustadz,0,46,0.001881159775896618,-0.8925554003788532
all,india,1,10,0.0025031289111389237,-0.8939700633070825
all,14,1,24,0.006007509386733416,-0.8944324646023473
all,bertugas,1,1,0.00025031289111389235,-0.8970953327392849
all,bocor,1,1,0.00025031289111389235,-0.8970953327392849
all,class,1,1,0.00025031289111389235,-0.8970953327392849
all,club,1,1,0.00025031289111389235,-0.8970953327392849
all,disinformasi,1,1,0.00025031289111389235,-0.8970953327392849
all,dorong,1,1,0.00025031289111389235,-0.8970953327392849
all,goodstats,1,1,0.00025031289111389235,-0.8970953327392849
all,istirahat,1,1,0.00025031289111389235,-0.8970953327392849
all,kegagalan,1,1,0.00025031289111389235,-0.8970953327392849
all,kemanusian,1,1,0.00025031289111389235,-0.8970953327392849
all,kontribusi,1,1,0.00025031289111389235,-0.8970953327392849
all,lisa,1,1,0.00025031289111389235,-0.8970953327392849
all,long,1,1,0.00025031289111389235,-0.8970953327392849
all,melintas,1,1,0.00025031289111389235,-0.8970953327392849
all,memperkirakan,1,1,0.00025031289111389235,-0.8970953327392849
all,menerimanya,1,1,0.00025031289111389235,-0.8970953327392849
all,mengevakuasi,1,1,0.00025031289111389235,-0.8970953327392849
all,menghadirkan,1,1,0.00025031289111389235,-0.8970953327392849
all,merugikan,1,1,0.00025031289111389235,-0.8970953327392849
all,miss,1,1,0.00025031289111389235,-0.8970953327392849
all,mohammed,1,1,0.00025031289111389235,-0.8970953327392849
all,mv,1,1,0.00025031289111389235,-0.8970953327392849
all,neng,1,1,0.00025031289111389235,-0.8970953327392849
all,request,1,1,0.00025031289111389235,-0.8970953327392849
all,risiko,1,1,0.00025031289111389235,-0.8970953327392849
all,samuel,1,1,0.00025031289111389235,-0.8970953327392849
all,sat,1,1,0.00025031289111389235,-0.8970953327392849
all,sela,1,1,0.00025031289111389235,-0.8970953327392849
all,serangkaian,1,1,0.00025031289111389235,-0.8970953327392849
all,silva,1,1,0.00025031289111389235,-0.8970953327392849
all,sinaga,1,1,0.00025031289111389235,-0.8970953327392849
all,slamet,1,1,0.00025031289111389235,-0.8970953327392849
all,sp,1,1,0.00025031289111389235,-0.8970953327392849
all,ujaran,1,1,0.00025031289111389235,-0.8970953327392849
all,usulan,1,1,0.00025031289111389235,-0.8970953327392849
all,viralvideo,1,1,0.00025031289111389235,-0.8970953327392849
all,2018,1,2,0.0005006257822277847,-0.897459107210313
all,61,1,2,0.0005006257822277847,-0.897459107210313
all,bersyukur,1,2,0.0005006257822277847,-0.897459107210313
all,dewa,1,2,0.0005006257822277847,-0.897459107210313
all,gunawan,1,2,0.0005006257822277847,-0.897459107210313
all,kriteria,1,2,0.0005006257822277847,-0.897459107210313
all,ledakan,1,2,0.0005006257822277847,-0.897459107210313
all,meluas,1,2,0.0005006257822277847,-0.897459107210313
all,seleksi,1,2,0.0005006257822277847,-0.897459107210313
all,taylor,1,2,0.0005006257822277847,-0.897459107210313
all,good,1,3,0.000750938673341677,-0.8978231963897838
all,insiden,1,3,0.000750938673341677,-0.8978231963897838
all,gacor,1,4,0.0010012515644555694,-0.8981876007104282
all,jemaat,1,4,0.0010012515644555694,-0.8981876007104282
all,one,1,4,0.0010012515644555694,-0.8981876007104282
all,permintaan,1,4,0.0010012515644555694,-0.8981876007104282
all,allah,0,541,0.022124074755653703,-0.8983659428865378
all,03,1,5,0.0012515644555694619,-0.8985523206058096
all,koordinator,1,5,0.0012515644555694619,-0.8985523206058096
all,sempat,1,10,0.0025031289111389237,-0.9003806689370962
all,kementerian,1,14,0.003504380475594493,-0.9018490724805612
all,bilang,0,189,0.007729112992270887,-0.9025388118776966
all,menjadikan,0,53,0.002167423220054799,-0.9030759510931067
all,ا,0,43,0.001758475442685969,-0.9035484466029032
all,beriman,0,33,0.001349527665317139,-0.9046574273047197
all,giliran,0,33,0.001349527665317139,-0.9046574273047197
all,dendam,0,28,0.001145053776632724,-0.9056587827873241
all,nenek,0,28,0.001145053776632724,-0.9056587827873241
all,perilaku,0,28,0.001145053776632724,-0.9056587827873241
all,sebelumnya,1,19,0.004755944931163955,-0.9071461408967963
all,kalimat,0,23,0.000940579887948309,-0.9072100761955568
all,maksudnya,0,23,0.000940579887948309,-0.9072100761955568
all,beredar,1,5,0.0012515644555694619,-0.9106416914965333
all,internet,1,5,0.0012515644555694619,-0.9106416914965333
all,mba,1,5,0.0012515644555694619,-0.9106416914965333
all,sebagaimana,0,60,0.00245368666421298,-0.9112025987903329
all,setempat,1,12,0.003003754693366708,-0.9118068332184711
all,yuk,1,12,0.003003754693366708,-0.9118068332184711
all,anwar,0,55,0.002249212775528565,-0.9120066250595182
all,memakai,0,55,0.002249212775528565,-0.9120066250595182
all,sumpah,0,87,0.003557845663108821,-0.9147328613145542
all,israhell,0,82,0.003353371774424406,-0.9152864231173132
all,diakui,1,3,0.000750938673341677,-0.9167326626211425
all,cewe,0,72,0.002944423997055576,-0.9167442557265663
all,cacat,0,408,0.016685069316648263,-0.9207516131307834
all,menyebar,0,30,0.00122684333210649,-0.9213869144124226
all,triliun,1,5,0.0012515644555694619,-0.9225876280611259
all,69,1,2,0.0005006257822277847,-0.9238173722773646
all,74,1,2,0.0005006257822277847,-0.9238173722773646
all,apple,1,2,0.0005006257822277847,-0.9238173722773646
all,dipindahkan,1,2,0.0005006257822277847,-0.9238173722773646
all,menko,1,2,0.0005006257822277847,-0.9238173722773646
all,rilis,1,2,0.0005006257822277847,-0.9238173722773646
all,sultan,1,2,0.0005006257822277847,-0.9238173722773646
all,tekanan,1,2,0.0005006257822277847,-0.9238173722773646
all,unjuk,1,2,0.0005006257822277847,-0.9238173722773646
all,keliatan,0,25,0.001022369443422075,-0.9257845135797199
all,politisi,0,25,0.001022369443422075,-0.9257845135797199
all,to,1,17,0.00425531914893617,-0.9258016168221906
all,putra,1,13,0.003254067584480601,-0.9260791399584126
all,gelombang,1,4,0.0010012515644555694,-0.9274687713548391
all,status,1,4,0.0010012515644555694,-0.9274687713548391
all,tema,1,4,0.0010012515644555694,-0.9274687713548391
all,united,1,4,0.0010012515644555694,-0.9274687713548391
all,13,1,23,0.005757196495619525,-0.9279450604287437
all,tribunnews,1,6,0.001501877346683354,-0.9293458839980111
all,aisyah,0,20,0.00081789555473766,-0.9324319507245777
all,karno,0,20,0.00081789555473766,-0.9324319507245777
all,lihatlah,0,20,0.00081789555473766,-0.9324319507245777
all,nikel,0,20,0.00081789555473766,-0.9324319507245777
all,olah,0,20,0.00081789555473766,-0.9324319507245777
all,tante,0,49,0.002003844109107267,-0.9330692317345549
all,go,1,5,0.0012515644555694619,-0.9343935053828494
all,karni,1,5,0.0012515644555694619,-0.9343935053828494
all,sosial,1,22,0.005506883604505632,-0.9344151605174722
all,anggap,0,32,0.001308632887580256,-0.9350037251641673
all,menjajah,0,32,0.001308632887580256,-0.9350037251641673
all,menyesatkan,0,32,0.001308632887580256,-0.9350037251641673
all,okt,0,32,0.001308632887580256,-0.9350037251641673
all,opini,0,32,0.001308632887580256,-0.9350037251641673
all,terkait,1,28,0.007008760951188986,-0.9352119886896451
all,terowongan,1,3,0.000750938673341677,-0.9352926939949432
all,sistem,1,6,0.001501877346683354,-0.9392880176834755
all,0821,1,1,0.00025031289111389235,-0.9406213762823205
all,alex,1,1,0.00025031289111389235,-0.9406213762823205
all,buset,1,1,0.00025031289111389235,-0.9406213762823205
all,dagang,1,1,0.00025031289111389235,-0.9406213762823205
all,diadakan,1,1,0.00025031289111389235,-0.9406213762823205
all,eka,1,1,0.00025031289111389235,-0.9406213762823205
all,family,1,1,0.00025031289111389235,-0.9406213762823205
all,fc,1,1,0.00025031289111389235,-0.9406213762823205
all,hi,1,1,0.00025031289111389235,-0.9406213762823205
all,ilang,1,1,0.00025031289111389235,-0.9406213762823205
all,indozone,1,1,0.00025031289111389235,-0.9406213762823205
all,kab,1,1,0.00025031289111389235,-0.9406213762823205
all,karawang,1,1,0.00025031289111389235,-0.9406213762823205
all,kebahagiaan,1,1,0.00025031289111389235,-0.9406213762823205
all,lancarkan,1,1,0.00025031289111389235,-0.9406213762823205
all,lay,1,1,0.00025031289111389235,-0.9406213762823205
all,lipat,1,1,0.00025031289111389235,-0.9406213762823205
all,menghubungi,1,1,0.00025031289111389235,-0.9406213762823205
all,merapat,1,1,0.00025031289111389235,-0.9406213762823205
all,merk,1,1,0.00025031289111389235,-0.9406213762823205
all,messi,1,1,0.00025031289111389235,-0.9406213762823205
all,naufal,1,1,0.00025031289111389235,-0.9406213762823205
all,penerimaan,1,1,0.00025031289111389235,-0.9406213762823205
all,perangkat,1,1,0.00025031289111389235,-0.9406213762823205
all,person,1,1,0.00025031289111389235,-0.9406213762823205
all,point,1,1,0.00025031289111389235,-0.9406213762823205
all,potong,1,1,0.00025031289111389235,-0.9406213762823205
all,ratih,1,1,0.00025031289111389235,-0.9406213762823205
all,semester,1,1,0.00025031289111389235,-0.9406213762823205
all,seni,1,1,0.00025031289111389235,-0.9406213762823205
all,test,1,1,0.00025031289111389235,-0.9406213762823205
all,tgl,1,1,0.00025031289111389235,-0.9406213762823205
all,thanks,1,1,0.00025031289111389235,-0.9406213762823205
all,usd,1,1,0.00025031289111389235,-0.9406213762823205
all,westandwithpalestine,1,1,0.00025031289111389235,-0.9406213762823205
all,contoh,0,39,0.001594896331738437,-0.9410807438260151
all,aqsha,0,27,0.001104158998895841,-0.9414178053713955
all,dituduh,0,27,0.001104158998895841,-0.9414178053713955
all,kaga,0,27,0.001104158998895841,-0.9414178053713955
all,nge,0,27,0.001104158998895841,-0.9414178053713955
all,adil,1,4,0.0010012515644555694,-0.941795739101009
all,akses,1,4,0.0010012515644555694,-0.941795739101009
all,ramai,1,4,0.0010012515644555694,-0.941795739101009
all,rangka,1,4,0.0010012515644555694,-0.941795739101009
all,year,1,4,0.0010012515644555694,-0.941795739101009
all,xi,1,5,0.0012515644555694619,-0.9460625808041068
all,adik,1,2,0.0005006257822277847,-0.9495007613179044
all,bagikan,1,2,0.0005006257822277847,-0.9495007613179044
all,bengkulu,1,2,0.0005006257822277847,-0.9495007613179044
all,bri,1,2,0.0005006257822277847,-0.9495007613179044
all,gempuran,1,2,0.0005006257822277847,-0.9495007613179044
all,kekalahan,1,2,0.0005006257822277847,-0.9495007613179044
all,life,1,2,0.0005006257822277847,-0.9495007613179044
all,mcdonald,1,2,0.0005006257822277847,-0.9495007613179044
all,menyoroti,1,2,0.0005006257822277847,-0.9495007613179044
all,ramli,1,2,0.0005006257822277847,-0.9495007613179044
all,round,1,2,0.0005006257822277847,-0.9495007613179044
all,ter,1,2,0.0005006257822277847,-0.9495007613179044
all,unilever,1,2,0.0005006257822277847,-0.9495007613179044
all,kabar,1,10,0.0025031289111389237,-0.9502557252403961
all,akidah,0,22,0.000899685110211426,-0.9507361197385923
all,kasihan,0,22,0.000899685110211426,-0.9507361197385923
all,via,1,15,0.0037546933667083854,-0.953037606422406
all,beserta,1,3,0.000750938673341677,-0.9535159983644216
all,polda,1,3,0.000750938673341677,-0.9535159983644216
all,usah,0,48,0.001962949331370384,-0.9535190785757657
all,modern,0,29,0.001185948554369607,-0.9547642780144453
all,kopi,1,4,0.0010012515644555694,-0.9559214911633713
all,membabi,0,62,0.002535476219686746,-0.9575727450185395
all,ktp,1,5,0.0012515644555694619,-0.9575979993401198
all,jihad,0,43,0.001758475442685969,-0.9593696803633616
all,perkara,0,43,0.001758475442685969,-0.9593696803633616
all,yg,0,1973,0.08068539647487016,-0.9603306752105284
all,brigade,0,57,0.002331002331002331,-0.9621839920436553
all,5,1,52,0.013016270337922404,-0.9647911370634119
all,oktober,1,46,0.01151439299123905,-0.9656246204466921
all,sholeh,0,24,0.000981474665685192,-0.9658307831477824
all,ح,0,24,0.000981474665685192,-0.9658307831477824
all,dki,0,38,0.001554001554001554,-0.9667641328665548
all,kereta,1,8,0.002002503128911139,-0.9682266634782482
all,surabaya,1,9,0.0022528160200250315,-0.9682483735649388
all,beritaterkini,1,6,0.001501877346683354,-0.9685394888326005
all,desak,1,4,0.0010012515644555694,-0.9698516171867299
all,aniesmuhaimin2024,1,3,0.000750938673341677,-0.9714146027305784
all,jatim,1,3,0.000750938673341677,-0.9714146027305784
all,versi,1,3,0.000750938673341677,-0.9714146027305784
all,4,1,44,0.011013767209011264,-0.9729085428082863
all,jumlah,1,16,0.004005006257822278,-0.9735333294346002
all,id,1,19,0.004755944931163955,-0.9738960019530865
all,bonus,1,2,0.0005006257822277847,-0.9745430236281852
all,ganjarpresiden,1,2,0.0005006257822277847,-0.9745430236281852
all,gempa,1,2,0.0005006257822277847,-0.9745430236281852
all,incredible,1,2,0.0005006257822277847,-0.9745430236281852
all,jabar,1,2,0.0005006257822277847,-0.9745430236281852
all,keempat,1,2,0.0005006257822277847,-0.9745430236281852
all,mencakup,1,2,0.0005006257822277847,-0.9745430236281852
all,tempo,1,2,0.0005006257822277847,-0.9745430236281852
all,universe,1,2,0.0005006257822277847,-0.9745430236281852
all,gaya,0,33,0.001349527665317139,-0.9763675213735686
all,mujahidin,0,33,0.001349527665317139,-0.9763675213735686
all,17,1,23,0.005757196495619525,-0.9774165452556125
all,01,1,6,0.001501877346683354,-0.9781044397922992
all,ditemukan,1,5,0.0012515644555694619,-0.9802799145308879
all,dilansir,1,9,0.0022528160200250315,-0.9813601766885941
all,91,1,1,0.00025031289111389235,-0.9823350059616497
all,aldi,1,1,0.00025031289111389235,-0.9823350059616497
all,baby,1,1,0.00025031289111389235,-0.9823350059616497
all,bakteri,1,1,0.00025031289111389235,-0.9823350059616497
all,bersejarah,1,1,0.00025031289111389235,-0.9823350059616497
all,diumumkan,1,1,0.00025031289111389235,-0.9823350059616497
all,fadillah,1,1,0.00025031289111389235,-0.9823350059616497
all,fe,1,1,0.00025031289111389235,-0.9823350059616497
all,jae,1,1,0.00025031289111389235,-0.9823350059616497
all,jordan,1,1,0.00025031289111389235,-0.9823350059616497
all,kemiskinan,1,1,0.00025031289111389235,-0.9823350059616497
all,kirgistan,1,1,0.00025031289111389235,-0.9823350059616497
all,legends,1,1,0.00025031289111389235,-0.9823350059616497
all,menara,1,1,0.00025031289111389235,-0.9823350059616497
all,menyarankan,1,1,0.00025031289111389235,-0.9823350059616497
all,mode,1,1,0.00025031289111389235,-0.9823350059616497
all,mogok,1,1,0.00025031289111389235,-0.9823350059616497
all,resah,1,1,0.00025031289111389235,-0.9823350059616497
all,saleh,1,1,0.00025031289111389235,-0.9823350059616497
all,soon,1,1,0.00025031289111389235,-0.9823350059616497
all,tegasnya,1,1,0.00025031289111389235,-0.9823350059616497
all,tim,1,20,0.0050062578222778474,-0.9832619413308954
all,terbatas,1,4,0.0010012515644555694,-0.9835914770897891
all,full,1,7,0.0017521902377972466,-0.9848514226354222
all,lanjut,1,15,0.0037546933667083854,-0.9855640496238903
all,mati,0,195,0.007974481658692184,-0.9860372942259251
all,happy,1,3,0.000750938673341677,-0.9889999010276388
all,lahan,1,3,0.000750938673341677,-0.9889999010276388
all,memicu,1,3,0.000750938673341677,-0.9889999010276388
all,mobile,1,3,0.000750938673341677,-0.9889999010276388
all,terlebih,1,3,0.000750938673341677,-0.9889999010276388
all,menerus,0,28,0.001145053776632724,-0.9892913957437575
all,imam,0,106,0.004334846440109598,-0.9901475136747114
all,duit,0,60,0.00245368666421298,-0.9901779291398468
all,3,1,90,0.02252816020025031,-0.993700519627632
all,26,1,9,0.0022528160200250315,-0.9943043999386373
all,sahabat,0,117,0.004784688995215311,-0.9947985515319694
all,coldplay,0,62,0.002535476219686746,-0.9948659693331264
all,huruf,0,21,0.000858790332474543,-0.9962394237433186
all,meyakini,0,21,0.000858790332474543,-0.9962394237433186
all,anti,0,149,0.006093321882795567,-0.9966486239458192
all,from,1,4,0.0010012515644555694,-0.9971462134837531
all,nur,1,4,0.0010012515644555694,-0.9971462134837531
all,alquran,0,30,0.00122684333210649,-0.9985990225847681
all,dinasti,0,30,0.00122684333210649,-0.9985990225847681
all,awesome,1,2,0.0005006257822277847,-0.9989754385350068
all,bni,1,2,0.0005006257822277847,-0.9989754385350068
all,kompleks,1,2,0.0005006257822277847,-0.9989754385350068
all,mengejutkan,1,2,0.0005006257822277847,-0.9989754385350068
all,mirna,1,2,0.0005006257822277847,-0.9989754385350068
all,zona,1,2,0.0005006257822277847,-0.9989754385350068
all,gama,0,39,0.001594896331738437,-1.0001725632772631
all,jumat,1,26,0.006508135168961202,-1.001501053168755
all,8,1,34,0.00851063829787234,-1.0017851882875148
all,rasulullah,0,57,0.002331002331002331,-1.0024411523952756
all,rezim,0,66,0.002699055330634278,-1.0033749278732746
all,31,1,8,0.002002503128911139,-1.0044074003193193
all,haram,0,93,0.003803214329530119,-1.0058407880472884
all,balasan,1,3,0.000750938673341677,-1.0062826977884336
all,foryou,1,3,0.000750938673341677,-1.0062826977884336
all,konstitusi,0,59,0.002412791886476097,-1.0068859753120367
all,klik,1,18,0.004505632040050063,-1.0072183943327586
all,sesungguhnya,0,68,0.002780844886108044,-1.0072496811642002
all,keturunan,0,86,0.003516950885371938,-1.0081515918121027
all,food,1,4,0.0010012515644555694,-1.0105207632629412
all,500,1,11,0.002753441802252816,-1.0112702204366781
all,betapa,0,43,0.001758475442685969,-1.0122648596635355
all,pengikut,0,43,0.001758475442685969,-1.0122648596635355
all,awalnya,1,5,0.0012515644555694619,-1.0133730713132505
all,ilyas,1,5,0.0012515644555694619,-1.0133730713132505
all,malang,1,5,0.0012515644555694619,-1.0133730713132505
all,kegiatan,1,9,0.0022528160200250315,-1.01341578929906
all,ngerti,0,34,0.001390422443054022,-1.0138552537938585
all,joko,1,6,0.001501877346683354,-1.0154823307955803
all,pengungsian,1,6,0.001501877346683354,-1.0154823307955803
all,berpihak,0,25,0.001022369443422075,-1.0170072328156214
all,sekutunya,0,25,0.001022369443422075,-1.0170072328156214
all,mk,0,121,0.004948268106162843,-1.018537982689281
all,menghancurkan,0,103,0.004212162106898949,-1.0188440944642352
all,sebut,1,20,0.0050062578222778474,-1.0192137769735834
all,110,1,1,0.00025031289111389235,-1.0223812755297121
all,87,1,1,0.00025031289111389235,-1.0223812755297121
all,atasi,1,1,0.00025031289111389235,-1.0223812755297121
all,berinisial,1,1,0.00025031289111389235,-1.0223812755297121
all,bisniscom,1,1,0.00025031289111389235,-1.0223812755297121
all,comeback,1,1,0.00025031289111389235,-1.0223812755297121
all,ditangani,1,1,0.00025031289111389235,-1.0223812755297121
all,job,1,1,0.00025031289111389235,-1.0223812755297121
all,keluhan,1,1,0.00025031289111389235,-1.0223812755297121
all,konsumsi,1,1,0.00025031289111389235,-1.0223812755297121
all,korut,1,1,0.00025031289111389235,-1.0223812755297121
all,kumparancom,1,1,0.00025031289111389235,-1.0223812755297121
all,lautan,1,1,0.00025031289111389235,-1.0223812755297121
all,memungkinkan,1,1,0.00025031289111389235,-1.0223812755297121
all,menyinggung,1,1,0.00025031289111389235,-1.0223812755297121
all,menyukai,1,1,0.00025031289111389235,-1.0223812755297121
all,middle,1,1,0.00025031289111389235,-1.0223812755297121
all,penyelesaian,1,1,0.00025031289111389235,-1.0223812755297121
all,permukiman,1,1,0.00025031289111389235,-1.0223812755297121
all,qf,1,1,0.00025031289111389235,-1.0223812755297121
all,sarjana,1,1,0.00025031289111389235,-1.0223812755297121
all,segitu,1,1,0.00025031289111389235,-1.0223812755297121
all,tampaknya,1,1,0.00025031289111389235,-1.0223812755297121
all,warung,1,1,0.00025031289111389235,-1.0223812755297121
all,2021,1,2,0.0005006257822277847,-1.0228270506893242
all,berkualitas,1,2,0.0005006257822277847,-1.0228270506893242
all,cv,1,2,0.0005006257822277847,-1.0228270506893242
all,ditetapkan,1,2,0.0005006257822277847,-1.0228270506893242
all,gol,1,2,0.0005006257822277847,-1.0228270506893242
all,hidayat,1,2,0.0005006257822277847,-1.0228270506893242
all,jelasnya,1,2,0.0005006257822277847,-1.0228270506893242
all,kalahkan,1,2,0.0005006257822277847,-1.0228270506893242
all,penjualan,1,2,0.0005006257822277847,-1.0228270506893242
all,rutin,1,2,0.0005006257822277847,-1.0228270506893242
all,dilihat,1,3,0.000750938673341677,-1.0232732481087712
all,kualitas,1,3,0.000750938673341677,-1.0232732481087712
all,out,1,3,0.000750938673341677,-1.0232732481087712
all,tenggara,1,3,0.000750938673341677,-1.0232732481087712
all,sebanyak,1,13,0.003254067584480601,-1.0233504902932293
all,sobat,1,4,0.0010012515644555694,-1.0237198684327955
all,bela,0,145,0.005929742771848035,-1.023933495199429
all,diem,0,27,0.001104158998895841,-1.0250504183278288
all,min,1,7,0.0017521902377972466,-1.0250622733006483
all,kau,0,89,0.003639635218582587,-1.0250834881977928
all,mrk,0,38,0.001554001554001554,-1.0258559523178028
all,senin,1,25,0.006257822277847309,-1.0261283851129006
all,keamanan,1,12,0.003003754693366708,-1.027308133419829
all,muka,0,60,0.00245368666421298,-1.0274711534544338
all,sadar,0,82,0.003353371774424406,-1.0290918908367055
all,dakwah,0,40,0.00163579110947532,-1.0309515347274405
all,selengkapnya,1,39,0.009762202753441803,-1.0319390311565304
all,golongan,0,42,0.001717580664949086,-1.0355626869664758
all,semarang,1,4,0.0010012515644555694,-1.036748086234708
all,november,1,23,0.005757196495619525,-1.0373637904121547
all,berbuat,0,31,0.001267738109843373,-1.0380073094245394
all,sholat,0,31,0.001267738109843373,-1.0380073094245394
all,pihaknya,1,8,0.002002503128911139,-1.039338788370139
all,dimulai,1,6,0.001501877346683354,-1.0426342418970433
all,pertandingan,1,6,0.001501877346683354,-1.0426342418970433
all,apaan,0,20,0.00081789555473766,-1.0439084009853519
all,faham,0,20,0.00081789555473766,-1.0439084009853519
all,ق,0,20,0.00081789555473766,-1.0439084009853519
all,brilliant,1,2,0.0005006257822277847,-1.0461248779922643
all,dicolok,1,2,0.0005006257822277847,-1.0461248779922643
all,imbas,1,2,0.0005006257822277847,-1.0461248779922643
all,kong,1,2,0.0005006257822277847,-1.0461248779922643
all,layar,1,2,0.0005006257822277847,-1.0461248779922643
all,pertanian,1,2,0.0005006257822277847,-1.0461248779922643
all,popular,1,2,0.0005006257822277847,-1.0461248779922643
all,proses,1,10,0.0025031289111389237,-1.0487348682190738
all,haji,0,22,0.000899685110211426,-1.0510704563701472
all,yahudi,0,718,0.029362450415081995,-1.0546021733621485
all,sandera,1,5,0.0012515644555694619,-1.0558716421230823
all,36,1,3,0.000750938673341677,-1.0564160994241665
all,katolik,1,32,0.008010012515644555,-1.0583887356895045
all,rohingya,1,68,0.01702127659574468,-1.0586106776050492
all,melainkan,0,56,0.002290107553265448,-1.0587446206902293
all,kuburan,0,41,0.001676685887212203,-1.059414299120793
all,mendesak,1,6,0.001501877346683354,-1.0603380108276899
all,2015,1,1,0.00025031289111389235,-1.0608884929876106
all,94,1,1,0.00025031289111389235,-1.0608884929876106
all,apriyani,1,1,0.00025031289111389235,-1.0608884929876106
all,berbahasa,1,1,0.00025031289111389235,-1.0608884929876106
all,bocorantogelchina,1,1,0.00025031289111389235,-1.0608884929876106
all,dada,1,1,0.00025031289111389235,-1.0608884929876106
all,dance,1,1,0.00025031289111389235,-1.0608884929876106
all,deni,1,1,0.00025031289111389235,-1.0608884929876106
all,departemen,1,1,0.00025031289111389235,-1.0608884929876106
all,fitri,1,1,0.00025031289111389235,-1.0608884929876106
all,hongkong,1,1,0.00025031289111389235,-1.0608884929876106
all,hub,1,1,0.00025031289111389235,-1.0608884929876106
all,infografik,1,1,0.00025031289111389235,-1.0608884929876106
all,kewajiban,1,1,0.00025031289111389235,-1.0608884929876106
all,marapi,1,1,0.00025031289111389235,-1.0608884929876106
all,memperluas,1,1,0.00025031289111389235,-1.0608884929876106
all,meningkatnya,1,1,0.00025031289111389235,-1.0608884929876106
all,mulus,1,1,0.00025031289111389235,-1.0608884929876106
all,nyatanya,1,1,0.00025031289111389235,-1.0608884929876106
all,r16,1,1,0.00025031289111389235,-1.0608884929876106
all,raih,1,1,0.00025031289111389235,-1.0608884929876106
all,ratu,1,1,0.00025031289111389235,-1.0608884929876106
all,rayuan,1,1,0.00025031289111389235,-1.0608884929876106
all,sarana,1,1,0.00025031289111389235,-1.0608884929876106
all,susu,1,1,0.00025031289111389235,-1.0608884929876106
all,yunus,1,1,0.00025031289111389235,-1.0608884929876106
all,bbm,0,26,0.001063264221158958,-1.0621326283141563
all,nasrani,0,26,0.001063264221158958,-1.0621326283141563
all,ك,0,26,0.001063264221158958,-1.0621326283141563
all,150,1,4,0.0010012515644555694,-1.0623092211347214
all,pidana,1,4,0.0010012515644555694,-1.0623092211347214
all,50,1,10,0.0025031289111389237,-1.065163186638489
all,bukanlah,0,45,0.001840264998159735,-1.0653730874370908
all,pembunuhan,0,62,0.002535476219686746,-1.0655743237952475
all,palestinegenocide,0,28,0.001145053776632724,-1.0665035039161028
all,camp,1,2,0.0005006257822277847,-1.0688940958867044
all,cup,1,2,0.0005006257822277847,-1.0688940958867044
all,ketik,1,2,0.0005006257822277847,-1.0688940958867044
all,khawatir,1,2,0.0005006257822277847,-1.0688940958867044
all,respons,1,2,0.0005006257822277847,-1.0688940958867044
all,rights,1,2,0.0005006257822277847,-1.0688940958867044
all,washington,1,2,0.0005006257822277847,-1.0688940958867044
all,seakan,0,30,0.00122684333210649,-1.0703091166536172
all,park,1,3,0.000750938673341677,-1.0725864784022683
all,pengiriman,1,3,0.000750938673341677,-1.0725864784022683
all,titik,1,5,0.0012515644555694619,-1.0764672955604027
all,hanyalah,0,34,0.001390422443054022,-1.0766268670579213
all,katakan,0,34,0.001390422443054022,-1.0766268670579213
all,makanya,0,57,0.002331002331002331,-1.0784525467077561
all,turut,1,7,0.0017521902377972466,-1.0787979011925797
all,demo,0,59,0.002412791886476097,-1.080149298359069
all,putusan,0,61,0.002494581441949863,-1.0817447027733493
all,jgn,0,65,0.002658160552897395,-1.084669369181647
all,lu,0,234,0.009569377990430622,-1.0867328214215664
all,dapatkan,1,4,0.0010012515644555694,-1.08723727605297
all,v,1,4,0.0010012515644555694,-1.08723727605297
all,tanggal,1,14,0.003504380475594493,-1.087901599020851
all,60,1,3,0.000750938673341677,-1.0885008262876037
all,harian,1,3,0.000750938673341677,-1.0885008262876037
all,terdiri,1,3,0.000750938673341677,-1.0885008262876037
all,tersedia,1,3,0.000750938673341677,-1.0885008262876037
all,orang2,0,71,0.002903529219318693,-1.0885047947782256
all,berkumpul,1,2,0.0005006257822277847,-1.0911582011666476
all,jimin,1,2,0.0005006257822277847,-1.0911582011666476
all,kedokteran,1,2,0.0005006257822277847,-1.0911582011666476
all,merilis,1,2,0.0005006257822277847,-1.0911582011666476
all,tren,1,2,0.0005006257822277847,-1.0911582011666476
all,islam,0,532,0.021756021756021756,-1.0915486331048898
all,selamat,1,41,0.010262828535669587,-1.0918335700575363
all,penjajah,0,196,0.008015376436429068,-1.0953021565330197
all,quran,0,56,0.002290107553265448,-1.0960378450048165
all,jaya,1,5,0.0012515644555694619,-1.0966505952289054
all,petugas,1,5,0.0012515644555694619,-1.0966505952289054
all,nu,0,58,0.002371897108739214,-1.0971398486794068
all,bertanding,1,1,0.00025031289111389235,-1.0979707029739383
all,blang,1,1,0.00025031289111389235,-1.0979707029739383
all,denpasar,1,1,0.00025031289111389235,-1.0979707029739383
all,dipicu,1,1,0.00025031289111389235,-1.0979707029739383
all,hadiri,1,1,0.00025031289111389235,-1.0979707029739383
all,hamid,1,1,0.00025031289111389235,-1.0979707029739383
all,hsbc,1,1,0.00025031289111389235,-1.0979707029739383
all,infoterkini,1,1,0.00025031289111389235,-1.0979707029739383
all,konvoi,1,1,0.00025031289111389235,-1.0979707029739383
all,kretek,1,1,0.00025031289111389235,-1.0979707029739383
all,lestari,1,1,0.00025031289111389235,-1.0979707029739383
all,misa,1,1,0.00025031289111389235,-1.0979707029739383
all,mlbb,1,1,0.00025031289111389235,-1.0979707029739383
all,samsung,1,1,0.00025031289111389235,-1.0979707029739383
all,santoso,1,1,0.00025031289111389235,-1.0979707029739383
all,seventeen,1,1,0.00025031289111389235,-1.0979707029739383
all,bkn,0,23,0.000940579887948309,-1.0987671320630135
all,jelek,0,23,0.000940579887948309,-1.0987671320630135
all,direktur,1,4,0.0010012515644555694,-1.0994735798377508
all,energi,1,4,0.0010012515644555694,-1.0994735798377508
all,menyebarkan,0,25,0.001022369443422075,-1.1006398457720548
all,tinggalkan,0,25,0.001022369443422075,-1.1006398457720548
all,jahat,0,70,0.00286263444158181,-1.1026305468405881
all,sdh,0,70,0.00286263444158181,-1.1026305468405881
all,6,1,30,0.007509386733416771,-1.104114535501757
all,42,1,3,0.000750938673341677,-1.1041671446006944
all,bwf,1,3,0.000750938673341677,-1.1041671446006944
all,laga,1,3,0.000750938673341677,-1.1041671446006944
all,adu,0,33,0.001349527665317139,-1.1060817023051703
all,habib,0,33,0.001349527665317139,-1.1060817023051703
all,insyaallah,0,33,0.001349527665317139,-1.1060817023051703
all,ي,0,33,0.001349527665317139,-1.1060817023051703
all,wakil,1,15,0.0037546933667083854,-1.1062091614880842
all,slotgacor,1,5,0.0012515644555694619,-1.1065927289143695
all,membantai,0,35,0.001431317220790905,-1.1071043623471832
all,dgn,0,206,0.008424324213797898,-1.108348793594828
all,buzzer,0,41,0.001676685887212203,-1.1096762287511062
all,mirip,0,41,0.001676685887212203,-1.1096762287511062
all,19,1,19,0.004755944931163955,-1.1127181483226596
all,ikan,1,2,0.0005006257822277847,-1.1129391579767727
all,pemesanan,1,2,0.0005006257822277847,-1.1129391579767727
all,pln,1,2,0.0005006257822277847,-1.1129391579767727
all,prediksichinapools,1,2,0.0005006257822277847,-1.1129391579767727
all,terungkap,1,2,0.0005006257822277847,-1.1129391579767727
all,unik,1,2,0.0005006257822277847,-1.1129391579767727
all,qur,0,53,0.002167423220054799,-1.1134265607996652
all,minggu,1,31,0.007759699624530663,-1.1149779159765787
all,30,1,19,0.004755944931163955,-1.1155374319954747
all,program,1,10,0.0025031289111389237,-1.1180808257165677
all,membahas,1,3,0.000750938673341677,-1.1195930655312862
all,pendaftaran,1,3,0.000750938673341677,-1.1195930655312862
all,peningkatan,1,3,0.000750938673341677,-1.1195930655312862
all,streaming,1,3,0.000750938673341677,-1.1195930655312862
all,membunuh,0,95,0.003885003885003885,-1.1211485681895275
all,komunikasi,1,5,0.0012515644555694619,-1.12618767360224
all,pilih,0,96,0.003925898662740768,-1.1317781327681964
all,jabatan,0,44,0.001799370220422852,-1.1333512024267245
all,sbg,0,42,0.001717580664949086,-1.1337042379144142
all,64,1,1,0.00025031289111389235,-1.1337297255580094
all,95,1,1,0.00025031289111389235,-1.1337297255580094
all,adam,1,1,0.00025031289111389235,-1.1337297255580094
all,afctogel,1,1,0.00025031289111389235,-1.1337297255580094
all,dior,1,1,0.00025031289111389235,-1.1337297255580094
all,diserahkan,1,1,0.00025031289111389235,-1.1337297255580094
all,information,1,1,0.00025031289111389235,-1.1337297255580094
all,jajan,1,1,0.00025031289111389235,-1.1337297255580094
all,kaca,1,1,0.00025031289111389235,-1.1337297255580094
all,kuota,1,1,0.00025031289111389235,-1.1337297255580094
all,menyesuaikan,1,1,0.00025031289111389235,-1.1337297255580094
all,mr,1,1,0.00025031289111389235,-1.1337297255580094
all,naskah,1,1,0.00025031289111389235,-1.1337297255580094
all,penurunan,1,1,0.00025031289111389235,-1.1337297255580094
all,petani,1,1,0.00025031289111389235,-1.1337297255580094
all,pontianak,1,1,0.00025031289111389235,-1.1337297255580094
all,semalem,1,1,0.00025031289111389235,-1.1337297255580094
all,sexytogel,1,1,0.00025031289111389235,-1.1337297255580094
all,tarik,1,1,0.00025031289111389235,-1.1337297255580094
all,china,1,237,0.05932415519399249,-1.1340511005886518
all,ه,0,40,0.00163579110947532,-1.1341086436579277
all,negatif,1,2,0.0005006257822277847,-1.1342575282764007
all,konferensi,1,3,0.000750938673341677,-1.1347858743242414
all,disampaikan,1,7,0.0017521902377972466,-1.1369047101081282
all,ujar,1,8,0.002002503128911139,-1.1374357865459463
all,berdosa,0,28,0.001145053776632724,-1.138213597984952
all,hasil,1,36,0.009011264080100126,-1.1420926180368614
all,aslinya,0,22,0.000899685110211426,-1.1422931756060488
all,bo,0,22,0.000899685110211426,-1.1422931756060488
all,membuktikan,0,20,0.00081789555473766,-1.1442427376169066
all,menjual,0,20,0.00081789555473766,-1.1442427376169066
all,meningkatkan,1,4,0.0010012515644555694,-1.146983840036048
all,dibuka,1,3,0.000750938673341677,-1.1497525299946483
all,segini,1,3,0.000750938673341677,-1.1497525299946483
all,mkmk,0,49,0.002003844109107267,-1.1525812927608452
all,teroris,0,169,0.006911217437533227,-1.1537202852798039
all,amazing,1,2,0.0005006257822277847,-1.1551325887103474
all,black,1,2,0.0005006257822277847,-1.1551325887103474
all,ketegangan,1,2,0.0005006257822277847,-1.1551325887103474
all,persyaratan,1,2,0.0005006257822277847,-1.1551325887103474
all,tembus,1,2,0.0005006257822277847,-1.1551325887103474
all,day,1,4,0.0010012515644555694,-1.158519258572061
all,kepolisian,1,4,0.0010012515644555694,-1.158519258572061
all,27,1,13,0.003254067584480601,-1.1596116930896998
all,dg,0,105,0.004293951662372715,-1.1603986332236804
all,bisu,1,6,0.001501877346683354,-1.160498643318175
all,kampus,1,5,0.0012515644555694619,-1.1642711896321207
all,ii,1,3,0.000750938673341677,-1.164499684519591
all,keuangan,1,3,0.000750938673341677,-1.164499684519591
all,makassar,1,3,0.000750938673341677,-1.164499684519591
all,bin,0,126,0.005152741994847258,-1.1646485879359643
all,bentrokan,1,1,0.00025031289111389235,-1.1682568432873217
all,date,1,1,0.00025031289111389235,-1.1682568432873217
all,ditulis,1,1,0.00025031289111389235,-1.1682568432873217
all,east,1,1,0.00025031289111389235,-1.1682568432873217
all,fase,1,1,0.00025031289111389235,-1.1682568432873217
all,fatih,1,1,0.00025031289111389235,-1.1682568432873217
all,gold,1,1,0.00025031289111389235,-1.1682568432873217
all,hyo,1,1,0.00025031289111389235,-1.1682568432873217
all,le,1,1,0.00025031289111389235,-1.1682568432873217
all,menduga,1,1,0.00025031289111389235,-1.1682568432873217
all,pemberian,1,1,0.00025031289111389235,-1.1682568432873217
all,sports,1,1,0.00025031289111389235,-1.1682568432873217
all,terdekat,1,1,0.00025031289111389235,-1.1682568432873217
all,tgk,1,1,0.00025031289111389235,-1.1682568432873217
all,tips,1,1,0.00025031289111389235,-1.1682568432873217
all,u23,1,1,0.00025031289111389235,-1.1682568432873217
all,wujud,1,1,0.00025031289111389235,-1.1682568432873217
all,yani,1,1,0.00025031289111389235,-1.1682568432873217
all,dampak,1,4,0.0010012515644555694,-1.1699240580169317
all,shallallahu,0,29,0.001185948554369607,-1.1706290479231785
all,dilaporkan,1,7,0.0017521902377972466,-1.1715965713172145
all,pukul,1,10,0.0025031289111389237,-1.1732744108378896
all,dibantai,0,27,0.001104158998895841,-1.1739726205690233
all,melayu,0,27,0.001104158998895841,-1.1739726205690233
all,sallam,0,27,0.001104158998895841,-1.1739726205690233
all,keren,1,8,0.002002503128911139,-1.1741610154670334
all,usai,1,15,0.0037546933667083854,-1.1749748268207418
all,champion,1,2,0.0005006257822277847,-1.1755824355515583
all,ibrahim,1,2,0.0005006257822277847,-1.1755824355515583
all,inews,1,2,0.0005006257822277847,-1.1755824355515583
all,kayu,1,2,0.0005006257822277847,-1.1755824355515583
all,menekankan,1,2,0.0005006257822277847,-1.1755824355515583
all,permasalahan,1,2,0.0005006257822277847,-1.1755824355515583
all,series,1,2,0.0005006257822277847,-1.1755824355515583
all,rp,1,13,0.003254067584480601,-1.1787583501735814
all,cewek,0,42,0.001717580664949086,-1.1794182476241049
all,berlanjut,1,4,0.0010012515644555694,-1.1812011737628292
all,menyerah,0,23,0.000940579887948309,-1.1823997450194466
all,minat,1,5,0.0012515644555694619,-1.1827870420264743
all,gay,0,240,0.00981474665685192,-1.1831123002245423
all,jepang,1,11,0.002753441802252816,-1.184195211422008
all,0,1,17,0.00425531914893617,-1.1928089995219198
all,18,1,17,0.00425531914893617,-1.1928089995219198
all,melaju,1,3,0.000750938673341677,-1.193360668385229
all,tiket,1,3,0.000750938673341677,-1.193360668385229
all,cnnindonesia,1,2,0.0005006257822277847,-1.1956240791472679
all,hong,1,2,0.0005006257822277847,-1.1956240791472679
all,kudus,1,2,0.0005006257822277847,-1.1956240791472679
all,mengingat,1,2,0.0005006257822277847,-1.1956240791472679
all,winner,1,2,0.0005006257822277847,-1.1956240791472679
all,68,1,1,0.00025031289111389235,-1.2016342068893444
all,97,1,1,0.00025031289111389235,-1.2016342068893444
all,buruan,1,1,0.00025031289111389235,-1.2016342068893444
all,cahaya,1,1,0.00025031289111389235,-1.2016342068893444
all,ceo,1,1,0.00025031289111389235,-1.2016342068893444
all,cepet,1,1,0.00025031289111389235,-1.2016342068893444
all,check,1,1,0.00025031289111389235,-1.2016342068893444
all,chinaopen,1,1,0.00025031289111389235,-1.2016342068893444
all,fajri,1,1,0.00025031289111389235,-1.2016342068893444
all,ir,1,1,0.00025031289111389235,-1.2016342068893444
all,melewati,1,1,0.00025031289111389235,-1.2016342068893444
all,mia,1,1,0.00025031289111389235,-1.2016342068893444
all,mie,1,1,0.00025031289111389235,-1.2016342068893444
all,penipuan,1,1,0.00025031289111389235,-1.2016342068893444
all,rasul,0,28,0.001145053776632724,-1.2051561656524907
all,c,1,6,0.001501877346683354,-1.2070856454633259
all,44,1,3,0.000750938673341677,-1.2074864204475915
all,bersedia,1,3,0.000750938673341677,-1.2074864204475915
all,japan,1,3,0.000750938673341677,-1.2074864204475915
all,li,1,3,0.000750938673341677,-1.2074864204475915
all,zionist,0,50,0.00204473888684415,-1.208551043477616
all,cek,1,16,0.004005006257822278,-1.2104385778985298
all,yaman,0,154,0.006297795771479982,-1.2109317536558621
all,seolah,0,37,0.001513106776264671,-1.2111925600758
all,laut,1,12,0.003003754693366708,-1.2133639474032756
all,link,1,28,0.007008760951188986,-1.2140458169213935
all,jadwal,1,4,0.0010012515644555694,-1.2142943305451919
all,shopee,1,4,0.0010012515644555694,-1.2142943305451919
all,seru,1,6,0.001501877346683354,-1.2146455946077566
all,badmintonplayer,1,2,0.0005006257822277847,-1.215273529103859
all,diboikot,1,2,0.0005006257822277847,-1.215273529103859
all,unggul,1,2,0.0005006257822277847,-1.215273529103859
all,keterangan,1,5,0.0012515644555694619,-1.2188296513513945
all,pengungsi,1,52,0.013016270337922404,-1.2193628295631602
all,abi,0,33,0.001349527665317139,-1.2209947555168768
all,taipei,1,12,0.003003754693366708,-1.221243911030004
all,chinapools,1,3,0.000750938673341677,-1.2214165464709499
all,game,1,3,0.000750938673341677,-1.2214165464709499
all,16,1,22,0.005506883604505632,-1.2250789651907497
all,dlm,0,85,0.003476056107635055,-1.2321688897977487
all,keji,0,29,0.001185948554369607,-1.2334006611872412
all,ع,0,29,0.001185948554369607,-1.2334006611872412
all,56,1,1,0.00025031289111389235,-1.2339360141184221
all,beruntung,1,1,0.00025031289111389235,-1.2339360141184221
all,box,1,1,0.00025031289111389235,-1.2339360141184221
all,dipungut,1,1,0.00025031289111389235,-1.2339360141184221
all,eurotogel,1,1,0.00025031289111389235,-1.2339360141184221
all,fresh,1,1,0.00025031289111389235,-1.2339360141184221
all,gmail,1,1,0.00025031289111389235,-1.2339360141184221
all,kepritogel,1,1,0.00025031289111389235,-1.2339360141184221
all,kusuma,1,1,0.00025031289111389235,-1.2339360141184221
all,lama2,1,1,0.00025031289111389235,-1.2339360141184221
all,likeforlikes,1,1,0.00025031289111389235,-1.2339360141184221
all,max,1,1,0.00025031289111389235,-1.2339360141184221
all,menempatkan,1,1,0.00025031289111389235,-1.2339360141184221
all,nambah,1,1,0.00025031289111389235,-1.2339360141184221
all,rio,1,1,0.00025031289111389235,-1.2339360141184221
all,rombongan,1,1,0.00025031289111389235,-1.2339360141184221
all,silam,1,1,0.00025031289111389235,-1.2339360141184221
all,terpisah,1,1,0.00025031289111389235,-1.2339360141184221
all,urut,1,1,0.00025031289111389235,-1.2339360141184221
all,85,1,2,0.0005006257822277847,-1.234545871279273
all,bupati,1,2,0.0005006257822277847,-1.234545871279273
all,high,1,2,0.0005006257822277847,-1.234545871279273
all,po,1,2,0.0005006257822277847,-1.234545871279273
all,kunjungan,1,3,0.000750938673341677,-1.235156406374009
all,ribut,0,20,0.00081789555473766,-1.2354654568528085
all,spt,0,20,0.00081789555473766,-1.2354654568528085
all,lolos,1,4,0.0010012515644555694,-1.235767620647653
all,etnis,1,12,0.003003754693366708,-1.2368238012620452
all,kamis,1,24,0.006007509386733416,-1.2381619398126416
all,cawapres,0,210,0.00858790332474543,-1.240847880748358
all,cok,0,27,0.001104158998895841,-1.240915188236562
all,الله,0,27,0.001104158998895841,-1.240915188236562
all,22,1,17,0.00425531914893617,-1.2437757839889452
all,live,1,8,0.002002503128911139,-1.243847095900113
all,world,1,8,0.002002503128911139,-1.243847095900113
all,kebiadaban,0,34,0.001390422443054022,-1.2444350995698017
all,natal,1,4,0.0010012515644555694,-1.246335086223012
all,zionis,0,888,0.036314562630352105,-1.24704967989317
all,ب,0,32,0.001308632887580256,-1.2513410533763243
all,kedatangan,1,6,0.001501877346683354,-1.251620051409469
all,anggaran,1,2,0.0005006257822277847,-1.2534553375106319
all,potensi,1,2,0.0005006257822277847,-1.2534553375106319
all,studi,1,2,0.0005006257822277847,-1.2534553375106319
all,sumut,1,2,0.0005006257822277847,-1.2534553375106319
all,nabi,0,162,0.006624953993375046,-1.2536577313066355
all,warna,1,9,0.0022528160200250315,-1.2538832697598998
all,000,1,25,0.006257822277847309,-1.2582650632437824
all,negara2,0,23,0.000940579887948309,-1.259611853191792
all,nyerang,0,23,0.000940579887948309,-1.259611853191792
all,truncated,0,72,0.002944423997055576,-1.2610773424000306
all,bermain,1,3,0.000750938673341677,-1.2620856925471613
all,waras,0,56,0.002290107553265448,-1.2643526459217023
all,anak2,0,42,0.001717580664949086,-1.265079517271459
all,jaman,0,42,0.001717580664949086,-1.265079517271459
all,58,1,1,0.00025031289111389235,-1.265229504309945
all,73,1,1,0.00025031289111389235,-1.265229504309945
all,berpartisipasi,1,1,0.00025031289111389235,-1.265229504309945
all,chinamasters2023,1,1,0.00025031289111389235,-1.265229504309945
all,eko,1,1,0.00025031289111389235,-1.265229504309945
all,ganjaruntuksemua,1,1,0.00025031289111389235,-1.265229504309945
all,inovasi,1,1,0.00025031289111389235,-1.265229504309945
all,kangen,1,1,0.00025031289111389235,-1.265229504309945
all,ketentuan,1,1,0.00025031289111389235,-1.265229504309945
all,kirimkan,1,1,0.00025031289111389235,-1.265229504309945
all,memeriksa,1,1,0.00025031289111389235,-1.265229504309945
all,menyiapkan,1,1,0.00025031289111389235,-1.265229504309945
all,refugees,1,1,0.00025031289111389235,-1.265229504309945
all,rizky,1,1,0.00025031289111389235,-1.265229504309945
all,rp1,1,1,0.00025031289111389235,-1.265229504309945
all,safaruddin,1,1,0.00025031289111389235,-1.265229504309945
all,start,1,1,0.00025031289111389235,-1.265229504309945
all,tradisional,1,1,0.00025031289111389235,-1.265229504309945
all,ucapnya,1,1,0.00025031289111389235,-1.265229504309945
all,mahasiswa,1,15,0.0037546933667083854,-1.2671481796479367
all,tukang,0,28,0.001145053776632724,-1.2679277789165535
all,lgbt,0,282,0.011532327321801006,-1.2689791321980064
all,muak,0,47,0.001922054553633501,-1.2699175943484833
all,dijajah,0,21,0.000858790332474543,-1.2714290925672083
all,koordinasi,1,2,0.0005006257822277847,-1.2720153688844325
all,rekaman,1,2,0.0005006257822277847,-1.2720153688844325
all,terancam,1,2,0.0005006257822277847,-1.2720153688844325
all,sabtu,1,20,0.0050062578222778474,-1.2736332224120985
all,24,1,14,0.003504380475594493,-1.2810665771184317
all,nazi,0,31,0.001267738109843373,-1.2826345435678475
all,anjing,0,110,0.00449842555105713,-1.2848935438363949
all,fikri,1,3,0.000750938673341677,-1.288313015518928
all,staf,1,3,0.000750938673341677,-1.288313015518928
all,2022,1,10,0.0025031289111389237,-1.28858543797163
all,165,1,2,0.0005006257822277847,-1.2902386732539108
all,festival,1,2,0.0005006257822277847,-1.2902386732539108
all,maulana,1,2,0.0005006257822277847,-1.2902386732539108
all,pj,1,2,0.0005006257822277847,-1.2902386732539108
all,tampung,1,2,0.0005006257822277847,-1.2902386732539108
all,ر,0,29,0.001185948554369607,-1.2924924806384892
all,bazar,1,1,0.00025031289111389235,-1.2955758021693928
all,jurusan,1,1,0.00025031289111389235,-1.2955758021693928
all,menangtotal,1,1,0.00025031289111389235,-1.2955758021693928
all,menawarkan,1,1,0.00025031289111389235,-1.2955758021693928
all,pgn,1,1,0.00025031289111389235,-1.2955758021693928
all,power,1,1,0.00025031289111389235,-1.2955758021693928
all,tenda,1,1,0.00025031289111389235,-1.2955758021693928
all,young,1,1,0.00025031289111389235,-1.2955758021693928
all,aliran,0,39,0.001594896331738437,-1.2964813479046264
all,pendidikan,1,10,0.0025031289111389237,-1.2972702128236666
all,12,1,39,0.009762202753441803,-1.3004087315102113
all,mesin,1,3,0.000750938673341677,-1.3011747279059867
all,menyebutkan,1,5,0.0012515644555694619,-1.3036788928188878
all,pantas,0,27,0.001104158998895841,-1.3036868015006249
all,zionisme,0,27,0.001104158998895841,-1.3036868015006249
all,28,1,12,0.003003754693366708,-1.3077489186482547
all,43,1,2,0.0005006257822277847,-1.3081372776200677
all,pengembangan,1,2,0.0005006257822277847,-1.3081372776200677
all,peringkat,1,2,0.0005006257822277847,-1.3081372776200677
all,ucap,1,2,0.0005006257822277847,-1.3081372776200677
all,otak,0,70,0.00286263444158181,-1.31319677762796
all,taiwan,1,3,0.000750938673341677,-1.3138741504189413
all,madinah,0,20,0.00081789555473766,-1.3190980698092416
all,kuliah,1,5,0.0012515644555694619,-1.319825700053623
all,new,1,7,0.0017521902377972466,-1.3233395401384285
all,2014,1,1,0.00025031289111389235,-1.3250306374166416
all,46,1,1,0.00025031289111389235,-1.3250306374166416
all,berpotensi,1,1,0.00025031289111389235,-1.3250306374166416
all,detail,1,1,0.00025031289111389235,-1.3250306374166416
all,didampingi,1,1,0.00025031289111389235,-1.3250306374166416
all,eskalasi,1,1,0.00025031289111389235,-1.3250306374166416
all,herman,1,1,0.00025031289111389235,-1.3250306374166416
all,leo,1,1,0.00025031289111389235,-1.3250306374166416
all,pengamat,1,1,0.00025031289111389235,-1.3250306374166416
all,pengungsirohingya,1,1,0.00025031289111389235,-1.3250306374166416
all,perempat,1,1,0.00025031289111389235,-1.3250306374166416
all,saksikan,1,1,0.00025031289111389235,-1.3250306374166416
all,togelhongkong,1,1,0.00025031289111389235,-1.3250306374166416
all,yu,1,1,0.00025031289111389235,-1.3250306374166416
all,benci,0,51,0.002085633664581033,-1.3257115804985635
all,ak,1,2,0.0005006257822277847,-1.3257225759171278
all,cpns,1,2,0.0005006257822277847,-1.3257225759171278
all,r,1,6,0.001501877346683354,-1.32849860730832
all,desa,1,7,0.0017521902377972466,-1.3291946927729836
all,2023,1,144,0.036045056320400504,-1.3294356457399645
all,sektor,1,3,0.000750938673341677,-1.33880220533719
all,kasar,0,26,0.001063264221158958,-1.3407690114869524
all,pendukungnya,0,26,0.001063264221158958,-1.3407690114869524
all,47,1,2,0.0005006257822277847,-1.3430053726779227
all,ekspor,1,2,0.0005006257822277847,-1.3430053726779227
all,tersangka,1,2,0.0005006257822277847,-1.3430053726779227
all,memastikan,1,4,0.0010012515644555694,-1.3463304102551346
all,bukannya,0,21,0.000858790332474543,-1.3486412007395538
all,akmal,1,1,0.00025031289111389235,-1.3536449615786281
all,jessica,1,1,0.00025031289111389235,-1.3536449615786281
all,kewarganegaraan,1,1,0.00025031289111389235,-1.3536449615786281
all,lantai,1,1,0.00025031289111389235,-1.3536449615786281
all,merespons,1,1,0.00025031289111389235,-1.3536449615786281
all,sekjen,1,1,0.00025031289111389235,-1.3536449615786281
all,semalam,1,1,0.00025031289111389235,-1.3536449615786281
all,south,1,1,0.00025031289111389235,-1.3536449615786281
all,well,1,1,0.00025031289111389235,-1.3536449615786281
all,penguasa,0,32,0.001308632887580256,-1.3544981623068115
all,ن,0,32,0.001308632887580256,-1.3544981623068115
all,yayasan,1,4,0.0010012515644555694,-1.355805513623705
all,jadikan,0,24,0.000981474665685192,-1.3565508852488506
all,agus,1,2,0.0005006257822277847,-1.3599959229982603
all,badmintalk,1,2,0.0005006257822277847,-1.3599959229982603
all,バドミントン,1,2,0.0005006257822277847,-1.3599959229982603
all,kejam,0,46,0.001881159775896618,-1.3619443191102323
all,bulutangkis,1,3,0.000750938673341677,-1.3631278800126945
all,tdk,0,111,0.004539320328794013,-1.3663181811326506
all,unhcr,1,9,0.0022528160200250315,-1.3713250173803826
all,sebesar,1,4,0.0010012515644555694,-1.3744928487860244
all,jateng,1,3,0.000750938673341677,-1.3750738165772871
all,ina,1,2,0.0005006257822277847,-1.3767039691704501
all,135,1,1,0.00025031289111389235,-1.381465479080746
all,67,1,1,0.00025031289111389235,-1.381465479080746
all,advokasi,1,1,0.00025031289111389235,-1.381465479080746
all,menghantam,1,1,0.00025031289111389235,-1.381465479080746
all,ms,1,1,0.00025031289111389235,-1.381465479080746
all,perolehan,1,1,0.00025031289111389235,-1.381465479080746
all,tas,1,1,0.00025031289111389235,-1.381465479080746
all,syaikh,0,28,0.001145053776632724,-1.38284083212826
all,selatan,1,17,0.00425531914893617,-1.387933640142007
all,ayat,0,40,0.00163579110947532,-1.392338874682112
all,kiai,1,2,0.0005006257822277847,-1.3931387743136556
all,tayang,1,2,0.0005006257822277847,-1.3931387743136556
all,unpar,1,2,0.0005006257822277847,-1.3931387743136556
all,dn,0,20,0.00081789555473766,-1.396310177981587
all,ت,0,20,0.00081789555473766,-1.396310177981587
all,cerdas,0,49,0.002003844109107267,-1.3969074879902117
all,pencalonan,0,23,0.000940579887948309,-1.3982645149281798
all,chinaopen2023,1,3,0.000750938673341677,-1.398548769320268
all,etik,0,29,0.001185948554369607,-1.4012088936991218
all,sok,0,29,0.001185948554369607,-1.4012088936991218
all,slot,1,4,0.0010012515644555694,-1.4018905003568418
all,per,1,5,0.0012515644555694619,-1.4042968029590572
all,thailand,1,5,0.0012515644555694619,-1.4042968029590572
all,berpengalaman,1,1,0.00025031289111389235,-1.4085351065409566
all,centang,1,1,0.00025031289111389235,-1.4085351065409566
all,dihadiri,1,1,0.00025031289111389235,-1.4085351065409566
all,fadia,1,1,0.00025031289111389235,-1.4085351065409566
all,fransiskus,1,1,0.00025031289111389235,-1.4085351065409566
all,jarak,1,1,0.00025031289111389235,-1.4085351065409566
all,kontak,1,1,0.00025031289111389235,-1.4085351065409566
all,lamaran,1,1,0.00025031289111389235,-1.4085351065409566
all,mei,1,1,0.00025031289111389235,-1.4085351065409566
all,respective,1,1,0.00025031289111389235,-1.4085351065409566
all,sh,1,1,0.00025031289111389235,-1.4085351065409566
all,spesial,1,1,0.00025031289111389235,-1.4085351065409566
all,turnamen,1,1,0.00025031289111389235,-1.4085351065409566
all,wow,1,1,0.00025031289111389235,-1.4085351065409566
all,arif,1,2,0.0005006257822277847,-1.4093091532917574
all,unit,1,3,0.000750938673341677,-1.4100841878562809
all,alaihi,0,33,0.001349527665317139,-1.4177454954746798
all,paman,0,24,0.000981474665685192,-1.4193224985129134
all,08,1,4,0.0010012515644555694,-1.4197509105833357
all,س,0,21,0.000858790332474543,-1.420351294808403
all,contact,1,3,0.000750938673341677,-1.4214889873011516
all,alamat,1,2,0.0005006257822277847,-1.425223501177093
all,羽毛球,1,2,0.0005006257822277847,-1.425223501177093
all,배드민턴,1,2,0.0005006257822277847,-1.425223501177093
all,setan,0,43,0.001758475442685969,-1.428758599094741
all,00,1,13,0.003254067584480601,-1.4298373781366802
all,و,0,34,0.001390422443054022,-1.4320274711365326
all,cucu,0,31,0.001267738109843373,-1.43367127381596
all,kitab,0,59,0.002412791886476097,-1.4345763431360707
all,0813,1,1,0.00025031289111389235,-1.4348933716080081
all,berminat,1,1,0.00025031289111389235,-1.4348933716080081
all,bocoranchina,1,1,0.00025031289111389235,-1.4348933716080081
all,credits,1,1,0.00025031289111389235,-1.4348933716080081
all,gilaan,1,1,0.00025031289111389235,-1.4348933716080081
all,ismail,1,1,0.00025031289111389235,-1.4348933716080081
all,jr,1,1,0.00025031289111389235,-1.4348933716080081
all,kantong,1,1,0.00025031289111389235,-1.4348933716080081
all,peralatan,1,1,0.00025031289111389235,-1.4348933716080081
all,pungkasnya,1,1,0.00025031289111389235,-1.4348933716080081
all,reserved,1,1,0.00025031289111389235,-1.4348933716080081
all,shia,1,1,0.00025031289111389235,-1.4348933716080081
all,teknik,1,1,0.00025031289111389235,-1.4348933716080081
all,transportasi,1,1,0.00025031289111389235,-1.4348933716080081
all,akal,0,50,0.00204473888684415,-1.4370898109680381
all,top,1,7,0.0017521902377972466,-1.4397176217769991
all,kapal,1,11,0.002753441802252816,-1.440666124089879
all,credit,1,2,0.0005006257822277847,-1.4408898194901836
all,9,1,23,0.005757196495619525,-1.443092765193682
all,kartu,1,3,0.000750938673341677,-1.4439183726356455
all,produksi,1,3,0.000750938673341677,-1.4439183726356455
all,bani,0,35,0.001431317220790905,-1.4453376057127987
all,swt,0,35,0.001431317220790905,-1.4453376057127987
all,syiah,0,399,0.016317016317016316,-1.4511392777386722
all,biaya,1,5,0.0012515644555694619,-1.4545951235110302
all,israelterorrist,0,39,0.001594896331738437,-1.4546743613069797
all,29,1,7,0.0017521902377972466,-1.455305507820987
all,37,1,2,0.0005006257822277847,-1.4563157404207754
all,kambing,1,2,0.0005006257822277847,-1.4563157404207754
all,komitmen,1,2,0.0005006257822277847,-1.4563157404207754
all,nana,1,2,0.0005006257822277847,-1.4563157404207754
all,ayu,1,1,0.00025031289111389235,-1.460576760648548
all,datachina,1,1,0.00025031289111389235,-1.460576760648548
all,import,1,1,0.00025031289111389235,-1.460576760648548
all,parahyangan,1,1,0.00025031289111389235,-1.460576760648548
all,pesisir,1,1,0.00025031289111389235,-1.460576760648548
all,sederajat,1,1,0.00025031289111389235,-1.460576760648548
all,sobatgaming,1,1,0.00025031289111389235,-1.460576760648548
all,tri,1,1,0.00025031289111389235,-1.460576760648548
all,yara,1,1,0.00025031289111389235,-1.460576760648548
all,م,0,33,0.001349527665317139,-1.4614823063837818
all,menampung,1,4,0.0010012515644555694,-1.4630664742903796
all,pendukung,0,118,0.004825583772952194,-1.4653894081149423
all,umar,0,40,0.00163579110947532,-1.465602197729144
all,putri,1,6,0.001501877346683354,-1.4666910731762532
all,victor,1,2,0.0005006257822277847,-1.4715085492137305
all,ibnu,0,34,0.001390422443054022,-1.4739519298747852
all,forum,1,3,0.000750938673341677,-1.4766531008236916
all,propaganda,0,55,0.002249212775528565,-1.479079510087206
all,situs,1,6,0.001501877346683354,-1.4841561016085567
all,jln,1,1,0.00025031289111389235,-1.4856190229588289
all,karakter,1,1,0.00025031289111389235,-1.4856190229588289
all,kecam,1,1,0.00025031289111389235,-1.4856190229588289
all,lengkapnya,1,1,0.00025031289111389235,-1.4856190229588289
all,rahayu,1,1,0.00025031289111389235,-1.4856190229588289
all,rezekibaru,1,1,0.00025031289111389235,-1.4856190229588289
all,unggulan,1,1,0.00025031289111389235,-1.4856190229588289
all,jinping,1,2,0.0005006257822277847,-1.4864752048841374
all,poin,1,2,0.0005006257822277847,-1.4864752048841374
all,pos,1,2,0.0005006257822277847,-1.4864752048841374
all,join,1,4,0.0010012515644555694,-1.4964289261360824
all,berkuasa,0,36,0.001472211998527788,-1.4964924185601947
all,kehadiran,1,2,0.0005006257822277847,-1.50122235940908
all,menanggapi,1,2,0.0005006257822277847,-1.50122235940908
all,21,1,15,0.0037546933667083854,-1.5025632046227897
all,ummat,0,22,0.000899685110211426,-1.504562171735278
all,msh,0,26,0.001063264221158958,-1.508577243998833
all,2024menangtotal,1,1,0.00025031289111389235,-1.5100514378656504
all,88,1,1,0.00025031289111389235,-1.5100514378656504
all,gameonline,1,1,0.00025031289111389235,-1.5100514378656504
all,livedrawchina,1,1,0.00025031289111389235,-1.5100514378656504
all,mark,1,1,0.00025031289111389235,-1.5100514378656504
all,meeting,1,1,0.00025031289111389235,-1.5100514378656504
all,nomorsatu,1,1,0.00025031289111389235,-1.5100514378656504
all,totolotre,1,1,0.00025031289111389235,-1.5100514378656504
all,tranding,1,1,0.00025031289111389235,-1.5100514378656504
all,lee,1,2,0.0005006257822277847,-1.5157563755285481
all,ayam,1,3,0.000750938673341677,-1.5187082562573828
all,pemahaman,0,35,0.001431317220790905,-1.5243129360623127
all,bencana,1,2,0.0005006257822277847,-1.530083343274718
all,2020,1,1,0.00025031289111389235,-1.5339030500199677
all,berkoordinasi,1,1,0.00025031289111389235,-1.5339030500199677
all,cod,1,1,0.00025031289111389235,-1.5339030500199677
all,dewi,1,1,0.00025031289111389235,-1.5339030500199677
all,jppaus,1,1,0.00025031289111389235,-1.5339030500199677
all,mengatasi,1,1,0.00025031289111389235,-1.5339030500199677
all,profile,1,1,0.00025031289111389235,-1.5339030500199677
all,syair,1,1,0.00025031289111389235,-1.5339030500199677
all,vaksin,1,1,0.00025031289111389235,-1.5339030500199677
all,25,1,9,0.0022528160200250315,-1.5387194882701245
all,33,1,2,0.0005006257822277847,-1.5442090953370804
all,toko,1,3,0.000750938673341677,-1.5491367837450665
all,jama,0,21,0.000858790332474543,-1.5500654757400045
all,kesehatan,1,10,0.0025031289111389237,-1.5523059745637926
all,800,1,1,0.00025031289111389235,-1.5572008773229078
all,dibantu,1,1,0.00025031289111389235,-1.5572008773229078
all,jitu,1,1,0.00025031289111389235,-1.5572008773229078
all,nego,1,1,0.00025031289111389235,-1.5572008773229078
all,pemilih,1,1,0.00025031289111389235,-1.5572008773229078
all,pengawasan,1,1,0.00025031289111389235,-1.5572008773229078
all,tumbuh,1,1,0.00025031289111389235,-1.5572008773229078
all,melaksanakan,1,2,0.0005006257822277847,-1.558139221360439
all,nkri,0,56,0.002290107553265448,-1.5586526778742325
all,kim,1,3,0.000750938673341677,-1.5590789174305308
all,07,1,3,0.000750938673341677,-1.5689239819161194
all,berbagi,1,2,0.0005006257822277847,-1.5718790812634982
all,chat,1,2,0.0005006257822277847,-1.5718790812634982
all,paris,1,1,0.00025031289111389235,-1.579970095217348
all,prediksitogelchina,1,1,0.00025031289111389235,-1.579970095217348
all,rupiah,1,1,0.00025031289111389235,-1.579970095217348
all,tantangan,1,1,0.00025031289111389235,-1.579970095217348
all,tercatat,1,1,0.00025031289111389235,-1.579970095217348
all,moral,0,47,0.001922054553633501,-1.5825955465717647
all,angkatogel,1,2,0.0005006257822277847,-1.585433817657462
all,dini,1,2,0.0005006257822277847,-1.585433817657462
all,gojo,1,2,0.0005006257822277847,-1.585433817657462
all,posting,0,24,0.000981474665685192,-1.5871307310247937
all,korea,1,10,0.0025031289111389237,-1.5919596356288215
all,salaf,0,25,0.001022369443422075,-1.5973463910870445
all,penanganan,1,2,0.0005006257822277847,-1.5988083674366504
all,universitas,1,12,0.003003754693366708,-1.6006631323818608
all,bit,1,1,0.00025031289111389235,-1.6022342004972912
all,diharapkan,1,1,0.00025031289111389235,-1.6022342004972912
all,hoaks,1,1,0.00025031289111389235,-1.6022342004972912
all,jk,1,1,0.00025031289111389235,-1.6022342004972912
all,membayar,1,1,0.00025031289111389235,-1.6022342004972912
all,nam,1,1,0.00025031289111389235,-1.6022342004972912
all,pt,1,4,0.0010012515644555694,-1.6052180621909984
all,maulid,0,21,0.000858790332474543,-1.6091572951912525
all,lengkap,1,4,0.0010012515644555694,-1.6125584881664679
all,ajaran,0,59,0.002412791886476097,-1.6168627152986685
all,ginting,1,1,0.00025031289111389235,-1.6240151573074164
all,serambinews,1,1,0.00025031289111389235,-1.6240151573074164
all,terbang,1,1,0.00025031289111389235,-1.6240151573074164
all,beijing,1,2,0.0005006257822277847,-1.625035690408417
all,chinese,1,12,0.003003754693366708,-1.6274304956426597
all,ah,0,115,0.004702899439741545,-1.6300276686720123
all,09,1,6,0.001501877346683354,-1.634125148270589
all,perjalanan,1,3,0.000750938673341677,-1.6352732305426354
all,ngaku,0,30,0.00122684333210649,-1.6376055207537026
all,j,1,2,0.0005006257822277847,-1.6378974027954758
all,slotonline,1,2,0.0005006257822277847,-1.6378974027954758
all,asiangames2023,1,1,0.00025031289111389235,-1.6453335276070442
all,bogor,1,1,0.00025031289111389235,-1.6453335276070442
all,dwi,1,1,0.00025031289111389235,-1.6453335276070442
all,halloween,1,1,0.00025031289111389235,-1.6453335276070442
all,ktt,1,1,0.00025031289111389235,-1.6453335276070442
all,ly,1,1,0.00025031289111389235,-1.6453335276070442
all,menyediakan,1,1,0.00025031289111389235,-1.6453335276070442
all,pembukaan,1,1,0.00025031289111389235,-1.6453335276070442
all,sabang,1,1,0.00025031289111389235,-1.6453335276070442
all,skor,1,1,0.00025031289111389235,-1.6453335276070442
all,uzbekistan,1,1,0.00025031289111389235,-1.6453335276070442
all,yusuf,1,1,0.00025031289111389235,-1.6453335276070442
all,daftar,1,8,0.002002503128911139,-1.6501959385308986
all,pki,0,26,0.001063264221158958,-1.652432804656462
all,etika,0,40,0.00163579110947532,-1.658170866487121
all,fitnah,0,53,0.002167423220054799,-1.6587921427667736
all,kelakuan,0,27,0.001104158998895841,-1.6590874055792362
all,januari,1,7,0.0017521902377972466,-1.6643219605114477
all,52,1,1,0.00025031289111389235,-1.666208588040991
all,diamankan,1,1,0.00025031289111389235,-1.666208588040991
all,imigrasi,1,1,0.00025031289111389235,-1.666208588040991
all,keluaranchina,1,1,0.00025031289111389235,-1.666208588040991
all,penempatan,1,1,0.00025031289111389235,-1.666208588040991
all,pol,1,1,0.00025031289111389235,-1.666208588040991
all,puncak,1,1,0.00025031289111389235,-1.666208588040991
all,santo,1,1,0.00025031289111389235,-1.666208588040991
all,sarapan,1,1,0.00025031289111389235,-1.666208588040991
all,scarlett,1,1,0.00025031289111389235,-1.666208588040991
all,tes,1,1,0.00025031289111389235,-1.666208588040991
all,informasi,1,10,0.0025031289111389237,-1.666947948744574
all,kaum,0,154,0.006297795771479982,-1.6695438646496796
all,32,1,3,0.000750938673341677,-1.6713158398675558
all,hadits,0,24,0.000981474665685192,-1.6852722819727324
all,78,1,1,0.00025031289111389235,-1.6866584348822018
all,kesulitan,1,1,0.00025031289111389235,-1.6866584348822018
all,menikah,1,1,0.00025031289111389235,-1.6866584348822018
all,rekomendasi,1,1,0.00025031289111389235,-1.6866584348822018
all,pasar,1,3,0.000750938673341677,-1.6888657038646682
all,kafir,0,41,0.001676685887212203,-1.6905963748862605
all,wahai,0,34,0.001390422443054022,-1.694517402487282
all,dajjal,0,37,0.001513106776264671,-1.7055884999184603
all,kekuasaan,0,46,0.001881159775896618,-1.7062774057836967
all,delapan,1,1,0.00025031289111389235,-1.7067000784779116
all,jatinangor,1,1,0.00025031289111389235,-1.7067000784779116
all,stasiun,1,1,0.00025031289111389235,-1.7067000784779116
all,thoifur,1,1,0.00025031289111389235,-1.7067000784779116
all,nurani,0,20,0.00081789555473766,-1.712647506193744
all,sampah,0,20,0.00081789555473766,-1.712647506193744
all,desember,1,7,0.0017521902377972466,-1.72544396170003
all,adat,1,1,0.00025031289111389235,-1.7263495284345025
all,diselenggarakan,1,1,0.00025031289111389235,-1.7263495284345025
all,masters,1,1,0.00025031289111389235,-1.7263495284345025
all,newsupdate,1,1,0.00025031289111389235,-1.7263495284345025
all,saputra,1,1,0.00025031289111389235,-1.7263495284345025
all,membenci,0,26,0.001063264221158958,-1.7380940743038162
all,admin,1,3,0.000750938673341677,-1.7397559900737538
all,49,1,1,0.00025031289111389235,-1.7456218706099165
all,perak,1,1,0.00025031289111389235,-1.7456218706099165
all,wd,1,1,0.00025031289111389235,-1.7456218706099165
all,aceh,1,22,0.005506883604505632,-1.7483930607999771
all,komunis,0,43,0.001758475442685969,-1.7484473881420668
all,bunga,1,1,0.00025031289111389235,-1.7645313368412754
all,filipina,1,1,0.00025031289111389235,-1.7645313368412754
all,togelhariini,1,1,0.00025031289111389235,-1.7645313368412754
all,togelovers,1,1,0.00025031289111389235,-1.7645313368412754
all,logika,0,20,0.00081789555473766,-1.7655426854939182
all,kabupaten,1,6,0.001501877346683354,-1.7691616531138739
all,tai,0,23,0.000940579887948309,-1.7726999213617523
all,ajang,1,1,0.00025031289111389235,-1.783091368215076
all,halo,1,1,0.00025031289111389235,-1.783091368215076
all,kunci,1,1,0.00025031289111389235,-1.783091368215076
all,pasokan,1,1,0.00025031289111389235,-1.783091368215076
all,juara,1,4,0.0010012515644555694,-1.792956115333371
all,muslimin,0,56,0.002290107553265448,-1.8053154318219056
all,04,1,2,0.0005006257822277847,-1.813375775713181
all,com,1,12,0.003003754693366708,-1.8153791415330554
all,gratis,1,4,0.0010012515644555694,-1.8171459886932497
all,indonesian,1,1,0.00025031289111389235,-1.8192132769507112
all,lokasi,1,7,0.0017521902377972466,-1.823429024030962
all,bosku,1,1,0.00025031289111389235,-1.8367985752477713
all,chen,1,1,0.00025031289111389235,-1.8367985752477713
all,original,1,1,0.00025031289111389235,-1.8367985752477713
all,pidie,1,1,0.00025031289111389235,-1.8367985752477713
all,pribumi,0,39,0.001594896331738437,-1.8450715048164266
all,sunni,0,35,0.001431317220790905,-1.847002851173283
all,gampong,1,1,0.00025031289111389235,-1.8540813720085663
all,jt,1,1,0.00025031289111389235,-1.8540813720085663
all,kristus,1,1,0.00025031289111389235,-1.8540813720085663
all,menangani,1,1,0.00025031289111389235,-1.8540813720085663
all,operator,1,1,0.00025031289111389235,-1.8540813720085663
all,perairan,1,1,0.00025031289111389235,-1.8540813720085663
all,pertumbuhan,1,1,0.00025031289111389235,-1.8540813720085663
all,tour,1,1,0.00025031289111389235,-1.8540813720085663
all,kpd,0,24,0.000981474665685192,-1.8569047216813974
all,sunnah,0,50,0.00204473888684415,-1.8614977440955531
all,final,1,3,0.000750938673341677,-1.8641234174506878
all,kualifikasi,1,2,0.0005006257822277847,-1.865676158966053
all,kec,1,1,0.00025031289111389235,-1.8710719223289038
all,myanmar,1,3,0.000750938673341677,-1.9000471428930081
all,biadab,0,64,0.002617265775160512,-1.901065796748922
all,idiot,0,22,0.000899685110211426,-1.9018872345521418
all,147,1,0,0.0,-1.902785653053056
all,19th,1,0,0.0,-1.902785653053056
all,240,1,0,0.0,-1.902785653053056
all,93,1,0,0.0,-1.902785653053056
all,adrian,1,0,0.0,-1.902785653053056
all,ag22,1,0,0.0,-1.902785653053056
all,ananda,1,0,0.0,-1.902785653053056
all,ardi,1,0,0.0,-1.902785653053056
all,badmintalkasiangames2022,1,0,0.0,-1.902785653053056
all,beauty,1,0,0.0,-1.902785653053056
all,berkas,1,0,0.0,-1.902785653053056
all,catholic,1,0,0.0,-1.902785653053056
all,dejan,1,0,0.0,-1.902785653053056
all,donat,1,0,0.0,-1.902785653053056
all,eps,1,0,0.0,-1.902785653053056
all,geopolitik,1,0,0.0,-1.902785653053056
all,gnfi,1,0,0.0,-1.902785653053056
all,huang,1,0,0.0,-1.902785653053056
all,idr,1,0,0.0,-1.902785653053056
all,imbuhnya,1,0,0.0,-1.902785653053056
all,iptu,1,0,0.0,-1.902785653053056
all,jongdae,1,0,0.0,-1.902785653053056
all,kandidat,1,0,0.0,-1.902785653053056
all,katolikindonesia,1,0,0.0,-1.902785653053056
all,kejadiannya,1,0,0.0,-1.902785653053056
all,kep,1,0,0.0,-1.902785653053056
all,kepastian,1,0,0.0,-1.902785653053056
all,komisioner,1,0,0.0,-1.902785653053056
all,koridor,1,0,0.0,-1.902785653053056
all,liu,1,0,0.0,-1.902785653053056
all,mamat,1,0,0.0,-1.902785653053056
all,mateen,1,0,0.0,-1.902785653053056
all,menemui,1,0,0.0,-1.902785653053056
all,nova,1,0,0.0,-1.902785653053056
all,oppo,1,0,0.0,-1.902785653053056
all,pembinaan,1,0,0.0,-1.902785653053056
all,pencarian,1,0,0.0,-1.902785653053056
all,petrus,1,0,0.0,-1.902785653053056
all,posted,1,0,0.0,-1.902785653053056
all,protection,1,0,0.0,-1.902785653053056
all,registrasi,1,0,0.0,-1.902785653053056
all,season,1,0,0.0,-1.902785653053056
all,senja,1,0,0.0,-1.902785653053056
all,sepeda,1,0,0.0,-1.902785653053056
all,setop,1,0,0.0,-1.902785653053056
all,sumatra,1,0,0.0,-1.902785653053056
all,susanto,1,0,0.0,-1.902785653053056
all,tertinggal,1,0,0.0,-1.902785653053056
all,togelsingapore,1,0,0.0,-1.902785653053056
all,tsunami,1,0,0.0,-1.902785653053056
all,wayan,1,0,0.0,-1.902785653053056
all,zheng,1,0,0.0,-1.902785653053056
all,55,1,1,0.00025031289111389235,-1.9042147736442994
all,dibutuhkan,1,1,0.00025031289111389235,-1.9042147736442994
all,gaming,1,1,0.00025031289111389235,-1.9042147736442994
all,naga,1,2,0.0005006257822277847,-1.9056466568056085
all,togelchina,1,3,0.000750938673341677,-1.9070813120271914
all,provinsi,1,4,0.0010012515644555694,-1.9193829358070684
all,39,1,1,0.00025031289111389235,-1.9203851526224012
all,polres,1,1,0.00025031289111389235,-1.9203851526224012
all,penampungan,1,3,0.000750938673341677,-1.9278951163671094
all,mendarat,1,2,0.0005006257822277847,-1.9346180144288436
all,38,1,1,0.00025031289111389235,-1.9362995005077366
all,pratama,1,1,0.00025031289111389235,-1.9362995005077366
all,140,1,0,0.0,-1.9504546302950894
all,angkasa,1,0,0.0,-1.9504546302950894
all,anna,1,0,0.0,-1.9504546302950894
all,arya,1,0,0.0,-1.9504546302950894
all,cny,1,0,0.0,-1.9504546302950894
all,commerce,1,0,0.0,-1.9504546302950894
all,didapat,1,0,0.0,-1.9504546302950894
all,dikelola,1,0,0.0,-1.9504546302950894
all,durian,1,0,0.0,-1.9504546302950894
all,erupsi,1,0,0.0,-1.9504546302950894
all,gea,1,0,0.0,-1.9504546302950894
all,ho,1,0,0.0,-1.9504546302950894
all,host,1,0,0.0,-1.9504546302950894
all,hot,1,0,0.0,-1.9504546302950894
all,imlek,1,0,0.0,-1.9504546302950894
all,infia,1,0,0.0,-1.9504546302950894
all,inforesult,1,0,0.0,-1.9504546302950894
all,inisiatif,1,0,0.0,-1.9504546302950894
all,intan,1,0,0.0,-1.9504546302950894
all,kebun,1,0,0.0,-1.9504546302950894
all,kerasa,1,0,0.0,-1.9504546302950894
all,magang,1,0,0.0,-1.9504546302950894
all,melamar,1,0,0.0,-1.9504546302950894
all,melintasi,1,0,0.0,-1.9504546302950894
all,memasukkan,1,0,0.0,-1.9504546302950894
all,mengisi,1,0,0.0,-1.9504546302950894
all,offline,1,0,0.0,-1.9504546302950894
all,pemulihan,1,0,0.0,-1.9504546302950894
all,penyelenggaraan,1,0,0.0,-1.9504546302950894
all,pgsoft,1,0,0.0,-1.9504546302950894
all,pratiwi,1,0,0.0,-1.9504546302950894
all,ps,1,0,0.0,-1.9504546302950894
all,raihan,1,0,0.0,-1.9504546302950894
all,ram,1,0,0.0,-1.9504546302950894
all,roy,1,0,0.0,-1.9504546302950894
all,rudi,1,0,0.0,-1.9504546302950894
all,scan,1,0,0.0,-1.9504546302950894
all,semi,1,0,0.0,-1.9504546302950894
all,sihombing,1,0,0.0,-1.9504546302950894
all,suhu,1,0,0.0,-1.9504546302950894
all,turis,1,0,0.0,-1.9504546302950894
all,ulamankridukungganjar,1,0,0.0,-1.9504546302950894
all,uskup,1,0,0.0,-1.9504546302950894
all,videoberita,1,0,0.0,-1.9504546302950894
all,viralvideos,1,0,0.0,-1.9504546302950894
all,weh,1,0,0.0,-1.9504546302950894
all,wts,1,0,0.0,-1.9504546302950894
all,mahar,1,1,0.00025031289111389235,-1.951965818820827
all,net,1,1,0.00025031289111389235,-1.951965818820827
all,bodoh,0,64,0.002617265775160512,-1.9580436886047081
all,han,1,1,0.00025031289111389235,-1.982584548544374
all,130,1,0,0.0,-1.9959579342998157
all,160,1,0,0.0,-1.9959579342998157
all,170,1,0,0.0,-1.9959579342998157
all,anto,1,0,0.0,-1.9959579342998157
all,aula,1,0,0.0,-1.9959579342998157
all,balee,1,0,0.0,-1.9959579342998157
all,banten,1,0,0.0,-1.9959579342998157
all,bayangin,1,0,0.0,-1.9959579342998157
all,boru,1,0,0.0,-1.9959579342998157
all,bronze,1,0,0.0,-1.9959579342998157
all,capres2024,1,0,0.0,-1.9959579342998157
all,direktorat,1,0,0.0,-1.9959579342998157
all,disabilitas,1,0,0.0,-1.9959579342998157
all,domisili,1,0,0.0,-1.9959579342998157
all,elite,1,0,0.0,-1.9959579342998157
all,gading,1,0,0.0,-1.9959579342998157
all,garuda,1,0,0.0,-1.9959579342998157
all,hyung,1,0,0.0,-1.9959579342998157
all,ilham,1,0,0.0,-1.9959579342998157
all,john,1,0,0.0,-1.9959579342998157
all,keberangkatan,1,0,0.0,-1.9959579342998157
all,koleksi,1,0,0.0,-1.9959579342998157
all,mendampingi,1,0,0.0,-1.9959579342998157
all,menkopolhukam,1,0,0.0,-1.9959579342998157
all,narasumber,1,0,0.0,-1.9959579342998157
all,paroki,1,0,0.0,-1.9959579342998157
all,peace,1,0,0.0,-1.9959579342998157
all,pembuatan,1,0,0.0,-1.9959579342998157
all,research,1,0,0.0,-1.9959579342998157
all,satelit,1,0,0.0,-1.9959579342998157
all,shesar,1,0,0.0,-1.9959579342998157
all,spotlight,1,0,0.0,-1.9959579342998157
all,stabil,1,0,0.0,-1.9959579342998157
all,statistik,1,0,0.0,-1.9959579342998157
all,studio,1,0,0.0,-1.9959579342998157
all,tipis,1,0,0.0,-1.9959579342998157
all,transisi,1,0,0.0,-1.9959579342998157
all,ukraine,1,0,0.0,-1.9959579342998157
all,universitassyiahkuala,1,0,0.0,-1.9959579342998157
all,visa,1,0,0.0,-1.9959579342998157
all,won,1,0,0.0,-1.9959579342998157
all,yadi,1,0,0.0,-1.9959579342998157
all,bandartogelonline,1,1,0.00025031289111389235,-1.997551204214781
all,angka,1,6,0.001501877346683354,-2.0090223039160517
all,tunggal,1,1,0.00025031289111389235,-2.0122983587397236
all,anis,0,29,0.001185948554369607,-2.032390969464589
all,armando,1,0,0.0,-2.0394839778428513
all,aspirasi,1,0,0.0,-2.0394839778428513
all,cabor,1,0,0.0,-2.0394839778428513
all,case,1,0,0.0,-2.0394839778428513
all,dede,1,0,0.0,-2.0394839778428513
all,denmark,1,0,0.0,-2.0394839778428513
all,diperiksa,1,0,0.0,-2.0394839778428513
all,fitria,1,0,0.0,-2.0394839778428513
all,friday,1,0,0.0,-2.0394839778428513
all,gregoria,1,0,0.0,-2.0394839778428513
all,harapannya,1,0,0.0,-2.0394839778428513
all,here,1,0,0.0,-2.0394839778428513
all,jir,1,0,0.0,-2.0394839778428513
all,jojo,1,0,0.0,-2.0394839778428513
all,kategori,1,0,0.0,-2.0394839778428513
all,leste,1,0,0.0,-2.0394839778428513
all,lok,1,0,0.0,-2.0394839778428513
all,lokerkarawang,1,0,0.0,-2.0394839778428513
all,lokersmk,1,0,0.0,-2.0394839778428513
all,marzuki,1,0,0.0,-2.0394839778428513
all,mongolia,1,0,0.0,-2.0394839778428513
all,mula,1,0,0.0,-2.0394839778428513
all,multisportevent,1,0,0.0,-2.0394839778428513
all,mutiara,1,0,0.0,-2.0394839778428513
all,nation,1,0,0.0,-2.0394839778428513
all,patah,1,0,0.0,-2.0394839778428513
all,pengunjung,1,0,0.0,-2.0394839778428513
all,penjabat,1,0,0.0,-2.0394839778428513
all,profesi,1,0,0.0,-2.0394839778428513
all,psi,1,0,0.0,-2.0394839778428513
all,republic,1,0,0.0,-2.0394839778428513
all,ridho,1,0,0.0,-2.0394839778428513
all,riski,1,0,0.0,-2.0394839778428513
all,sananta,1,0,0.0,-2.0394839778428513
all,seniman,1,0,0.0,-2.0394839778428513
all,seo,1,0,0.0,-2.0394839778428513
all,shopeeid,1,0,0.0,-2.0394839778428513
all,style,1,0,0.0,-2.0394839778428513
all,tulungagung,1,0,0.0,-2.0394839778428513
all,wawan,1,0,0.0,-2.0394839778428513
all,yong,1,0,0.0,-2.0394839778428513
all,zakat,1,0,0.0,-2.0394839778428513
all,asian,1,5,0.0012515644555694619,-2.040047786665219
all,ganda,1,1,0.00025031289111389235,-2.041159342605362
all,togelterpercaya,1,1,0.00025031289111389235,-2.055285094667724
all,boneka,0,18,0.000736105999263894,-2.055871062601267
all,september,1,11,0.002753441802252816,-2.065656871360302
all,badminton,1,2,0.0005006257822277847,-2.068173058659968
all,sesat,0,24,0.000981474665685192,-2.0697261029714165
all,akbp,1,0,0.0,-2.0811976075221805
all,audio,1,0,0.0,-2.0811976075221805
all,aulia,1,0,0.0,-2.0811976075221805
all,beregu,1,0,0.0,-2.0811976075221805
all,berjumlah,1,0,0.0,-2.0811976075221805
all,berlayar,1,0,0.0,-2.0811976075221805
all,bimas,1,0,0.0,-2.0811976075221805
all,chan,1,0,0.0,-2.0811976075221805
all,commissioner,1,0,0.0,-2.0811976075221805
all,diluncurkan,1,0,0.0,-2.0811976075221805
all,diturunkan,1,0,0.0,-2.0811976075221805
all,edy,1,0,0.0,-2.0811976075221805
all,expo,1,0,0.0,-2.0811976075221805
all,fan,1,0,0.0,-2.0811976075221805
all,inabadminton,1,0,0.0,-2.0811976075221805
all,instalike,1,0,0.0,-2.0811976075221805
all,institut,1,0,0.0,-2.0811976075221805
all,kampongtoto,1,0,0.0,-2.0811976075221805
all,konsultasi,1,0,0.0,-2.0811976075221805
all,makeup,1,0,0.0,-2.0811976075221805
all,mengizinkan,1,0,0.0,-2.0811976075221805
all,nasution,1,0,0.0,-2.0811976075221805
all,pilihanku,1,0,0.0,-2.0811976075221805
all,pmi,1,0,0.0,-2.0811976075221805
all,prediksisgp,1,0,0.0,-2.0811976075221805
all,score,1,0,0.0,-2.0811976075221805
all,stadium,1,0,0.0,-2.0811976075221805
all,sugeng,1,0,0.0,-2.0811976075221805
all,tbtb,1,0,0.0,-2.0811976075221805
all,temuan,1,0,0.0,-2.0811976075221805
all,van,1,0,0.0,-2.0811976075221805
all,yuan,1,0,0.0,-2.0811976075221805
all,dokumen,1,1,0.00025031289111389235,-2.0829550805941417
all,munafik,0,19,0.000777000777000777,-2.0853680233029084
all,www,1,4,0.0010012515644555694,-2.0928175854280067
all,pantai,1,2,0.0005006257822277847,-2.0928877562245383
all,neraka,0,28,0.001145053776632724,-2.0941993486207995
all,comment,1,1,0.00025031289111389235,-2.096509816988106
all,bali,1,2,0.0005006257822277847,-2.1090345634592733
all,hangzhou,1,2,0.0005006257822277847,-2.1090345634592733
all,togelonline,1,3,0.000750938673341677,-2.109702490476876
all,siti,1,1,0.00025031289111389235,-2.109884366767294
all,bid,0,26,0.001063264221158958,-2.1117272304033574
all,andika,1,0,0.0,-2.121243877090243
all,andy,1,0,0.0,-2.121243877090243
all,armada,1,0,0.0,-2.121243877090243
all,berkomunikasi,1,0,0.0,-2.121243877090243
all,bilateral,1,0,0.0,-2.121243877090243
all,bocorantogel,1,0,0.0,-2.121243877090243
all,chicken,1,0,0.0,-2.121243877090243
all,cut,1,0,0.0,-2.121243877090243
all,daftarkampoengtoto,1,0,0.0,-2.121243877090243
all,demam,1,0,0.0,-2.121243877090243
all,deretan,1,0,0.0,-2.121243877090243
all,draw,1,0,0.0,-2.121243877090243
all,flokitoto,1,0,0.0,-2.121243877090243
all,infeksi,1,0,0.0,-2.121243877090243
all,jangka,1,0,0.0,-2.121243877090243
all,jhon,1,0,0.0,-2.121243877090243
all,kampoengtoto,1,0,0.0,-2.121243877090243
all,kampungtoto,1,0,0.0,-2.121243877090243
all,kebebasan,1,0,0.0,-2.121243877090243
all,lokerbandung,1,0,0.0,-2.121243877090243
all,menara4d,1,0,0.0,-2.121243877090243
all,pbs,1,0,0.0,-2.121243877090243
all,poltar,1,0,0.0,-2.121243877090243
all,satuan,1,0,0.0,-2.121243877090243
all,silver,1,0,0.0,-2.121243877090243
all,stock,1,0,0.0,-2.121243877090243
all,unrwa,1,0,0.0,-2.121243877090243
all,widya,1,0,0.0,-2.121243877090243
all,ybni,1,0,0.0,-2.121243877090243
all,made,1,1,0.00025031289111389235,-2.1230834719371483
all,syi,0,24,0.000981474665685192,-2.1317886004977673
all,perdagangan,1,1,0.00025031289111389235,-2.1361116897390606
all,indah,1,1,0.00025031289111389235,-2.1489734021261193
all,jungkook,1,1,0.00025031289111389235,-2.1489734021261193
all,auto,1,0,0.0,-2.1597510945481413
all,chang,1,0,0.0,-2.1597510945481413
all,dimulainya,1,0,0.0,-2.1597510945481413
all,heri,1,0,0.0,-2.1597510945481413
all,kupang,1,0,0.0,-2.1597510945481413
all,liburan,1,0,0.0,-2.1597510945481413
all,lokercikarang,1,0,0.0,-2.1597510945481413
all,meriah,1,0,0.0,-2.1597510945481413
all,palang,1,0,0.0,-2.1597510945481413
all,pragmaticplay,1,0,0.0,-2.1597510945481413
all,prediksiakurat,1,0,0.0,-2.1597510945481413
all,prediksihk,1,0,0.0,-2.1597510945481413
all,rivro,1,0,0.0,-2.1597510945481413
all,roma,1,0,0.0,-2.1597510945481413
all,romo,1,0,0.0,-2.1597510945481413
all,safe,1,0,0.0,-2.1597510945481413
all,salazar,1,0,0.0,-2.1597510945481413
all,sea,1,0,0.0,-2.1597510945481413
all,serdang,1,0,0.0,-2.1597510945481413
all,sogotogel,1,0,0.0,-2.1597510945481413
all,surakarta,1,0,0.0,-2.1597510945481413
all,syukur,1,0,0.0,-2.1597510945481413
all,tertera,1,0,0.0,-2.1597510945481413
all,wati,1,0,0.0,-2.1597510945481413
all,paus,1,1,0.00025031289111389235,-2.161672824639074
all,bisex,0,14,0.000572526888316362,-2.162326386187415
all,asiangames2022,1,1,0.00025031289111389235,-2.1742140147275095
all,bb,1,1,0.00025031289111389235,-2.1742140147275095
all,aditya,1,0,0.0,-2.196833304534469
all,awak,1,0,0.0,-2.196833304534469
all,badmintonindonesia,1,0,0.0,-2.196833304534469
all,business,1,0,0.0,-2.196833304534469
all,christie,1,0,0.0,-2.196833304534469
all,close,1,0,0.0,-2.196833304534469
all,dafatoto,1,0,0.0,-2.196833304534469
all,dian,1,0,0.0,-2.196833304534469
all,form,1,0,0.0,-2.196833304534469
all,gerejakatolik,1,0,0.0,-2.196833304534469
all,grand,1,0,0.0,-2.196833304534469
all,iom,1,0,0.0,-2.196833304534469
all,jawabarat,1,0,0.0,-2.196833304534469
all,jong,1,0,0.0,-2.196833304534469
all,keuskupan,1,0,0.0,-2.196833304534469
all,lamar,1,0,0.0,-2.196833304534469
all,lokerindonesia,1,0,0.0,-2.196833304534469
all,mbahtoto,1,0,0.0,-2.196833304534469
all,merinding,1,0,0.0,-2.196833304534469
all,mini,1,0,0.0,-2.196833304534469
all,pelatih,1,0,0.0,-2.196833304534469
all,peneliti,1,0,0.0,-2.196833304534469
all,perahu,1,0,0.0,-2.196833304534469
all,ponsel,1,0,0.0,-2.196833304534469
all,rekan,1,0,0.0,-2.196833304534469
all,taipe,1,0,0.0,-2.196833304534469
all,ws,1,0,0.0,-2.196833304534469
all,sambut,1,1,0.00025031289111389235,-2.1988371833421034
all,games,1,4,0.0010012515644555694,-2.2089526687967465
all,pools,1,4,0.0010012515644555694,-2.2130100522297873
all,kelinci,1,1,0.00025031289111389235,-2.2228724907974198
all,prediksitogelhariini,1,1,0.00025031289111389235,-2.2228724907974198
all,2013,1,0,0.0,-2.23259232711854
all,76,1,0,0.0,-2.23259232711854
all,arifin,1,0,0.0,-2.23259232711854
all,deli,1,0,0.0,-2.23259232711854
all,disambut,1,0,0.0,-2.23259232711854
all,huawei,1,0,0.0,-2.23259232711854
all,iqbal,1,0,0.0,-2.23259232711854
all,jonatan,1,0,0.0,-2.23259232711854
all,kelurahan,1,0,0.0,-2.23259232711854
all,lokerbekasi,1,0,0.0,-2.23259232711854
all,lokerbogor,1,0,0.0,-2.23259232711854
all,mengangkat,1,0,0.0,-2.23259232711854
all,rcti,1,0,0.0,-2.23259232711854
all,reskrim,1,0,0.0,-2.23259232711854
all,sepenuh,1,0,0.0,-2.23259232711854
all,sumatera,1,1,0.00025031289111389235,-2.2346783681191433
all,utamakan,1,1,0.00025031289111389235,-2.2346783681191433
all,ujarnya,1,2,0.0005006257822277847,-2.2367698177824975
all,arief,1,0,0.0,-2.2671194448478524
all,bara,1,0,0.0,-2.2671194448478524
all,dimas,1,0,0.0,-2.2671194448478524
all,esports,1,0,0.0,-2.2671194448478524
all,halim,1,0,0.0,-2.2671194448478524
all,iwan,1,0,0.0,-2.2671194448478524
all,jagoan,1,0,0.0,-2.2671194448478524
all,libur,1,0,0.0,-2.2671194448478524
all,lokerjabodetabek,1,0,0.0,-2.2671194448478524
all,memfasilitasi,1,0,0.0,-2.2671194448478524
all,muh,1,0,0.0,-2.2671194448478524
all,posts,1,0,0.0,-2.2671194448478524
all,salmasalsabil,1,0,0.0,-2.2671194448478524
all,shanghai,1,0,0.0,-2.2671194448478524
all,tangkis,1,0,0.0,-2.2671194448478524
all,promo,1,1,0.00025031289111389235,-2.2805647772671818
all,album,1,0,0.0,-2.300496808449875
all,bertempat,1,0,0.0,-2.300496808449875
all,desain,1,0,0.0,-2.300496808449875
all,dibenarkan,1,0,0.0,-2.300496808449875
all,get,1,0,0.0,-2.300496808449875
all,iii,1,0,0.0,-2.300496808449875
all,jkt48sayonaracrawl,1,0,0.0,-2.300496808449875
all,menentukan,1,0,0.0,-2.300496808449875
all,nyak,1,0,0.0,-2.300496808449875
all,pelatihan,1,0,0.0,-2.300496808449875
all,rahman,1,0,0.0,-2.300496808449875
all,ringan,1,0,0.0,-2.300496808449875
all,seri,1,0,0.0,-2.300496808449875
all,singapore,1,0,0.0,-2.300496808449875
all,tercapai,1,0,0.0,-2.300496808449875
all,teuku,1,0,0.0,-2.300496808449875
all,timor,1,0,0.0,-2.300496808449875
all,togelhk,1,0,0.0,-2.300496808449875
all,togelsgp,1,0,0.0,-2.300496808449875
all,voli,1,0,0.0,-2.300496808449875
all,ʟɪɴᴋ,1,0,0.0,-2.300496808449875
all,prediksi,1,7,0.0017521902377972466,-2.3163810981624606
all,asean,1,1,0.00025031289111389235,-2.3244517750438245
all,aswaja,0,13,0.000531632110579479,-2.32741989772716
all,sufi,0,13,0.000531632110579479,-2.32741989772716
all,81,1,0,0.0,-2.3327986156789526
all,aziz,1,0,0.0,-2.3327986156789526
all,edukasi,1,0,0.0,-2.3327986156789526
all,hendra,1,0,0.0,-2.3327986156789526
all,kapolres,1,0,0.0,-2.3327986156789526
all,kebudayaan,1,0,0.0,-2.3327986156789526
all,likeforlike,1,0,0.0,-2.3327986156789526
all,lokertangerang,1,0,0.0,-2.3327986156789526
all,onana,1,0,0.0,-2.3327986156789526
all,seller,1,0,0.0,-2.3327986156789526
all,stok,1,0,0.0,-2.3327986156789526
all,suasana,1,0,0.0,-2.3327986156789526
all,togel4d,1,0,0.0,-2.3327986156789526
all,yi,1,0,0.0,-2.3327986156789526
all,aqidah,0,14,0.000572526888316362,-2.3415812868620853
all,angkajitu,1,1,0.00025031289111389235,-2.3456986897273646
all,ular,1,1,0.00025031289111389235,-2.3561565048593764
all,prediksichina,1,2,0.0005006257822277847,-2.3627147894324056
all,dikonfirmasi,1,0,0.0,-2.364092105870476
all,episode,1,0,0.0,-2.364092105870476
all,fancy,1,0,0.0,-2.364092105870476
all,menjalin,1,0,0.0,-2.364092105870476
all,review,1,0,0.0,-2.364092105870476
all,street,1,0,0.0,-2.364092105870476
all,terdampak,1,0,0.0,-2.364092105870476
all,pemeriksaan,1,1,0.00025031289111389235,-2.3665069304775157
all,salafi,0,17,0.000695211221527011,-2.373971768334857
all,137,1,0,0.0,-2.3944384037299233
all,cn,1,0,0.0,-2.3944384037299233
all,collegelife,1,0,0.0,-2.3944384037299233
all,cox,1,0,0.0,-2.3944384037299233
all,des,1,0,0.0,-2.3944384037299233
all,kapolsek,1,0,0.0,-2.3944384037299233
all,menampilkan,1,0,0.0,-2.3944384037299233
all,nusa,1,0,0.0,-2.3944384037299233
all,pembelian,1,0,0.0,-2.3944384037299233
all,sedikitnya,1,0,0.0,-2.3944384037299233
all,silaturahmi,1,0,0.0,-2.3944384037299233
all,sungai,1,0,0.0,-2.3944384037299233
all,tergila,1,0,0.0,-2.3944384037299233
all,thohir,1,0,0.0,-2.3944384037299233
all,asep,1,0,0.0,-2.4238932389771723
all,keunggulan,1,0,0.0,-2.4238932389771723
all,market,1,0,0.0,-2.4238932389771723
all,menembak,1,0,0.0,-2.4238932389771723
all,nations,1,0,0.0,-2.4238932389771723
all,seharian,1,0,0.0,-2.4238932389771723
all,sudirman,1,0,0.0,-2.4238932389771723
all,tanjung,1,0,0.0,-2.4238932389771723
all,upacara,1,0,0.0,-2.4238932389771723
all,laknatullah,0,45,0.001840264998159735,-2.4255852854123834
all,lowongan,1,1,0.00025031289111389235,-2.4361290627997887
all,pemenang,1,5,0.0012515644555694619,-2.436869851894647
all,tempodunia,1,1,0.00025031289111389235,-2.4456940137594874
all,77,1,0,0.0,-2.4525075631391586
all,arenagacor,1,0,0.0,-2.4525075631391586
all,bbtogel,1,0,0.0,-2.4525075631391586
all,diutamakan,1,0,0.0,-2.4525075631391586
all,jasmani,1,0,0.0,-2.4525075631391586
all,jayagaming,1,0,0.0,-2.4525075631391586
all,junior,1,0,0.0,-2.4525075631391586
all,kapolresta,1,0,0.0,-2.4525075631391586
all,mama,1,0,0.0,-2.4525075631391586
all,mer,1,0,0.0,-2.4525075631391586
all,nagaslot,1,0,0.0,-2.4525075631391586
all,ongkir,1,0,0.0,-2.4525075631391586
all,rektor,1,0,0.0,-2.4525075631391586
all,skala,1,0,0.0,-2.4525075631391586
all,slotgacorhariini,1,0,0.0,-2.4525075631391586
all,togelcasino,1,0,0.0,-2.4525075631391586
all,yanto,1,0,0.0,-2.4525075631391586
all,ahlul,0,13,0.000531632110579479,-2.4533383277261342
all,63,1,0,0.0,-2.480328080641277
all,bayu,1,0,0.0,-2.480328080641277
all,fashion,1,0,0.0,-2.480328080641277
all,finansial,1,0,0.0,-2.480328080641277
all,kg,1,0,0.0,-2.480328080641277
all,livecasino,1,0,0.0,-2.480328080641277
all,prince,1,0,0.0,-2.480328080641277
all,resulthariini,1,0,0.0,-2.480328080641277
all,snack,1,0,0.0,-2.480328080641277
all,wei,1,0,0.0,-2.480328080641277
all,sekte,0,10,0.00040894777736883,-2.485263434527586
all,goblok,0,13,0.000531632110579479,-2.492056497724028
all,ana,1,0,0.0,-2.5073977081014873
all,bandartogel,1,0,0.0,-2.5073977081014873
all,beritausk,1,0,0.0,-2.5073977081014873
all,hangat,1,0,0.0,-2.5073977081014873
all,inatogel,1,0,0.0,-2.5073977081014873
all,kalla,1,0,0.0,-2.5073977081014873
all,keluarantogel,1,0,0.0,-2.5073977081014873
all,klasemen,1,0,0.0,-2.5073977081014873
all,kurniawan,1,0,0.0,-2.5073977081014873
all,memantau,1,0,0.0,-2.5073977081014873
all,penghargaan,1,0,0.0,-2.5073977081014873
all,perunggu,1,0,0.0,-2.5073977081014873
all,s1,1,0,0.0,-2.5073977081014873
all,struick,1,0,0.0,-2.5073977081014873
all,ups,1,0,0.0,-2.5073977081014873
all,pengeluaran,1,4,0.0010012515644555694,-2.5127324788687404
all,prize,1,2,0.0005006257822277847,-2.5237519551895944
all,rafidhah,0,11,0.000449842555105713,-2.531581186749864
all,bambang,1,0,0.0,-2.533755973168539
all,court,1,0,0.0,-2.533755973168539
all,indra,1,0,0.0,-2.533755973168539
all,lhokseumawe,1,0,0.0,-2.533755973168539
all,parade,1,0,0.0,-2.533755973168539
all,resulttogel,1,0,0.0,-2.533755973168539
all,tembakan,1,0,0.0,-2.533755973168539
all,togelsydney,1,0,0.0,-2.533755973168539
all,togelterbaik,1,0,0.0,-2.533755973168539
all,tokopedia,1,0,0.0,-2.533755973168539
all,togeljitu,1,1,0.00025031289111389235,-2.5453262091392324
all,apresiasi,1,0,0.0,-2.5594393622090785
all,erick,1,0,0.0,-2.5594393622090785
all,hyuk,1,0,0.0,-2.5594393622090785
all,kompol,1,0,0.0,-2.5594393622090785
all,meter,1,0,0.0,-2.5594393622090785
all,zoom,1,0,0.0,-2.5594393622090785
all,kesesatan,0,10,0.00040894777736883,-2.578857065554902
all,laknat,0,10,0.00040894777736883,-2.578857065554902
all,180,1,0,0.0,-2.5844816245193596
all,54,1,0,0.0,-2.5844816245193596
all,edi,1,0,0.0,-2.5844816245193596
all,rafael,1,0,0.0,-2.5844816245193596
all,sahabatganjar,1,0,0.0,-2.5844816245193596
all,59,1,0,0.0,-2.608914039426181
all,email,1,0,0.0,-2.608914039426181
all,jo,1,0,0.0,-2.608914039426181
all,rank,1,0,0.0,-2.608914039426181
all,rian,1,0,0.0,-2.608914039426181
all,university,1,0,0.0,-2.608914039426181
all,iblis,0,11,0.000449842555105713,-2.6137628058397366
all,jackpot,1,2,0.0005006257822277847,-2.6200853155865125
all,wahabi,0,28,0.001145053776632724,-2.627488131222136
all,hangzhou2022,1,0,0.0,-2.6327656515804985
all,single,1,0,0.0,-2.6327656515804985
all,termurah,1,0,0.0,-2.6327656515804985
all,wang,1,0,0.0,-2.6327656515804985
all,wijaya,1,0,0.0,-2.6327656515804985
all,4d,1,1,0.00025031289111389235,-2.6438570283216682
all,kanwil,1,0,0.0,-2.6560634788834387
all,pembayaran,1,0,0.0,-2.6560634788834387
all,pesek,0,23,0.000940579887948309,-2.665471270700847
all,achmad,1,0,0.0,-2.678832696777879
all,lokerjakarta,1,0,0.0,-2.678832696777879
all,penyebab,1,0,0.0,-2.678832696777879
all,pusing,1,0,0.0,-2.678832696777879
all,pasaran,1,2,0.0005006257822277847,-2.6946821156436753
all,maranatha,1,0,0.0,-2.7010968020578217
all,part,1,0,0.0,-2.7010968020578217
all,pengamanan,1,0,0.0,-2.7010968020578217
all,premium,1,0,0.0,-2.7010968020578217
all,r32,1,0,0.0,-2.7010968020578217
all,semifinal,1,0,0.0,-2.7010968020578217
all,togelslot,1,0,0.0,-2.7010968020578217
all,toto,1,0,0.0,-2.7010968020578217
all,tolol,0,25,0.001022369443422075,-2.706325397121654
all,togel,1,4,0.0010012515644555694,-2.717600942468017
all,66,1,0,0.0,-2.722877758867947
all,atlet,1,0,0.0,-2.722877758867947
all,mewujudkan,1,0,0.0,-2.722877758867947
all,pemindahan,1,0,0.0,-2.722877758867947
all,sari,1,0,0.0,-2.722877758867947
all,setiawan,1,0,0.0,-2.722877758867947
all,win,1,0,0.0,-2.722877758867947
all,joo,1,1,0.00025031289111389235,-2.7264450278871037
all,irwan,1,0,0.0,-2.744196129167575
all,jusuf,1,0,0.0,-2.744196129167575
all,rangkaian,1,0,0.0,-2.744196129167575
all,bangladesh,1,1,0.00025031289111389235,-2.754879986247324
all,situstogel,1,0,0.0,-2.7650711896015214
all,sport,1,0,0.0,-2.7650711896015214
all,bagas,1,0,0.0,-2.7855210364427325
all,togelindonesia,1,0,0.0,-2.7855210364427325
all,twin,1,0,0.0,-2.7855210364427325
all,bangsat,0,12,0.000490737332842596,-2.8052241625348224
all,nurul,1,0,0.0,-2.805562680038442
all,pentingnya,1,0,0.0,-2.805562680038442
all,result,1,5,0.0012515644555694619,-2.8103805172976877
all,bandarjudi,1,0,0.0,-2.825212129995033
all,masyaallah,1,0,0.0,-2.825212129995033
all,penganiayaan,1,0,0.0,-2.825212129995033
all,rohingnya,1,0,0.0,-2.825212129995033
all,truk,1,0,0.0,-2.825212129995033
all,kadrun,0,18,0.000736105999263894,-2.827663908182249
all,3d,1,1,0.00025031289111389235,-2.8421358524165146
all,fajar,1,0,0.0,-2.844484472170447
all,kemenkumham,1,0,0.0,-2.844484472170447
all,zhejiang,1,0,0.0,-2.844484472170447
all,andi,1,0,0.0,-2.863393938401806
all,togelakurat,1,0,0.0,-2.863393938401806
all,diperkirakan,1,0,0.0,-2.8819539697756067
all,mendatang,1,0,0.0,-2.8819539697756067
all,humas,1,0,0.0,-2.9001772741450846
all,banda,1,2,0.0005006257822277847,-2.901501127571162
all,kombes,1,0,0.0,-2.918075878511242
all,tangerang,1,0,0.0,-2.918075878511242
all,lowongankerja,1,0,0.0,-2.935661176808302
all,match,1,0,0.0,-2.935661176808302
all,asiangames,1,0,0.0,-2.9529439735690968
all,prediksitogel,1,1,0.00025031289111389235,-2.9632241877187746
all,ajnn,1,0,0.0,-2.969934523889435
all,diskon,1,0,0.0,-3.00307737520483
all,resultchina,1,0,0.0,-3.00307737520483
all,rohani,1,0,0.0,-3.00307737520483
all,kecamatan,1,1,0.00025031289111389235,-3.0133289757479207
all,fakultas,1,0,0.0,-3.0192477541829317
all,penyelundupan,1,0,0.0,-3.0351621020682673
all,sahh,1,0,0.0,-3.0351621020682673
all,set,1,0,0.0,-3.1111609603002544
all,industri,1,0,0.0,-3.1400219441658925
all,pengecut,0,7,0.000286263444158181,-3.1880902054333795
all,bma,1,0,0.0,-3.1953724185486365
all,ditampung,1,0,0.0,-3.1953724185486365
all,kuala,1,1,0.00025031289111389235,-3.232380932913404
all,harimau,1,0,0.0,-3.2349742912995914
all,polresta,1,0,0.0,-3.24783600368665
all,smk,1,0,0.0,-3.24783600368665
all,meuseuraya,1,0,0.0,-3.260535426199605
all,prediksijitu,1,0,0.0,-3.27307661628804
all,size,1,0,0.0,-3.2854634811178536
all,loker,1,0,0.0,-3.297699784902634
all,bbfs,1,0,0.0,-3.309789155793358
all,kerbau,1,0,0.0,-3.3217350923579505
all,twins,1,0,0.0,-3.3217350923579505
all,adadikompas,1,0,0.0,-3.3452100451009312
all,bego,0,4,0.000163579110947532,-3.3806863501403415
all,usk,1,0,0.0,-3.4339938257125366
all,medali,1,0,0.0,-3.4445612912878953
all,balai,1,0,0.0,-3.4550191064199067
all,colok,1,0,0.0,-3.4653695320380464
all,hubungi,1,0,0.0,-3.5155852576967828
all,shio,1,3,0.000750938673341677,-3.5259571109292502
all,night,1,0,0.0,-3.5445566153200176
all,200,1,0,0.0,-3.661292679355263
all,order,1,0,0.0,-3.894950782836039
all,kontol,0,2,8.1789555473766e-05,-4.01426882267044
all,whatsapp,1,0,0.0,-4.073436898324405
all,2d,1,0,0.0,-4.1955855849257615
all,jp,1,0,0.0,-4.743675731619881
