group,text,label,position,left_context,term,right_context,query_term
Jewish,"Pendeta Hindu India ini ingin ke Israel untuk memerangi Hamas, idenya kok familiar?",0,6,india ini ingin ke,israel,untuk memerangi hamas idenya,israel
Jewish,"‎'‎כוד WR/HZ PM srae Netanyahu Perintahkan Pemimpin Arab untuk Diam Jika Negaranya Ingin Aman inilahcom‎'‎ Memasuki hari ke-38 agresi Israel ke Palestina, tampaknya PM Israel Benyamin Netanyahu tak berniat untuk gencatan senjata. Ia pun menolak seruan dari internasional untuk gencatan senjata di Gaza.

Setelah mengadakan pertemuan di Riyadh, Arab Saudi, para pemimpin Arab dan negara Islam dunia sepakat untuk menyerukan Israel melakukan gencatan senjata. 

Merespon hal itu, Netanyahu mengancam para pemimpin negara Arab untuk diam dan tidak ikut campur. Dia mengatakan, pasukan Israel akan terus melanjutkan pertempuran di Gaza.

""Saya katakan kepada pemimpin Arab, jika Anda ingin melindungi kepentingan Anda, maka Anda harus melakukan satu hal: diam!"" tegas Netanyahu dalam konferensi pers bersama Menhan Israel, Yoav Gallant dan pemimpin oposisi Israe, Benny Gantz, dikutip Hindustan Times, Senin (13/11/2023). 

-

Selengkapnya kunjungi website dengan klik link di bio atau download aplikasi di AppStore dan Google Play Store.

#inilahViral #viral #perdanamenteri #PM #Israel #benjaminnetanyahu #netanyahu #palestine #palestina #gaza #arabsaudi #saudiarabia #inilahcom #titiktengah #titikcerah",0,21,hari ke 38 agresi,israel,ke palestina tampaknya pm,israel
Jewish,"‎'‎כוד WR/HZ PM srae Netanyahu Perintahkan Pemimpin Arab untuk Diam Jika Negaranya Ingin Aman inilahcom‎'‎ Memasuki hari ke-38 agresi Israel ke Palestina, tampaknya PM Israel Benyamin Netanyahu tak berniat untuk gencatan senjata. Ia pun menolak seruan dari internasional untuk gencatan senjata di Gaza.

Setelah mengadakan pertemuan di Riyadh, Arab Saudi, para pemimpin Arab dan negara Islam dunia sepakat untuk menyerukan Israel melakukan gencatan senjata. 

Merespon hal itu, Netanyahu mengancam para pemimpin negara Arab untuk diam dan tidak ikut campur. Dia mengatakan, pasukan Israel akan terus melanjutkan pertempuran di Gaza.

""Saya katakan kepada pemimpin Arab, jika Anda ingin melindungi kepentingan Anda, maka Anda harus melakukan satu hal: diam!"" tegas Netanyahu dalam konferensi pers bersama Menhan Israel, Yoav Gallant dan pemimpin oposisi Israe, Benny Gantz, dikutip Hindustan Times, Senin (13/11/2023). 

-

Selengkapnya kunjungi website dengan klik link di bio atau download aplikasi di AppStore dan Google Play Store.

#inilahViral #viral #perdanamenteri #PM #Israel #benjaminnetanyahu #netanyahu #palestine #palestina #gaza #arabsaudi #saudiarabia #inilahcom #titiktengah #titikcerah",0,26,ke palestina tampaknya pm,israel,benyamin netanyahu tak berniat,israel
Jewish,"‎'‎כוד WR/HZ PM srae Netanyahu Perintahkan Pemimpin Arab untuk Diam Jika Negaranya Ingin Aman inilahcom‎'‎ Memasuki hari ke-38 agresi Israel ke Palestina, tampaknya PM Israel Benyamin Netanyahu tak berniat untuk gencatan senjata. Ia pun menolak seruan dari internasional untuk gencatan senjata di Gaza.

Setelah mengadakan pertemuan di Riyadh, Arab Saudi, para pemimpin Arab dan negara Islam dunia sepakat untuk menyerukan Israel melakukan gencatan senjata. 

Merespon hal itu, Netanyahu mengancam para pemimpin negara Arab untuk diam dan tidak ikut campur. Dia mengatakan, pasukan Israel akan terus melanjutkan pertempuran di Gaza.

""Saya katakan kepada pemimpin Arab, jika Anda ingin melindungi kepentingan Anda, maka Anda harus melakukan satu hal: diam!"" tegas Netanyahu dalam konferensi pers bersama Menhan Israel, Yoav Gallant dan pemimpin oposisi Israe, Benny Gantz, dikutip Hindustan Times, Senin (13/11/2023). 

-

Selengkapnya kunjungi website dengan klik link di bio atau download aplikasi di AppStore dan Google Play Store.

#inilahViral #viral #perdanamenteri #PM #Israel #benjaminnetanyahu #netanyahu #palestine #palestina #gaza #arabsaudi #saudiarabia #inilahcom #titiktengah #titikcerah",0,62,dunia sepakat untuk menyerukan,israel,melakukan gencatan senjata merespon,israel
Jewish,"‎'‎כוד WR/HZ PM srae Netanyahu Perintahkan Pemimpin Arab untuk Diam Jika Negaranya Ingin Aman inilahcom‎'‎ Memasuki hari ke-38 agresi Israel ke Palestina, tampaknya PM Israel Benyamin Netanyahu tak berniat untuk gencatan senjata. Ia pun menolak seruan dari internasional untuk gencatan senjata di Gaza.

Setelah mengadakan pertemuan di Riyadh, Arab Saudi, para pemimpin Arab dan negara Islam dunia sepakat untuk menyerukan Israel melakukan gencatan senjata. 

Merespon hal itu, Netanyahu mengancam para pemimpin negara Arab untuk diam dan tidak ikut campur. Dia mengatakan, pasukan Israel akan terus melanjutkan pertempuran di Gaza.

""Saya katakan kepada pemimpin Arab, jika Anda ingin melindungi kepentingan Anda, maka Anda harus melakukan satu hal: diam!"" tegas Netanyahu dalam konferensi pers bersama Menhan Israel, Yoav Gallant dan pemimpin oposisi Israe, Benny Gantz, dikutip Hindustan Times, Senin (13/11/2023). 

-

Selengkapnya kunjungi website dengan klik link di bio atau download aplikasi di AppStore dan Google Play Store.

#inilahViral #viral #perdanamenteri #PM #Israel #benjaminnetanyahu #netanyahu #palestine #palestina #gaza #arabsaudi #saudiarabia #inilahcom #titiktengah #titikcerah",0,84,campur dia mengatakan pasukan,israel,akan terus melanjutkan pertempuran,israel
Jewish,"‎'‎כוד WR/HZ PM srae Netanyahu Perintahkan Pemimpin Arab untuk Diam Jika Negaranya Ingin Aman inilahcom‎'‎ Memasuki hari ke-38 agresi Israel ke Palestina, tampaknya PM Israel Benyamin Netanyahu tak berniat untuk gencatan senjata. Ia pun menolak seruan dari internasional untuk gencatan senjata di Gaza.

Setelah mengadakan pertemuan di Riyadh, Arab Saudi, para pemimpin Arab dan negara Islam dunia sepakat untuk menyerukan Israel melakukan gencatan senjata. 

Merespon hal itu, Netanyahu mengancam para pemimpin negara Arab untuk diam dan tidak ikut campur. Dia mengatakan, pasukan Israel akan terus melanjutkan pertempuran di Gaza.

""Saya katakan kepada pemimpin Arab, jika Anda ingin melindungi kepentingan Anda, maka Anda harus melakukan satu hal: diam!"" tegas Netanyahu dalam konferensi pers bersama Menhan Israel, Yoav Gallant dan pemimpin oposisi Israe, Benny Gantz, dikutip Hindustan Times, Senin (13/11/2023). 

-

Selengkapnya kunjungi website dengan klik link di bio atau download aplikasi di AppStore dan Google Play Store.

#inilahViral #viral #perdanamenteri #PM #Israel #benjaminnetanyahu #netanyahu #palestine #palestina #gaza #arabsaudi #saudiarabia #inilahcom #titiktengah #titikcerah",0,116,konferensi pers bersama menhan,israel,yoav gallant dan pemimpin,israel
Jewish,"‎'‎כוד WR/HZ PM srae Netanyahu Perintahkan Pemimpin Arab untuk Diam Jika Negaranya Ingin Aman inilahcom‎'‎ Memasuki hari ke-38 agresi Israel ke Palestina, tampaknya PM Israel Benyamin Netanyahu tak berniat untuk gencatan senjata. Ia pun menolak seruan dari internasional untuk gencatan senjata di Gaza.

Setelah mengadakan pertemuan di Riyadh, Arab Saudi, para pemimpin Arab dan negara Islam dunia sepakat untuk menyerukan Israel melakukan gencatan senjata. 

Merespon hal itu, Netanyahu mengancam para pemimpin negara Arab untuk diam dan tidak ikut campur. Dia mengatakan, pasukan Israel akan terus melanjutkan pertempuran di Gaza.

""Saya katakan kepada pemimpin Arab, jika Anda ingin melindungi kepentingan Anda, maka Anda harus melakukan satu hal: diam!"" tegas Netanyahu dalam konferensi pers bersama Menhan Israel, Yoav Gallant dan pemimpin oposisi Israe, Benny Gantz, dikutip Hindustan Times, Senin (13/11/2023). 

-

Selengkapnya kunjungi website dengan klik link di bio atau download aplikasi di AppStore dan Google Play Store.

#inilahViral #viral #perdanamenteri #PM #Israel #benjaminnetanyahu #netanyahu #palestine #palestina #gaza #arabsaudi #saudiarabia #inilahcom #titiktengah #titikcerah",0,153,inilahviral viral perdanamenteri pm,israel,benjaminnetanyahu netanyahu palestine palestina,israel
Jewish,"CNBC INDONESIA McDonald's 5 Cabang McDonald's Dunia yang Bantah Sokong Tentara Israel Sejumlah cabang restoran cepat saji McDonald's di beberapa negara memberikan klarifikasi terkait kiriman makanan dan dukungan terhadap Israel.

Melansir dari Hindustan Times, McDonald's cabang Lebanon, Oman, Uni Emirat Arab (UAE), Turkiye, dan Kuwait menegaskan bahwa pihaknya tidak terlibat dalam pengiriman makanan untuk Israel Defense Forces (IDF) atau Pasukan Pertahanan Israel.

""McDonald's Lebanon menegaskan bahwa pemegang waralaba (franchise) di negara dan wilayah lain tidak mewakili pandangan atau posisi McDonald's Lebanon dengan cara apa pun,"" tulis McDonald's Lebanon dalam pernyataannya, dikutip Rabu (18/10/2023).

""McDonald's Lebanon tidak terlibat apa pun dalam tindakan yang diambil di pasar lain di luar Lebanon. Kami berkomitmen untuk bangsa kita dan rakyatnya dengan penuh rasa hormat dan solidaritas,"" lanjut pernyataan tersebut.

Sementara itu, McDonald's cabang Oman, UAE, Turkiye, dan Kuwait menegaskan bahwa pihaknya tidak ikut campur dalam pemberian makanan kepada IDF dan berada di pihak dukungan kepada Palestina.

Melalui pernyataan resmi, McDonald's Oman menuturkan bahwa pihaknya telah menyumbangkan US$100 ribu atau sekitar Rp1,57 miliar (asumsi kurs Rp15.742/US$) sebagai bantuan kepada masyarakat Gaza, Palestina.

#palestina",0,13,yang bantah sokong tentara,israel,sejumlah cabang restoran cepat,israel
Jewish,"CNBC INDONESIA McDonald's 5 Cabang McDonald's Dunia yang Bantah Sokong Tentara Israel Sejumlah cabang restoran cepat saji McDonald's di beberapa negara memberikan klarifikasi terkait kiriman makanan dan dukungan terhadap Israel.

Melansir dari Hindustan Times, McDonald's cabang Lebanon, Oman, Uni Emirat Arab (UAE), Turkiye, dan Kuwait menegaskan bahwa pihaknya tidak terlibat dalam pengiriman makanan untuk Israel Defense Forces (IDF) atau Pasukan Pertahanan Israel.

""McDonald's Lebanon menegaskan bahwa pemegang waralaba (franchise) di negara dan wilayah lain tidak mewakili pandangan atau posisi McDonald's Lebanon dengan cara apa pun,"" tulis McDonald's Lebanon dalam pernyataannya, dikutip Rabu (18/10/2023).

""McDonald's Lebanon tidak terlibat apa pun dalam tindakan yang diambil di pasar lain di luar Lebanon. Kami berkomitmen untuk bangsa kita dan rakyatnya dengan penuh rasa hormat dan solidaritas,"" lanjut pernyataan tersebut.

Sementara itu, McDonald's cabang Oman, UAE, Turkiye, dan Kuwait menegaskan bahwa pihaknya tidak ikut campur dalam pemberian makanan kepada IDF dan berada di pihak dukungan kepada Palestina.

Melalui pernyataan resmi, McDonald's Oman menuturkan bahwa pihaknya telah menyumbangkan US$100 ribu atau sekitar Rp1,57 miliar (asumsi kurs Rp15.742/US$) sebagai bantuan kepada masyarakat Gaza, Palestina.

#palestina",0,32,makanan dan dukungan terhadap,israel,melansir dari hindustan times,israel
Jewish,"CNBC INDONESIA McDonald's 5 Cabang McDonald's Dunia yang Bantah Sokong Tentara Israel Sejumlah cabang restoran cepat saji McDonald's di beberapa negara memberikan klarifikasi terkait kiriman makanan dan dukungan terhadap Israel.

Melansir dari Hindustan Times, McDonald's cabang Lebanon, Oman, Uni Emirat Arab (UAE), Turkiye, dan Kuwait menegaskan bahwa pihaknya tidak terlibat dalam pengiriman makanan untuk Israel Defense Forces (IDF) atau Pasukan Pertahanan Israel.

""McDonald's Lebanon menegaskan bahwa pemegang waralaba (franchise) di negara dan wilayah lain tidak mewakili pandangan atau posisi McDonald's Lebanon dengan cara apa pun,"" tulis McDonald's Lebanon dalam pernyataannya, dikutip Rabu (18/10/2023).

""McDonald's Lebanon tidak terlibat apa pun dalam tindakan yang diambil di pasar lain di luar Lebanon. Kami berkomitmen untuk bangsa kita dan rakyatnya dengan penuh rasa hormat dan solidaritas,"" lanjut pernyataan tersebut.

Sementara itu, McDonald's cabang Oman, UAE, Turkiye, dan Kuwait menegaskan bahwa pihaknya tidak ikut campur dalam pemberian makanan kepada IDF dan berada di pihak dukungan kepada Palestina.

Melalui pernyataan resmi, McDonald's Oman menuturkan bahwa pihaknya telah menyumbangkan US$100 ribu atau sekitar Rp1,57 miliar (asumsi kurs Rp15.742/US$) sebagai bantuan kepada masyarakat Gaza, Palestina.

#palestina",0,58,dalam pengiriman makanan untuk,israel,defense forces idf atau,israel
Jewish,"CNBC INDONESIA McDonald's 5 Cabang McDonald's Dunia yang Bantah Sokong Tentara Israel Sejumlah cabang restoran cepat saji McDonald's di beberapa negara memberikan klarifikasi terkait kiriman makanan dan dukungan terhadap Israel.

Melansir dari Hindustan Times, McDonald's cabang Lebanon, Oman, Uni Emirat Arab (UAE), Turkiye, dan Kuwait menegaskan bahwa pihaknya tidak terlibat dalam pengiriman makanan untuk Israel Defense Forces (IDF) atau Pasukan Pertahanan Israel.

""McDonald's Lebanon menegaskan bahwa pemegang waralaba (franchise) di negara dan wilayah lain tidak mewakili pandangan atau posisi McDonald's Lebanon dengan cara apa pun,"" tulis McDonald's Lebanon dalam pernyataannya, dikutip Rabu (18/10/2023).

""McDonald's Lebanon tidak terlibat apa pun dalam tindakan yang diambil di pasar lain di luar Lebanon. Kami berkomitmen untuk bangsa kita dan rakyatnya dengan penuh rasa hormat dan solidaritas,"" lanjut pernyataan tersebut.

Sementara itu, McDonald's cabang Oman, UAE, Turkiye, dan Kuwait menegaskan bahwa pihaknya tidak ikut campur dalam pemberian makanan kepada IDF dan berada di pihak dukungan kepada Palestina.

Melalui pernyataan resmi, McDonald's Oman menuturkan bahwa pihaknya telah menyumbangkan US$100 ribu atau sekitar Rp1,57 miliar (asumsi kurs Rp15.742/US$) sebagai bantuan kepada masyarakat Gaza, Palestina.

#palestina",0,65,idf atau pasukan pertahanan,israel,mcdonald s lebanon menegaskan,israel
"Tionghoa, Jewish","*MUI HARAMKAN PRODUK ISRAEL* Namun, dia sendiri tanpa sadar telah menggunakan dan menikmati produk Israel Keturunan Yahudi itu sendiri😁😁 Beberapa nama produk Israel keturunan Yahudi : 1. Google. 2. Ini semua adalah produk buatan Israel, buatan Amerika sekutunya dan buatan Negara-negara lain keturunan Yahudi seperti Rusia, Inggris, Prancis, Kanada, Argentina dan beberapa negara lain yang termasuk sekutnya Juga Produk-produk tersebut dibuat dan diproduksi orang Negara China Lalu kenapa anda memakainya, dan kenapa anda menggunakannya❓ Kemudian jika MUI menganggap semua Produk Israel haram, sebaiknya diboikot semuanya dan tidak usah digunakan sama sekali saya rasa lebih adil kalau begitu. Namun jika ini hanya sekedar alasan atau tindakan bodoh saja, Melarang atau Mengharamkan semua produk Israel keturunan Yahudi dan Produk-produk Negara lain yang termasuk sekutunya, lalu dalam tanda kutip ""anda masih menggunakan sebagian juga"", berarti anda munafik tidak jujur mengakuinya🤣😂😂",1,3,mui haramkan produk,israel,namun dia sendiri tanpa,israel
"Tionghoa, Jewish","*MUI HARAMKAN PRODUK ISRAEL* Namun, dia sendiri tanpa sadar telah menggunakan dan menikmati produk Israel Keturunan Yahudi itu sendiri😁😁 Beberapa nama produk Israel keturunan Yahudi : 1. Google. 2. Ini semua adalah produk buatan Israel, buatan Amerika sekutunya dan buatan Negara-negara lain keturunan Yahudi seperti Rusia, Inggris, Prancis, Kanada, Argentina dan beberapa negara lain yang termasuk sekutnya Juga Produk-produk tersebut dibuat dan diproduksi orang Negara China Lalu kenapa anda memakainya, dan kenapa anda menggunakannya❓ Kemudian jika MUI menganggap semua Produk Israel haram, sebaiknya diboikot semuanya dan tidak usah digunakan sama sekali saya rasa lebih adil kalau begitu. Namun jika ini hanya sekedar alasan atau tindakan bodoh saja, Melarang atau Mengharamkan semua produk Israel keturunan Yahudi dan Produk-produk Negara lain yang termasuk sekutunya, lalu dalam tanda kutip ""anda masih menggunakan sebagian juga"", berarti anda munafik tidak jujur mengakuinya🤣😂😂",1,14,menggunakan dan menikmati produk,israel,keturunan yahudi itu sendiri,israel
"Tionghoa, Jewish","*MUI HARAMKAN PRODUK ISRAEL* Namun, dia sendiri tanpa sadar telah menggunakan dan menikmati produk Israel Keturunan Yahudi itu sendiri😁😁 Beberapa nama produk Israel keturunan Yahudi : 1. Google. 2. Ini semua adalah produk buatan Israel, buatan Amerika sekutunya dan buatan Negara-negara lain keturunan Yahudi seperti Rusia, Inggris, Prancis, Kanada, Argentina dan beberapa negara lain yang termasuk sekutnya Juga Produk-produk tersebut dibuat dan diproduksi orang Negara China Lalu kenapa anda memakainya, dan kenapa anda menggunakannya❓ Kemudian jika MUI menganggap semua Produk Israel haram, sebaiknya diboikot semuanya dan tidak usah digunakan sama sekali saya rasa lebih adil kalau begitu. Namun jika ini hanya sekedar alasan atau tindakan bodoh saja, Melarang atau Mengharamkan semua produk Israel keturunan Yahudi dan Produk-produk Negara lain yang termasuk sekutunya, lalu dalam tanda kutip ""anda masih menggunakan sebagian juga"", berarti anda munafik tidak jujur mengakuinya🤣😂😂",1,22,sendiri beberapa nama produk,israel,keturunan yahudi 1 google,israel
"Tionghoa, Jewish","*MUI HARAMKAN PRODUK ISRAEL* Namun, dia sendiri tanpa sadar telah menggunakan dan menikmati produk Israel Keturunan Yahudi itu sendiri😁😁 Beberapa nama produk Israel keturunan Yahudi : 1. Google. 2. Ini semua adalah produk buatan Israel, buatan Amerika sekutunya dan buatan Negara-negara lain keturunan Yahudi seperti Rusia, Inggris, Prancis, Kanada, Argentina dan beberapa negara lain yang termasuk sekutnya Juga Produk-produk tersebut dibuat dan diproduksi orang Negara China Lalu kenapa anda memakainya, dan kenapa anda menggunakannya❓ Kemudian jika MUI menganggap semua Produk Israel haram, sebaiknya diboikot semuanya dan tidak usah digunakan sama sekali saya rasa lebih adil kalau begitu. Namun jika ini hanya sekedar alasan atau tindakan bodoh saja, Melarang atau Mengharamkan semua produk Israel keturunan Yahudi dan Produk-produk Negara lain yang termasuk sekutunya, lalu dalam tanda kutip ""anda masih menggunakan sebagian juga"", berarti anda munafik tidak jujur mengakuinya🤣😂😂",1,33,semua adalah produk buatan,israel,buatan amerika sekutunya dan,israel
"Tionghoa, Jewish","*MUI HARAMKAN PRODUK ISRAEL* Namun, dia sendiri tanpa sadar telah menggunakan dan menikmati produk Israel Keturunan Yahudi itu sendiri😁😁 Beberapa nama produk Israel keturunan Yahudi : 1. Google. 2. Ini semua adalah produk buatan Israel, buatan Amerika sekutunya dan buatan Negara-negara lain keturunan Yahudi seperti Rusia, Inggris, Prancis, Kanada, Argentina dan beberapa negara lain yang termasuk sekutnya Juga Produk-produk tersebut dibuat dan diproduksi orang Negara China Lalu kenapa anda memakainya, dan kenapa anda menggunakannya❓ Kemudian jika MUI menganggap semua Produk Israel haram, sebaiknya diboikot semuanya dan tidak usah digunakan sama sekali saya rasa lebih adil kalau begitu. Namun jika ini hanya sekedar alasan atau tindakan bodoh saja, Melarang atau Mengharamkan semua produk Israel keturunan Yahudi dan Produk-produk Negara lain yang termasuk sekutunya, lalu dalam tanda kutip ""anda masih menggunakan sebagian juga"", berarti anda munafik tidak jujur mengakuinya🤣😂😂",1,81,mui menganggap semua produk,israel,haram sebaiknya diboikot semuanya,israel
"Tionghoa, Jewish","*MUI HARAMKAN PRODUK ISRAEL* Namun, dia sendiri tanpa sadar telah menggunakan dan menikmati produk Israel Keturunan Yahudi itu sendiri😁😁 Beberapa nama produk Israel keturunan Yahudi : 1. Google. 2. Ini semua adalah produk buatan Israel, buatan Amerika sekutunya dan buatan Negara-negara lain keturunan Yahudi seperti Rusia, Inggris, Prancis, Kanada, Argentina dan beberapa negara lain yang termasuk sekutnya Juga Produk-produk tersebut dibuat dan diproduksi orang Negara China Lalu kenapa anda memakainya, dan kenapa anda menggunakannya❓ Kemudian jika MUI menganggap semua Produk Israel haram, sebaiknya diboikot semuanya dan tidak usah digunakan sama sekali saya rasa lebih adil kalau begitu. Namun jika ini hanya sekedar alasan atau tindakan bodoh saja, Melarang atau Mengharamkan semua produk Israel keturunan Yahudi dan Produk-produk Negara lain yang termasuk sekutunya, lalu dalam tanda kutip ""anda masih menggunakan sebagian juga"", berarti anda munafik tidak jujur mengakuinya🤣😂😂",1,113,atau mengharamkan semua produk,israel,keturunan yahudi dan produk,israel
"Tionghoa, Jewish","k”tdata #KalauBicaraPakaiData Cina Jabat Presiden Dewan Keamanan PBB, Fokus Urus Konflik di Gaza Antara/HO-UN Photo Cina memulai masa jabatannya sebagai Presiden Dewan Keamanan Perserikatan Bangsa Bangsa (PBB) untuk periode November 2023. Duta Besar Cina untuk PBB Zhang Jun mengatakan selama kepemimpinan Cina, konflik di Gaza akan menjadi fokus pembahasan di dalam dewan.

“Dewan telah memusatkan perhatian pada masalah ini selama beberapa pekan dan akan terus menjadi fokus kerja dewan dan juga kepemimpinan Cina,” kata Zhang kepada wartawan di PBB seperti dikutip, Kamis (2/11). 

Zhang mengatakan selama masa jabatannya sebagai ketua Dewan Keamanan PBB, Cina akan berupaya mendorong gencatan senjata. 

Selain konflik Gaza, agenda dewan akan mencakup diskusi mengenai situasi keamanan di beberapa negara. 

Selengkapnya, klik link di bio dan Instastory.

#DewanKeamananPBB #PBB #cINA #Konflik #Perang #Israel #Palestina #Gaza #JalurGaza #GencatanSenjata #KatadataNews #Katadata #Katadatacoid #KalauBicaraPakaiData",0,129,pbb cina konflik perang,israel,palestina gaza jalurgaza gencatansenjata,israel
"Tionghoa, Jewish","安塔利亚 纯净的文艺古都 塞浦路斯 摩苏尔 - 叙利亚 开罗 观賞胡夫金字塔” 伊拉å…‹ 约旦 = NEWS China menghapus Israel dari peta digital dunia, hanya menampilkan Yerusalem sebagai bela Palestina Keren",0,12,约旦 news china menghapus,israel,dari peta digital dunia,israel
"Tionghoa, Jewish","五彩斑鋼热气球 安塔利亚 纯净的文艺古都 塞浦路斯 摩苏尔 叙利亚 开罗 观赏胡夫金字塔 伊拉克 约旦 约旦 二 NEWS China menghapus Israel dari peta digital dunia, hanya menampilkan Yerusalem sebagai bela Palestina UNEXPLND Media Wall Street Journal (WSJ) pada Senin [30/10] memberitakan bahwa Cina telah menghapus Israel dari peta. Hal tersebut diketahui oleh pengguna internet di Cina saat menyadari bahwa peta digital buatan Cina, seperti Baidu dan Alibaba tidak menampilkan negara Israel.

Di peta online Baidu, hanya terlihat garis-garis perbatasan dan kota-kota utama yang diakui secara internasional. Meski begitu, tidak ada identitas jelas yang dicantumkan. Hal serupa juga terjadi di peta online milik Alibaba, Amap. Dalam aplikasi tersebut tidak ada pencantuman nama negara Israel.

🔍 Follow @unexplnd for more!

#UNEXPLND #ExplainingTheUnexplained",0,15,二 news china menghapus,israel,dari peta digital dunia,israel
"Tionghoa, Jewish","五彩斑鋼热气球 安塔利亚 纯净的文艺古都 塞浦路斯 摩苏尔 叙利亚 开罗 观赏胡夫金字塔 伊拉克 约旦 约旦 二 NEWS China menghapus Israel dari peta digital dunia, hanya menampilkan Yerusalem sebagai bela Palestina UNEXPLND Media Wall Street Journal (WSJ) pada Senin [30/10] memberitakan bahwa Cina telah menghapus Israel dari peta. Hal tersebut diketahui oleh pengguna internet di Cina saat menyadari bahwa peta digital buatan Cina, seperti Baidu dan Alibaba tidak menampilkan negara Israel.

Di peta online Baidu, hanya terlihat garis-garis perbatasan dan kota-kota utama yang diakui secara internasional. Meski begitu, tidak ada identitas jelas yang dicantumkan. Hal serupa juga terjadi di peta online milik Alibaba, Amap. Dalam aplikasi tersebut tidak ada pencantuman nama negara Israel.

🔍 Follow @unexplnd for more!

#UNEXPLND #ExplainingTheUnexplained",0,41,bahwa cina telah menghapus,israel,dari peta hal tersebut,israel
"Tionghoa, Jewish","五彩斑鋼热气球 安塔利亚 纯净的文艺古都 塞浦路斯 摩苏尔 叙利亚 开罗 观赏胡夫金字塔 伊拉克 约旦 约旦 二 NEWS China menghapus Israel dari peta digital dunia, hanya menampilkan Yerusalem sebagai bela Palestina UNEXPLND Media Wall Street Journal (WSJ) pada Senin [30/10] memberitakan bahwa Cina telah menghapus Israel dari peta. Hal tersebut diketahui oleh pengguna internet di Cina saat menyadari bahwa peta digital buatan Cina, seperti Baidu dan Alibaba tidak menampilkan negara Israel.

Di peta online Baidu, hanya terlihat garis-garis perbatasan dan kota-kota utama yang diakui secara internasional. Meski begitu, tidak ada identitas jelas yang dicantumkan. Hal serupa juga terjadi di peta online milik Alibaba, Amap. Dalam aplikasi tersebut tidak ada pencantuman nama negara Israel.

🔍 Follow @unexplnd for more!

#UNEXPLND #ExplainingTheUnexplained",0,66,alibaba tidak menampilkan negara,israel,di peta online baidu,israel
"Tionghoa, Jewish","五彩斑鋼热气球 安塔利亚 纯净的文艺古都 塞浦路斯 摩苏尔 叙利亚 开罗 观赏胡夫金字塔 伊拉克 约旦 约旦 二 NEWS China menghapus Israel dari peta digital dunia, hanya menampilkan Yerusalem sebagai bela Palestina UNEXPLND Media Wall Street Journal (WSJ) pada Senin [30/10] memberitakan bahwa Cina telah menghapus Israel dari peta. Hal tersebut diketahui oleh pengguna internet di Cina saat menyadari bahwa peta digital buatan Cina, seperti Baidu dan Alibaba tidak menampilkan negara Israel.

Di peta online Baidu, hanya terlihat garis-garis perbatasan dan kota-kota utama yang diakui secara internasional. Meski begitu, tidak ada identitas jelas yang dicantumkan. Hal serupa juga terjadi di peta online milik Alibaba, Amap. Dalam aplikasi tersebut tidak ada pencantuman nama negara Israel.

🔍 Follow @unexplnd for more!

#UNEXPLND #ExplainingTheUnexplained",0,110,ada pencantuman nama negara,israel,follow unexplnd for more,israel
"Tionghoa, Jewish","ENTREPRENEURS Instagram| @CatatanEntrepreneur RESPONS CHINA TERHADAP SERANGAN HAMAS KE ISRAEL, XI JINPING: ""JALAN KELUAR MENDASAR DARI KONFLIK INI TERLETAK PADA PENERAPAN SOLUSI DUA NEGARA DAN PEMBENTUKAN NEGARA PALESTINA YANG MERDEKA"" China memberi respons atas ketegangan baru yang terjadi antara Faksi Hamas, Palestina, dengan Israel. Negeri Presiden Xi Jinping itu bahkan meneriakkan pendirian negara Palestina yang merdeka sebagai solusi perdamaian.

""Kami menyerukan pihak-pihak terkait untuk tetap tenang, menahan diri dan segera mengakhiri permusuhan untuk melindungi warga sipil dan menghindari memburuknya situasi,"" kata Kementerian Luar Negeri China seperti dikutip CNBC International.

""Jalan keluar mendasar dari konflik ini terletak pada penerapan solusi dua negara dan pembentukan Negara Palestina yang merdeka,"" tegasnya lagi.

Pernyataan China itu bukan tanpa dasar. Selama ini, China memang telah memainkan peran dalam meredakan ketegangan Israel-Palestina. (Source: CNBC)
#catatanentrepreneur",0,9,terhadap serangan hamas ke,israel,xi jinping jalan keluar,israel
"Tionghoa, Jewish","ENTREPRENEURS Instagram| @CatatanEntrepreneur RESPONS CHINA TERHADAP SERANGAN HAMAS KE ISRAEL, XI JINPING: ""JALAN KELUAR MENDASAR DARI KONFLIK INI TERLETAK PADA PENERAPAN SOLUSI DUA NEGARA DAN PEMBENTUKAN NEGARA PALESTINA YANG MERDEKA"" China memberi respons atas ketegangan baru yang terjadi antara Faksi Hamas, Palestina, dengan Israel. Negeri Presiden Xi Jinping itu bahkan meneriakkan pendirian negara Palestina yang merdeka sebagai solusi perdamaian.

""Kami menyerukan pihak-pihak terkait untuk tetap tenang, menahan diri dan segera mengakhiri permusuhan untuk melindungi warga sipil dan menghindari memburuknya situasi,"" kata Kementerian Luar Negeri China seperti dikutip CNBC International.

""Jalan keluar mendasar dari konflik ini terletak pada penerapan solusi dua negara dan pembentukan Negara Palestina yang merdeka,"" tegasnya lagi.

Pernyataan China itu bukan tanpa dasar. Selama ini, China memang telah memainkan peran dalam meredakan ketegangan Israel-Palestina. (Source: CNBC)
#catatanentrepreneur",0,43,faksi hamas palestina dengan,israel,negeri presiden xi jinping,israel
Disabilitas,"Elektabilitas Paslon 02 sebentar lagi terjun bebas gara2 Gemoy, joget, susu gratis, makan gratis, politik dinasti, cacat hukum, Ijazah dan tidak hadir",0,19,dinasti cacat hukum ijazah,dan,tidak hadir,dan
"Kristen, Tionghoa","Masyarakat Kristen, Hindu, Budha, dan etnis Tionghoa di Jatim berharap Prabowo memenangkan Pilpres 2024. dekade08",0,4,masyarakat kristen hindu budha,dan,etnis tionghoa di jatim,dan
Kristen,"Ganjar-Mahfud adl wajah TOLERANSI di Indonesia 57,7% pemilih dari agama Kristen, Hindu, Budha, Katolik dan Kog Hu Chu menyatakan dukungannya utk Ganjar Pranowo Apalagi Ganjar sukses membawa Jateng jadi daerah Toleran, 5 dari 10 kota toleran ada di Jateng #GanjarMahfud2024",0,16,kristen hindu budha katolik,dan,kog hu chu menyatakan,dan
Disabilitas,"Apakah kita harus di pimpin oleh orang yg,wakilnya cacat hukum,cacat moral dan presidenya yg cacat",1,13,cacat hukum cacat moral,dan,presidenya yg cacat,dan
"Kristen, Tionghoa","Orano Tionghoa yang gak nonton Masterchef Indonesia: OWE DIEM AJA DARITADI! Dalam Sejarah, Tionghoa adalah salah satu etnis di dunia yang paling heterogen. Ada orang Hokkien, Hakka, Tiociu, Kanton, Hinghua, dan lain sebagainya.

Ada yang mendukung Kuomintang, ada yang mendukung Gongchangdang, dan ada yang tradisional banget, juga ada yang modern banget, ada yang Kristen, Buddha, Tao, Konghucu, ateis pun ada.

Termasuk ada yang menonton Masterchef dan ada juga yang tidak tahu Masterchef itu apa sebenarnya, termasuk saya, saya gak ngikut.",0,30,hakka tiociu kanton hinghua,dan,lain sebagainya ada yang,dan
"Kristen, Tionghoa","Orano Tionghoa yang gak nonton Masterchef Indonesia: OWE DIEM AJA DARITADI! Dalam Sejarah, Tionghoa adalah salah satu etnis di dunia yang paling heterogen. Ada orang Hokkien, Hakka, Tiociu, Kanton, Hinghua, dan lain sebagainya.

Ada yang mendukung Kuomintang, ada yang mendukung Gongchangdang, dan ada yang tradisional banget, juga ada yang modern banget, ada yang Kristen, Buddha, Tao, Konghucu, ateis pun ada.

Termasuk ada yang menonton Masterchef dan ada juga yang tidak tahu Masterchef itu apa sebenarnya, termasuk saya, saya gak ngikut.",0,41,ada yang mendukung gongchangdang,dan,ada yang tradisional banget,dan
"Kristen, Tionghoa","Orano Tionghoa yang gak nonton Masterchef Indonesia: OWE DIEM AJA DARITADI! Dalam Sejarah, Tionghoa adalah salah satu etnis di dunia yang paling heterogen. Ada orang Hokkien, Hakka, Tiociu, Kanton, Hinghua, dan lain sebagainya.

Ada yang mendukung Kuomintang, ada yang mendukung Gongchangdang, dan ada yang tradisional banget, juga ada yang modern banget, ada yang Kristen, Buddha, Tao, Konghucu, ateis pun ada.

Termasuk ada yang menonton Masterchef dan ada juga yang tidak tahu Masterchef itu apa sebenarnya, termasuk saya, saya gak ngikut.",0,65,ada yang menonton masterchef,dan,ada juga yang tidak,dan
Jewish,"‎'‎כוד WR/HZ PM srae Netanyahu Perintahkan Pemimpin Arab untuk Diam Jika Negaranya Ingin Aman inilahcom‎'‎ Memasuki hari ke-38 agresi Israel ke Palestina, tampaknya PM Israel Benyamin Netanyahu tak berniat untuk gencatan senjata. Ia pun menolak seruan dari internasional untuk gencatan senjata di Gaza.

Setelah mengadakan pertemuan di Riyadh, Arab Saudi, para pemimpin Arab dan negara Islam dunia sepakat untuk menyerukan Israel melakukan gencatan senjata. 

Merespon hal itu, Netanyahu mengancam para pemimpin negara Arab untuk diam dan tidak ikut campur. Dia mengatakan, pasukan Israel akan terus melanjutkan pertempuran di Gaza.

""Saya katakan kepada pemimpin Arab, jika Anda ingin melindungi kepentingan Anda, maka Anda harus melakukan satu hal: diam!"" tegas Netanyahu dalam konferensi pers bersama Menhan Israel, Yoav Gallant dan pemimpin oposisi Israe, Benny Gantz, dikutip Hindustan Times, Senin (13/11/2023). 

-

Selengkapnya kunjungi website dengan klik link di bio atau download aplikasi di AppStore dan Google Play Store.

#inilahViral #viral #perdanamenteri #PM #Israel #benjaminnetanyahu #netanyahu #palestine #palestina #gaza #arabsaudi #saudiarabia #inilahcom #titiktengah #titikcerah",0,55,saudi para pemimpin arab,dan,negara islam dunia sepakat,dan
Jewish,"‎'‎כוד WR/HZ PM srae Netanyahu Perintahkan Pemimpin Arab untuk Diam Jika Negaranya Ingin Aman inilahcom‎'‎ Memasuki hari ke-38 agresi Israel ke Palestina, tampaknya PM Israel Benyamin Netanyahu tak berniat untuk gencatan senjata. Ia pun menolak seruan dari internasional untuk gencatan senjata di Gaza.

Setelah mengadakan pertemuan di Riyadh, Arab Saudi, para pemimpin Arab dan negara Islam dunia sepakat untuk menyerukan Israel melakukan gencatan senjata. 

Merespon hal itu, Netanyahu mengancam para pemimpin negara Arab untuk diam dan tidak ikut campur. Dia mengatakan, pasukan Israel akan terus melanjutkan pertempuran di Gaza.

""Saya katakan kepada pemimpin Arab, jika Anda ingin melindungi kepentingan Anda, maka Anda harus melakukan satu hal: diam!"" tegas Netanyahu dalam konferensi pers bersama Menhan Israel, Yoav Gallant dan pemimpin oposisi Israe, Benny Gantz, dikutip Hindustan Times, Senin (13/11/2023). 

-

Selengkapnya kunjungi website dengan klik link di bio atau download aplikasi di AppStore dan Google Play Store.

#inilahViral #viral #perdanamenteri #PM #Israel #benjaminnetanyahu #netanyahu #palestine #palestina #gaza #arabsaudi #saudiarabia #inilahcom #titiktengah #titikcerah",0,77,negara arab untuk diam,dan,tidak ikut campur dia,dan
Jewish,"‎'‎כוד WR/HZ PM srae Netanyahu Perintahkan Pemimpin Arab untuk Diam Jika Negaranya Ingin Aman inilahcom‎'‎ Memasuki hari ke-38 agresi Israel ke Palestina, tampaknya PM Israel Benyamin Netanyahu tak berniat untuk gencatan senjata. Ia pun menolak seruan dari internasional untuk gencatan senjata di Gaza.

Setelah mengadakan pertemuan di Riyadh, Arab Saudi, para pemimpin Arab dan negara Islam dunia sepakat untuk menyerukan Israel melakukan gencatan senjata. 

Merespon hal itu, Netanyahu mengancam para pemimpin negara Arab untuk diam dan tidak ikut campur. Dia mengatakan, pasukan Israel akan terus melanjutkan pertempuran di Gaza.

""Saya katakan kepada pemimpin Arab, jika Anda ingin melindungi kepentingan Anda, maka Anda harus melakukan satu hal: diam!"" tegas Netanyahu dalam konferensi pers bersama Menhan Israel, Yoav Gallant dan pemimpin oposisi Israe, Benny Gantz, dikutip Hindustan Times, Senin (13/11/2023). 

-

Selengkapnya kunjungi website dengan klik link di bio atau download aplikasi di AppStore dan Google Play Store.

#inilahViral #viral #perdanamenteri #PM #Israel #benjaminnetanyahu #netanyahu #palestine #palestina #gaza #arabsaudi #saudiarabia #inilahcom #titiktengah #titikcerah",0,119,menhan israel yoav gallant,dan,pemimpin oposisi israe benny,dan
Jewish,"‎'‎כוד WR/HZ PM srae Netanyahu Perintahkan Pemimpin Arab untuk Diam Jika Negaranya Ingin Aman inilahcom‎'‎ Memasuki hari ke-38 agresi Israel ke Palestina, tampaknya PM Israel Benyamin Netanyahu tak berniat untuk gencatan senjata. Ia pun menolak seruan dari internasional untuk gencatan senjata di Gaza.

Setelah mengadakan pertemuan di Riyadh, Arab Saudi, para pemimpin Arab dan negara Islam dunia sepakat untuk menyerukan Israel melakukan gencatan senjata. 

Merespon hal itu, Netanyahu mengancam para pemimpin negara Arab untuk diam dan tidak ikut campur. Dia mengatakan, pasukan Israel akan terus melanjutkan pertempuran di Gaza.

""Saya katakan kepada pemimpin Arab, jika Anda ingin melindungi kepentingan Anda, maka Anda harus melakukan satu hal: diam!"" tegas Netanyahu dalam konferensi pers bersama Menhan Israel, Yoav Gallant dan pemimpin oposisi Israe, Benny Gantz, dikutip Hindustan Times, Senin (13/11/2023). 

-

Selengkapnya kunjungi website dengan klik link di bio atau download aplikasi di AppStore dan Google Play Store.

#inilahViral #viral #perdanamenteri #PM #Israel #benjaminnetanyahu #netanyahu #palestine #palestina #gaza #arabsaudi #saudiarabia #inilahcom #titiktengah #titikcerah",0,145,download aplikasi di appstore,dan,google play store inilahviral,dan
Jewish,"CNBC INDONESIA McDonald's 5 Cabang McDonald's Dunia yang Bantah Sokong Tentara Israel Sejumlah cabang restoran cepat saji McDonald's di beberapa negara memberikan klarifikasi terkait kiriman makanan dan dukungan terhadap Israel.

Melansir dari Hindustan Times, McDonald's cabang Lebanon, Oman, Uni Emirat Arab (UAE), Turkiye, dan Kuwait menegaskan bahwa pihaknya tidak terlibat dalam pengiriman makanan untuk Israel Defense Forces (IDF) atau Pasukan Pertahanan Israel.

""McDonald's Lebanon menegaskan bahwa pemegang waralaba (franchise) di negara dan wilayah lain tidak mewakili pandangan atau posisi McDonald's Lebanon dengan cara apa pun,"" tulis McDonald's Lebanon dalam pernyataannya, dikutip Rabu (18/10/2023).

""McDonald's Lebanon tidak terlibat apa pun dalam tindakan yang diambil di pasar lain di luar Lebanon. Kami berkomitmen untuk bangsa kita dan rakyatnya dengan penuh rasa hormat dan solidaritas,"" lanjut pernyataan tersebut.

Sementara itu, McDonald's cabang Oman, UAE, Turkiye, dan Kuwait menegaskan bahwa pihaknya tidak ikut campur dalam pemberian makanan kepada IDF dan berada di pihak dukungan kepada Palestina.

Melalui pernyataan resmi, McDonald's Oman menuturkan bahwa pihaknya telah menyumbangkan US$100 ribu atau sekitar Rp1,57 miliar (asumsi kurs Rp15.742/US$) sebagai bantuan kepada masyarakat Gaza, Palestina.

#palestina",0,29,klarifikasi terkait kiriman makanan,dan,dukungan terhadap israel melansir,dan
Jewish,"CNBC INDONESIA McDonald's 5 Cabang McDonald's Dunia yang Bantah Sokong Tentara Israel Sejumlah cabang restoran cepat saji McDonald's di beberapa negara memberikan klarifikasi terkait kiriman makanan dan dukungan terhadap Israel.

Melansir dari Hindustan Times, McDonald's cabang Lebanon, Oman, Uni Emirat Arab (UAE), Turkiye, dan Kuwait menegaskan bahwa pihaknya tidak terlibat dalam pengiriman makanan untuk Israel Defense Forces (IDF) atau Pasukan Pertahanan Israel.

""McDonald's Lebanon menegaskan bahwa pemegang waralaba (franchise) di negara dan wilayah lain tidak mewakili pandangan atau posisi McDonald's Lebanon dengan cara apa pun,"" tulis McDonald's Lebanon dalam pernyataannya, dikutip Rabu (18/10/2023).

""McDonald's Lebanon tidak terlibat apa pun dalam tindakan yang diambil di pasar lain di luar Lebanon. Kami berkomitmen untuk bangsa kita dan rakyatnya dengan penuh rasa hormat dan solidaritas,"" lanjut pernyataan tersebut.

Sementara itu, McDonald's cabang Oman, UAE, Turkiye, dan Kuwait menegaskan bahwa pihaknya tidak ikut campur dalam pemberian makanan kepada IDF dan berada di pihak dukungan kepada Palestina.

Melalui pernyataan resmi, McDonald's Oman menuturkan bahwa pihaknya telah menyumbangkan US$100 ribu atau sekitar Rp1,57 miliar (asumsi kurs Rp15.742/US$) sebagai bantuan kepada masyarakat Gaza, Palestina.

#palestina",0,47,emirat arab uae turkiye,dan,kuwait menegaskan bahwa pihaknya,dan
Jewish,"CNBC INDONESIA McDonald's 5 Cabang McDonald's Dunia yang Bantah Sokong Tentara Israel Sejumlah cabang restoran cepat saji McDonald's di beberapa negara memberikan klarifikasi terkait kiriman makanan dan dukungan terhadap Israel.

Melansir dari Hindustan Times, McDonald's cabang Lebanon, Oman, Uni Emirat Arab (UAE), Turkiye, dan Kuwait menegaskan bahwa pihaknya tidak terlibat dalam pengiriman makanan untuk Israel Defense Forces (IDF) atau Pasukan Pertahanan Israel.

""McDonald's Lebanon menegaskan bahwa pemegang waralaba (franchise) di negara dan wilayah lain tidak mewakili pandangan atau posisi McDonald's Lebanon dengan cara apa pun,"" tulis McDonald's Lebanon dalam pernyataannya, dikutip Rabu (18/10/2023).

""McDonald's Lebanon tidak terlibat apa pun dalam tindakan yang diambil di pasar lain di luar Lebanon. Kami berkomitmen untuk bangsa kita dan rakyatnya dengan penuh rasa hormat dan solidaritas,"" lanjut pernyataan tersebut.

Sementara itu, McDonald's cabang Oman, UAE, Turkiye, dan Kuwait menegaskan bahwa pihaknya tidak ikut campur dalam pemberian makanan kepada IDF dan berada di pihak dukungan kepada Palestina.

Melalui pernyataan resmi, McDonald's Oman menuturkan bahwa pihaknya telah menyumbangkan US$100 ribu atau sekitar Rp1,57 miliar (asumsi kurs Rp15.742/US$) sebagai bantuan kepada masyarakat Gaza, Palestina.

#palestina",0,76,waralaba franchise di negara,dan,wilayah lain tidak mewakili,dan
Jewish,"CNBC INDONESIA McDonald's 5 Cabang McDonald's Dunia yang Bantah Sokong Tentara Israel Sejumlah cabang restoran cepat saji McDonald's di beberapa negara memberikan klarifikasi terkait kiriman makanan dan dukungan terhadap Israel.

Melansir dari Hindustan Times, McDonald's cabang Lebanon, Oman, Uni Emirat Arab (UAE), Turkiye, dan Kuwait menegaskan bahwa pihaknya tidak terlibat dalam pengiriman makanan untuk Israel Defense Forces (IDF) atau Pasukan Pertahanan Israel.

""McDonald's Lebanon menegaskan bahwa pemegang waralaba (franchise) di negara dan wilayah lain tidak mewakili pandangan atau posisi McDonald's Lebanon dengan cara apa pun,"" tulis McDonald's Lebanon dalam pernyataannya, dikutip Rabu (18/10/2023).

""McDonald's Lebanon tidak terlibat apa pun dalam tindakan yang diambil di pasar lain di luar Lebanon. Kami berkomitmen untuk bangsa kita dan rakyatnya dengan penuh rasa hormat dan solidaritas,"" lanjut pernyataan tersebut.

Sementara itu, McDonald's cabang Oman, UAE, Turkiye, dan Kuwait menegaskan bahwa pihaknya tidak ikut campur dalam pemberian makanan kepada IDF dan berada di pihak dukungan kepada Palestina.

Melalui pernyataan resmi, McDonald's Oman menuturkan bahwa pihaknya telah menyumbangkan US$100 ribu atau sekitar Rp1,57 miliar (asumsi kurs Rp15.742/US$) sebagai bantuan kepada masyarakat Gaza, Palestina.

#palestina",0,124,berkomitmen untuk bangsa kita,dan,rakyatnya dengan penuh rasa,dan
Jewish,"CNBC INDONESIA McDonald's 5 Cabang McDonald's Dunia yang Bantah Sokong Tentara Israel Sejumlah cabang restoran cepat saji McDonald's di beberapa negara memberikan klarifikasi terkait kiriman makanan dan dukungan terhadap Israel.

Melansir dari Hindustan Times, McDonald's cabang Lebanon, Oman, Uni Emirat Arab (UAE), Turkiye, dan Kuwait menegaskan bahwa pihaknya tidak terlibat dalam pengiriman makanan untuk Israel Defense Forces (IDF) atau Pasukan Pertahanan Israel.

""McDonald's Lebanon menegaskan bahwa pemegang waralaba (franchise) di negara dan wilayah lain tidak mewakili pandangan atau posisi McDonald's Lebanon dengan cara apa pun,"" tulis McDonald's Lebanon dalam pernyataannya, dikutip Rabu (18/10/2023).

""McDonald's Lebanon tidak terlibat apa pun dalam tindakan yang diambil di pasar lain di luar Lebanon. Kami berkomitmen untuk bangsa kita dan rakyatnya dengan penuh rasa hormat dan solidaritas,"" lanjut pernyataan tersebut.

Sementara itu, McDonald's cabang Oman, UAE, Turkiye, dan Kuwait menegaskan bahwa pihaknya tidak ikut campur dalam pemberian makanan kepada IDF dan berada di pihak dukungan kepada Palestina.

Melalui pernyataan resmi, McDonald's Oman menuturkan bahwa pihaknya telah menyumbangkan US$100 ribu atau sekitar Rp1,57 miliar (asumsi kurs Rp15.742/US$) sebagai bantuan kepada masyarakat Gaza, Palestina.

#palestina",0,130,dengan penuh rasa hormat,dan,solidaritas lanjut pernyataan tersebut,dan
Jewish,"CNBC INDONESIA McDonald's 5 Cabang McDonald's Dunia yang Bantah Sokong Tentara Israel Sejumlah cabang restoran cepat saji McDonald's di beberapa negara memberikan klarifikasi terkait kiriman makanan dan dukungan terhadap Israel.

Melansir dari Hindustan Times, McDonald's cabang Lebanon, Oman, Uni Emirat Arab (UAE), Turkiye, dan Kuwait menegaskan bahwa pihaknya tidak terlibat dalam pengiriman makanan untuk Israel Defense Forces (IDF) atau Pasukan Pertahanan Israel.

""McDonald's Lebanon menegaskan bahwa pemegang waralaba (franchise) di negara dan wilayah lain tidak mewakili pandangan atau posisi McDonald's Lebanon dengan cara apa pun,"" tulis McDonald's Lebanon dalam pernyataannya, dikutip Rabu (18/10/2023).

""McDonald's Lebanon tidak terlibat apa pun dalam tindakan yang diambil di pasar lain di luar Lebanon. Kami berkomitmen untuk bangsa kita dan rakyatnya dengan penuh rasa hormat dan solidaritas,"" lanjut pernyataan tersebut.

Sementara itu, McDonald's cabang Oman, UAE, Turkiye, dan Kuwait menegaskan bahwa pihaknya tidak ikut campur dalam pemberian makanan kepada IDF dan berada di pihak dukungan kepada Palestina.

Melalui pernyataan resmi, McDonald's Oman menuturkan bahwa pihaknya telah menyumbangkan US$100 ribu atau sekitar Rp1,57 miliar (asumsi kurs Rp15.742/US$) sebagai bantuan kepada masyarakat Gaza, Palestina.

#palestina",0,143,cabang oman uae turkiye,dan,kuwait menegaskan bahwa pihaknya,dan
Jewish,"CNBC INDONESIA McDonald's 5 Cabang McDonald's Dunia yang Bantah Sokong Tentara Israel Sejumlah cabang restoran cepat saji McDonald's di beberapa negara memberikan klarifikasi terkait kiriman makanan dan dukungan terhadap Israel.

Melansir dari Hindustan Times, McDonald's cabang Lebanon, Oman, Uni Emirat Arab (UAE), Turkiye, dan Kuwait menegaskan bahwa pihaknya tidak terlibat dalam pengiriman makanan untuk Israel Defense Forces (IDF) atau Pasukan Pertahanan Israel.

""McDonald's Lebanon menegaskan bahwa pemegang waralaba (franchise) di negara dan wilayah lain tidak mewakili pandangan atau posisi McDonald's Lebanon dengan cara apa pun,"" tulis McDonald's Lebanon dalam pernyataannya, dikutip Rabu (18/10/2023).

""McDonald's Lebanon tidak terlibat apa pun dalam tindakan yang diambil di pasar lain di luar Lebanon. Kami berkomitmen untuk bangsa kita dan rakyatnya dengan penuh rasa hormat dan solidaritas,"" lanjut pernyataan tersebut.

Sementara itu, McDonald's cabang Oman, UAE, Turkiye, dan Kuwait menegaskan bahwa pihaknya tidak ikut campur dalam pemberian makanan kepada IDF dan berada di pihak dukungan kepada Palestina.

Melalui pernyataan resmi, McDonald's Oman menuturkan bahwa pihaknya telah menyumbangkan US$100 ribu atau sekitar Rp1,57 miliar (asumsi kurs Rp15.742/US$) sebagai bantuan kepada masyarakat Gaza, Palestina.

#palestina",0,156,pemberian makanan kepada idf,dan,berada di pihak dukungan,dan
Tionghoa,Prabowo bersama TNI Turun Tangan Bela Rakyat Rempang dan Usir Investor Cina,1,8,tangan bela rakyat rempang,dan,usir investor cina,dan
UNKNOWN,Tank dan Pasukan Bersenjata Dalam Video Ini Situasi Pulau Rempang Siap Tempur,1,1,tank,dan,pasukan bersenjata dalam video,dan
Tionghoa,Nama Nama Negara yang pertamai kali mengakui kemerdekaan bangsa I Ko Negara china gk ada ya yang slalu mengaku ngaku atas menamakan jual pancasila dan slalu di korupsinya dangan dikuasa 9 naga dan para titisannya PKI Oligarki sampai saat ini😂😂😂,1,24,atas menamakan jual pancasila,dan,slalu di korupsinya dangan,dan
Tionghoa,Nama Nama Negara yang pertamai kali mengakui kemerdekaan bangsa I Ko Negara china gk ada ya yang slalu mengaku ngaku atas menamakan jual pancasila dan slalu di korupsinya dangan dikuasa 9 naga dan para titisannya PKI Oligarki sampai saat ini😂😂😂,1,32,dangan dikuasa 9 naga,dan,para titisannya pki oligarki,dan
Tionghoa,"""Selalu Dorong Toleransi dan Kerukunan, Ganjar Dihadiahi Songkok dari Muslim Tionghoa Surabaya. Baca Selengkapnya : """,0,3,selalu dorong toleransi,dan,kerukunan ganjar dihadiahi songkok,dan
Disabilitas,"Cinta buta tidak memberikan anak nilai2 kebenaran, ia hanya mengupayakan tahta dan kekayaan",0,11,ia hanya mengupayakan tahta,dan,kekayaan,dan
Tionghoa,"Biar kadrun sadar kalau yg anti Islam itu bukan orang yg bermata sipit tapi orang yg identik dengan mata biru dan bule, ,,, negara isalm yg sudah hancur oleh sekutu Amerika Syiriah Irak Libya Palestina afganistan Lebanon semua hancur bukan karena China tapi Eropa ,,",1,20,identik dengan mata biru,dan,bule negara isalm yg,dan
Disabilitas,"Gini aja deh @KPU_ID usul aja nih. Gimana kalo misalnya gak usah ada debat aja kalo ga boleh dikritik ? Diubah jadi lomba joget siapa yang paling  GEndut SeMpOYongan 😂🤦👎 Menarik gak ? Atur lah, kalian kan penguasa.. 😁",1,24,jadi lomba joget siapa,yang,paling gendut sempoyongan menarik,yang
Kristen,Paus Fransiskus Memulai Kunjungan Sederhana Ke Umat Katolik di Mongolia yang Beragama Buddha,0,10,umat katolik di mongolia,yang,beragama buddha,yang
Tionghoa,Cina Mengirimkan Satelit Penginderaan Jauh Baru Ke Orbit Yang Direncanakan #MataDunia #technology #china #Aerospace #orbit #sunak #Hindu #newdelhi #india,0,8,jauh baru ke orbit,yang,direncanakan matadunia technology china,yang
"Kristen, Jewish","when my dad said pidato bung karno salah, “Kalau jadi hindu jangan jadi orang India, kalau jadi orang islam jangan jadi orang Arab, kalau kristen jangan jadi orang yahudi, tetaplah jadi orang nusantara dengan adat-budaya nusantara yang kaya raya ini” orang kristen bukan yahudi😅",0,37,dengan adat budaya nusantara,yang,kaya raya ini orang,yang
"Kristen, Tionghoa","Orano Tionghoa yang gak nonton Masterchef Indonesia: OWE DIEM AJA DARITADI! Dalam Sejarah, Tionghoa adalah salah satu etnis di dunia yang paling heterogen. Ada orang Hokkien, Hakka, Tiociu, Kanton, Hinghua, dan lain sebagainya.

Ada yang mendukung Kuomintang, ada yang mendukung Gongchangdang, dan ada yang tradisional banget, juga ada yang modern banget, ada yang Kristen, Buddha, Tao, Konghucu, ateis pun ada.

Termasuk ada yang menonton Masterchef dan ada juga yang tidak tahu Masterchef itu apa sebenarnya, termasuk saya, saya gak ngikut.",0,2,orano tionghoa,yang,gak nonton masterchef indonesia,yang
"Kristen, Tionghoa","Orano Tionghoa yang gak nonton Masterchef Indonesia: OWE DIEM AJA DARITADI! Dalam Sejarah, Tionghoa adalah salah satu etnis di dunia yang paling heterogen. Ada orang Hokkien, Hakka, Tiociu, Kanton, Hinghua, dan lain sebagainya.

Ada yang mendukung Kuomintang, ada yang mendukung Gongchangdang, dan ada yang tradisional banget, juga ada yang modern banget, ada yang Kristen, Buddha, Tao, Konghucu, ateis pun ada.

Termasuk ada yang menonton Masterchef dan ada juga yang tidak tahu Masterchef itu apa sebenarnya, termasuk saya, saya gak ngikut.",0,20,satu etnis di dunia,yang,paling heterogen ada orang,yang
"Kristen, Tionghoa","Orano Tionghoa yang gak nonton Masterchef Indonesia: OWE DIEM AJA DARITADI! Dalam Sejarah, Tionghoa adalah salah satu etnis di dunia yang paling heterogen. Ada orang Hokkien, Hakka, Tiociu, Kanton, Hinghua, dan lain sebagainya.

Ada yang mendukung Kuomintang, ada yang mendukung Gongchangdang, dan ada yang tradisional banget, juga ada yang modern banget, ada yang Kristen, Buddha, Tao, Konghucu, ateis pun ada.

Termasuk ada yang menonton Masterchef dan ada juga yang tidak tahu Masterchef itu apa sebenarnya, termasuk saya, saya gak ngikut.",0,34,dan lain sebagainya ada,yang,mendukung kuomintang ada yang,yang
"Kristen, Tionghoa","Orano Tionghoa yang gak nonton Masterchef Indonesia: OWE DIEM AJA DARITADI! Dalam Sejarah, Tionghoa adalah salah satu etnis di dunia yang paling heterogen. Ada orang Hokkien, Hakka, Tiociu, Kanton, Hinghua, dan lain sebagainya.

Ada yang mendukung Kuomintang, ada yang mendukung Gongchangdang, dan ada yang tradisional banget, juga ada yang modern banget, ada yang Kristen, Buddha, Tao, Konghucu, ateis pun ada.

Termasuk ada yang menonton Masterchef dan ada juga yang tidak tahu Masterchef itu apa sebenarnya, termasuk saya, saya gak ngikut.",0,38,yang mendukung kuomintang ada,yang,mendukung gongchangdang dan ada,yang
"Kristen, Tionghoa","Orano Tionghoa yang gak nonton Masterchef Indonesia: OWE DIEM AJA DARITADI! Dalam Sejarah, Tionghoa adalah salah satu etnis di dunia yang paling heterogen. Ada orang Hokkien, Hakka, Tiociu, Kanton, Hinghua, dan lain sebagainya.

Ada yang mendukung Kuomintang, ada yang mendukung Gongchangdang, dan ada yang tradisional banget, juga ada yang modern banget, ada yang Kristen, Buddha, Tao, Konghucu, ateis pun ada.

Termasuk ada yang menonton Masterchef dan ada juga yang tidak tahu Masterchef itu apa sebenarnya, termasuk saya, saya gak ngikut.",0,43,mendukung gongchangdang dan ada,yang,tradisional banget juga ada,yang
"Kristen, Tionghoa","Orano Tionghoa yang gak nonton Masterchef Indonesia: OWE DIEM AJA DARITADI! Dalam Sejarah, Tionghoa adalah salah satu etnis di dunia yang paling heterogen. Ada orang Hokkien, Hakka, Tiociu, Kanton, Hinghua, dan lain sebagainya.

Ada yang mendukung Kuomintang, ada yang mendukung Gongchangdang, dan ada yang tradisional banget, juga ada yang modern banget, ada yang Kristen, Buddha, Tao, Konghucu, ateis pun ada.

Termasuk ada yang menonton Masterchef dan ada juga yang tidak tahu Masterchef itu apa sebenarnya, termasuk saya, saya gak ngikut.",0,48,tradisional banget juga ada,yang,modern banget ada yang,yang
"Kristen, Tionghoa","Orano Tionghoa yang gak nonton Masterchef Indonesia: OWE DIEM AJA DARITADI! Dalam Sejarah, Tionghoa adalah salah satu etnis di dunia yang paling heterogen. Ada orang Hokkien, Hakka, Tiociu, Kanton, Hinghua, dan lain sebagainya.

Ada yang mendukung Kuomintang, ada yang mendukung Gongchangdang, dan ada yang tradisional banget, juga ada yang modern banget, ada yang Kristen, Buddha, Tao, Konghucu, ateis pun ada.

Termasuk ada yang menonton Masterchef dan ada juga yang tidak tahu Masterchef itu apa sebenarnya, termasuk saya, saya gak ngikut.",0,52,yang modern banget ada,yang,kristen buddha tao konghucu,yang
"Kristen, Tionghoa","Orano Tionghoa yang gak nonton Masterchef Indonesia: OWE DIEM AJA DARITADI! Dalam Sejarah, Tionghoa adalah salah satu etnis di dunia yang paling heterogen. Ada orang Hokkien, Hakka, Tiociu, Kanton, Hinghua, dan lain sebagainya.

Ada yang mendukung Kuomintang, ada yang mendukung Gongchangdang, dan ada yang tradisional banget, juga ada yang modern banget, ada yang Kristen, Buddha, Tao, Konghucu, ateis pun ada.

Termasuk ada yang menonton Masterchef dan ada juga yang tidak tahu Masterchef itu apa sebenarnya, termasuk saya, saya gak ngikut.",0,62,pun ada termasuk ada,yang,menonton masterchef dan ada,yang
"Kristen, Tionghoa","Orano Tionghoa yang gak nonton Masterchef Indonesia: OWE DIEM AJA DARITADI! Dalam Sejarah, Tionghoa adalah salah satu etnis di dunia yang paling heterogen. Ada orang Hokkien, Hakka, Tiociu, Kanton, Hinghua, dan lain sebagainya.

Ada yang mendukung Kuomintang, ada yang mendukung Gongchangdang, dan ada yang tradisional banget, juga ada yang modern banget, ada yang Kristen, Buddha, Tao, Konghucu, ateis pun ada.

Termasuk ada yang menonton Masterchef dan ada juga yang tidak tahu Masterchef itu apa sebenarnya, termasuk saya, saya gak ngikut.",0,68,masterchef dan ada juga,yang,tidak tahu masterchef itu,yang
Jewish,"CNBC INDONESIA McDonald's 5 Cabang McDonald's Dunia yang Bantah Sokong Tentara Israel Sejumlah cabang restoran cepat saji McDonald's di beberapa negara memberikan klarifikasi terkait kiriman makanan dan dukungan terhadap Israel.

Melansir dari Hindustan Times, McDonald's cabang Lebanon, Oman, Uni Emirat Arab (UAE), Turkiye, dan Kuwait menegaskan bahwa pihaknya tidak terlibat dalam pengiriman makanan untuk Israel Defense Forces (IDF) atau Pasukan Pertahanan Israel.

""McDonald's Lebanon menegaskan bahwa pemegang waralaba (franchise) di negara dan wilayah lain tidak mewakili pandangan atau posisi McDonald's Lebanon dengan cara apa pun,"" tulis McDonald's Lebanon dalam pernyataannya, dikutip Rabu (18/10/2023).

""McDonald's Lebanon tidak terlibat apa pun dalam tindakan yang diambil di pasar lain di luar Lebanon. Kami berkomitmen untuk bangsa kita dan rakyatnya dengan penuh rasa hormat dan solidaritas,"" lanjut pernyataan tersebut.

Sementara itu, McDonald's cabang Oman, UAE, Turkiye, dan Kuwait menegaskan bahwa pihaknya tidak ikut campur dalam pemberian makanan kepada IDF dan berada di pihak dukungan kepada Palestina.

Melalui pernyataan resmi, McDonald's Oman menuturkan bahwa pihaknya telah menyumbangkan US$100 ribu atau sekitar Rp1,57 miliar (asumsi kurs Rp15.742/US$) sebagai bantuan kepada masyarakat Gaza, Palestina.

#palestina",0,9,cabang mcdonald s dunia,yang,bantah sokong tentara israel,yang
Jewish,"CNBC INDONESIA McDonald's 5 Cabang McDonald's Dunia yang Bantah Sokong Tentara Israel Sejumlah cabang restoran cepat saji McDonald's di beberapa negara memberikan klarifikasi terkait kiriman makanan dan dukungan terhadap Israel.

Melansir dari Hindustan Times, McDonald's cabang Lebanon, Oman, Uni Emirat Arab (UAE), Turkiye, dan Kuwait menegaskan bahwa pihaknya tidak terlibat dalam pengiriman makanan untuk Israel Defense Forces (IDF) atau Pasukan Pertahanan Israel.

""McDonald's Lebanon menegaskan bahwa pemegang waralaba (franchise) di negara dan wilayah lain tidak mewakili pandangan atau posisi McDonald's Lebanon dengan cara apa pun,"" tulis McDonald's Lebanon dalam pernyataannya, dikutip Rabu (18/10/2023).

""McDonald's Lebanon tidak terlibat apa pun dalam tindakan yang diambil di pasar lain di luar Lebanon. Kami berkomitmen untuk bangsa kita dan rakyatnya dengan penuh rasa hormat dan solidaritas,"" lanjut pernyataan tersebut.

Sementara itu, McDonald's cabang Oman, UAE, Turkiye, dan Kuwait menegaskan bahwa pihaknya tidak ikut campur dalam pemberian makanan kepada IDF dan berada di pihak dukungan kepada Palestina.

Melalui pernyataan resmi, McDonald's Oman menuturkan bahwa pihaknya telah menyumbangkan US$100 ribu atau sekitar Rp1,57 miliar (asumsi kurs Rp15.742/US$) sebagai bantuan kepada masyarakat Gaza, Palestina.

#palestina",0,111,apa pun dalam tindakan,yang,diambil di pasar lain,yang
UNKNOWN,Jokowi Bebaskan Pajak Selama 120 Tahun untuk WNA yang Tinggal di IKN,1,8,120 tahun untuk wna,yang,tinggal di ikn,yang
Tionghoa,Nama Nama Negara yang pertamai kali mengakui kemerdekaan bangsa I Ko Negara china gk ada ya yang slalu mengaku ngaku atas menamakan jual pancasila dan slalu di korupsinya dangan dikuasa 9 naga dan para titisannya PKI Oligarki sampai saat ini😂😂😂,1,3,nama nama negara,yang,pertamai kali mengakui kemerdekaan,yang
Tionghoa,Nama Nama Negara yang pertamai kali mengakui kemerdekaan bangsa I Ko Negara china gk ada ya yang slalu mengaku ngaku atas menamakan jual pancasila dan slalu di korupsinya dangan dikuasa 9 naga dan para titisannya PKI Oligarki sampai saat ini😂😂😂,1,16,china gk ada ya,yang,slalu mengaku ngaku atas,yang
UNKNOWN,"ANIES TUNAIKAN IBADAH HAJI Oleh: H. Agus M. Z. Yang perlu kita garis-bawahi dari pemberian panggung adalah makna atau sinyal positif. Yaitu, KSA – secara dini – seperti mengumumkan kepada dunia (truncated)",0,9,h agus m z,yang,perlu kita garis bawahi,yang
UNKNOWN,"Fahmi F Muslim dan Jaman Keemasan Islam Berikut ini adalah artikel yang mungkin pernah anda jumpai. Suatu artikel yang membantah klaim jaman keemasan islam di bidang ilmu pengetahuan. Memang tidak dibahas secara detil. Ini juga yang terjadi dengan Abbassid. Apa bakat dan pencapaian dari Rumy, Ibn Arabi, Ibnu Sina dan pemikir2 lain yang terlahir sebagai muslim, yang ada hubungannya dengan Islam? Apa Quran mengajarkan Aljabar, Kimia, Biologi atau Astronomi? Muhammad saja salah dalam pembagian (truncated)",1,11,berikut ini adalah artikel,yang,mungkin pernah anda jumpai,yang
UNKNOWN,"Fahmi F Muslim dan Jaman Keemasan Islam Berikut ini adalah artikel yang mungkin pernah anda jumpai. Suatu artikel yang membantah klaim jaman keemasan islam di bidang ilmu pengetahuan. Memang tidak dibahas secara detil. Ini juga yang terjadi dengan Abbassid. Apa bakat dan pencapaian dari Rumy, Ibn Arabi, Ibnu Sina dan pemikir2 lain yang terlahir sebagai muslim, yang ada hubungannya dengan Islam? Apa Quran mengajarkan Aljabar, Kimia, Biologi atau Astronomi? Muhammad saja salah dalam pembagian (truncated)",1,18,anda jumpai suatu artikel,yang,membantah klaim jaman keemasan,yang
UNKNOWN,"Fahmi F Muslim dan Jaman Keemasan Islam Berikut ini adalah artikel yang mungkin pernah anda jumpai. Suatu artikel yang membantah klaim jaman keemasan islam di bidang ilmu pengetahuan. Memang tidak dibahas secara detil. Ini juga yang terjadi dengan Abbassid. Apa bakat dan pencapaian dari Rumy, Ibn Arabi, Ibnu Sina dan pemikir2 lain yang terlahir sebagai muslim, yang ada hubungannya dengan Islam? Apa Quran mengajarkan Aljabar, Kimia, Biologi atau Astronomi? Muhammad saja salah dalam pembagian (truncated)",1,35,secara detil ini juga,yang,terjadi dengan abbassid apa,yang
UNKNOWN,"Fahmi F Muslim dan Jaman Keemasan Islam Berikut ini adalah artikel yang mungkin pernah anda jumpai. Suatu artikel yang membantah klaim jaman keemasan islam di bidang ilmu pengetahuan. Memang tidak dibahas secara detil. Ini juga yang terjadi dengan Abbassid. Apa bakat dan pencapaian dari Rumy, Ibn Arabi, Ibnu Sina dan pemikir2 lain yang terlahir sebagai muslim, yang ada hubungannya dengan Islam? Apa Quran mengajarkan Aljabar, Kimia, Biologi atau Astronomi? Muhammad saja salah dalam pembagian (truncated)",1,52,sina dan pemikir2 lain,yang,terlahir sebagai muslim yang,yang
UNKNOWN,"Fahmi F Muslim dan Jaman Keemasan Islam Berikut ini adalah artikel yang mungkin pernah anda jumpai. Suatu artikel yang membantah klaim jaman keemasan islam di bidang ilmu pengetahuan. Memang tidak dibahas secara detil. Ini juga yang terjadi dengan Abbassid. Apa bakat dan pencapaian dari Rumy, Ibn Arabi, Ibnu Sina dan pemikir2 lain yang terlahir sebagai muslim, yang ada hubungannya dengan Islam? Apa Quran mengajarkan Aljabar, Kimia, Biologi atau Astronomi? Muhammad saja salah dalam pembagian (truncated)",1,56,yang terlahir sebagai muslim,yang,ada hubungannya dengan islam,yang
Disabilitas,Pesan saya yang benci Anies Baswedan awas jangan sampai kamu gila  status mu digrup ini membuat kami tambah sehat makin cinta AMIN,0,2,pesan saya,yang,benci anies baswedan awas,yang
Jewish,"Pendeta Hindu India ini ingin ke Israel untuk memerangi Hamas, idenya kok familiar?",0,3,pendeta hindu india,ini,ingin ke israel untuk,ini
"Kristen, Jewish","when my dad said pidato bung karno salah, “Kalau jadi hindu jangan jadi orang India, kalau jadi orang islam jangan jadi orang Arab, kalau kristen jangan jadi orang yahudi, tetaplah jadi orang nusantara dengan adat-budaya nusantara yang kaya raya ini” orang kristen bukan yahudi😅",0,40,nusantara yang kaya raya,ini,orang kristen bukan yahudi,ini
Tionghoa,Dalam Foto Ini Pemuda China Jadi PNS di Indonesia,1,2,dalam foto,ini,pemuda china jadi pns,ini
UNKNOWN,Tank dan Pasukan Bersenjata Dalam Video Ini Situasi Pulau Rempang Siap Tempur,1,6,pasukan bersenjata dalam video,ini,situasi pulau rempang siap,ini
Tionghoa,Nama Nama Negara yang pertamai kali mengakui kemerdekaan bangsa I Ko Negara china gk ada ya yang slalu mengaku ngaku atas menamakan jual pancasila dan slalu di korupsinya dangan dikuasa 9 naga dan para titisannya PKI Oligarki sampai saat ini😂😂😂,1,39,pki oligarki sampai saat,ini,,ini
UNKNOWN,"Fahmi F Muslim dan Jaman Keemasan Islam Berikut ini adalah artikel yang mungkin pernah anda jumpai. Suatu artikel yang membantah klaim jaman keemasan islam di bidang ilmu pengetahuan. Memang tidak dibahas secara detil. Ini juga yang terjadi dengan Abbassid. Apa bakat dan pencapaian dari Rumy, Ibn Arabi, Ibnu Sina dan pemikir2 lain yang terlahir sebagai muslim, yang ada hubungannya dengan Islam? Apa Quran mengajarkan Aljabar, Kimia, Biologi atau Astronomi? Muhammad saja salah dalam pembagian (truncated)",1,8,jaman keemasan islam berikut,ini,adalah artikel yang mungkin,ini
UNKNOWN,"Fahmi F Muslim dan Jaman Keemasan Islam Berikut ini adalah artikel yang mungkin pernah anda jumpai. Suatu artikel yang membantah klaim jaman keemasan islam di bidang ilmu pengetahuan. Memang tidak dibahas secara detil. Ini juga yang terjadi dengan Abbassid. Apa bakat dan pencapaian dari Rumy, Ibn Arabi, Ibnu Sina dan pemikir2 lain yang terlahir sebagai muslim, yang ada hubungannya dengan Islam? Apa Quran mengajarkan Aljabar, Kimia, Biologi atau Astronomi? Muhammad saja salah dalam pembagian (truncated)",1,33,tidak dibahas secara detil,ini,juga yang terjadi dengan,ini
Disabilitas,Pesan saya yang benci Anies Baswedan awas jangan sampai kamu gila  status mu digrup ini membuat kami tambah sehat makin cinta AMIN,0,14,gila status mu digrup,ini,membuat kami tambah sehat,ini
Tionghoa,Satu ini memiting rakyatnya Satu lagi ingin membuldoser rakyatnya Inilah rezi biadab yang disanjung 80% rakyatnya. Mantap petugas cina,1,1,satu,ini,memiting rakyatnya satu lagi,ini
Tionghoa,10 thn sdh Hutang ke cina Pabrik dari cina Pekerja dari cina Teknologi dari cina Ada yg bilang katanya ini PRIBUMI. MAU DI LANJUT apa PERUBAHAN.,1,19,ada yg bilang katanya,ini,pribumi mau di lanjut,ini
"Kristen, Tionghoa","Balada 32 tahun negeriku: Menurut petunjuk bpk presiden,,, e e e e kita harus kencengkan ikat pinggang kemudian e e e kita tinggal landas dan e e e kita mengolah ragakan masyarakat dan memasyarakatkan olah raga, kemudian e e e e export non migas kita harus mengacuh pada pakto sebagai embrio dari pakno dan pakdes,,,, dan ujung²nya 1 $ US = Rp 17.500,- gadis² tionghoa lari pake daster ke bandara Sukarno Hatta, yg lain diperkosa, toko² dijarah, mahasiswa ada yg raib entah ke !!! Sekolahan Katolik yg dipimpin mantan pacarku diancam mau dibakar. 😉😉😉😉 Yang begini masih sering terngiang di telingaku sampai saat ini,,, aku sdh berusaha melupakannya tapi kalau melihat jemuran orang warna kuning ingatan itu selalu !!! Apalagi di saat² menjelang pemilu seperti sekarang. Semoga Pa Ganjar - Mahfud terpilih menjadi Presiden 2024 nanti, dan membuat NKRI disegani dan dihormati, sejuk dan damai.",1,100,di telingaku sampai saat,ini,aku sdh berusaha melupakannya,ini
UNKNOWN,"😱🇺🇸🇺🇸🕺🏻 Teman /Sobat "" Gaspol GP"" Tulisan ini untuk saling Sharing, semoga Ada Gunanya ... :🙏🏻🙏🙏 Pemilu 2024 ini merupakan Pemilu yang Sangat Mendebarkan dan Sangat Mencekam. Ini disebabkan karena ""Keterlibatan Amerika lewat CIA full 100℅ melalui jaringan LSM² dan pengusaha Regional"". 🙏🏻🙏🏻🙏🏻 Sebarkan ke seluruh penjuru  DEMI ANAK CUCU KITA KELAK PILIHLAH GANJAR PRANOWO 🩷🇮🇩🇮🇩",0,5,sobat gaspol gp tulisan,ini,untuk saling sharing semoga,ini
UNKNOWN,"😱🇺🇸🇺🇸🕺🏻 Teman /Sobat "" Gaspol GP"" Tulisan ini untuk saling Sharing, semoga Ada Gunanya ... :🙏🏻🙏🙏 Pemilu 2024 ini merupakan Pemilu yang Sangat Mendebarkan dan Sangat Mencekam. Ini disebabkan karena ""Keterlibatan Amerika lewat CIA full 100℅ melalui jaringan LSM² dan pengusaha Regional"". 🙏🏻🙏🏻🙏🏻 Sebarkan ke seluruh penjuru  DEMI ANAK CUCU KITA KELAK PILIHLAH GANJAR PRANOWO 🩷🇮🇩🇮🇩",0,14,ada gunanya pemilu 2024,ini,merupakan pemilu yang sangat,ini
UNKNOWN,"😱🇺🇸🇺🇸🕺🏻 Teman /Sobat "" Gaspol GP"" Tulisan ini untuk saling Sharing, semoga Ada Gunanya ... :🙏🏻🙏🙏 Pemilu 2024 ini merupakan Pemilu yang Sangat Mendebarkan dan Sangat Mencekam. Ini disebabkan karena ""Keterlibatan Amerika lewat CIA full 100℅ melalui jaringan LSM² dan pengusaha Regional"". 🙏🏻🙏🏻🙏🏻 Sebarkan ke seluruh penjuru  DEMI ANAK CUCU KITA KELAK PILIHLAH GANJAR PRANOWO 🩷🇮🇩🇮🇩",0,23,mendebarkan dan sangat mencekam,ini,disebabkan karena keterlibatan amerika,ini
"Tionghoa, Jewish","*MUI HARAMKAN PRODUK ISRAEL* Namun, dia sendiri tanpa sadar telah menggunakan dan menikmati produk Israel Keturunan Yahudi itu sendiri😁😁 Beberapa nama produk Israel keturunan Yahudi : 1. Google. 2. Ini semua adalah produk buatan Israel, buatan Amerika sekutunya dan buatan Negara-negara lain keturunan Yahudi seperti Rusia, Inggris, Prancis, Kanada, Argentina dan beberapa negara lain yang termasuk sekutnya Juga Produk-produk tersebut dibuat dan diproduksi orang Negara China Lalu kenapa anda memakainya, dan kenapa anda menggunakannya❓ Kemudian jika MUI menganggap semua Produk Israel haram, sebaiknya diboikot semuanya dan tidak usah digunakan sama sekali saya rasa lebih adil kalau begitu. Namun jika ini hanya sekedar alasan atau tindakan bodoh saja, Melarang atau Mengharamkan semua produk Israel keturunan Yahudi dan Produk-produk Negara lain yang termasuk sekutunya, lalu dalam tanda kutip ""anda masih menggunakan sebagian juga"", berarti anda munafik tidak jujur mengakuinya🤣😂😂",1,28,yahudi 1 google 2,ini,semua adalah produk buatan,ini
"Tionghoa, Jewish","*MUI HARAMKAN PRODUK ISRAEL* Namun, dia sendiri tanpa sadar telah menggunakan dan menikmati produk Israel Keturunan Yahudi itu sendiri😁😁 Beberapa nama produk Israel keturunan Yahudi : 1. Google. 2. Ini semua adalah produk buatan Israel, buatan Amerika sekutunya dan buatan Negara-negara lain keturunan Yahudi seperti Rusia, Inggris, Prancis, Kanada, Argentina dan beberapa negara lain yang termasuk sekutnya Juga Produk-produk tersebut dibuat dan diproduksi orang Negara China Lalu kenapa anda memakainya, dan kenapa anda menggunakannya❓ Kemudian jika MUI menganggap semua Produk Israel haram, sebaiknya diboikot semuanya dan tidak usah digunakan sama sekali saya rasa lebih adil kalau begitu. Namun jika ini hanya sekedar alasan atau tindakan bodoh saja, Melarang atau Mengharamkan semua produk Israel keturunan Yahudi dan Produk-produk Negara lain yang termasuk sekutunya, lalu dalam tanda kutip ""anda masih menggunakan sebagian juga"", berarti anda munafik tidak jujur mengakuinya🤣😂😂",1,100,kalau begitu namun jika,ini,hanya sekedar alasan atau,ini
Tionghoa,"INI BUAT PARA KADRUN YG SERING NUDUH PEMERINTA (PKI) DI SINI SEDIKIT GW JELASIN👇👇 Syaiful Sahab Jenderal jenderal loyalis Soekarno pun yang disebut sebagai pahlawan revolusi dan juga jutaan rakyat Indonesia adalah korban pembantaian Soeharto dengan dibantu intelejen barat. Satu satunya jenderal lulusan setara SD yang mudah dimancaatkan mafia barat. YUK MIKIIIIR Tuan mereka sedang berusaha untuk MENIHILKAN kebijakan kebijakan yang telah diproses PEMERINTAH INDONESIA. Isu Jokowi PKI lah, isu kebangkitan komunis lah, isu anti cina lah, dan lain (truncated)",1,0,,ini,buat para kadrun yg,ini
Tionghoa,"Kasus rempang,kasus Wadas,ketimpangan gaji tka cina dengan tenaga Tempatan dimorowali,hilangnya pupuk subsidi,mahalnya BBM, nepotisme kekuasaan,hutang negara yg makin menumpuk ,pajak yg tinggi serta obyek pajak yg menyasar sembako dibarengi harga yg semakin mahal ,kondisi keadilan hukum yg TDK baik baik aja dll,semua itu akibat kebijakan direzim ini,maka kondisi seperti sangat diperlukan PRESIDEN PERUBAHAN dan itu hanya dimiliki Bapak Anies Baswedan ,maka itu ayo pilih presiden perubahan",1,52,itu akibat kebijakan direzim,ini,maka kondisi seperti sangat,ini
Tionghoa,"*MOHON DENGAN SANGAT ARTIKEL INI DI SHARE KE SEMUA RAKYAT INDONESIA COPY PASTE KE SEMUA GROUP MEDSOS SELANJUTNYA SHARE TERUS MENERUS SETIAP HARI HINGGA VIRAL KE SEMUA RAKYAT INDONESIA HUSUSNYA ORANG2 YANG TIDAK TAU POLITIK DAN TIDAK PEDULI KONDISI BANGSA DAN AGAMANYA!!!* *TAHAPAN SKENARIO CINA CAPLOK INDONESIA TANPA PERANG.* (Bukan hoax bisa di adu dengan data inteligent) *Tahap 1* Jkw tunjuk bos sinarmas sebagai wakil kepala IKN. Dan memerintahkan pengembang Cina seperti Agung Sedayu, Podomoro, Ciputra, Lippo dll untuk membangun pemukiman Cina di IKN. *BANGUN, SADAR DAN BANGKITLAH WAHAI ANAK BANGSA !*✍️🇮🇩✊ *AYO COPAS DAN SHARE KE SEMUA GROUP2 MEDSOS DEMI KESELAMATAN NEGARA, BANGSA, AGAMA DAN ANAK CUCU GENERASI KITA..& * SEMUA AKAN GAGAL TERLAKSANA JIKA ANIES PRESIDEN RI... !!!.*",1,4,mohon dengan sangat artikel,ini,di share ke semua,ini
UNKNOWN,"## Satu lagi hoax Islam: ## Lahirnya Para Ilmuwan Persia di Abad Pertengahan adalah berkat jasa Islam Satu lagi hoax Islam: Lahirnya Para Ilmuwan Persia di Abad Pertengahan adalah berkat jasa Islam Perlu anda ketahui, Ibnu Sina itu bukanlah beragama Islam, dia asalnya bangsa Persia yang beragama Zoroaster dan dia dipaksa masuk Islam agar tidak dibunuh oleh pasukan Islam yang menghancurkan kerajaan Persia yang beragama Zoroaster itu. Ibnu Sina adalah nama yang diberikan oleh penjajah Arab Islam, nama beliau sebenarnya dalah ""Avicenna"" yang berasal dari nama kitab suci Zoroaster ""Aveda"" yang artinya ""Api Suci"". Zoroaster adalah ajaran agama yang mensucikan dan menyembah Tuhan yang Esa dan ""Api"" sebagai simbolnya. Orang ini bahkan tidak bisa penjumlahan yang sederhana. Apa yang islam lakukan utk seni? Untuk musik? Apa yang nabi katakan tentang penyair? Apa pandangan (truncated)",1,108,api sebagai simbolnya orang,ini,bahkan tidak bisa penjumlahan,ini
Tionghoa,"PASTIKAN ANAK, SAUDARA, TEMAN, KELUARGA BESAR KITA FOKUS PD PERUBAHAN BERJUANG UTK PERUBAHAN ATAU REZIM BUSUK INI AKAN MELANJUTKAN MENGUSUR KITA RAKYAT PRIBUMI PEMILIK NEGERI INI DARI BUMI PERTIWI...JGN BIARKAN REZIM ANTEK OLIGARKI INI MELANJUTKAN KEKEJAMAN DAN KEBIADABANNYA PD RYTNYA ...MENGUSIR RYTNYA SENDIRI DEMI INVESTOR CHINA",1,16,perubahan atau rezim busuk,ini,akan melanjutkan mengusur kita,ini
Tionghoa,"PASTIKAN ANAK, SAUDARA, TEMAN, KELUARGA BESAR KITA FOKUS PD PERUBAHAN BERJUANG UTK PERUBAHAN ATAU REZIM BUSUK INI AKAN MELANJUTKAN MENGUSUR KITA RAKYAT PRIBUMI PEMILIK NEGERI INI DARI BUMI PERTIWI...JGN BIARKAN REZIM ANTEK OLIGARKI INI MELANJUTKAN KEKEJAMAN DAN KEBIADABANNYA PD RYTNYA ...MENGUSIR RYTNYA SENDIRI DEMI INVESTOR CHINA",1,25,rakyat pribumi pemilik negeri,ini,dari bumi pertiwi jgn,ini
Tionghoa,"PASTIKAN ANAK, SAUDARA, TEMAN, KELUARGA BESAR KITA FOKUS PD PERUBAHAN BERJUANG UTK PERUBAHAN ATAU REZIM BUSUK INI AKAN MELANJUTKAN MENGUSUR KITA RAKYAT PRIBUMI PEMILIK NEGERI INI DARI BUMI PERTIWI...JGN BIARKAN REZIM ANTEK OLIGARKI INI MELANJUTKAN KEKEJAMAN DAN KEBIADABANNYA PD RYTNYA ...MENGUSIR RYTNYA SENDIRI DEMI INVESTOR CHINA",1,34,biarkan rezim antek oligarki,ini,melanjutkan kekejaman dan kebiadabannya,ini
UNKNOWN,"Buku ini adalah sebuah buku istimewa tentang analisis sejarah yang sangat menarik. Di dalamnya akan kita dapati sebab-sebab kelemahan umat Islam, berbagai konflik yang terjadi, Perang Salib, pembebasan Al-Quds, invasi bangsa Tartar hingga seputar ditutup dan dibukanya kembali pintu ijtihad. #ResensiBuku — [Resensi Buku Wajah Dunia Islam (Dari Bani Umayyah hingga Imperialisme Modern)] Sejarah Peradaban Islam, Bukan Hanya dari Sirah Rasulullah ﷺ  — Peresensi: Nindira Aryudhani, S.Pi., M.Si. Wallahualam bissawab. [MNews/Rgl]",1,1,buku,ini,adalah sebuah buku istimewa,ini
UNKNOWN,"Surat Terbuka Kepada Anies Baswedan. (Saya copas dari postingan seorang tokoh yang dekat dengan presiden Jokowi) Ibnu Maksum-Opini Anies Baswedan (IST) Smith Alhadar Direktur Eksekutif Institute for Democracy Education (IDe) Mas Anies yang baik , Dalam gelisah saya menulis surat ini saat banyak orang sedang terlelap dalam bekap mimpi yang merisaukan. Belum juga dikumandangkan adzan , ajakan berserah diri pada Tuhan, sebelum memulai kehidupan yg rumit Seringkali berat. Kalau para Gubernur sebelumnya iri hati pada mas Anies , itu lantaran mereka baru tahu bahwa kota bisa disulap dgn ide2 kreatif. Lebih daripada itu , mas Anies (truncated)",0,40,gelisah saya menulis surat,ini,saat banyak orang sedang,ini
Tionghoa,Relawan Tionghoa Kalbar yg di Jakarta mendeklarasikan dukungan kepada Ganjar Pranowo. Mario Dandy Bu D Megumi Putri Ariani Mamat Cilacap Mahkamah Konstitusi,0,3,relawan tionghoa kalbar,yg,di jakarta mendeklarasikan dukungan,yg
Kristen,skb 2 menteri menjerat warga Indonesia yg beragama kristen buddha hindu kepercayaan sunda wiwitan kaharingan marapu aluk to dolo dll yg masih banyak sekali,0,6,menteri menjerat warga indonesia,yg,beragama kristen buddha hindu,yg
Kristen,skb 2 menteri menjerat warga Indonesia yg beragama kristen buddha hindu kepercayaan sunda wiwitan kaharingan marapu aluk to dolo dll yg masih banyak sekali,0,20,aluk to dolo dll,yg,masih banyak sekali,yg
Disabilitas,"Apakah kita harus di pimpin oleh orang yg,wakilnya cacat hukum,cacat moral dan presidenya yg cacat",1,7,di pimpin oleh orang,yg,wakilnya cacat hukum cacat,yg
Disabilitas,"Apakah kita harus di pimpin oleh orang yg,wakilnya cacat hukum,cacat moral dan presidenya yg cacat",1,15,cacat moral dan presidenya,yg,cacat,yg
Tionghoa,"Biar kadrun sadar kalau yg anti Islam itu bukan orang yg bermata sipit tapi orang yg identik dengan mata biru dan bule, ,,, negara isalm yg sudah hancur oleh sekutu Amerika Syiriah Irak Libya Palestina afganistan Lebanon semua hancur bukan karena China tapi Eropa ,,",1,4,biar kadrun sadar kalau,yg,anti islam itu bukan,yg
Tionghoa,"Biar kadrun sadar kalau yg anti Islam itu bukan orang yg bermata sipit tapi orang yg identik dengan mata biru dan bule, ,,, negara isalm yg sudah hancur oleh sekutu Amerika Syiriah Irak Libya Palestina afganistan Lebanon semua hancur bukan karena China tapi Eropa ,,",1,10,islam itu bukan orang,yg,bermata sipit tapi orang,yg
Tionghoa,"Biar kadrun sadar kalau yg anti Islam itu bukan orang yg bermata sipit tapi orang yg identik dengan mata biru dan bule, ,,, negara isalm yg sudah hancur oleh sekutu Amerika Syiriah Irak Libya Palestina afganistan Lebanon semua hancur bukan karena China tapi Eropa ,,",1,15,bermata sipit tapi orang,yg,identik dengan mata biru,yg
Tionghoa,"Biar kadrun sadar kalau yg anti Islam itu bukan orang yg bermata sipit tapi orang yg identik dengan mata biru dan bule, ,,, negara isalm yg sudah hancur oleh sekutu Amerika Syiriah Irak Libya Palestina afganistan Lebanon semua hancur bukan karena China tapi Eropa ,,",1,24,dan bule negara isalm,yg,sudah hancur oleh sekutu,yg
Tionghoa,"China Itu Pinter Menciptakan Yg Serba Palsu,Bikin Matahari Palsu, Bikin Mobil Palsu,Mukidi Berguru Sama Cina Bikin Ijazah Palsu.",1,4,china itu pinter menciptakan,yg,serba palsu bikin matahari,yg
Tionghoa,"PERANG HORIZONTAL DI DEPAN MATA. WASPADA... ‼️ WARGA cina sudah BERANI menguasai jalanan DGN MOBIL BER NOPOL negara CINA. ⁉️ Jika kamu tdk membela orang lain ketika hak mereka diinjak-injak, siapa yg akan membelamu ketika hakmu diinjak-injak⁉️ Lebih baik diasingkan daripada menyerah pada  #SALAM_AKAL_SEHAT💪 #SALAM_PERUBAHAN_PERBAIKAN utk #PERSATUAN_RI 😎✌💪",1,30,mereka diinjak injak siapa,yg,akan membelamu ketika hakmu,yg
Tionghoa,10 thn sdh Hutang ke cina Pabrik dari cina Pekerja dari cina Teknologi dari cina Ada yg bilang katanya ini PRIBUMI. MAU DI LANJUT apa PERUBAHAN.,1,16,teknologi dari cina ada,yg,bilang katanya ini pribumi,yg
"Kristen, Tionghoa","Balada 32 tahun negeriku: Menurut petunjuk bpk presiden,,, e e e e kita harus kencengkan ikat pinggang kemudian e e e kita tinggal landas dan e e e kita mengolah ragakan masyarakat dan memasyarakatkan olah raga, kemudian e e e e export non migas kita harus mengacuh pada pakto sebagai embrio dari pakno dan pakdes,,,, dan ujung²nya 1 $ US = Rp 17.500,- gadis² tionghoa lari pake daster ke bandara Sukarno Hatta, yg lain diperkosa, toko² dijarah, mahasiswa ada yg raib entah ke !!! Sekolahan Katolik yg dipimpin mantan pacarku diancam mau dibakar. 😉😉😉😉 Yang begini masih sering terngiang di telingaku sampai saat ini,,, aku sdh berusaha melupakannya tapi kalau melihat jemuran orang warna kuning ingatan itu selalu !!! Apalagi di saat² menjelang pemilu seperti sekarang. Semoga Pa Ganjar - Mahfud terpilih menjadi Presiden 2024 nanti, dan membuat NKRI disegani dan dihormati, sejuk dan damai.",1,71,ke bandara sukarno hatta,yg,lain diperkosa toko² dijarah,yg
"Kristen, Tionghoa","Balada 32 tahun negeriku: Menurut petunjuk bpk presiden,,, e e e e kita harus kencengkan ikat pinggang kemudian e e e kita tinggal landas dan e e e kita mengolah ragakan masyarakat dan memasyarakatkan olah raga, kemudian e e e e export non migas kita harus mengacuh pada pakto sebagai embrio dari pakno dan pakdes,,,, dan ujung²nya 1 $ US = Rp 17.500,- gadis² tionghoa lari pake daster ke bandara Sukarno Hatta, yg lain diperkosa, toko² dijarah, mahasiswa ada yg raib entah ke !!! Sekolahan Katolik yg dipimpin mantan pacarku diancam mau dibakar. 😉😉😉😉 Yang begini masih sering terngiang di telingaku sampai saat ini,,, aku sdh berusaha melupakannya tapi kalau melihat jemuran orang warna kuning ingatan itu selalu !!! Apalagi di saat² menjelang pemilu seperti sekarang. Semoga Pa Ganjar - Mahfud terpilih menjadi Presiden 2024 nanti, dan membuat NKRI disegani dan dihormati, sejuk dan damai.",1,78,toko² dijarah mahasiswa ada,yg,raib entah ke sekolahan,yg
"Kristen, Tionghoa","Balada 32 tahun negeriku: Menurut petunjuk bpk presiden,,, e e e e kita harus kencengkan ikat pinggang kemudian e e e kita tinggal landas dan e e e kita mengolah ragakan masyarakat dan memasyarakatkan olah raga, kemudian e e e e export non migas kita harus mengacuh pada pakto sebagai embrio dari pakno dan pakdes,,,, dan ujung²nya 1 $ US = Rp 17.500,- gadis² tionghoa lari pake daster ke bandara Sukarno Hatta, yg lain diperkosa, toko² dijarah, mahasiswa ada yg raib entah ke !!! Sekolahan Katolik yg dipimpin mantan pacarku diancam mau dibakar. 😉😉😉😉 Yang begini masih sering terngiang di telingaku sampai saat ini,,, aku sdh berusaha melupakannya tapi kalau melihat jemuran orang warna kuning ingatan itu selalu !!! Apalagi di saat² menjelang pemilu seperti sekarang. Semoga Pa Ganjar - Mahfud terpilih menjadi Presiden 2024 nanti, dan membuat NKRI disegani dan dihormati, sejuk dan damai.",1,84,entah ke sekolahan katolik,yg,dipimpin mantan pacarku diancam,yg
Tionghoa,"INI BUAT PARA KADRUN YG SERING NUDUH PEMERINTA (PKI) DI SINI SEDIKIT GW JELASIN👇👇 Syaiful Sahab Jenderal jenderal loyalis Soekarno pun yang disebut sebagai pahlawan revolusi dan juga jutaan rakyat Indonesia adalah korban pembantaian Soeharto dengan dibantu intelejen barat. Satu satunya jenderal lulusan setara SD yang mudah dimancaatkan mafia barat. YUK MIKIIIIR Tuan mereka sedang berusaha untuk MENIHILKAN kebijakan kebijakan yang telah diproses PEMERINTAH INDONESIA. Isu Jokowi PKI lah, isu kebangkitan komunis lah, isu anti cina lah, dan lain (truncated)",1,4,ini buat para kadrun,yg,sering nuduh pemerinta pki,yg
Tionghoa,"Kasus rempang,kasus Wadas,ketimpangan gaji tka cina dengan tenaga Tempatan dimorowali,hilangnya pupuk subsidi,mahalnya BBM, nepotisme kekuasaan,hutang negara yg makin menumpuk ,pajak yg tinggi serta obyek pajak yg menyasar sembako dibarengi harga yg semakin mahal ,kondisi keadilan hukum yg TDK baik baik aja dll,semua itu akibat kebijakan direzim ini,maka kondisi seperti sangat diperlukan PRESIDEN PERUBAHAN dan itu hanya dimiliki Bapak Anies Baswedan ,maka itu ayo pilih presiden perubahan",1,21,nepotisme kekuasaan hutang negara,yg,makin menumpuk pajak yg,yg
Tionghoa,"Kasus rempang,kasus Wadas,ketimpangan gaji tka cina dengan tenaga Tempatan dimorowali,hilangnya pupuk subsidi,mahalnya BBM, nepotisme kekuasaan,hutang negara yg makin menumpuk ,pajak yg tinggi serta obyek pajak yg menyasar sembako dibarengi harga yg semakin mahal ,kondisi keadilan hukum yg TDK baik baik aja dll,semua itu akibat kebijakan direzim ini,maka kondisi seperti sangat diperlukan PRESIDEN PERUBAHAN dan itu hanya dimiliki Bapak Anies Baswedan ,maka itu ayo pilih presiden perubahan",1,25,yg makin menumpuk pajak,yg,tinggi serta obyek pajak,yg
Tionghoa,"Kasus rempang,kasus Wadas,ketimpangan gaji tka cina dengan tenaga Tempatan dimorowali,hilangnya pupuk subsidi,mahalnya BBM, nepotisme kekuasaan,hutang negara yg makin menumpuk ,pajak yg tinggi serta obyek pajak yg menyasar sembako dibarengi harga yg semakin mahal ,kondisi keadilan hukum yg TDK baik baik aja dll,semua itu akibat kebijakan direzim ini,maka kondisi seperti sangat diperlukan PRESIDEN PERUBAHAN dan itu hanya dimiliki Bapak Anies Baswedan ,maka itu ayo pilih presiden perubahan",1,30,tinggi serta obyek pajak,yg,menyasar sembako dibarengi harga,yg
Tionghoa,"Kasus rempang,kasus Wadas,ketimpangan gaji tka cina dengan tenaga Tempatan dimorowali,hilangnya pupuk subsidi,mahalnya BBM, nepotisme kekuasaan,hutang negara yg makin menumpuk ,pajak yg tinggi serta obyek pajak yg menyasar sembako dibarengi harga yg semakin mahal ,kondisi keadilan hukum yg TDK baik baik aja dll,semua itu akibat kebijakan direzim ini,maka kondisi seperti sangat diperlukan PRESIDEN PERUBAHAN dan itu hanya dimiliki Bapak Anies Baswedan ,maka itu ayo pilih presiden perubahan",1,35,menyasar sembako dibarengi harga,yg,semakin mahal kondisi keadilan,yg
Tionghoa,"Kasus rempang,kasus Wadas,ketimpangan gaji tka cina dengan tenaga Tempatan dimorowali,hilangnya pupuk subsidi,mahalnya BBM, nepotisme kekuasaan,hutang negara yg makin menumpuk ,pajak yg tinggi serta obyek pajak yg menyasar sembako dibarengi harga yg semakin mahal ,kondisi keadilan hukum yg TDK baik baik aja dll,semua itu akibat kebijakan direzim ini,maka kondisi seperti sangat diperlukan PRESIDEN PERUBAHAN dan itu hanya dimiliki Bapak Anies Baswedan ,maka itu ayo pilih presiden perubahan",1,41,mahal kondisi keadilan hukum,yg,tdk baik baik aja,yg
Tionghoa,"Peringatan tegas untuk rezim Jokowi dan seluruh rakyat NKRI, belum ada Negara yg sebebas di Indonesia terhadap China Komunis, Nasehat dari Letjend. Purn. Sutioso mantan Kepala BIN... Jangan dianggap enteng saja, Krn negeri kita memang sdh tdk baik2 saja, Jangan sampai kita menyesal dihari !! 😇🌏😡😡",1,12,nkri belum ada negara,yg,sebebas di indonesia terhadap,yg
UNKNOWN,"Surat Terbuka Kepada Anies Baswedan. (Saya copas dari postingan seorang tokoh yang dekat dengan presiden Jokowi) Ibnu Maksum-Opini Anies Baswedan (IST) Smith Alhadar Direktur Eksekutif Institute for Democracy Education (IDe) Mas Anies yang baik , Dalam gelisah saya menulis surat ini saat banyak orang sedang terlelap dalam bekap mimpi yang merisaukan. Belum juga dikumandangkan adzan , ajakan berserah diri pada Tuhan, sebelum memulai kehidupan yg rumit Seringkali berat. Kalau para Gubernur sebelumnya iri hati pada mas Anies , itu lantaran mereka baru tahu bahwa kota bisa disulap dgn ide2 kreatif. Lebih daripada itu , mas Anies (truncated)",0,63,tuhan sebelum memulai kehidupan,yg,rumit seringkali berat kalau,yg
Tionghoa,"Titip tulisan ini di Grup, siapa tau bisa sampai ke yg bersangkutan. Babo Ejb saya mengusulkan ke Ganjar Mahfud utk memasukkan program Industri substitusi Import. (Ingat sukses story Quick, industri mesin pertanian berlokasi di Wates kulonprogo Yogyakarta) Import list yg bejibun di bea cukai/Disperindag dari China (utamanya) dan negara2 lain, harus sebagian mulai diproduksi di Indonesia. Ganjar Mahfud menang, Babo ejb Menteri Perundustrian. Wassalamualaikum🙏",0,10,tau bisa sampai ke,yg,bersangkutan babo ejb saya,yg
Tionghoa,"Titip tulisan ini di Grup, siapa tau bisa sampai ke yg bersangkutan. Babo Ejb saya mengusulkan ke Ganjar Mahfud utk memasukkan program Industri substitusi Import. (Ingat sukses story Quick, industri mesin pertanian berlokasi di Wates kulonprogo Yogyakarta) Import list yg bejibun di bea cukai/Disperindag dari China (utamanya) dan negara2 lain, harus sebagian mulai diproduksi di Indonesia. Ganjar Mahfud menang, Babo ejb Menteri Perundustrian. Wassalamualaikum🙏",0,39,kulonprogo yogyakarta import list,yg,bejibun di bea cukai,yg
Kristen,"Kristen, Hindu, Islam dapat perlakuan istimewa dari pak Anies Ncep ketar-ketir",0,6,islam dapat perlakuan istimewa,dari,pak anies ncep ketar,dari
Kristen,"Ganjar-Mahfud adl wajah TOLERANSI di Indonesia 57,7% pemilih dari agama Kristen, Hindu, Budha, Katolik dan Kog Hu Chu menyatakan dukungannya utk Ganjar Pranowo Apalagi Ganjar sukses membawa Jateng jadi daerah Toleran, 5 dari 10 kota toleran ada di Jateng #GanjarMahfud2024",0,10,indonesia 57 7 pemilih,dari,agama kristen hindu budha,dari
Kristen,"Ganjar-Mahfud adl wajah TOLERANSI di Indonesia 57,7% pemilih dari agama Kristen, Hindu, Budha, Katolik dan Kog Hu Chu menyatakan dukungannya utk Ganjar Pranowo Apalagi Ganjar sukses membawa Jateng jadi daerah Toleran, 5 dari 10 kota toleran ada di Jateng #GanjarMahfud2024",0,34,jadi daerah toleran 5,dari,10 kota toleran ada,dari
Jewish,"‎'‎כוד WR/HZ PM srae Netanyahu Perintahkan Pemimpin Arab untuk Diam Jika Negaranya Ingin Aman inilahcom‎'‎ Memasuki hari ke-38 agresi Israel ke Palestina, tampaknya PM Israel Benyamin Netanyahu tak berniat untuk gencatan senjata. Ia pun menolak seruan dari internasional untuk gencatan senjata di Gaza.

Setelah mengadakan pertemuan di Riyadh, Arab Saudi, para pemimpin Arab dan negara Islam dunia sepakat untuk menyerukan Israel melakukan gencatan senjata. 

Merespon hal itu, Netanyahu mengancam para pemimpin negara Arab untuk diam dan tidak ikut campur. Dia mengatakan, pasukan Israel akan terus melanjutkan pertempuran di Gaza.

""Saya katakan kepada pemimpin Arab, jika Anda ingin melindungi kepentingan Anda, maka Anda harus melakukan satu hal: diam!"" tegas Netanyahu dalam konferensi pers bersama Menhan Israel, Yoav Gallant dan pemimpin oposisi Israe, Benny Gantz, dikutip Hindustan Times, Senin (13/11/2023). 

-

Selengkapnya kunjungi website dengan klik link di bio atau download aplikasi di AppStore dan Google Play Store.

#inilahViral #viral #perdanamenteri #PM #Israel #benjaminnetanyahu #netanyahu #palestine #palestina #gaza #arabsaudi #saudiarabia #inilahcom #titiktengah #titikcerah",0,38,ia pun menolak seruan,dari,internasional untuk gencatan senjata,dari
Jewish,"CNBC INDONESIA McDonald's 5 Cabang McDonald's Dunia yang Bantah Sokong Tentara Israel Sejumlah cabang restoran cepat saji McDonald's di beberapa negara memberikan klarifikasi terkait kiriman makanan dan dukungan terhadap Israel.

Melansir dari Hindustan Times, McDonald's cabang Lebanon, Oman, Uni Emirat Arab (UAE), Turkiye, dan Kuwait menegaskan bahwa pihaknya tidak terlibat dalam pengiriman makanan untuk Israel Defense Forces (IDF) atau Pasukan Pertahanan Israel.

""McDonald's Lebanon menegaskan bahwa pemegang waralaba (franchise) di negara dan wilayah lain tidak mewakili pandangan atau posisi McDonald's Lebanon dengan cara apa pun,"" tulis McDonald's Lebanon dalam pernyataannya, dikutip Rabu (18/10/2023).

""McDonald's Lebanon tidak terlibat apa pun dalam tindakan yang diambil di pasar lain di luar Lebanon. Kami berkomitmen untuk bangsa kita dan rakyatnya dengan penuh rasa hormat dan solidaritas,"" lanjut pernyataan tersebut.

Sementara itu, McDonald's cabang Oman, UAE, Turkiye, dan Kuwait menegaskan bahwa pihaknya tidak ikut campur dalam pemberian makanan kepada IDF dan berada di pihak dukungan kepada Palestina.

Melalui pernyataan resmi, McDonald's Oman menuturkan bahwa pihaknya telah menyumbangkan US$100 ribu atau sekitar Rp1,57 miliar (asumsi kurs Rp15.742/US$) sebagai bantuan kepada masyarakat Gaza, Palestina.

#palestina",0,34,dukungan terhadap israel melansir,dari,hindustan times mcdonald s,dari
Tionghoa,"""Selalu Dorong Toleransi dan Kerukunan, Ganjar Dihadiahi Songkok dari Muslim Tionghoa Surabaya. Baca Selengkapnya : """,0,8,kerukunan ganjar dihadiahi songkok,dari,muslim tionghoa surabaya baca,dari
UNKNOWN,"ANIES TUNAIKAN IBADAH HAJI Oleh: H. Agus M. Z. Yang perlu kita garis-bawahi dari pemberian panggung adalah makna atau sinyal positif. Yaitu, KSA – secara dini – seperti mengumumkan kepada dunia (truncated)",0,14,perlu kita garis bawahi,dari,pemberian panggung adalah makna,dari
UNKNOWN,"Fahmi F Muslim dan Jaman Keemasan Islam Berikut ini adalah artikel yang mungkin pernah anda jumpai. Suatu artikel yang membantah klaim jaman keemasan islam di bidang ilmu pengetahuan. Memang tidak dibahas secara detil. Ini juga yang terjadi dengan Abbassid. Apa bakat dan pencapaian dari Rumy, Ibn Arabi, Ibnu Sina dan pemikir2 lain yang terlahir sebagai muslim, yang ada hubungannya dengan Islam? Apa Quran mengajarkan Aljabar, Kimia, Biologi atau Astronomi? Muhammad saja salah dalam pembagian (truncated)",1,43,apa bakat dan pencapaian,dari,rumy ibn arabi ibnu,dari
Disabilitas,"BUTA MATA BUTA HATI Refleksi Politik Kelabuhi Jaman .. Datang busl perubahan dan perbaikan Meski terlanjur hadir ""berharkat musang pandai berlidah"" Hianati mentor Kelabuhi guru Tahta dan uang buat melena tiada etika Selimut berbulu domba menghangatkan jiwa Jaket berkulit musang menggugah cinta Muka ""buta etika"", membelai masa lembut penuh makna sorgawi Kicau liar merajut relung bayang-bayang mimpi Membias rasa diktum ""hianat"" menjadi nyata Kicau kicau perbaikan menghias hari wajah penuh pesona Fatwa membimbing dari alsm kubur Hujah menggelinding dari singgasana ""turun gunung"" Rasa memuak cahaya, berikan penerang kalbu penenang jiwa Lidah semakin hampa tiada sentuhan indah Jiwa terdoktrin indah ""anti tesa perbaikan"" Namun hati sepah rasa tiada bersemi Hlang harum mewangi Kepak burung kasturi menyebar menyelimuti langit Seiring doa doa tersakiti segera langit melumat Rasa berganti tiada simpatik Serasa masa terkelabuhi intrik ""lebih baik minta maaf dari pada minta izin"" Jet politik terbang bersama kepak burung kasturi melukis langit jingga #fajri, 28 SEPTEMBER 2023",0,73,penuh pesona fatwa membimbing,dari,alsm kubur hujah menggelinding,dari
Disabilitas,"BUTA MATA BUTA HATI Refleksi Politik Kelabuhi Jaman .. Datang busl perubahan dan perbaikan Meski terlanjur hadir ""berharkat musang pandai berlidah"" Hianati mentor Kelabuhi guru Tahta dan uang buat melena tiada etika Selimut berbulu domba menghangatkan jiwa Jaket berkulit musang menggugah cinta Muka ""buta etika"", membelai masa lembut penuh makna sorgawi Kicau liar merajut relung bayang-bayang mimpi Membias rasa diktum ""hianat"" menjadi nyata Kicau kicau perbaikan menghias hari wajah penuh pesona Fatwa membimbing dari alsm kubur Hujah menggelinding dari singgasana ""turun gunung"" Rasa memuak cahaya, berikan penerang kalbu penenang jiwa Lidah semakin hampa tiada sentuhan indah Jiwa terdoktrin indah ""anti tesa perbaikan"" Namun hati sepah rasa tiada bersemi Hlang harum mewangi Kepak burung kasturi menyebar menyelimuti langit Seiring doa doa tersakiti segera langit melumat Rasa berganti tiada simpatik Serasa masa terkelabuhi intrik ""lebih baik minta maaf dari pada minta izin"" Jet politik terbang bersama kepak burung kasturi melukis langit jingga #fajri, 28 SEPTEMBER 2023",0,78,alsm kubur hujah menggelinding,dari,singgasana turun gunung rasa,dari
Disabilitas,"BUTA MATA BUTA HATI Refleksi Politik Kelabuhi Jaman .. Datang busl perubahan dan perbaikan Meski terlanjur hadir ""berharkat musang pandai berlidah"" Hianati mentor Kelabuhi guru Tahta dan uang buat melena tiada etika Selimut berbulu domba menghangatkan jiwa Jaket berkulit musang menggugah cinta Muka ""buta etika"", membelai masa lembut penuh makna sorgawi Kicau liar merajut relung bayang-bayang mimpi Membias rasa diktum ""hianat"" menjadi nyata Kicau kicau perbaikan menghias hari wajah penuh pesona Fatwa membimbing dari alsm kubur Hujah menggelinding dari singgasana ""turun gunung"" Rasa memuak cahaya, berikan penerang kalbu penenang jiwa Lidah semakin hampa tiada sentuhan indah Jiwa terdoktrin indah ""anti tesa perbaikan"" Namun hati sepah rasa tiada bersemi Hlang harum mewangi Kepak burung kasturi menyebar menyelimuti langit Seiring doa doa tersakiti segera langit melumat Rasa berganti tiada simpatik Serasa masa terkelabuhi intrik ""lebih baik minta maaf dari pada minta izin"" Jet politik terbang bersama kepak burung kasturi melukis langit jingga #fajri, 28 SEPTEMBER 2023",0,136,lebih baik minta maaf,dari,pada minta izin jet,dari
Tionghoa,benci cina tapi suka barang dari cina..😂😂😂 munafik.,1,5,cina tapi suka barang,dari,cina munafik,dari
Tionghoa,"Kawal pemilu dari kecurangan, pemilu 2019 terdpt ribuan wna cina tk bisa berbahas indonesi tpi memilki ktp indonesi. Masih ingat dg berbondong"" wna cina masuk ke indo dg mudah jelang pilpres 2019.",1,2,kawal pemilu,dari,kecurangan pemilu 2019 terdpt,dari
Tionghoa,10 thn sdh Hutang ke cina Pabrik dari cina Pekerja dari cina Teknologi dari cina Ada yg bilang katanya ini PRIBUMI. MAU DI LANJUT apa PERUBAHAN.,1,7,hutang ke cina pabrik,dari,cina pekerja dari cina,dari
Tionghoa,10 thn sdh Hutang ke cina Pabrik dari cina Pekerja dari cina Teknologi dari cina Ada yg bilang katanya ini PRIBUMI. MAU DI LANJUT apa PERUBAHAN.,1,10,pabrik dari cina pekerja,dari,cina teknologi dari cina,dari
Tionghoa,10 thn sdh Hutang ke cina Pabrik dari cina Pekerja dari cina Teknologi dari cina Ada yg bilang katanya ini PRIBUMI. MAU DI LANJUT apa PERUBAHAN.,1,13,pekerja dari cina teknologi,dari,cina ada yg bilang,dari
Tionghoa,"Dari jaman nenek moyang kita dulu juga sudah ada pepatah nya, ""Carilah ilmu setinggi langit meskipun sampai ke negeri China sekalipun"" Makanya China sangat maju SDM dan ilmu pengetahuan serta teknologinya.",0,0,,dari,jaman nenek moyang kita,dari
"Kristen, Tionghoa","Balada 32 tahun negeriku: Menurut petunjuk bpk presiden,,, e e e e kita harus kencengkan ikat pinggang kemudian e e e kita tinggal landas dan e e e kita mengolah ragakan masyarakat dan memasyarakatkan olah raga, kemudian e e e e export non migas kita harus mengacuh pada pakto sebagai embrio dari pakno dan pakdes,,,, dan ujung²nya 1 $ US = Rp 17.500,- gadis² tionghoa lari pake daster ke bandara Sukarno Hatta, yg lain diperkosa, toko² dijarah, mahasiswa ada yg raib entah ke !!! Sekolahan Katolik yg dipimpin mantan pacarku diancam mau dibakar. 😉😉😉😉 Yang begini masih sering terngiang di telingaku sampai saat ini,,, aku sdh berusaha melupakannya tapi kalau melihat jemuran orang warna kuning ingatan itu selalu !!! Apalagi di saat² menjelang pemilu seperti sekarang. Semoga Pa Ganjar - Mahfud terpilih menjadi Presiden 2024 nanti, dan membuat NKRI disegani dan dihormati, sejuk dan damai.",1,51,pada pakto sebagai embrio,dari,pakno dan pakdes dan,dari
Tionghoa,Waspada beras dari china komonis,1,2,waspada beras,dari,china komonis,dari
UNKNOWN,"## Satu lagi hoax Islam: ## Lahirnya Para Ilmuwan Persia di Abad Pertengahan adalah berkat jasa Islam Satu lagi hoax Islam: Lahirnya Para Ilmuwan Persia di Abad Pertengahan adalah berkat jasa Islam Perlu anda ketahui, Ibnu Sina itu bukanlah beragama Islam, dia asalnya bangsa Persia yang beragama Zoroaster dan dia dipaksa masuk Islam agar tidak dibunuh oleh pasukan Islam yang menghancurkan kerajaan Persia yang beragama Zoroaster itu. Ibnu Sina adalah nama yang diberikan oleh penjajah Arab Islam, nama beliau sebenarnya dalah ""Avicenna"" yang berasal dari nama kitab suci Zoroaster ""Aveda"" yang artinya ""Api Suci"". Zoroaster adalah ajaran agama yang mensucikan dan menyembah Tuhan yang Esa dan ""Api"" sebagai simbolnya. Orang ini bahkan tidak bisa penjumlahan yang sederhana. Apa yang islam lakukan utk seni? Untuk musik? Apa yang nabi katakan tentang penyair? Apa pandangan (truncated)",1,82,dalah avicenna yang berasal,dari,nama kitab suci zoroaster,dari
Tionghoa,"PASTIKAN ANAK, SAUDARA, TEMAN, KELUARGA BESAR KITA FOKUS PD PERUBAHAN BERJUANG UTK PERUBAHAN ATAU REZIM BUSUK INI AKAN MELANJUTKAN MENGUSUR KITA RAKYAT PRIBUMI PEMILIK NEGERI INI DARI BUMI PERTIWI...JGN BIARKAN REZIM ANTEK OLIGARKI INI MELANJUTKAN KEKEJAMAN DAN KEBIADABANNYA PD RYTNYA ...MENGUSIR RYTNYA SENDIRI DEMI INVESTOR CHINA",1,26,pribumi pemilik negeri ini,dari,bumi pertiwi jgn biarkan,dari
Tionghoa,"Peringatan tegas untuk rezim Jokowi dan seluruh rakyat NKRI, belum ada Negara yg sebebas di Indonesia terhadap China Komunis, Nasehat dari Letjend. Purn. Sutioso mantan Kepala BIN... Jangan dianggap enteng saja, Krn negeri kita memang sdh tdk baik2 saja, Jangan sampai kita menyesal dihari !! 😇🌏😡😡",1,20,terhadap china komunis nasehat,dari,letjend purn sutioso mantan,dari
UNKNOWN,"Buku ini adalah sebuah buku istimewa tentang analisis sejarah yang sangat menarik. Di dalamnya akan kita dapati sebab-sebab kelemahan umat Islam, berbagai konflik yang terjadi, Perang Salib, pembebasan Al-Quds, invasi bangsa Tartar hingga seputar ditutup dan dibukanya kembali pintu ijtihad. #ResensiBuku — [Resensi Buku Wajah Dunia Islam (Dari Bani Umayyah hingga Imperialisme Modern)] Sejarah Peradaban Islam, Bukan Hanya dari Sirah Rasulullah ﷺ  — Peresensi: Nindira Aryudhani, S.Pi., M.Si. Wallahualam bissawab. [MNews/Rgl]",1,48,buku wajah dunia islam,dari,bani umayyah hingga imperialisme,dari
UNKNOWN,"Buku ini adalah sebuah buku istimewa tentang analisis sejarah yang sangat menarik. Di dalamnya akan kita dapati sebab-sebab kelemahan umat Islam, berbagai konflik yang terjadi, Perang Salib, pembebasan Al-Quds, invasi bangsa Tartar hingga seputar ditutup dan dibukanya kembali pintu ijtihad. #ResensiBuku — [Resensi Buku Wajah Dunia Islam (Dari Bani Umayyah hingga Imperialisme Modern)] Sejarah Peradaban Islam, Bukan Hanya dari Sirah Rasulullah ﷺ  — Peresensi: Nindira Aryudhani, S.Pi., M.Si. Wallahualam bissawab. [MNews/Rgl]",1,59,peradaban islam bukan hanya,dari,sirah rasulullah ﷺ peresensi,dari
UNKNOWN,"Surat Terbuka Kepada Anies Baswedan. (Saya copas dari postingan seorang tokoh yang dekat dengan presiden Jokowi) Ibnu Maksum-Opini Anies Baswedan (IST) Smith Alhadar Direktur Eksekutif Institute for Democracy Education (IDe) Mas Anies yang baik , Dalam gelisah saya menulis surat ini saat banyak orang sedang terlelap dalam bekap mimpi yang merisaukan. Belum juga dikumandangkan adzan , ajakan berserah diri pada Tuhan, sebelum memulai kehidupan yg rumit Seringkali berat. Kalau para Gubernur sebelumnya iri hati pada mas Anies , itu lantaran mereka baru tahu bahwa kota bisa disulap dgn ide2 kreatif. Lebih daripada itu , mas Anies (truncated)",0,7,anies baswedan saya copas,dari,postingan seorang tokoh yang,dari
"Kristen, Tionghoa","Orano Tionghoa yang gak nonton Masterchef Indonesia: OWE DIEM AJA DARITADI! Dalam Sejarah, Tionghoa adalah salah satu etnis di dunia yang paling heterogen. Ada orang Hokkien, Hakka, Tiociu, Kanton, Hinghua, dan lain sebagainya.

Ada yang mendukung Kuomintang, ada yang mendukung Gongchangdang, dan ada yang tradisional banget, juga ada yang modern banget, ada yang Kristen, Buddha, Tao, Konghucu, ateis pun ada.

Termasuk ada yang menonton Masterchef dan ada juga yang tidak tahu Masterchef itu apa sebenarnya, termasuk saya, saya gak ngikut.",0,72,yang tidak tahu masterchef,itu,apa sebenarnya termasuk saya,itu
Jewish,"‎'‎כוד WR/HZ PM srae Netanyahu Perintahkan Pemimpin Arab untuk Diam Jika Negaranya Ingin Aman inilahcom‎'‎ Memasuki hari ke-38 agresi Israel ke Palestina, tampaknya PM Israel Benyamin Netanyahu tak berniat untuk gencatan senjata. Ia pun menolak seruan dari internasional untuk gencatan senjata di Gaza.

Setelah mengadakan pertemuan di Riyadh, Arab Saudi, para pemimpin Arab dan negara Islam dunia sepakat untuk menyerukan Israel melakukan gencatan senjata. 

Merespon hal itu, Netanyahu mengancam para pemimpin negara Arab untuk diam dan tidak ikut campur. Dia mengatakan, pasukan Israel akan terus melanjutkan pertempuran di Gaza.

""Saya katakan kepada pemimpin Arab, jika Anda ingin melindungi kepentingan Anda, maka Anda harus melakukan satu hal: diam!"" tegas Netanyahu dalam konferensi pers bersama Menhan Israel, Yoav Gallant dan pemimpin oposisi Israe, Benny Gantz, dikutip Hindustan Times, Senin (13/11/2023). 

-

Selengkapnya kunjungi website dengan klik link di bio atau download aplikasi di AppStore dan Google Play Store.

#inilahViral #viral #perdanamenteri #PM #Israel #benjaminnetanyahu #netanyahu #palestine #palestina #gaza #arabsaudi #saudiarabia #inilahcom #titiktengah #titikcerah",0,68,gencatan senjata merespon hal,itu,netanyahu mengancam para pemimpin,itu
Jewish,"CNBC INDONESIA McDonald's 5 Cabang McDonald's Dunia yang Bantah Sokong Tentara Israel Sejumlah cabang restoran cepat saji McDonald's di beberapa negara memberikan klarifikasi terkait kiriman makanan dan dukungan terhadap Israel.

Melansir dari Hindustan Times, McDonald's cabang Lebanon, Oman, Uni Emirat Arab (UAE), Turkiye, dan Kuwait menegaskan bahwa pihaknya tidak terlibat dalam pengiriman makanan untuk Israel Defense Forces (IDF) atau Pasukan Pertahanan Israel.

""McDonald's Lebanon menegaskan bahwa pemegang waralaba (franchise) di negara dan wilayah lain tidak mewakili pandangan atau posisi McDonald's Lebanon dengan cara apa pun,"" tulis McDonald's Lebanon dalam pernyataannya, dikutip Rabu (18/10/2023).

""McDonald's Lebanon tidak terlibat apa pun dalam tindakan yang diambil di pasar lain di luar Lebanon. Kami berkomitmen untuk bangsa kita dan rakyatnya dengan penuh rasa hormat dan solidaritas,"" lanjut pernyataan tersebut.

Sementara itu, McDonald's cabang Oman, UAE, Turkiye, dan Kuwait menegaskan bahwa pihaknya tidak ikut campur dalam pemberian makanan kepada IDF dan berada di pihak dukungan kepada Palestina.

Melalui pernyataan resmi, McDonald's Oman menuturkan bahwa pihaknya telah menyumbangkan US$100 ribu atau sekitar Rp1,57 miliar (asumsi kurs Rp15.742/US$) sebagai bantuan kepada masyarakat Gaza, Palestina.

#palestina",0,136,lanjut pernyataan tersebut sementara,itu,mcdonald s cabang oman,itu
Tionghoa,"Biar kadrun sadar kalau yg anti Islam itu bukan orang yg bermata sipit tapi orang yg identik dengan mata biru dan bule, ,,, negara isalm yg sudah hancur oleh sekutu Amerika Syiriah Irak Libya Palestina afganistan Lebanon semua hancur bukan karena China tapi Eropa ,,",1,7,kalau yg anti islam,itu,bukan orang yg bermata,itu
Tionghoa,"China Itu Pinter Menciptakan Yg Serba Palsu,Bikin Matahari Palsu, Bikin Mobil Palsu,Mukidi Berguru Sama Cina Bikin Ijazah Palsu.",1,1,china,itu,pinter menciptakan yg serba,itu
"Kristen, Tionghoa","Balada 32 tahun negeriku: Menurut petunjuk bpk presiden,,, e e e e kita harus kencengkan ikat pinggang kemudian e e e kita tinggal landas dan e e e kita mengolah ragakan masyarakat dan memasyarakatkan olah raga, kemudian e e e e export non migas kita harus mengacuh pada pakto sebagai embrio dari pakno dan pakdes,,,, dan ujung²nya 1 $ US = Rp 17.500,- gadis² tionghoa lari pake daster ke bandara Sukarno Hatta, yg lain diperkosa, toko² dijarah, mahasiswa ada yg raib entah ke !!! Sekolahan Katolik yg dipimpin mantan pacarku diancam mau dibakar. 😉😉😉😉 Yang begini masih sering terngiang di telingaku sampai saat ini,,, aku sdh berusaha melupakannya tapi kalau melihat jemuran orang warna kuning ingatan itu selalu !!! Apalagi di saat² menjelang pemilu seperti sekarang. Semoga Pa Ganjar - Mahfud terpilih menjadi Presiden 2024 nanti, dan membuat NKRI disegani dan dihormati, sejuk dan damai.",1,113,orang warna kuning ingatan,itu,selalu apalagi di saat²,itu
"Tionghoa, Jewish","*MUI HARAMKAN PRODUK ISRAEL* Namun, dia sendiri tanpa sadar telah menggunakan dan menikmati produk Israel Keturunan Yahudi itu sendiri😁😁 Beberapa nama produk Israel keturunan Yahudi : 1. Google. 2. Ini semua adalah produk buatan Israel, buatan Amerika sekutunya dan buatan Negara-negara lain keturunan Yahudi seperti Rusia, Inggris, Prancis, Kanada, Argentina dan beberapa negara lain yang termasuk sekutnya Juga Produk-produk tersebut dibuat dan diproduksi orang Negara China Lalu kenapa anda memakainya, dan kenapa anda menggunakannya❓ Kemudian jika MUI menganggap semua Produk Israel haram, sebaiknya diboikot semuanya dan tidak usah digunakan sama sekali saya rasa lebih adil kalau begitu. Namun jika ini hanya sekedar alasan atau tindakan bodoh saja, Melarang atau Mengharamkan semua produk Israel keturunan Yahudi dan Produk-produk Negara lain yang termasuk sekutunya, lalu dalam tanda kutip ""anda masih menggunakan sebagian juga"", berarti anda munafik tidak jujur mengakuinya🤣😂😂",1,17,produk israel keturunan yahudi,itu,sendiri beberapa nama produk,itu
Tionghoa,"Kasus rempang,kasus Wadas,ketimpangan gaji tka cina dengan tenaga Tempatan dimorowali,hilangnya pupuk subsidi,mahalnya BBM, nepotisme kekuasaan,hutang negara yg makin menumpuk ,pajak yg tinggi serta obyek pajak yg menyasar sembako dibarengi harga yg semakin mahal ,kondisi keadilan hukum yg TDK baik baik aja dll,semua itu akibat kebijakan direzim ini,maka kondisi seperti sangat diperlukan PRESIDEN PERUBAHAN dan itu hanya dimiliki Bapak Anies Baswedan ,maka itu ayo pilih presiden perubahan",1,48,baik aja dll semua,itu,akibat kebijakan direzim ini,itu
Tionghoa,"Kasus rempang,kasus Wadas,ketimpangan gaji tka cina dengan tenaga Tempatan dimorowali,hilangnya pupuk subsidi,mahalnya BBM, nepotisme kekuasaan,hutang negara yg makin menumpuk ,pajak yg tinggi serta obyek pajak yg menyasar sembako dibarengi harga yg semakin mahal ,kondisi keadilan hukum yg TDK baik baik aja dll,semua itu akibat kebijakan direzim ini,maka kondisi seperti sangat diperlukan PRESIDEN PERUBAHAN dan itu hanya dimiliki Bapak Anies Baswedan ,maka itu ayo pilih presiden perubahan",1,61,diperlukan presiden perubahan dan,itu,hanya dimiliki bapak anies,itu
Tionghoa,"Kasus rempang,kasus Wadas,ketimpangan gaji tka cina dengan tenaga Tempatan dimorowali,hilangnya pupuk subsidi,mahalnya BBM, nepotisme kekuasaan,hutang negara yg makin menumpuk ,pajak yg tinggi serta obyek pajak yg menyasar sembako dibarengi harga yg semakin mahal ,kondisi keadilan hukum yg TDK baik baik aja dll,semua itu akibat kebijakan direzim ini,maka kondisi seperti sangat diperlukan PRESIDEN PERUBAHAN dan itu hanya dimiliki Bapak Anies Baswedan ,maka itu ayo pilih presiden perubahan",1,68,bapak anies baswedan maka,itu,ayo pilih presiden perubahan,itu
UNKNOWN,"## Satu lagi hoax Islam: ## Lahirnya Para Ilmuwan Persia di Abad Pertengahan adalah berkat jasa Islam Satu lagi hoax Islam: Lahirnya Para Ilmuwan Persia di Abad Pertengahan adalah berkat jasa Islam Perlu anda ketahui, Ibnu Sina itu bukanlah beragama Islam, dia asalnya bangsa Persia yang beragama Zoroaster dan dia dipaksa masuk Islam agar tidak dibunuh oleh pasukan Islam yang menghancurkan kerajaan Persia yang beragama Zoroaster itu. Ibnu Sina adalah nama yang diberikan oleh penjajah Arab Islam, nama beliau sebenarnya dalah ""Avicenna"" yang berasal dari nama kitab suci Zoroaster ""Aveda"" yang artinya ""Api Suci"". Zoroaster adalah ajaran agama yang mensucikan dan menyembah Tuhan yang Esa dan ""Api"" sebagai simbolnya. Orang ini bahkan tidak bisa penjumlahan yang sederhana. Apa yang islam lakukan utk seni? Untuk musik? Apa yang nabi katakan tentang penyair? Apa pandangan (truncated)",1,35,anda ketahui ibnu sina,itu,bukanlah beragama islam dia,itu
UNKNOWN,"## Satu lagi hoax Islam: ## Lahirnya Para Ilmuwan Persia di Abad Pertengahan adalah berkat jasa Islam Satu lagi hoax Islam: Lahirnya Para Ilmuwan Persia di Abad Pertengahan adalah berkat jasa Islam Perlu anda ketahui, Ibnu Sina itu bukanlah beragama Islam, dia asalnya bangsa Persia yang beragama Zoroaster dan dia dipaksa masuk Islam agar tidak dibunuh oleh pasukan Islam yang menghancurkan kerajaan Persia yang beragama Zoroaster itu. Ibnu Sina adalah nama yang diberikan oleh penjajah Arab Islam, nama beliau sebenarnya dalah ""Avicenna"" yang berasal dari nama kitab suci Zoroaster ""Aveda"" yang artinya ""Api Suci"". Zoroaster adalah ajaran agama yang mensucikan dan menyembah Tuhan yang Esa dan ""Api"" sebagai simbolnya. Orang ini bahkan tidak bisa penjumlahan yang sederhana. Apa yang islam lakukan utk seni? Untuk musik? Apa yang nabi katakan tentang penyair? Apa pandangan (truncated)",1,64,persia yang beragama zoroaster,itu,ibnu sina adalah nama,itu
UNKNOWN,"Surat Terbuka Kepada Anies Baswedan. (Saya copas dari postingan seorang tokoh yang dekat dengan presiden Jokowi) Ibnu Maksum-Opini Anies Baswedan (IST) Smith Alhadar Direktur Eksekutif Institute for Democracy Education (IDe) Mas Anies yang baik , Dalam gelisah saya menulis surat ini saat banyak orang sedang terlelap dalam bekap mimpi yang merisaukan. Belum juga dikumandangkan adzan , ajakan berserah diri pada Tuhan, sebelum memulai kehidupan yg rumit Seringkali berat. Kalau para Gubernur sebelumnya iri hati pada mas Anies , itu lantaran mereka baru tahu bahwa kota bisa disulap dgn ide2 kreatif. Lebih daripada itu , mas Anies (truncated)",0,76,hati pada mas anies,itu,lantaran mereka baru tahu,itu
UNKNOWN,"Surat Terbuka Kepada Anies Baswedan. (Saya copas dari postingan seorang tokoh yang dekat dengan presiden Jokowi) Ibnu Maksum-Opini Anies Baswedan (IST) Smith Alhadar Direktur Eksekutif Institute for Democracy Education (IDe) Mas Anies yang baik , Dalam gelisah saya menulis surat ini saat banyak orang sedang terlelap dalam bekap mimpi yang merisaukan. Belum juga dikumandangkan adzan , ajakan berserah diri pada Tuhan, sebelum memulai kehidupan yg rumit Seringkali berat. Kalau para Gubernur sebelumnya iri hati pada mas Anies , itu lantaran mereka baru tahu bahwa kota bisa disulap dgn ide2 kreatif. Lebih daripada itu , mas Anies (truncated)",0,90,ide2 kreatif lebih daripada,itu,mas anies truncated,itu
UNKNOWN,DEKAT LAHIR BATIN Mungkin anda tidak tahu. Kebiasaan Xijinping saat jadi Gubernur Pujian adalah tidur di rumah warga yang miskin. itu dia lakukan bukan sekali. By. Ddb.,0,20,rumah warga yang miskin,itu,dia lakukan bukan sekali,itu
UNKNOWN,Dekat lahir batin Mungkin anda tidak tahu. Kebiasaan Xijinping saat jadi Gubernur Fujian adalah tidur di rumah warga yang miskin. itu dia lakukan bukan sekali. Biarlah saya jadi rakyat jelantah. Berusaha menghidup diri sendiri.,0,20,rumah warga yang miskin,itu,dia lakukan bukan sekali,itu
Tionghoa,"*MEMILIH PEMIMPIN DENGAN PENUH JIWA BESAR BUKAN ATAS KEPENTINGAN PRIBADI ATAUPUN GOLONGAN* Sebagai anak bangsa Indonesia yang sadar betul punya tanggung jawab terhadap nasib bangsa dan negara Indonesia yang tercinta ini, dari nurani lubuk hati yang paling dalam tidak pernah rela seluruh anak cucu rakyat bangsa dan negara Indonesia dijajah dikuasai oleh Asing Aseng terkhusus seperti saat ini kita tengah dikuasai secara masif oleh Oligarki Pengusaha-pengusaha Cina dalam berbagai bidang yang disebut penjajahan gaya baru. Olehnya itu bangsa kita sangat membutuhkan seorang pemimpin yang bisa mencegah anak cucu kita semakin masif lagi dijajah oleh siapapun terutama Cina yang tengah kita rasakan saat sekarang ini, mari kita bersama-sama menyatukan langkah hati kita mencari jalan keluaarnya untuk mencegah anak cucu kita semakin dikuasai oleh Asing Aseng Cina kedepan. Menghadapi pemilihan Presiden 2024 yang tidak lama lagi akan dilaksanakan untuk memilih seorang Presiden pemimpin kita yang akan menggatikan Jokowi dengan harapan dapat membawa perubahan nasib bangsa Indonesia kedepan yang lebih baik lagi, untuk itu kita harus lebih berhati-hati cermat dan cerdas melihat memasang filter menyaring meneliti mencerna lebih kritis lagi untuk mengambil memilih seorang pemimpin. ikuti telusuri dengan hati pikiran yang jernih bukan atas kepentingan pribadi ataupun golongan tetapi secara obyektif dengan penuh rasa tanggung jawab kepada sesama manusia terutama kepada Allah SWT Tuhan pencipta alam semesta ini lihat telusuri semua REKAM JEJAK Anies Baswedan di media cetak dan media elektronik disitulah  Salam Perubahan untuk Indonesia lebih baik lagi. *Hasan Tuankotta ,H,U* Ketua Umum: Himpunan Semangat Usaha Masyarakat Maluku (HISUMMA)",1,77,penjajahan gaya baru olehnya,itu,bangsa kita sangat membutuhkan,itu
Tionghoa,"*MEMILIH PEMIMPIN DENGAN PENUH JIWA BESAR BUKAN ATAS KEPENTINGAN PRIBADI ATAUPUN GOLONGAN* Sebagai anak bangsa Indonesia yang sadar betul punya tanggung jawab terhadap nasib bangsa dan negara Indonesia yang tercinta ini, dari nurani lubuk hati yang paling dalam tidak pernah rela seluruh anak cucu rakyat bangsa dan negara Indonesia dijajah dikuasai oleh Asing Aseng terkhusus seperti saat ini kita tengah dikuasai secara masif oleh Oligarki Pengusaha-pengusaha Cina dalam berbagai bidang yang disebut penjajahan gaya baru. Olehnya itu bangsa kita sangat membutuhkan seorang pemimpin yang bisa mencegah anak cucu kita semakin masif lagi dijajah oleh siapapun terutama Cina yang tengah kita rasakan saat sekarang ini, mari kita bersama-sama menyatukan langkah hati kita mencari jalan keluaarnya untuk mencegah anak cucu kita semakin dikuasai oleh Asing Aseng Cina kedepan. Menghadapi pemilihan Presiden 2024 yang tidak lama lagi akan dilaksanakan untuk memilih seorang Presiden pemimpin kita yang akan menggatikan Jokowi dengan harapan dapat membawa perubahan nasib bangsa Indonesia kedepan yang lebih baik lagi, untuk itu kita harus lebih berhati-hati cermat dan cerdas melihat memasang filter menyaring meneliti mencerna lebih kritis lagi untuk mengambil memilih seorang pemimpin. ikuti telusuri dengan hati pikiran yang jernih bukan atas kepentingan pribadi ataupun golongan tetapi secara obyektif dengan penuh rasa tanggung jawab kepada sesama manusia terutama kepada Allah SWT Tuhan pencipta alam semesta ini lihat telusuri semua REKAM JEJAK Anies Baswedan di media cetak dan media elektronik disitulah  Salam Perubahan untuk Indonesia lebih baik lagi. *Hasan Tuankotta ,H,U* Ketua Umum: Himpunan Semangat Usaha Masyarakat Maluku (HISUMMA)",1,162,lebih baik lagi untuk,itu,kita harus lebih berhati,itu
Tionghoa,Kata hadis juga Carilah ilmu sampai ke  kalo belajar ilmu itu sama orang cina bukan orang Y oyang Yaman cuma punya satu keahlian yaitu ngibul,1,10,ke kalo belajar ilmu,itu,sama orang cina bukan,itu
Tionghoa,"Prabowo: Kemitraan dengan China Berjalan dengan Prinsip Saling Menghormati Menteri Pertahanan Prabowo Subianto mengapresiasi kemitraan strategis komprehensif yang telah berjalan selama 10 tahun serta terjalin dengan sangat baik di antara Indonesia dan China. Hal itu, menurut Prabowo, terjadi lantaran kemitraan strategis komprehensif kedua negara dilandasi dengan prinsip saling percaya, menguntungkan, serta menghormati. @ Yuk join grup whatsapp untuk mendapat berita viral terbaru👌",0,34,indonesia dan china hal,itu,menurut prabowo terjadi lantaran,itu
Tionghoa,"Setinggi apapun jokowi kalian puji. Kalian sanjungan, namun faktanya, hutang luar negri meroket, harga Bbm naik. Tarif listrik naik, harga elpiji naik, harga sembako naik. Harga minyak goreng naik, pendidikan anjlok, impor pangan tak terbendung, hukum carut marut, agama di intervensi, demokrasi dikerdilkan, oligarki diktator merajalela, komunis tumbuh subur TKA cina komunis banjiri Indonesia, dgn fakta itu apa yg anda banggakan? Hampir selama 10 thn memimpin negara ini!? Tidak punya gagasan untuk menjadi negara mandiri, membangun negara dr hutang, sama dengan mewariskan hutang kpd anak cucu bangsa, mengendos capres tertentu sama arti nya melanjutkan kegagalannya, menjerumuskan bangsa ini kejurang kehancuran, kita warga indonesia yg masih punya akal sehat, mulai lah berfikir, rapatkan barisan, untuk mendukung capres yg berkomitmen untuk perubahan, agar Indonesia akan lebih baik.",1,56,banjiri indonesia dgn fakta,itu,apa yg anda banggakan,itu
Disabilitas,"𝐈𝐧𝐢 𝐍𝐞𝐠𝐚𝐫𝐚 𝐃𝐞𝐦𝐨𝐤𝐫𝐚𝐬𝐢, 𝐒𝐮𝐝𝐚𝐡 𝐁𝐮𝐤𝐚𝐧 𝐉𝐚𝐦𝐚𝐧𝐧𝐲𝐚 𝐌𝐞𝐧𝐠𝐢𝐧𝐭𝐢𝐦𝐢𝐝𝐚𝐬𝐢 𝐀𝐬𝐩𝐢𝐫𝐚𝐬𝐢 𝐎𝐥𝐞𝐡 : 𝐏𝐮𝐭𝐫𝐚 𝐒𝐚𝐝𝐞𝐠𝐚 𝐾𝑎𝑢 𝑡𝑎𝑘 𝑠𝑒𝑔𝑎𝑛, 𝑡𝑎𝑘 𝑠𝑒𝑔𝑎𝑛 𝑙𝑎𝑔𝑖… 𝑀𝑒𝑚𝑏𝑒𝑟𝑎𝑛𝑔𝑢𝑠 𝑑𝑖𝑠𝑘𝑢𝑠𝑖… 𝑀𝑒𝑚𝑝𝑒𝑟𝑏𝑎𝑛𝑦𝑎𝑘 𝑝𝑒𝑟𝑠𝑒𝑘𝑢𝑠𝑖… 𝑀𝑒𝑚𝑏𝑒𝑔𝑎𝑙 𝑑𝑒𝑚𝑜𝑘𝑟𝑎𝑠𝑖… 𝐾𝑎𝑢 𝑡𝑎𝑘 𝑠𝑒𝑔𝑎𝑛, 𝑡𝑎𝑘 𝑠𝑒𝑔𝑎𝑛 𝑙𝑎𝑔𝑖… 𝑀𝑒𝑚𝑎𝑘𝑖 𝑠𝑎𝑚𝑏𝑖𝑙 𝑚𝑎𝑖𝑛 ℎ𝑎𝑘𝑖𝑚 𝑠𝑒𝑛𝑑𝑖𝑟𝑖… 𝑀𝑒𝑚𝑝𝑒𝑟𝑎𝑙𝑎𝑡 𝑎𝑝𝑎𝑟𝑎𝑡 𝑘𝑒𝑝𝑎𝑟𝑎𝑡… 𝑀𝑒𝑟𝑢𝑠𝑎𝑘 ℎ𝑎𝑘 𝑏𝑒𝑟𝑝𝑒𝑛𝑑𝑎𝑝𝑎𝑡… 𝑀𝑒𝑛𝑔𝑖𝑛𝑗𝑎𝑘 ℎ𝑢𝑘𝑢𝑚… 𝑀𝑒𝑛𝑔ℎ𝑢𝑗𝑎𝑡 𝑑𝑎𝑢𝑙𝑎𝑡 𝑟𝑎𝑘𝑦𝑎𝑡… Lagu berjudul ""𝑇𝑎𝑛𝑔𝑎𝑛 𝐵𝑒𝑠𝑖"" yang di bawakan Fadli Zon and the gank pada tahun 2018 tersebut membuatku tercekat. Sebab aku sadar jika sejatinya tembang itu sengaja di ciptakan untuk Jokowi. Mengingat di tahun-tahun tersebut Fadli Zon juga massif mengembangkan kemampuan bersyairnya untuk melayangkan hujatan kepada pemerintahan Jokowi. Rupanya koalisi gendut ini baperan juga ya. Padahal di dalamnya sudah ada dukungan dari bapak kepala negara loh, tapi kenapa masih takut (truncated)",1,69,sadar jika sejatinya tembang,itu,sengaja di ciptakan untuk,itu
Tionghoa,KADRUN TIDAK JUALAN PKI ANTEK CINA KAYAK NYA SEPI BANGET KALO KADRUN TIDAK JUALAN GORENGAN PKI SOAL NYA PKI NYA ASLI NYA GROMBOLAN KADRUN ITU SENDIRI PKI NYA BERASAL DARI YAMAN MASI ADA SAMPE SEKARANG,1,24,asli nya grombolan kadrun,itu,sendiri pki nya berasal,itu
"Kristen, Jewish","Seandainya Kristen dan Yahudi di dunia ini tidak ada, lihat apa yang terjadi?pesawat tidak ada ,mobil tidak ada, Televisi tidak ada,Radio tidak ada, Facebook, Instagram, Twitter,AC, YouTube, Handphone tidak ada,dengan demikian saya percaya Tuhan memberkati pikiran orang orang Kristen dan Yahudi, Satu lagi hoax Islam: Lahirnya Para Ilmuwan Persia di Abad Pertengahan adalah berkat jasa Islam Perlu anda ketahui, Ibnu Sina itu bukanlah beragama Islam, dia asalnya bangsa Persia yang beragama Zoroaster dan dia dipaksa masuk Islam agar tidak dibunuh oleh pasukan Islam yang menghancurkan kerajaan Persia yang beragama Zoroaster itu. Ibnu Sina adalah nama yang diberikan oleh penjajah Arab Islam, nama beliau sebenarnya dalah ""Avicenna"" yang berasal dari nama kitab suci Zoroaster ""Aveda"" yang artinya ""Api Suci"". Zoroaster adalah ajaran agama yang mensucikan dan menyembah Tuhan yang Esa dan ""Api"" sebagai simbolnya. Ini juga yang terjadi dengan Abbassid. Apa bakat dan pencapaian dari Rumy, Ibn Arabi, Ibnu Sina dan pemikir2 lain yang terlahir sebagai muslim, yang ada hubungannya dengan Islam? Apa Quran mengajarkan Aljabar, Kimia, Biologi atau Astronomi? (truncated)",1,65,anda ketahui ibnu sina,itu,bukanlah beragama islam dia,itu
"Kristen, Jewish","Seandainya Kristen dan Yahudi di dunia ini tidak ada, lihat apa yang terjadi?pesawat tidak ada ,mobil tidak ada, Televisi tidak ada,Radio tidak ada, Facebook, Instagram, Twitter,AC, YouTube, Handphone tidak ada,dengan demikian saya percaya Tuhan memberkati pikiran orang orang Kristen dan Yahudi, Satu lagi hoax Islam: Lahirnya Para Ilmuwan Persia di Abad Pertengahan adalah berkat jasa Islam Perlu anda ketahui, Ibnu Sina itu bukanlah beragama Islam, dia asalnya bangsa Persia yang beragama Zoroaster dan dia dipaksa masuk Islam agar tidak dibunuh oleh pasukan Islam yang menghancurkan kerajaan Persia yang beragama Zoroaster itu. Ibnu Sina adalah nama yang diberikan oleh penjajah Arab Islam, nama beliau sebenarnya dalah ""Avicenna"" yang berasal dari nama kitab suci Zoroaster ""Aveda"" yang artinya ""Api Suci"". Zoroaster adalah ajaran agama yang mensucikan dan menyembah Tuhan yang Esa dan ""Api"" sebagai simbolnya. Ini juga yang terjadi dengan Abbassid. Apa bakat dan pencapaian dari Rumy, Ibn Arabi, Ibnu Sina dan pemikir2 lain yang terlahir sebagai muslim, yang ada hubungannya dengan Islam? Apa Quran mengajarkan Aljabar, Kimia, Biologi atau Astronomi? (truncated)",1,94,persia yang beragama zoroaster,itu,ibnu sina adalah nama,itu
Disabilitas,"Apakah kita harus di pimpin oleh orang yg,wakilnya cacat hukum,cacat moral dan presidenya yg cacat",1,6,harus di pimpin oleh,orang,yg wakilnya cacat hukum,orang
"Kristen, Jewish","when my dad said pidato bung karno salah, “Kalau jadi hindu jangan jadi orang India, kalau jadi orang islam jangan jadi orang Arab, kalau kristen jangan jadi orang yahudi, tetaplah jadi orang nusantara dengan adat-budaya nusantara yang kaya raya ini” orang kristen bukan yahudi😅",0,13,jadi hindu jangan jadi,orang,india kalau jadi orang,orang
"Kristen, Jewish","when my dad said pidato bung karno salah, “Kalau jadi hindu jangan jadi orang India, kalau jadi orang islam jangan jadi orang Arab, kalau kristen jangan jadi orang yahudi, tetaplah jadi orang nusantara dengan adat-budaya nusantara yang kaya raya ini” orang kristen bukan yahudi😅",0,17,orang india kalau jadi,orang,islam jangan jadi orang,orang
"Kristen, Jewish","when my dad said pidato bung karno salah, “Kalau jadi hindu jangan jadi orang India, kalau jadi orang islam jangan jadi orang Arab, kalau kristen jangan jadi orang yahudi, tetaplah jadi orang nusantara dengan adat-budaya nusantara yang kaya raya ini” orang kristen bukan yahudi😅",0,21,orang islam jangan jadi,orang,arab kalau kristen jangan,orang
"Kristen, Jewish","when my dad said pidato bung karno salah, “Kalau jadi hindu jangan jadi orang India, kalau jadi orang islam jangan jadi orang Arab, kalau kristen jangan jadi orang yahudi, tetaplah jadi orang nusantara dengan adat-budaya nusantara yang kaya raya ini” orang kristen bukan yahudi😅",0,27,kalau kristen jangan jadi,orang,yahudi tetaplah jadi orang,orang
"Kristen, Jewish","when my dad said pidato bung karno salah, “Kalau jadi hindu jangan jadi orang India, kalau jadi orang islam jangan jadi orang Arab, kalau kristen jangan jadi orang yahudi, tetaplah jadi orang nusantara dengan adat-budaya nusantara yang kaya raya ini” orang kristen bukan yahudi😅",0,31,orang yahudi tetaplah jadi,orang,nusantara dengan adat budaya,orang
"Kristen, Jewish","when my dad said pidato bung karno salah, “Kalau jadi hindu jangan jadi orang India, kalau jadi orang islam jangan jadi orang Arab, kalau kristen jangan jadi orang yahudi, tetaplah jadi orang nusantara dengan adat-budaya nusantara yang kaya raya ini” orang kristen bukan yahudi😅",0,41,yang kaya raya ini,orang,kristen bukan yahudi,orang
"Kristen, Tionghoa","Orano Tionghoa yang gak nonton Masterchef Indonesia: OWE DIEM AJA DARITADI! Dalam Sejarah, Tionghoa adalah salah satu etnis di dunia yang paling heterogen. Ada orang Hokkien, Hakka, Tiociu, Kanton, Hinghua, dan lain sebagainya.

Ada yang mendukung Kuomintang, ada yang mendukung Gongchangdang, dan ada yang tradisional banget, juga ada yang modern banget, ada yang Kristen, Buddha, Tao, Konghucu, ateis pun ada.

Termasuk ada yang menonton Masterchef dan ada juga yang tidak tahu Masterchef itu apa sebenarnya, termasuk saya, saya gak ngikut.",0,24,yang paling heterogen ada,orang,hokkien hakka tiociu kanton,orang
Tionghoa,"Biar kadrun sadar kalau yg anti Islam itu bukan orang yg bermata sipit tapi orang yg identik dengan mata biru dan bule, ,,, negara isalm yg sudah hancur oleh sekutu Amerika Syiriah Irak Libya Palestina afganistan Lebanon semua hancur bukan karena China tapi Eropa ,,",1,9,anti islam itu bukan,orang,yg bermata sipit tapi,orang
Tionghoa,"Biar kadrun sadar kalau yg anti Islam itu bukan orang yg bermata sipit tapi orang yg identik dengan mata biru dan bule, ,,, negara isalm yg sudah hancur oleh sekutu Amerika Syiriah Irak Libya Palestina afganistan Lebanon semua hancur bukan karena China tapi Eropa ,,",1,14,yg bermata sipit tapi,orang,yg identik dengan mata,orang
Tionghoa,KADRUN KATANYA ANTI CHINA MAKAN DIKASIH SAMA ORANG CHINA 😂😂😂,1,7,china makan dikasih sama,orang,china,orang
Tionghoa,"PERANG HORIZONTAL DI DEPAN MATA. WASPADA... ‼️ WARGA cina sudah BERANI menguasai jalanan DGN MOBIL BER NOPOL negara CINA. ⁉️ Jika kamu tdk membela orang lain ketika hak mereka diinjak-injak, siapa yg akan membelamu ketika hakmu diinjak-injak⁉️ Lebih baik diasingkan daripada menyerah pada  #SALAM_AKAL_SEHAT💪 #SALAM_PERUBAHAN_PERBAIKAN utk #PERSATUAN_RI 😎✌💪",1,22,jika kamu tdk membela,orang,lain ketika hak mereka,orang
"Kristen, Tionghoa","Balada 32 tahun negeriku: Menurut petunjuk bpk presiden,,, e e e e kita harus kencengkan ikat pinggang kemudian e e e kita tinggal landas dan e e e kita mengolah ragakan masyarakat dan memasyarakatkan olah raga, kemudian e e e e export non migas kita harus mengacuh pada pakto sebagai embrio dari pakno dan pakdes,,,, dan ujung²nya 1 $ US = Rp 17.500,- gadis² tionghoa lari pake daster ke bandara Sukarno Hatta, yg lain diperkosa, toko² dijarah, mahasiswa ada yg raib entah ke !!! Sekolahan Katolik yg dipimpin mantan pacarku diancam mau dibakar. 😉😉😉😉 Yang begini masih sering terngiang di telingaku sampai saat ini,,, aku sdh berusaha melupakannya tapi kalau melihat jemuran orang warna kuning ingatan itu selalu !!! Apalagi di saat² menjelang pemilu seperti sekarang. Semoga Pa Ganjar - Mahfud terpilih menjadi Presiden 2024 nanti, dan membuat NKRI disegani dan dihormati, sejuk dan damai.",1,109,tapi kalau melihat jemuran,orang,warna kuning ingatan itu,orang
"Tionghoa, Jewish","*MUI HARAMKAN PRODUK ISRAEL* Namun, dia sendiri tanpa sadar telah menggunakan dan menikmati produk Israel Keturunan Yahudi itu sendiri😁😁 Beberapa nama produk Israel keturunan Yahudi : 1. Google. 2. Ini semua adalah produk buatan Israel, buatan Amerika sekutunya dan buatan Negara-negara lain keturunan Yahudi seperti Rusia, Inggris, Prancis, Kanada, Argentina dan beberapa negara lain yang termasuk sekutnya Juga Produk-produk tersebut dibuat dan diproduksi orang Negara China Lalu kenapa anda memakainya, dan kenapa anda menggunakannya❓ Kemudian jika MUI menganggap semua Produk Israel haram, sebaiknya diboikot semuanya dan tidak usah digunakan sama sekali saya rasa lebih adil kalau begitu. Namun jika ini hanya sekedar alasan atau tindakan bodoh saja, Melarang atau Mengharamkan semua produk Israel keturunan Yahudi dan Produk-produk Negara lain yang termasuk sekutunya, lalu dalam tanda kutip ""anda masih menggunakan sebagian juga"", berarti anda munafik tidak jujur mengakuinya🤣😂😂",1,64,tersebut dibuat dan diproduksi,orang,negara china lalu kenapa,orang
UNKNOWN,"## Satu lagi hoax Islam: ## Lahirnya Para Ilmuwan Persia di Abad Pertengahan adalah berkat jasa Islam Satu lagi hoax Islam: Lahirnya Para Ilmuwan Persia di Abad Pertengahan adalah berkat jasa Islam Perlu anda ketahui, Ibnu Sina itu bukanlah beragama Islam, dia asalnya bangsa Persia yang beragama Zoroaster dan dia dipaksa masuk Islam agar tidak dibunuh oleh pasukan Islam yang menghancurkan kerajaan Persia yang beragama Zoroaster itu. Ibnu Sina adalah nama yang diberikan oleh penjajah Arab Islam, nama beliau sebenarnya dalah ""Avicenna"" yang berasal dari nama kitab suci Zoroaster ""Aveda"" yang artinya ""Api Suci"". Zoroaster adalah ajaran agama yang mensucikan dan menyembah Tuhan yang Esa dan ""Api"" sebagai simbolnya. Orang ini bahkan tidak bisa penjumlahan yang sederhana. Apa yang islam lakukan utk seni? Untuk musik? Apa yang nabi katakan tentang penyair? Apa pandangan (truncated)",1,107,dan api sebagai simbolnya,orang,ini bahkan tidak bisa,orang
Tionghoa,Orang tionghoa saja tahu siapa orang yang patut untuk memimpin RI th 2024,0,0,,orang,tionghoa saja tahu siapa,orang
Tionghoa,Orang tionghoa saja tahu siapa orang yang patut untuk memimpin RI th 2024,0,5,tionghoa saja tahu siapa,orang,yang patut untuk memimpin,orang
UNKNOWN,"Surat Terbuka Kepada Anies Baswedan. (Saya copas dari postingan seorang tokoh yang dekat dengan presiden Jokowi) Ibnu Maksum-Opini Anies Baswedan (IST) Smith Alhadar Direktur Eksekutif Institute for Democracy Education (IDe) Mas Anies yang baik , Dalam gelisah saya menulis surat ini saat banyak orang sedang terlelap dalam bekap mimpi yang merisaukan. Belum juga dikumandangkan adzan , ajakan berserah diri pada Tuhan, sebelum memulai kehidupan yg rumit Seringkali berat. Kalau para Gubernur sebelumnya iri hati pada mas Anies , itu lantaran mereka baru tahu bahwa kota bisa disulap dgn ide2 kreatif. Lebih daripada itu , mas Anies (truncated)",0,43,surat ini saat banyak,orang,sedang terlelap dalam bekap,orang
Tionghoa,"Kenapa Komunis adalah mutlak sbg MUSUH PANCASILA? Karena faham komunisme bertolak belakang dgn Sila pertama, Ketuhanan Yang Maha Esa. Dikutip dari CNN Indonesia: Partai Komunis China (PKC) merupakan partai berkuasa Negeri Tirai Bambu. PKC secara resmi merupakan penganut ateis atau sebutan bagi orang yang tak percaya dengan keberadaan Tuhan. PKC juga mengimbau anggota partai dan keluarga mereka agar tak berpartisipasi secara publik dalam acara keagamaan. Pada 2017, media resmi PKC mewanti-wanti anggota mereka untuk tak percaya pada agama, menyebutkan sebagai ""anestesi spiritual."" Sumber:",1,42,ateis atau sebutan bagi,orang,yang tak percaya dengan,orang
Tionghoa,Disini kadrun teriak antek China Disana China jadi investor terbesar Disana sdh bisa memisahkan bisnis dg agama Disini masih banyak orang mabuk agama Itulah bahaya latennya jadi Kadrun 😂😛😂😄🤣,1,20,agama disini masih banyak,orang,mabuk agama itulah bahaya,orang
Tionghoa,95% orang Tionghoa tidak akan pilih wowo trauma orba,1,1,95,orang,tionghoa tidak akan pilih,orang
Tionghoa,"Saya salut dengan pidato anda, kami orang Tionghoa Indonesia sangat mendukung anda sebagai presiden masa depan, anda harus kuat.Jika kamu ambisius, aku akan mendukungmu⛽",0,6,dengan pidato anda kami,orang,tionghoa indonesia sangat mendukung,orang
Tionghoa,Kata hadis juga Carilah ilmu sampai ke  kalo belajar ilmu itu sama orang cina bukan orang Y oyang Yaman cuma punya satu keahlian yaitu ngibul,1,12,belajar ilmu itu sama,orang,cina bukan orang y,orang
Tionghoa,Kata hadis juga Carilah ilmu sampai ke  kalo belajar ilmu itu sama orang cina bukan orang Y oyang Yaman cuma punya satu keahlian yaitu ngibul,1,15,sama orang cina bukan,orang,y oyang yaman cuma,orang
Tionghoa,bpk ibunya yaman  yaman  yaman  yaman anis yaman anaknya keturunan yaman  NU  bpk nya china ibunya indonesia  dgn orang indonesia berartri ada trah indonesia . ganjar indonesia tulen . silahkan anda pilih,1,18,china ibunya indonesia dgn,orang,indonesia berartri ada trah,orang
Jewish,"‎'‎כוד WR/HZ PM srae Netanyahu Perintahkan Pemimpin Arab untuk Diam Jika Negaranya Ingin Aman inilahcom‎'‎ Memasuki hari ke-38 agresi Israel ke Palestina, tampaknya PM Israel Benyamin Netanyahu tak berniat untuk gencatan senjata. Ia pun menolak seruan dari internasional untuk gencatan senjata di Gaza.

Setelah mengadakan pertemuan di Riyadh, Arab Saudi, para pemimpin Arab dan negara Islam dunia sepakat untuk menyerukan Israel melakukan gencatan senjata. 

Merespon hal itu, Netanyahu mengancam para pemimpin negara Arab untuk diam dan tidak ikut campur. Dia mengatakan, pasukan Israel akan terus melanjutkan pertempuran di Gaza.

""Saya katakan kepada pemimpin Arab, jika Anda ingin melindungi kepentingan Anda, maka Anda harus melakukan satu hal: diam!"" tegas Netanyahu dalam konferensi pers bersama Menhan Israel, Yoav Gallant dan pemimpin oposisi Israe, Benny Gantz, dikutip Hindustan Times, Senin (13/11/2023). 

-

Selengkapnya kunjungi website dengan klik link di bio atau download aplikasi di AppStore dan Google Play Store.

#inilahViral #viral #perdanamenteri #PM #Israel #benjaminnetanyahu #netanyahu #palestine #palestina #gaza #arabsaudi #saudiarabia #inilahcom #titiktengah #titikcerah",0,23,38 agresi israel ke,palestina,tampaknya pm israel benyamin,palestina
Jewish,"‎'‎כוד WR/HZ PM srae Netanyahu Perintahkan Pemimpin Arab untuk Diam Jika Negaranya Ingin Aman inilahcom‎'‎ Memasuki hari ke-38 agresi Israel ke Palestina, tampaknya PM Israel Benyamin Netanyahu tak berniat untuk gencatan senjata. Ia pun menolak seruan dari internasional untuk gencatan senjata di Gaza.

Setelah mengadakan pertemuan di Riyadh, Arab Saudi, para pemimpin Arab dan negara Islam dunia sepakat untuk menyerukan Israel melakukan gencatan senjata. 

Merespon hal itu, Netanyahu mengancam para pemimpin negara Arab untuk diam dan tidak ikut campur. Dia mengatakan, pasukan Israel akan terus melanjutkan pertempuran di Gaza.

""Saya katakan kepada pemimpin Arab, jika Anda ingin melindungi kepentingan Anda, maka Anda harus melakukan satu hal: diam!"" tegas Netanyahu dalam konferensi pers bersama Menhan Israel, Yoav Gallant dan pemimpin oposisi Israe, Benny Gantz, dikutip Hindustan Times, Senin (13/11/2023). 

-

Selengkapnya kunjungi website dengan klik link di bio atau download aplikasi di AppStore dan Google Play Store.

#inilahViral #viral #perdanamenteri #PM #Israel #benjaminnetanyahu #netanyahu #palestine #palestina #gaza #arabsaudi #saudiarabia #inilahcom #titiktengah #titikcerah",0,157,israel benjaminnetanyahu netanyahu palestine,palestina,gaza arabsaudi saudiarabia inilahcom,palestina
Jewish,"CNBC INDONESIA McDonald's 5 Cabang McDonald's Dunia yang Bantah Sokong Tentara Israel Sejumlah cabang restoran cepat saji McDonald's di beberapa negara memberikan klarifikasi terkait kiriman makanan dan dukungan terhadap Israel.

Melansir dari Hindustan Times, McDonald's cabang Lebanon, Oman, Uni Emirat Arab (UAE), Turkiye, dan Kuwait menegaskan bahwa pihaknya tidak terlibat dalam pengiriman makanan untuk Israel Defense Forces (IDF) atau Pasukan Pertahanan Israel.

""McDonald's Lebanon menegaskan bahwa pemegang waralaba (franchise) di negara dan wilayah lain tidak mewakili pandangan atau posisi McDonald's Lebanon dengan cara apa pun,"" tulis McDonald's Lebanon dalam pernyataannya, dikutip Rabu (18/10/2023).

""McDonald's Lebanon tidak terlibat apa pun dalam tindakan yang diambil di pasar lain di luar Lebanon. Kami berkomitmen untuk bangsa kita dan rakyatnya dengan penuh rasa hormat dan solidaritas,"" lanjut pernyataan tersebut.

Sementara itu, McDonald's cabang Oman, UAE, Turkiye, dan Kuwait menegaskan bahwa pihaknya tidak ikut campur dalam pemberian makanan kepada IDF dan berada di pihak dukungan kepada Palestina.

Melalui pernyataan resmi, McDonald's Oman menuturkan bahwa pihaknya telah menyumbangkan US$100 ribu atau sekitar Rp1,57 miliar (asumsi kurs Rp15.742/US$) sebagai bantuan kepada masyarakat Gaza, Palestina.

#palestina",0,162,di pihak dukungan kepada,palestina,melalui pernyataan resmi mcdonald,palestina
Jewish,"CNBC INDONESIA McDonald's 5 Cabang McDonald's Dunia yang Bantah Sokong Tentara Israel Sejumlah cabang restoran cepat saji McDonald's di beberapa negara memberikan klarifikasi terkait kiriman makanan dan dukungan terhadap Israel.

Melansir dari Hindustan Times, McDonald's cabang Lebanon, Oman, Uni Emirat Arab (UAE), Turkiye, dan Kuwait menegaskan bahwa pihaknya tidak terlibat dalam pengiriman makanan untuk Israel Defense Forces (IDF) atau Pasukan Pertahanan Israel.

""McDonald's Lebanon menegaskan bahwa pemegang waralaba (franchise) di negara dan wilayah lain tidak mewakili pandangan atau posisi McDonald's Lebanon dengan cara apa pun,"" tulis McDonald's Lebanon dalam pernyataannya, dikutip Rabu (18/10/2023).

""McDonald's Lebanon tidak terlibat apa pun dalam tindakan yang diambil di pasar lain di luar Lebanon. Kami berkomitmen untuk bangsa kita dan rakyatnya dengan penuh rasa hormat dan solidaritas,"" lanjut pernyataan tersebut.

Sementara itu, McDonald's cabang Oman, UAE, Turkiye, dan Kuwait menegaskan bahwa pihaknya tidak ikut campur dalam pemberian makanan kepada IDF dan berada di pihak dukungan kepada Palestina.

Melalui pernyataan resmi, McDonald's Oman menuturkan bahwa pihaknya telah menyumbangkan US$100 ribu atau sekitar Rp1,57 miliar (asumsi kurs Rp15.742/US$) sebagai bantuan kepada masyarakat Gaza, Palestina.

#palestina",0,192,bantuan kepada masyarakat gaza,palestina,palestina,palestina
Jewish,"CNBC INDONESIA McDonald's 5 Cabang McDonald's Dunia yang Bantah Sokong Tentara Israel Sejumlah cabang restoran cepat saji McDonald's di beberapa negara memberikan klarifikasi terkait kiriman makanan dan dukungan terhadap Israel.

Melansir dari Hindustan Times, McDonald's cabang Lebanon, Oman, Uni Emirat Arab (UAE), Turkiye, dan Kuwait menegaskan bahwa pihaknya tidak terlibat dalam pengiriman makanan untuk Israel Defense Forces (IDF) atau Pasukan Pertahanan Israel.

""McDonald's Lebanon menegaskan bahwa pemegang waralaba (franchise) di negara dan wilayah lain tidak mewakili pandangan atau posisi McDonald's Lebanon dengan cara apa pun,"" tulis McDonald's Lebanon dalam pernyataannya, dikutip Rabu (18/10/2023).

""McDonald's Lebanon tidak terlibat apa pun dalam tindakan yang diambil di pasar lain di luar Lebanon. Kami berkomitmen untuk bangsa kita dan rakyatnya dengan penuh rasa hormat dan solidaritas,"" lanjut pernyataan tersebut.

Sementara itu, McDonald's cabang Oman, UAE, Turkiye, dan Kuwait menegaskan bahwa pihaknya tidak ikut campur dalam pemberian makanan kepada IDF dan berada di pihak dukungan kepada Palestina.

Melalui pernyataan resmi, McDonald's Oman menuturkan bahwa pihaknya telah menyumbangkan US$100 ribu atau sekitar Rp1,57 miliar (asumsi kurs Rp15.742/US$) sebagai bantuan kepada masyarakat Gaza, Palestina.

#palestina",0,193,kepada masyarakat gaza palestina,palestina,,palestina
Tionghoa,"Biar kadrun sadar kalau yg anti Islam itu bukan orang yg bermata sipit tapi orang yg identik dengan mata biru dan bule, ,,, negara isalm yg sudah hancur oleh sekutu Amerika Syiriah Irak Libya Palestina afganistan Lebanon semua hancur bukan karena China tapi Eropa ,,",1,33,amerika syiriah irak libya,palestina,afganistan lebanon semua hancur,palestina
Tionghoa,Apakah ada teman anda yang nyinyir terhadap China sambil teriakan bela Palestina?,1,11,china sambil teriakan bela,palestina,,palestina
"Tionghoa, Jewish","k”tdata #KalauBicaraPakaiData Cina Jabat Presiden Dewan Keamanan PBB, Fokus Urus Konflik di Gaza Antara/HO-UN Photo Cina memulai masa jabatannya sebagai Presiden Dewan Keamanan Perserikatan Bangsa Bangsa (PBB) untuk periode November 2023. Duta Besar Cina untuk PBB Zhang Jun mengatakan selama kepemimpinan Cina, konflik di Gaza akan menjadi fokus pembahasan di dalam dewan.

“Dewan telah memusatkan perhatian pada masalah ini selama beberapa pekan dan akan terus menjadi fokus kerja dewan dan juga kepemimpinan Cina,” kata Zhang kepada wartawan di PBB seperti dikutip, Kamis (2/11). 

Zhang mengatakan selama masa jabatannya sebagai ketua Dewan Keamanan PBB, Cina akan berupaya mendorong gencatan senjata. 

Selain konflik Gaza, agenda dewan akan mencakup diskusi mengenai situasi keamanan di beberapa negara. 

Selengkapnya, klik link di bio dan Instastory.

#DewanKeamananPBB #PBB #cINA #Konflik #Perang #Israel #Palestina #Gaza #JalurGaza #GencatanSenjata #KatadataNews #Katadata #Katadatacoid #KalauBicaraPakaiData",0,130,cina konflik perang israel,palestina,gaza jalurgaza gencatansenjata katadatanews,palestina
"Tionghoa, Jewish","安塔利亚 纯净的文艺古都 塞浦路斯 摩苏尔 - 叙利亚 开罗 观賞胡夫金字塔” 伊拉å…‹ 约旦 = NEWS China menghapus Israel dari peta digital dunia, hanya menampilkan Yerusalem sebagai bela Palestina Keren",0,22,menampilkan yerusalem sebagai bela,palestina,keren,palestina
Tionghoa,"KAMU KETURUNAN APA NIH! Januari PALESTINA Februari CHINA Maret: AUSTRALIA April INDIA Mei: AMERIKA Juni: RUSIA Juli JERMAN Agustus: SPANYOL September:THAILAND THAILAND Oktober BRAZIL November,desember: gwencana yo,im finee😁🙎
.

#meme #memepage #memeindonesia #memesdaily #memes #capengakak #ngakakkocak #ngakak #wkwk #funny #fun",0,5,keturunan apa nih januari,palestina,februari china maret australia,palestina
"Tionghoa, Jewish","五彩斑鋼热气球 安塔利亚 纯净的文艺古都 塞浦路斯 摩苏尔 叙利亚 开罗 观赏胡夫金字塔 伊拉克 约旦 约旦 二 NEWS China menghapus Israel dari peta digital dunia, hanya menampilkan Yerusalem sebagai bela Palestina UNEXPLND Media Wall Street Journal (WSJ) pada Senin [30/10] memberitakan bahwa Cina telah menghapus Israel dari peta. Hal tersebut diketahui oleh pengguna internet di Cina saat menyadari bahwa peta digital buatan Cina, seperti Baidu dan Alibaba tidak menampilkan negara Israel.

Di peta online Baidu, hanya terlihat garis-garis perbatasan dan kota-kota utama yang diakui secara internasional. Meski begitu, tidak ada identitas jelas yang dicantumkan. Hal serupa juga terjadi di peta online milik Alibaba, Amap. Dalam aplikasi tersebut tidak ada pencantuman nama negara Israel.

🔍 Follow @unexplnd for more!

#UNEXPLND #ExplainingTheUnexplained",0,25,menampilkan yerusalem sebagai bela,palestina,unexplnd media wall street,palestina
"Tionghoa, Jewish","ENTREPRENEURS Instagram| @CatatanEntrepreneur RESPONS CHINA TERHADAP SERANGAN HAMAS KE ISRAEL, XI JINPING: ""JALAN KELUAR MENDASAR DARI KONFLIK INI TERLETAK PADA PENERAPAN SOLUSI DUA NEGARA DAN PEMBENTUKAN NEGARA PALESTINA YANG MERDEKA"" China memberi respons atas ketegangan baru yang terjadi antara Faksi Hamas, Palestina, dengan Israel. Negeri Presiden Xi Jinping itu bahkan meneriakkan pendirian negara Palestina yang merdeka sebagai solusi perdamaian.

""Kami menyerukan pihak-pihak terkait untuk tetap tenang, menahan diri dan segera mengakhiri permusuhan untuk melindungi warga sipil dan menghindari memburuknya situasi,"" kata Kementerian Luar Negeri China seperti dikutip CNBC International.

""Jalan keluar mendasar dari konflik ini terletak pada penerapan solusi dua negara dan pembentukan Negara Palestina yang merdeka,"" tegasnya lagi.

Pernyataan China itu bukan tanpa dasar. Selama ini, China memang telah memainkan peran dalam meredakan ketegangan Israel-Palestina. (Source: CNBC)
#catatanentrepreneur",0,27,negara dan pembentukan negara,palestina,yang merdeka china memberi,palestina
"Tionghoa, Jewish","ENTREPRENEURS Instagram| @CatatanEntrepreneur RESPONS CHINA TERHADAP SERANGAN HAMAS KE ISRAEL, XI JINPING: ""JALAN KELUAR MENDASAR DARI KONFLIK INI TERLETAK PADA PENERAPAN SOLUSI DUA NEGARA DAN PEMBENTUKAN NEGARA PALESTINA YANG MERDEKA"" China memberi respons atas ketegangan baru yang terjadi antara Faksi Hamas, Palestina, dengan Israel. Negeri Presiden Xi Jinping itu bahkan meneriakkan pendirian negara Palestina yang merdeka sebagai solusi perdamaian.

""Kami menyerukan pihak-pihak terkait untuk tetap tenang, menahan diri dan segera mengakhiri permusuhan untuk melindungi warga sipil dan menghindari memburuknya situasi,"" kata Kementerian Luar Negeri China seperti dikutip CNBC International.

""Jalan keluar mendasar dari konflik ini terletak pada penerapan solusi dua negara dan pembentukan Negara Palestina yang merdeka,"" tegasnya lagi.

Pernyataan China itu bukan tanpa dasar. Selama ini, China memang telah memainkan peran dalam meredakan ketegangan Israel-Palestina. (Source: CNBC)
#catatanentrepreneur",0,41,terjadi antara faksi hamas,palestina,dengan israel negeri presiden,palestina
"Tionghoa, Jewish","ENTREPRENEURS Instagram| @CatatanEntrepreneur RESPONS CHINA TERHADAP SERANGAN HAMAS KE ISRAEL, XI JINPING: ""JALAN KELUAR MENDASAR DARI KONFLIK INI TERLETAK PADA PENERAPAN SOLUSI DUA NEGARA DAN PEMBENTUKAN NEGARA PALESTINA YANG MERDEKA"" China memberi respons atas ketegangan baru yang terjadi antara Faksi Hamas, Palestina, dengan Israel. Negeri Presiden Xi Jinping itu bahkan meneriakkan pendirian negara Palestina yang merdeka sebagai solusi perdamaian.

""Kami menyerukan pihak-pihak terkait untuk tetap tenang, menahan diri dan segera mengakhiri permusuhan untuk melindungi warga sipil dan menghindari memburuknya situasi,"" kata Kementerian Luar Negeri China seperti dikutip CNBC International.

""Jalan keluar mendasar dari konflik ini terletak pada penerapan solusi dua negara dan pembentukan Negara Palestina yang merdeka,"" tegasnya lagi.

Pernyataan China itu bukan tanpa dasar. Selama ini, China memang telah memainkan peran dalam meredakan ketegangan Israel-Palestina. (Source: CNBC)
#catatanentrepreneur",0,53,bahkan meneriakkan pendirian negara,palestina,yang merdeka sebagai solusi,palestina
"Tionghoa, Jewish","ENTREPRENEURS Instagram| @CatatanEntrepreneur RESPONS CHINA TERHADAP SERANGAN HAMAS KE ISRAEL, XI JINPING: ""JALAN KELUAR MENDASAR DARI KONFLIK INI TERLETAK PADA PENERAPAN SOLUSI DUA NEGARA DAN PEMBENTUKAN NEGARA PALESTINA YANG MERDEKA"" China memberi respons atas ketegangan baru yang terjadi antara Faksi Hamas, Palestina, dengan Israel. Negeri Presiden Xi Jinping itu bahkan meneriakkan pendirian negara Palestina yang merdeka sebagai solusi perdamaian.

""Kami menyerukan pihak-pihak terkait untuk tetap tenang, menahan diri dan segera mengakhiri permusuhan untuk melindungi warga sipil dan menghindari memburuknya situasi,"" kata Kementerian Luar Negeri China seperti dikutip CNBC International.

""Jalan keluar mendasar dari konflik ini terletak pada penerapan solusi dua negara dan pembentukan Negara Palestina yang merdeka,"" tegasnya lagi.

Pernyataan China itu bukan tanpa dasar. Selama ini, China memang telah memainkan peran dalam meredakan ketegangan Israel-Palestina. (Source: CNBC)
#catatanentrepreneur",0,105,negara dan pembentukan negara,palestina,yang merdeka tegasnya lagi,palestina
"Tionghoa, Jewish","ENTREPRENEURS Instagram| @CatatanEntrepreneur RESPONS CHINA TERHADAP SERANGAN HAMAS KE ISRAEL, XI JINPING: ""JALAN KELUAR MENDASAR DARI KONFLIK INI TERLETAK PADA PENERAPAN SOLUSI DUA NEGARA DAN PEMBENTUKAN NEGARA PALESTINA YANG MERDEKA"" China memberi respons atas ketegangan baru yang terjadi antara Faksi Hamas, Palestina, dengan Israel. Negeri Presiden Xi Jinping itu bahkan meneriakkan pendirian negara Palestina yang merdeka sebagai solusi perdamaian.

""Kami menyerukan pihak-pihak terkait untuk tetap tenang, menahan diri dan segera mengakhiri permusuhan untuk melindungi warga sipil dan menghindari memburuknya situasi,"" kata Kementerian Luar Negeri China seperti dikutip CNBC International.

""Jalan keluar mendasar dari konflik ini terletak pada penerapan solusi dua negara dan pembentukan Negara Palestina yang merdeka,"" tegasnya lagi.

Pernyataan China itu bukan tanpa dasar. Selama ini, China memang telah memainkan peran dalam meredakan ketegangan Israel-Palestina. (Source: CNBC)
#catatanentrepreneur",0,127,dalam meredakan ketegangan israel,palestina,source cnbc catatanentrepreneur,palestina
Tionghoa,"‎'‎SPORTAWAYS .COM FIFA PUTARAN KEDUA KUALIFIKASI PIALA DUNIA 2026 ASIA GROUP A AFGANISTAN GROUP B INDIA JEPANG ★ GROUP KUWAIT KOREA UTARA CINA QATAR MYANMAR KOREA SELATAN SURIAH GROUP TAIWAN SINGAPURA THAILAND GROUP E KIRGIZSTAN HONG KONG GROUP F MALAYSIA IRAN OMAN INDONESIA IRAK TURKMENISTAN GROUP G UZBEKISTAN FILIPINA YORDANIA VIETNAM GROUP PAKISTAN لن BAHRAIN GROUP ARAB SAUDI NEPAL AUSTRALIA TAJIKISTAN UAE BANGLADESH YAMAN LEBANON PALESTINA @sportaways ‎'‎ Indonesia masuk ke babak R2 Kualifikasi Piala Dunia 2026🔥

Tergabung di grup F bersama Irak, Vietnam dan Filipina

Laga pertama, Indonesia akan bertandang ke Iraq (16/11/23) dan bermain di Indonesia melawan Filipina (21/11/23) 

Sudah siap dukung Garuda sampai lolos Piala Dunia 2026?🇮🇩

#playmore",0,64,uae bangladesh yaman lebanon,palestina,sportaways indonesia masuk ke,palestina
"Tionghoa, Jewish","INFO PDG Internasional China Dukung Perjuangan Rakyat Palestina: Ketidakadilan Harus Diakhiri Pemerintah China mendukung perjuangan akyat Palestina dalam menjaga hak-hak nasional mereka. Menteri Luar Negeri (Menlu) China Wang Yi menyampaikan hal itu seiring Beijing mengambil sikap yang semakinj jelas mengenai konflik Israel- Hamas. Credit GHANAIM Pasukan Israel telah melancarkan serangan udara terus menerus di Jalur Gaza dalam beberapa hari terakhir, merenggut lebih dari 2.300 nyawa di wilayah padat penduduk tersebut. Ini dilakukan setelah kelompok Hamas menerobos perbatasan dengan Israel pada tanggal 7 Oktober, menewaskan lebih dari 1.300 orang.

China yang memiliki hubungan dekat dengan Iran, semakin memposisikan dirinya sebagai mediator di Timur Tengah, namun telah dikritik oleh para pejabat Barat karena tidak secara spesifik menyebut nama Hamas dalam kecamannya atas kekerasan dalam konflik Israel-Hamas.

""Akar  situasi Palestina-Israel adalah hak rakyat Palestina atas kenegaraan telah dikesampingkan sejak lama,"" kata Wang dalam pembicaraan telepon dengan Menteri Luar Negeri Iran Hossein Amir-Abdollahian pada hari Minggu (15/10), dikutip kantor berita AFP, Senin (16/10/2023).

""Ketidakadilan bersejarah ini harus diakhiri sesegera mungkin,"" kata Wang, seraya menambahkan bahwa ""China akan terus berpihak pada perdamaian dan mendukung perjuangan rakyat Palestina dalam menjaga hak-hak nasional mereka.""

Sementara itu, dalam panggilan telepon dengan Menlu Arab Saudi, Pangeran Faisal bin Farhan, Wang mengatakan bahwa tindakan Israel sekarang ""di luar lingkup pertahanan diri"" dan pemerintah Israel harus ""menghentikan hukuman kolektif terhadap rakyat Gaza"".

""(Israel) harus mendengarkan dengan sungguh-sungguh seruan komunitas internasional dan Sekretaris Jenderal PBB, dan menghentikan hukuman kolektif terhadap rakyat Gaza,"" tandas Wang.

Wang mengatakan kepada Pangeran Faisal bahwa ""semua pihak tidak boleh mengambil tindakan apa pun untuk memperburuk situasi dan harus kembali ke meja perundingan sesegera mungkin"".

Sumber : ",0,7,china dukung perjuangan rakyat,palestina,ketidakadilan harus diakhiri pemerintah,palestina
"Tionghoa, Jewish","INFO PDG Internasional China Dukung Perjuangan Rakyat Palestina: Ketidakadilan Harus Diakhiri Pemerintah China mendukung perjuangan akyat Palestina dalam menjaga hak-hak nasional mereka. Menteri Luar Negeri (Menlu) China Wang Yi menyampaikan hal itu seiring Beijing mengambil sikap yang semakinj jelas mengenai konflik Israel- Hamas. Credit GHANAIM Pasukan Israel telah melancarkan serangan udara terus menerus di Jalur Gaza dalam beberapa hari terakhir, merenggut lebih dari 2.300 nyawa di wilayah padat penduduk tersebut. Ini dilakukan setelah kelompok Hamas menerobos perbatasan dengan Israel pada tanggal 7 Oktober, menewaskan lebih dari 1.300 orang.

China yang memiliki hubungan dekat dengan Iran, semakin memposisikan dirinya sebagai mediator di Timur Tengah, namun telah dikritik oleh para pejabat Barat karena tidak secara spesifik menyebut nama Hamas dalam kecamannya atas kekerasan dalam konflik Israel-Hamas.

""Akar  situasi Palestina-Israel adalah hak rakyat Palestina atas kenegaraan telah dikesampingkan sejak lama,"" kata Wang dalam pembicaraan telepon dengan Menteri Luar Negeri Iran Hossein Amir-Abdollahian pada hari Minggu (15/10), dikutip kantor berita AFP, Senin (16/10/2023).

""Ketidakadilan bersejarah ini harus diakhiri sesegera mungkin,"" kata Wang, seraya menambahkan bahwa ""China akan terus berpihak pada perdamaian dan mendukung perjuangan rakyat Palestina dalam menjaga hak-hak nasional mereka.""

Sementara itu, dalam panggilan telepon dengan Menlu Arab Saudi, Pangeran Faisal bin Farhan, Wang mengatakan bahwa tindakan Israel sekarang ""di luar lingkup pertahanan diri"" dan pemerintah Israel harus ""menghentikan hukuman kolektif terhadap rakyat Gaza"".

""(Israel) harus mendengarkan dengan sungguh-sungguh seruan komunitas internasional dan Sekretaris Jenderal PBB, dan menghentikan hukuman kolektif terhadap rakyat Gaza,"" tandas Wang.

Wang mengatakan kepada Pangeran Faisal bahwa ""semua pihak tidak boleh mengambil tindakan apa pun untuk memperburuk situasi dan harus kembali ke meja perundingan sesegera mungkin"".

Sumber : ",0,16,china mendukung perjuangan akyat,palestina,dalam menjaga hak hak,palestina
"Tionghoa, Jewish","INFO PDG Internasional China Dukung Perjuangan Rakyat Palestina: Ketidakadilan Harus Diakhiri Pemerintah China mendukung perjuangan akyat Palestina dalam menjaga hak-hak nasional mereka. Menteri Luar Negeri (Menlu) China Wang Yi menyampaikan hal itu seiring Beijing mengambil sikap yang semakinj jelas mengenai konflik Israel- Hamas. Credit GHANAIM Pasukan Israel telah melancarkan serangan udara terus menerus di Jalur Gaza dalam beberapa hari terakhir, merenggut lebih dari 2.300 nyawa di wilayah padat penduduk tersebut. Ini dilakukan setelah kelompok Hamas menerobos perbatasan dengan Israel pada tanggal 7 Oktober, menewaskan lebih dari 1.300 orang.

China yang memiliki hubungan dekat dengan Iran, semakin memposisikan dirinya sebagai mediator di Timur Tengah, namun telah dikritik oleh para pejabat Barat karena tidak secara spesifik menyebut nama Hamas dalam kecamannya atas kekerasan dalam konflik Israel-Hamas.

""Akar  situasi Palestina-Israel adalah hak rakyat Palestina atas kenegaraan telah dikesampingkan sejak lama,"" kata Wang dalam pembicaraan telepon dengan Menteri Luar Negeri Iran Hossein Amir-Abdollahian pada hari Minggu (15/10), dikutip kantor berita AFP, Senin (16/10/2023).

""Ketidakadilan bersejarah ini harus diakhiri sesegera mungkin,"" kata Wang, seraya menambahkan bahwa ""China akan terus berpihak pada perdamaian dan mendukung perjuangan rakyat Palestina dalam menjaga hak-hak nasional mereka.""

Sementara itu, dalam panggilan telepon dengan Menlu Arab Saudi, Pangeran Faisal bin Farhan, Wang mengatakan bahwa tindakan Israel sekarang ""di luar lingkup pertahanan diri"" dan pemerintah Israel harus ""menghentikan hukuman kolektif terhadap rakyat Gaza"".

""(Israel) harus mendengarkan dengan sungguh-sungguh seruan komunitas internasional dan Sekretaris Jenderal PBB, dan menghentikan hukuman kolektif terhadap rakyat Gaza,"" tandas Wang.

Wang mengatakan kepada Pangeran Faisal bahwa ""semua pihak tidak boleh mengambil tindakan apa pun untuk memperburuk situasi dan harus kembali ke meja perundingan sesegera mungkin"".

Sumber : ",0,130,israel hamas akar situasi,palestina,israel adalah hak rakyat,palestina
"Tionghoa, Jewish","INFO PDG Internasional China Dukung Perjuangan Rakyat Palestina: Ketidakadilan Harus Diakhiri Pemerintah China mendukung perjuangan akyat Palestina dalam menjaga hak-hak nasional mereka. Menteri Luar Negeri (Menlu) China Wang Yi menyampaikan hal itu seiring Beijing mengambil sikap yang semakinj jelas mengenai konflik Israel- Hamas. Credit GHANAIM Pasukan Israel telah melancarkan serangan udara terus menerus di Jalur Gaza dalam beberapa hari terakhir, merenggut lebih dari 2.300 nyawa di wilayah padat penduduk tersebut. Ini dilakukan setelah kelompok Hamas menerobos perbatasan dengan Israel pada tanggal 7 Oktober, menewaskan lebih dari 1.300 orang.

China yang memiliki hubungan dekat dengan Iran, semakin memposisikan dirinya sebagai mediator di Timur Tengah, namun telah dikritik oleh para pejabat Barat karena tidak secara spesifik menyebut nama Hamas dalam kecamannya atas kekerasan dalam konflik Israel-Hamas.

""Akar  situasi Palestina-Israel adalah hak rakyat Palestina atas kenegaraan telah dikesampingkan sejak lama,"" kata Wang dalam pembicaraan telepon dengan Menteri Luar Negeri Iran Hossein Amir-Abdollahian pada hari Minggu (15/10), dikutip kantor berita AFP, Senin (16/10/2023).

""Ketidakadilan bersejarah ini harus diakhiri sesegera mungkin,"" kata Wang, seraya menambahkan bahwa ""China akan terus berpihak pada perdamaian dan mendukung perjuangan rakyat Palestina dalam menjaga hak-hak nasional mereka.""

Sementara itu, dalam panggilan telepon dengan Menlu Arab Saudi, Pangeran Faisal bin Farhan, Wang mengatakan bahwa tindakan Israel sekarang ""di luar lingkup pertahanan diri"" dan pemerintah Israel harus ""menghentikan hukuman kolektif terhadap rakyat Gaza"".

""(Israel) harus mendengarkan dengan sungguh-sungguh seruan komunitas internasional dan Sekretaris Jenderal PBB, dan menghentikan hukuman kolektif terhadap rakyat Gaza,"" tandas Wang.

Wang mengatakan kepada Pangeran Faisal bahwa ""semua pihak tidak boleh mengambil tindakan apa pun untuk memperburuk situasi dan harus kembali ke meja perundingan sesegera mungkin"".

Sumber : ",0,135,israel adalah hak rakyat,palestina,atas kenegaraan telah dikesampingkan,palestina
"Tionghoa, Jewish","INFO PDG Internasional China Dukung Perjuangan Rakyat Palestina: Ketidakadilan Harus Diakhiri Pemerintah China mendukung perjuangan akyat Palestina dalam menjaga hak-hak nasional mereka. Menteri Luar Negeri (Menlu) China Wang Yi menyampaikan hal itu seiring Beijing mengambil sikap yang semakinj jelas mengenai konflik Israel- Hamas. Credit GHANAIM Pasukan Israel telah melancarkan serangan udara terus menerus di Jalur Gaza dalam beberapa hari terakhir, merenggut lebih dari 2.300 nyawa di wilayah padat penduduk tersebut. Ini dilakukan setelah kelompok Hamas menerobos perbatasan dengan Israel pada tanggal 7 Oktober, menewaskan lebih dari 1.300 orang.

China yang memiliki hubungan dekat dengan Iran, semakin memposisikan dirinya sebagai mediator di Timur Tengah, namun telah dikritik oleh para pejabat Barat karena tidak secara spesifik menyebut nama Hamas dalam kecamannya atas kekerasan dalam konflik Israel-Hamas.

""Akar  situasi Palestina-Israel adalah hak rakyat Palestina atas kenegaraan telah dikesampingkan sejak lama,"" kata Wang dalam pembicaraan telepon dengan Menteri Luar Negeri Iran Hossein Amir-Abdollahian pada hari Minggu (15/10), dikutip kantor berita AFP, Senin (16/10/2023).

""Ketidakadilan bersejarah ini harus diakhiri sesegera mungkin,"" kata Wang, seraya menambahkan bahwa ""China akan terus berpihak pada perdamaian dan mendukung perjuangan rakyat Palestina dalam menjaga hak-hak nasional mereka.""

Sementara itu, dalam panggilan telepon dengan Menlu Arab Saudi, Pangeran Faisal bin Farhan, Wang mengatakan bahwa tindakan Israel sekarang ""di luar lingkup pertahanan diri"" dan pemerintah Israel harus ""menghentikan hukuman kolektif terhadap rakyat Gaza"".

""(Israel) harus mendengarkan dengan sungguh-sungguh seruan komunitas internasional dan Sekretaris Jenderal PBB, dan menghentikan hukuman kolektif terhadap rakyat Gaza,"" tandas Wang.

Wang mengatakan kepada Pangeran Faisal bahwa ""semua pihak tidak boleh mengambil tindakan apa pun untuk memperburuk situasi dan harus kembali ke meja perundingan sesegera mungkin"".

Sumber : ",0,190,dan mendukung perjuangan rakyat,palestina,dalam menjaga hak hak,palestina
"Tionghoa, Jewish","China juga menghilangkan Map ISRAEL termasuk di Baidu dan Alibaba, ini adalah bukti bahwa Israel Yahudi tidak berhak menjajah dan berada di muka bumi. 75 tahun cuk #palestina #ralineshah #GISELE",0,27,bumi 75 tahun cuk,palestina,ralineshah gisele,palestina
"Tionghoa, Jewish","Bela Palestina, China Putuskan Hapus Israel dari Peta!",0,1,bela,palestina,china putuskan hapus israel,palestina
Jewish,"Sebagian Benar, Video Serangan Udara Israel Bombardir Palestina pada 29 Oktober 2023",0,7,serangan udara israel bombardir,palestina,pada 29 oktober 2023,palestina
Disabilitas,"Gini aja deh @KPU_ID usul aja nih. Gimana kalo misalnya gak usah ada debat aja kalo ga boleh dikritik ? Diubah jadi lomba joget siapa yang paling  GEndut SeMpOYongan 😂🤦👎 Menarik gak ? Atur lah, kalian kan penguasa.. 😁",1,12,kalo misalnya gak usah,ada,debat aja kalo ga,ada
Kristen,"Ganjar-Mahfud adl wajah TOLERANSI di Indonesia 57,7% pemilih dari agama Kristen, Hindu, Budha, Katolik dan Kog Hu Chu menyatakan dukungannya utk Ganjar Pranowo Apalagi Ganjar sukses membawa Jateng jadi daerah Toleran, 5 dari 10 kota toleran ada di Jateng #GanjarMahfud2024",0,38,dari 10 kota toleran,ada,di jateng ganjarmahfud2024,ada
"Kristen, Tionghoa","Orano Tionghoa yang gak nonton Masterchef Indonesia: OWE DIEM AJA DARITADI! Dalam Sejarah, Tionghoa adalah salah satu etnis di dunia yang paling heterogen. Ada orang Hokkien, Hakka, Tiociu, Kanton, Hinghua, dan lain sebagainya.

Ada yang mendukung Kuomintang, ada yang mendukung Gongchangdang, dan ada yang tradisional banget, juga ada yang modern banget, ada yang Kristen, Buddha, Tao, Konghucu, ateis pun ada.

Termasuk ada yang menonton Masterchef dan ada juga yang tidak tahu Masterchef itu apa sebenarnya, termasuk saya, saya gak ngikut.",0,23,dunia yang paling heterogen,ada,orang hokkien hakka tiociu,ada
"Kristen, Tionghoa","Orano Tionghoa yang gak nonton Masterchef Indonesia: OWE DIEM AJA DARITADI! Dalam Sejarah, Tionghoa adalah salah satu etnis di dunia yang paling heterogen. Ada orang Hokkien, Hakka, Tiociu, Kanton, Hinghua, dan lain sebagainya.

Ada yang mendukung Kuomintang, ada yang mendukung Gongchangdang, dan ada yang tradisional banget, juga ada yang modern banget, ada yang Kristen, Buddha, Tao, Konghucu, ateis pun ada.

Termasuk ada yang menonton Masterchef dan ada juga yang tidak tahu Masterchef itu apa sebenarnya, termasuk saya, saya gak ngikut.",0,33,hinghua dan lain sebagainya,ada,yang mendukung kuomintang ada,ada
"Kristen, Tionghoa","Orano Tionghoa yang gak nonton Masterchef Indonesia: OWE DIEM AJA DARITADI! Dalam Sejarah, Tionghoa adalah salah satu etnis di dunia yang paling heterogen. Ada orang Hokkien, Hakka, Tiociu, Kanton, Hinghua, dan lain sebagainya.

Ada yang mendukung Kuomintang, ada yang mendukung Gongchangdang, dan ada yang tradisional banget, juga ada yang modern banget, ada yang Kristen, Buddha, Tao, Konghucu, ateis pun ada.

Termasuk ada yang menonton Masterchef dan ada juga yang tidak tahu Masterchef itu apa sebenarnya, termasuk saya, saya gak ngikut.",0,37,ada yang mendukung kuomintang,ada,yang mendukung gongchangdang dan,ada
"Kristen, Tionghoa","Orano Tionghoa yang gak nonton Masterchef Indonesia: OWE DIEM AJA DARITADI! Dalam Sejarah, Tionghoa adalah salah satu etnis di dunia yang paling heterogen. Ada orang Hokkien, Hakka, Tiociu, Kanton, Hinghua, dan lain sebagainya.

Ada yang mendukung Kuomintang, ada yang mendukung Gongchangdang, dan ada yang tradisional banget, juga ada yang modern banget, ada yang Kristen, Buddha, Tao, Konghucu, ateis pun ada.

Termasuk ada yang menonton Masterchef dan ada juga yang tidak tahu Masterchef itu apa sebenarnya, termasuk saya, saya gak ngikut.",0,42,yang mendukung gongchangdang dan,ada,yang tradisional banget juga,ada
"Kristen, Tionghoa","Orano Tionghoa yang gak nonton Masterchef Indonesia: OWE DIEM AJA DARITADI! Dalam Sejarah, Tionghoa adalah salah satu etnis di dunia yang paling heterogen. Ada orang Hokkien, Hakka, Tiociu, Kanton, Hinghua, dan lain sebagainya.

Ada yang mendukung Kuomintang, ada yang mendukung Gongchangdang, dan ada yang tradisional banget, juga ada yang modern banget, ada yang Kristen, Buddha, Tao, Konghucu, ateis pun ada.

Termasuk ada yang menonton Masterchef dan ada juga yang tidak tahu Masterchef itu apa sebenarnya, termasuk saya, saya gak ngikut.",0,47,yang tradisional banget juga,ada,yang modern banget ada,ada
"Kristen, Tionghoa","Orano Tionghoa yang gak nonton Masterchef Indonesia: OWE DIEM AJA DARITADI! Dalam Sejarah, Tionghoa adalah salah satu etnis di dunia yang paling heterogen. Ada orang Hokkien, Hakka, Tiociu, Kanton, Hinghua, dan lain sebagainya.

Ada yang mendukung Kuomintang, ada yang mendukung Gongchangdang, dan ada yang tradisional banget, juga ada yang modern banget, ada yang Kristen, Buddha, Tao, Konghucu, ateis pun ada.

Termasuk ada yang menonton Masterchef dan ada juga yang tidak tahu Masterchef itu apa sebenarnya, termasuk saya, saya gak ngikut.",0,51,ada yang modern banget,ada,yang kristen buddha tao,ada
"Kristen, Tionghoa","Orano Tionghoa yang gak nonton Masterchef Indonesia: OWE DIEM AJA DARITADI! Dalam Sejarah, Tionghoa adalah salah satu etnis di dunia yang paling heterogen. Ada orang Hokkien, Hakka, Tiociu, Kanton, Hinghua, dan lain sebagainya.

Ada yang mendukung Kuomintang, ada yang mendukung Gongchangdang, dan ada yang tradisional banget, juga ada yang modern banget, ada yang Kristen, Buddha, Tao, Konghucu, ateis pun ada.

Termasuk ada yang menonton Masterchef dan ada juga yang tidak tahu Masterchef itu apa sebenarnya, termasuk saya, saya gak ngikut.",0,59,tao konghucu ateis pun,ada,termasuk ada yang menonton,ada
"Kristen, Tionghoa","Orano Tionghoa yang gak nonton Masterchef Indonesia: OWE DIEM AJA DARITADI! Dalam Sejarah, Tionghoa adalah salah satu etnis di dunia yang paling heterogen. Ada orang Hokkien, Hakka, Tiociu, Kanton, Hinghua, dan lain sebagainya.

Ada yang mendukung Kuomintang, ada yang mendukung Gongchangdang, dan ada yang tradisional banget, juga ada yang modern banget, ada yang Kristen, Buddha, Tao, Konghucu, ateis pun ada.

Termasuk ada yang menonton Masterchef dan ada juga yang tidak tahu Masterchef itu apa sebenarnya, termasuk saya, saya gak ngikut.",0,61,ateis pun ada termasuk,ada,yang menonton masterchef dan,ada
"Kristen, Tionghoa","Orano Tionghoa yang gak nonton Masterchef Indonesia: OWE DIEM AJA DARITADI! Dalam Sejarah, Tionghoa adalah salah satu etnis di dunia yang paling heterogen. Ada orang Hokkien, Hakka, Tiociu, Kanton, Hinghua, dan lain sebagainya.

Ada yang mendukung Kuomintang, ada yang mendukung Gongchangdang, dan ada yang tradisional banget, juga ada yang modern banget, ada yang Kristen, Buddha, Tao, Konghucu, ateis pun ada.

Termasuk ada yang menonton Masterchef dan ada juga yang tidak tahu Masterchef itu apa sebenarnya, termasuk saya, saya gak ngikut.",0,66,yang menonton masterchef dan,ada,juga yang tidak tahu,ada
Tionghoa,Nama Nama Negara yang pertamai kali mengakui kemerdekaan bangsa I Ko Negara china gk ada ya yang slalu mengaku ngaku atas menamakan jual pancasila dan slalu di korupsinya dangan dikuasa 9 naga dan para titisannya PKI Oligarki sampai saat ini😂😂😂,1,14,ko negara china gk,ada,ya yang slalu mengaku,ada
UNKNOWN,"Fahmi F Muslim dan Jaman Keemasan Islam Berikut ini adalah artikel yang mungkin pernah anda jumpai. Suatu artikel yang membantah klaim jaman keemasan islam di bidang ilmu pengetahuan. Memang tidak dibahas secara detil. Ini juga yang terjadi dengan Abbassid. Apa bakat dan pencapaian dari Rumy, Ibn Arabi, Ibnu Sina dan pemikir2 lain yang terlahir sebagai muslim, yang ada hubungannya dengan Islam? Apa Quran mengajarkan Aljabar, Kimia, Biologi atau Astronomi? Muhammad saja salah dalam pembagian (truncated)",1,57,terlahir sebagai muslim yang,ada,hubungannya dengan islam apa,ada
Tionghoa,Assalamualaikum masih ingat dulu ada Gubernur cina menggusur rakyat DKI dgn kejam lalu datanglah gubernur turunan Yaman membangun kembali rumah mereka.,1,4,assalamualaikum masih ingat dulu,ada,gubernur cina menggusur rakyat,ada
Tionghoa,10 thn sdh Hutang ke cina Pabrik dari cina Pekerja dari cina Teknologi dari cina Ada yg bilang katanya ini PRIBUMI. MAU DI LANJUT apa PERUBAHAN.,1,15,cina teknologi dari cina,ada,yg bilang katanya ini,ada
Tionghoa,"Dari jaman nenek moyang kita dulu juga sudah ada pepatah nya, ""Carilah ilmu setinggi langit meskipun sampai ke negeri China sekalipun"" Makanya China sangat maju SDM dan ilmu pengetahuan serta teknologinya.",0,8,kita dulu juga sudah,ada,pepatah nya carilah ilmu,ada
"Kristen, Tionghoa","Balada 32 tahun negeriku: Menurut petunjuk bpk presiden,,, e e e e kita harus kencengkan ikat pinggang kemudian e e e kita tinggal landas dan e e e kita mengolah ragakan masyarakat dan memasyarakatkan olah raga, kemudian e e e e export non migas kita harus mengacuh pada pakto sebagai embrio dari pakno dan pakdes,,,, dan ujung²nya 1 $ US = Rp 17.500,- gadis² tionghoa lari pake daster ke bandara Sukarno Hatta, yg lain diperkosa, toko² dijarah, mahasiswa ada yg raib entah ke !!! Sekolahan Katolik yg dipimpin mantan pacarku diancam mau dibakar. 😉😉😉😉 Yang begini masih sering terngiang di telingaku sampai saat ini,,, aku sdh berusaha melupakannya tapi kalau melihat jemuran orang warna kuning ingatan itu selalu !!! Apalagi di saat² menjelang pemilu seperti sekarang. Semoga Pa Ganjar - Mahfud terpilih menjadi Presiden 2024 nanti, dan membuat NKRI disegani dan dihormati, sejuk dan damai.",1,77,diperkosa toko² dijarah mahasiswa,ada,yg raib entah ke,ada
UNKNOWN,"😱🇺🇸🇺🇸🕺🏻 Teman /Sobat "" Gaspol GP"" Tulisan ini untuk saling Sharing, semoga Ada Gunanya ... :🙏🏻🙏🙏 Pemilu 2024 ini merupakan Pemilu yang Sangat Mendebarkan dan Sangat Mencekam. Ini disebabkan karena ""Keterlibatan Amerika lewat CIA full 100℅ melalui jaringan LSM² dan pengusaha Regional"". 🙏🏻🙏🏻🙏🏻 Sebarkan ke seluruh penjuru  DEMI ANAK CUCU KITA KELAK PILIHLAH GANJAR PRANOWO 🩷🇮🇩🇮🇩",0,10,untuk saling sharing semoga,ada,gunanya pemilu 2024 ini,ada
Tionghoa,KALAU TDK MAU JADI BUDAK CINA TDK ADA CARA LAIN AMIN HRS MENANG,1,7,jadi budak cina tdk,ada,cara lain amin hrs,ada
Tionghoa,"Peringatan tegas untuk rezim Jokowi dan seluruh rakyat NKRI, belum ada Negara yg sebebas di Indonesia terhadap China Komunis, Nasehat dari Letjend. Purn. Sutioso mantan Kepala BIN... Jangan dianggap enteng saja, Krn negeri kita memang sdh tdk baik2 saja, Jangan sampai kita menyesal dihari !! 😇🌏😡😡",1,10,seluruh rakyat nkri belum,ada,negara yg sebebas di,ada
UNKNOWN,"Kawan-kawan ... Ini ada amatan Bagus, baca sampai tamat ... budayakan membaca ... Semoga Anda mulai paham peta geo politik. Tahun 2014, (truncated)",0,3,kawan kawan ini,ada,amatan bagus baca sampai,ada
Tionghoa,Apakah ada teman anda yang nyinyir terhadap China sambil teriakan bela Palestina?,1,1,apakah,ada,teman anda yang nyinyir,ada
Tionghoa,bpk ibunya yaman  yaman  yaman  yaman anis yaman anaknya keturunan yaman  NU  bpk nya china ibunya indonesia  dgn orang indonesia berartri ada trah indonesia . ganjar indonesia tulen . silahkan anda pilih,1,21,dgn orang indonesia berartri,ada,trah indonesia ganjar indonesia,ada
Tionghoa,"RELAWAN TIONGHOA KALIMANTAN BARAT DEKLARASIKAN DUKUNGAN UNTUK GANJAR DI PILPRES 2024 Menjunjung Tinggi Nilai-Nilai Toleransi, Ganjar Pranowo Dapatkan Dukungan Dari Relawan Tionghoa Kalimantan Barat. Dukungan Relawan Tionghoa Kalimantan Barat Kepada Ganjar Pranowo Menuju Pilpres 2024 Ini, Tak Lepas Dari Komitmen Ganjar Menjaga Keutuhan Republik Indonesia Dengan Keberagaman Suku Dan Budaya Yang Ada Di Tanah Air. Mengingat Sosok Ganjar Pranowo Adalah Pemimpin Yang Menjunjung Tinggi Nilai-Nilai Tolaransi Dan Tegas Menolak Politik Identitas. #RelawanTionghoakalimantanbarat #Tionghoa #Toleransi #RelawanGanjar #GanjarPranowo #GanjarPranowoPresiden2024 #Presiden2024 #GP #GPKalbarGarisKeras #GP24 #GPGarisKeras #SahabatGanjar #PolitikIndonesia #Kalimantan #pilpres2024 #capres2024 #pontianak #singkawang #kalbar #mempawah #like #likeforlikes #news #BeritaTerkini #BeritaViral #BeritaPolitik #politik #pemilu2024 #trending #viral",0,52,suku dan budaya yang,ada,di tanah air mengingat,ada
Tionghoa,Awas ada china dibelakangmu  sudah  ilusi dunia maya dalam dunia nyata nggak ada,1,1,awas,ada,china dibelakangmu sudah ilusi,ada
Disabilitas,"Elektabilitas Paslon 02 sebentar lagi terjun bebas gara2 Gemoy, joget, susu gratis, makan gratis, politik dinasti, cacat hukum, Ijazah dan tidak hadir",0,20,cacat hukum ijazah dan,tidak,hadir,tidak
"Kristen, Tionghoa","Orano Tionghoa yang gak nonton Masterchef Indonesia: OWE DIEM AJA DARITADI! Dalam Sejarah, Tionghoa adalah salah satu etnis di dunia yang paling heterogen. Ada orang Hokkien, Hakka, Tiociu, Kanton, Hinghua, dan lain sebagainya.

Ada yang mendukung Kuomintang, ada yang mendukung Gongchangdang, dan ada yang tradisional banget, juga ada yang modern banget, ada yang Kristen, Buddha, Tao, Konghucu, ateis pun ada.

Termasuk ada yang menonton Masterchef dan ada juga yang tidak tahu Masterchef itu apa sebenarnya, termasuk saya, saya gak ngikut.",0,69,dan ada juga yang,tidak,tahu masterchef itu apa,tidak
Jewish,"‎'‎כוד WR/HZ PM srae Netanyahu Perintahkan Pemimpin Arab untuk Diam Jika Negaranya Ingin Aman inilahcom‎'‎ Memasuki hari ke-38 agresi Israel ke Palestina, tampaknya PM Israel Benyamin Netanyahu tak berniat untuk gencatan senjata. Ia pun menolak seruan dari internasional untuk gencatan senjata di Gaza.

Setelah mengadakan pertemuan di Riyadh, Arab Saudi, para pemimpin Arab dan negara Islam dunia sepakat untuk menyerukan Israel melakukan gencatan senjata. 

Merespon hal itu, Netanyahu mengancam para pemimpin negara Arab untuk diam dan tidak ikut campur. Dia mengatakan, pasukan Israel akan terus melanjutkan pertempuran di Gaza.

""Saya katakan kepada pemimpin Arab, jika Anda ingin melindungi kepentingan Anda, maka Anda harus melakukan satu hal: diam!"" tegas Netanyahu dalam konferensi pers bersama Menhan Israel, Yoav Gallant dan pemimpin oposisi Israe, Benny Gantz, dikutip Hindustan Times, Senin (13/11/2023). 

-

Selengkapnya kunjungi website dengan klik link di bio atau download aplikasi di AppStore dan Google Play Store.

#inilahViral #viral #perdanamenteri #PM #Israel #benjaminnetanyahu #netanyahu #palestine #palestina #gaza #arabsaudi #saudiarabia #inilahcom #titiktengah #titikcerah",0,78,arab untuk diam dan,tidak,ikut campur dia mengatakan,tidak
Jewish,"CNBC INDONESIA McDonald's 5 Cabang McDonald's Dunia yang Bantah Sokong Tentara Israel Sejumlah cabang restoran cepat saji McDonald's di beberapa negara memberikan klarifikasi terkait kiriman makanan dan dukungan terhadap Israel.

Melansir dari Hindustan Times, McDonald's cabang Lebanon, Oman, Uni Emirat Arab (UAE), Turkiye, dan Kuwait menegaskan bahwa pihaknya tidak terlibat dalam pengiriman makanan untuk Israel Defense Forces (IDF) atau Pasukan Pertahanan Israel.

""McDonald's Lebanon menegaskan bahwa pemegang waralaba (franchise) di negara dan wilayah lain tidak mewakili pandangan atau posisi McDonald's Lebanon dengan cara apa pun,"" tulis McDonald's Lebanon dalam pernyataannya, dikutip Rabu (18/10/2023).

""McDonald's Lebanon tidak terlibat apa pun dalam tindakan yang diambil di pasar lain di luar Lebanon. Kami berkomitmen untuk bangsa kita dan rakyatnya dengan penuh rasa hormat dan solidaritas,"" lanjut pernyataan tersebut.

Sementara itu, McDonald's cabang Oman, UAE, Turkiye, dan Kuwait menegaskan bahwa pihaknya tidak ikut campur dalam pemberian makanan kepada IDF dan berada di pihak dukungan kepada Palestina.

Melalui pernyataan resmi, McDonald's Oman menuturkan bahwa pihaknya telah menyumbangkan US$100 ribu atau sekitar Rp1,57 miliar (asumsi kurs Rp15.742/US$) sebagai bantuan kepada masyarakat Gaza, Palestina.

#palestina",0,52,kuwait menegaskan bahwa pihaknya,tidak,terlibat dalam pengiriman makanan,tidak
Jewish,"CNBC INDONESIA McDonald's 5 Cabang McDonald's Dunia yang Bantah Sokong Tentara Israel Sejumlah cabang restoran cepat saji McDonald's di beberapa negara memberikan klarifikasi terkait kiriman makanan dan dukungan terhadap Israel.

Melansir dari Hindustan Times, McDonald's cabang Lebanon, Oman, Uni Emirat Arab (UAE), Turkiye, dan Kuwait menegaskan bahwa pihaknya tidak terlibat dalam pengiriman makanan untuk Israel Defense Forces (IDF) atau Pasukan Pertahanan Israel.

""McDonald's Lebanon menegaskan bahwa pemegang waralaba (franchise) di negara dan wilayah lain tidak mewakili pandangan atau posisi McDonald's Lebanon dengan cara apa pun,"" tulis McDonald's Lebanon dalam pernyataannya, dikutip Rabu (18/10/2023).

""McDonald's Lebanon tidak terlibat apa pun dalam tindakan yang diambil di pasar lain di luar Lebanon. Kami berkomitmen untuk bangsa kita dan rakyatnya dengan penuh rasa hormat dan solidaritas,"" lanjut pernyataan tersebut.

Sementara itu, McDonald's cabang Oman, UAE, Turkiye, dan Kuwait menegaskan bahwa pihaknya tidak ikut campur dalam pemberian makanan kepada IDF dan berada di pihak dukungan kepada Palestina.

Melalui pernyataan resmi, McDonald's Oman menuturkan bahwa pihaknya telah menyumbangkan US$100 ribu atau sekitar Rp1,57 miliar (asumsi kurs Rp15.742/US$) sebagai bantuan kepada masyarakat Gaza, Palestina.

#palestina",0,79,negara dan wilayah lain,tidak,mewakili pandangan atau posisi,tidak
Jewish,"CNBC INDONESIA McDonald's 5 Cabang McDonald's Dunia yang Bantah Sokong Tentara Israel Sejumlah cabang restoran cepat saji McDonald's di beberapa negara memberikan klarifikasi terkait kiriman makanan dan dukungan terhadap Israel.

Melansir dari Hindustan Times, McDonald's cabang Lebanon, Oman, Uni Emirat Arab (UAE), Turkiye, dan Kuwait menegaskan bahwa pihaknya tidak terlibat dalam pengiriman makanan untuk Israel Defense Forces (IDF) atau Pasukan Pertahanan Israel.

""McDonald's Lebanon menegaskan bahwa pemegang waralaba (franchise) di negara dan wilayah lain tidak mewakili pandangan atau posisi McDonald's Lebanon dengan cara apa pun,"" tulis McDonald's Lebanon dalam pernyataannya, dikutip Rabu (18/10/2023).

""McDonald's Lebanon tidak terlibat apa pun dalam tindakan yang diambil di pasar lain di luar Lebanon. Kami berkomitmen untuk bangsa kita dan rakyatnya dengan penuh rasa hormat dan solidaritas,"" lanjut pernyataan tersebut.

Sementara itu, McDonald's cabang Oman, UAE, Turkiye, dan Kuwait menegaskan bahwa pihaknya tidak ikut campur dalam pemberian makanan kepada IDF dan berada di pihak dukungan kepada Palestina.

Melalui pernyataan resmi, McDonald's Oman menuturkan bahwa pihaknya telah menyumbangkan US$100 ribu atau sekitar Rp1,57 miliar (asumsi kurs Rp15.742/US$) sebagai bantuan kepada masyarakat Gaza, Palestina.

#palestina",0,105,2023 mcdonald s lebanon,tidak,terlibat apa pun dalam,tidak
Jewish,"CNBC INDONESIA McDonald's 5 Cabang McDonald's Dunia yang Bantah Sokong Tentara Israel Sejumlah cabang restoran cepat saji McDonald's di beberapa negara memberikan klarifikasi terkait kiriman makanan dan dukungan terhadap Israel.

Melansir dari Hindustan Times, McDonald's cabang Lebanon, Oman, Uni Emirat Arab (UAE), Turkiye, dan Kuwait menegaskan bahwa pihaknya tidak terlibat dalam pengiriman makanan untuk Israel Defense Forces (IDF) atau Pasukan Pertahanan Israel.

""McDonald's Lebanon menegaskan bahwa pemegang waralaba (franchise) di negara dan wilayah lain tidak mewakili pandangan atau posisi McDonald's Lebanon dengan cara apa pun,"" tulis McDonald's Lebanon dalam pernyataannya, dikutip Rabu (18/10/2023).

""McDonald's Lebanon tidak terlibat apa pun dalam tindakan yang diambil di pasar lain di luar Lebanon. Kami berkomitmen untuk bangsa kita dan rakyatnya dengan penuh rasa hormat dan solidaritas,"" lanjut pernyataan tersebut.

Sementara itu, McDonald's cabang Oman, UAE, Turkiye, dan Kuwait menegaskan bahwa pihaknya tidak ikut campur dalam pemberian makanan kepada IDF dan berada di pihak dukungan kepada Palestina.

Melalui pernyataan resmi, McDonald's Oman menuturkan bahwa pihaknya telah menyumbangkan US$100 ribu atau sekitar Rp1,57 miliar (asumsi kurs Rp15.742/US$) sebagai bantuan kepada masyarakat Gaza, Palestina.

#palestina",0,148,kuwait menegaskan bahwa pihaknya,tidak,ikut campur dalam pemberian,tidak
Disabilitas,"Cinta buta tidak memberikan anak nilai2 kebenaran, ia hanya mengupayakan tahta dan kekayaan",0,2,cinta buta,tidak,memberikan anak nilai2 kebenaran,tidak
UNKNOWN,"Fahmi F Muslim dan Jaman Keemasan Islam Berikut ini adalah artikel yang mungkin pernah anda jumpai. Suatu artikel yang membantah klaim jaman keemasan islam di bidang ilmu pengetahuan. Memang tidak dibahas secara detil. Ini juga yang terjadi dengan Abbassid. Apa bakat dan pencapaian dari Rumy, Ibn Arabi, Ibnu Sina dan pemikir2 lain yang terlahir sebagai muslim, yang ada hubungannya dengan Islam? Apa Quran mengajarkan Aljabar, Kimia, Biologi atau Astronomi? Muhammad saja salah dalam pembagian (truncated)",1,29,bidang ilmu pengetahuan memang,tidak,dibahas secara detil ini,tidak
"Tionghoa, Jewish","*MUI HARAMKAN PRODUK ISRAEL* Namun, dia sendiri tanpa sadar telah menggunakan dan menikmati produk Israel Keturunan Yahudi itu sendiri😁😁 Beberapa nama produk Israel keturunan Yahudi : 1. Google. 2. Ini semua adalah produk buatan Israel, buatan Amerika sekutunya dan buatan Negara-negara lain keturunan Yahudi seperti Rusia, Inggris, Prancis, Kanada, Argentina dan beberapa negara lain yang termasuk sekutnya Juga Produk-produk tersebut dibuat dan diproduksi orang Negara China Lalu kenapa anda memakainya, dan kenapa anda menggunakannya❓ Kemudian jika MUI menganggap semua Produk Israel haram, sebaiknya diboikot semuanya dan tidak usah digunakan sama sekali saya rasa lebih adil kalau begitu. Namun jika ini hanya sekedar alasan atau tindakan bodoh saja, Melarang atau Mengharamkan semua produk Israel keturunan Yahudi dan Produk-produk Negara lain yang termasuk sekutunya, lalu dalam tanda kutip ""anda masih menggunakan sebagian juga"", berarti anda munafik tidak jujur mengakuinya🤣😂😂",1,87,sebaiknya diboikot semuanya dan,tidak,usah digunakan sama sekali,tidak
"Tionghoa, Jewish","*MUI HARAMKAN PRODUK ISRAEL* Namun, dia sendiri tanpa sadar telah menggunakan dan menikmati produk Israel Keturunan Yahudi itu sendiri😁😁 Beberapa nama produk Israel keturunan Yahudi : 1. Google. 2. Ini semua adalah produk buatan Israel, buatan Amerika sekutunya dan buatan Negara-negara lain keturunan Yahudi seperti Rusia, Inggris, Prancis, Kanada, Argentina dan beberapa negara lain yang termasuk sekutnya Juga Produk-produk tersebut dibuat dan diproduksi orang Negara China Lalu kenapa anda memakainya, dan kenapa anda menggunakannya❓ Kemudian jika MUI menganggap semua Produk Israel haram, sebaiknya diboikot semuanya dan tidak usah digunakan sama sekali saya rasa lebih adil kalau begitu. Namun jika ini hanya sekedar alasan atau tindakan bodoh saja, Melarang atau Mengharamkan semua produk Israel keturunan Yahudi dan Produk-produk Negara lain yang termasuk sekutunya, lalu dalam tanda kutip ""anda masih menggunakan sebagian juga"", berarti anda munafik tidak jujur mengakuinya🤣😂😂",1,136,juga berarti anda munafik,tidak,jujur mengakuinya,tidak
Tionghoa,"*MOHON DENGAN SANGAT ARTIKEL INI DI SHARE KE SEMUA RAKYAT INDONESIA COPY PASTE KE SEMUA GROUP MEDSOS SELANJUTNYA SHARE TERUS MENERUS SETIAP HARI HINGGA VIRAL KE SEMUA RAKYAT INDONESIA HUSUSNYA ORANG2 YANG TIDAK TAU POLITIK DAN TIDAK PEDULI KONDISI BANGSA DAN AGAMANYA!!!* *TAHAPAN SKENARIO CINA CAPLOK INDONESIA TANPA PERANG.* (Bukan hoax bisa di adu dengan data inteligent) *Tahap 1* Jkw tunjuk bos sinarmas sebagai wakil kepala IKN. Dan memerintahkan pengembang Cina seperti Agung Sedayu, Podomoro, Ciputra, Lippo dll untuk membangun pemukiman Cina di IKN. *BANGUN, SADAR DAN BANGKITLAH WAHAI ANAK BANGSA !*✍️🇮🇩✊ *AYO COPAS DAN SHARE KE SEMUA GROUP2 MEDSOS DEMI KESELAMATAN NEGARA, BANGSA, AGAMA DAN ANAK CUCU GENERASI KITA..& * SEMUA AKAN GAGAL TERLAKSANA JIKA ANIES PRESIDEN RI... !!!.*",1,32,indonesia hususnya orang2 yang,tidak,tau politik dan tidak,tidak
Tionghoa,"*MOHON DENGAN SANGAT ARTIKEL INI DI SHARE KE SEMUA RAKYAT INDONESIA COPY PASTE KE SEMUA GROUP MEDSOS SELANJUTNYA SHARE TERUS MENERUS SETIAP HARI HINGGA VIRAL KE SEMUA RAKYAT INDONESIA HUSUSNYA ORANG2 YANG TIDAK TAU POLITIK DAN TIDAK PEDULI KONDISI BANGSA DAN AGAMANYA!!!* *TAHAPAN SKENARIO CINA CAPLOK INDONESIA TANPA PERANG.* (Bukan hoax bisa di adu dengan data inteligent) *Tahap 1* Jkw tunjuk bos sinarmas sebagai wakil kepala IKN. Dan memerintahkan pengembang Cina seperti Agung Sedayu, Podomoro, Ciputra, Lippo dll untuk membangun pemukiman Cina di IKN. *BANGUN, SADAR DAN BANGKITLAH WAHAI ANAK BANGSA !*✍️🇮🇩✊ *AYO COPAS DAN SHARE KE SEMUA GROUP2 MEDSOS DEMI KESELAMATAN NEGARA, BANGSA, AGAMA DAN ANAK CUCU GENERASI KITA..& * SEMUA AKAN GAGAL TERLAKSANA JIKA ANIES PRESIDEN RI... !!!.*",1,36,tidak tau politik dan,tidak,peduli kondisi bangsa dan,tidak
UNKNOWN,"## Satu lagi hoax Islam: ## Lahirnya Para Ilmuwan Persia di Abad Pertengahan adalah berkat jasa Islam Satu lagi hoax Islam: Lahirnya Para Ilmuwan Persia di Abad Pertengahan adalah berkat jasa Islam Perlu anda ketahui, Ibnu Sina itu bukanlah beragama Islam, dia asalnya bangsa Persia yang beragama Zoroaster dan dia dipaksa masuk Islam agar tidak dibunuh oleh pasukan Islam yang menghancurkan kerajaan Persia yang beragama Zoroaster itu. Ibnu Sina adalah nama yang diberikan oleh penjajah Arab Islam, nama beliau sebenarnya dalah ""Avicenna"" yang berasal dari nama kitab suci Zoroaster ""Aveda"" yang artinya ""Api Suci"". Zoroaster adalah ajaran agama yang mensucikan dan menyembah Tuhan yang Esa dan ""Api"" sebagai simbolnya. Orang ini bahkan tidak bisa penjumlahan yang sederhana. Apa yang islam lakukan utk seni? Untuk musik? Apa yang nabi katakan tentang penyair? Apa pandangan (truncated)",1,52,dipaksa masuk islam agar,tidak,dibunuh oleh pasukan islam,tidak
UNKNOWN,"## Satu lagi hoax Islam: ## Lahirnya Para Ilmuwan Persia di Abad Pertengahan adalah berkat jasa Islam Satu lagi hoax Islam: Lahirnya Para Ilmuwan Persia di Abad Pertengahan adalah berkat jasa Islam Perlu anda ketahui, Ibnu Sina itu bukanlah beragama Islam, dia asalnya bangsa Persia yang beragama Zoroaster dan dia dipaksa masuk Islam agar tidak dibunuh oleh pasukan Islam yang menghancurkan kerajaan Persia yang beragama Zoroaster itu. Ibnu Sina adalah nama yang diberikan oleh penjajah Arab Islam, nama beliau sebenarnya dalah ""Avicenna"" yang berasal dari nama kitab suci Zoroaster ""Aveda"" yang artinya ""Api Suci"". Zoroaster adalah ajaran agama yang mensucikan dan menyembah Tuhan yang Esa dan ""Api"" sebagai simbolnya. Orang ini bahkan tidak bisa penjumlahan yang sederhana. Apa yang islam lakukan utk seni? Untuk musik? Apa yang nabi katakan tentang penyair? Apa pandangan (truncated)",1,110,simbolnya orang ini bahkan,tidak,bisa penjumlahan yang sederhana,tidak
Disabilitas,Pendukung GM jangan kompromi yang cacat hukum/ tidak legitimate,0,7,kompromi yang cacat hukum,tidak,legitimate,tidak
UNKNOWN,DEKAT LAHIR BATIN Mungkin anda tidak tahu. Kebiasaan Xijinping saat jadi Gubernur Pujian adalah tidur di rumah warga yang miskin. itu dia lakukan bukan sekali. By. Ddb.,0,5,lahir batin mungkin anda,tidak,tahu kebiasaan xijinping saat,tidak
UNKNOWN,Dekat lahir batin Mungkin anda tidak tahu. Kebiasaan Xijinping saat jadi Gubernur Fujian adalah tidur di rumah warga yang miskin. itu dia lakukan bukan sekali. Biarlah saya jadi rakyat jelantah. Berusaha menghidup diri sendiri.,0,5,lahir batin mungkin anda,tidak,tahu kebiasaan xijinping saat,tidak
Tionghoa,"*MEMILIH PEMIMPIN DENGAN PENUH JIWA BESAR BUKAN ATAS KEPENTINGAN PRIBADI ATAUPUN GOLONGAN* Sebagai anak bangsa Indonesia yang sadar betul punya tanggung jawab terhadap nasib bangsa dan negara Indonesia yang tercinta ini, dari nurani lubuk hati yang paling dalam tidak pernah rela seluruh anak cucu rakyat bangsa dan negara Indonesia dijajah dikuasai oleh Asing Aseng terkhusus seperti saat ini kita tengah dikuasai secara masif oleh Oligarki Pengusaha-pengusaha Cina dalam berbagai bidang yang disebut penjajahan gaya baru. Olehnya itu bangsa kita sangat membutuhkan seorang pemimpin yang bisa mencegah anak cucu kita semakin masif lagi dijajah oleh siapapun terutama Cina yang tengah kita rasakan saat sekarang ini, mari kita bersama-sama menyatukan langkah hati kita mencari jalan keluaarnya untuk mencegah anak cucu kita semakin dikuasai oleh Asing Aseng Cina kedepan. Menghadapi pemilihan Presiden 2024 yang tidak lama lagi akan dilaksanakan untuk memilih seorang Presiden pemimpin kita yang akan menggatikan Jokowi dengan harapan dapat membawa perubahan nasib bangsa Indonesia kedepan yang lebih baik lagi, untuk itu kita harus lebih berhati-hati cermat dan cerdas melihat memasang filter menyaring meneliti mencerna lebih kritis lagi untuk mengambil memilih seorang pemimpin. ikuti telusuri dengan hati pikiran yang jernih bukan atas kepentingan pribadi ataupun golongan tetapi secara obyektif dengan penuh rasa tanggung jawab kepada sesama manusia terutama kepada Allah SWT Tuhan pencipta alam semesta ini lihat telusuri semua REKAM JEJAK Anies Baswedan di media cetak dan media elektronik disitulah  Salam Perubahan untuk Indonesia lebih baik lagi. *Hasan Tuankotta ,H,U* Ketua Umum: Himpunan Semangat Usaha Masyarakat Maluku (HISUMMA)",1,38,hati yang paling dalam,tidak,pernah rela seluruh anak,tidak
Tionghoa,"*MEMILIH PEMIMPIN DENGAN PENUH JIWA BESAR BUKAN ATAS KEPENTINGAN PRIBADI ATAUPUN GOLONGAN* Sebagai anak bangsa Indonesia yang sadar betul punya tanggung jawab terhadap nasib bangsa dan negara Indonesia yang tercinta ini, dari nurani lubuk hati yang paling dalam tidak pernah rela seluruh anak cucu rakyat bangsa dan negara Indonesia dijajah dikuasai oleh Asing Aseng terkhusus seperti saat ini kita tengah dikuasai secara masif oleh Oligarki Pengusaha-pengusaha Cina dalam berbagai bidang yang disebut penjajahan gaya baru. Olehnya itu bangsa kita sangat membutuhkan seorang pemimpin yang bisa mencegah anak cucu kita semakin masif lagi dijajah oleh siapapun terutama Cina yang tengah kita rasakan saat sekarang ini, mari kita bersama-sama menyatukan langkah hati kita mencari jalan keluaarnya untuk mencegah anak cucu kita semakin dikuasai oleh Asing Aseng Cina kedepan. Menghadapi pemilihan Presiden 2024 yang tidak lama lagi akan dilaksanakan untuk memilih seorang Presiden pemimpin kita yang akan menggatikan Jokowi dengan harapan dapat membawa perubahan nasib bangsa Indonesia kedepan yang lebih baik lagi, untuk itu kita harus lebih berhati-hati cermat dan cerdas melihat memasang filter menyaring meneliti mencerna lebih kritis lagi untuk mengambil memilih seorang pemimpin. ikuti telusuri dengan hati pikiran yang jernih bukan atas kepentingan pribadi ataupun golongan tetapi secara obyektif dengan penuh rasa tanggung jawab kepada sesama manusia terutama kepada Allah SWT Tuhan pencipta alam semesta ini lihat telusuri semua REKAM JEJAK Anies Baswedan di media cetak dan media elektronik disitulah  Salam Perubahan untuk Indonesia lebih baik lagi. *Hasan Tuankotta ,H,U* Ketua Umum: Himpunan Semangat Usaha Masyarakat Maluku (HISUMMA)",1,133,pemilihan presiden 2024 yang,tidak,lama lagi akan dilaksanakan,tidak
Tionghoa,95% orang Tionghoa tidak akan pilih wowo trauma orba,1,3,95 orang tionghoa,tidak,akan pilih wowo trauma,tidak
UNKNOWN,"Solusi ketahanan pangan. Saya senang dengan cara Pak Ganjar menjawab soal ketahanan pangan ketika di tanya oleh mahasiswa. “ Dalam musawarah nasional PDIP, saya usulkan agar peran BULOG harus efektif. Dia tidak terjebak dengan populisme tetapi akal sehat dan kongkrit. Bukan ngambang dan tidak jelas seperit teman sebelah.",1,30,bulog harus efektif dia,tidak,terjebak dengan populisme tetapi,tidak
UNKNOWN,"Solusi ketahanan pangan. Saya senang dengan cara Pak Ganjar menjawab soal ketahanan pangan ketika di tanya oleh mahasiswa. “ Dalam musawarah nasional PDIP, saya usulkan agar peran BULOG harus efektif. Dia tidak terjebak dengan populisme tetapi akal sehat dan kongkrit. Bukan ngambang dan tidak jelas seperit teman sebelah.",1,42,kongkrit bukan ngambang dan,tidak,jelas seperit teman sebelah,tidak
Tionghoa,"Setinggi apapun jokowi kalian puji. Kalian sanjungan, namun faktanya, hutang luar negri meroket, harga Bbm naik. Tarif listrik naik, harga elpiji naik, harga sembako naik. Harga minyak goreng naik, pendidikan anjlok, impor pangan tak terbendung, hukum carut marut, agama di intervensi, demokrasi dikerdilkan, oligarki diktator merajalela, komunis tumbuh subur TKA cina komunis banjiri Indonesia, dgn fakta itu apa yg anda banggakan? Hampir selama 10 thn memimpin negara ini!? Tidak punya gagasan untuk menjadi negara mandiri, membangun negara dr hutang, sama dengan mewariskan hutang kpd anak cucu bangsa, mengendos capres tertentu sama arti nya melanjutkan kegagalannya, menjerumuskan bangsa ini kejurang kehancuran, kita warga indonesia yg masih punya akal sehat, mulai lah berfikir, rapatkan barisan, untuk mendukung capres yg berkomitmen untuk perubahan, agar Indonesia akan lebih baik.",1,68,thn memimpin negara ini,tidak,punya gagasan untuk menjadi,tidak
Tionghoa,"Nomor 2 pengen indonesia maju, padahal urus Ubi aja dak becus Nomor 3 mottonya ""rakyatku tuanku"" tapi malah budak cina dan Tidak menghargai SDM rakyat sendiri..",1,21,malah budak cina dan,tidak,menghargai sdm rakyat sendiri,tidak
Tionghoa,"PERANG HORIZONTAL DI DEPAN MATA. WASPADA... ‼️ WARGA cina sudah BERANI menguasai jalanan DGN MOBIL BER NOPOL negara CINA. ⁉️ Jika kamu tdk membela orang lain ketika hak mereka diinjak-injak, siapa yg akan membelamu ketika hakmu diinjak-injak⁉️ Lebih baik diasingkan daripada menyerah pada  #SALAM_AKAL_SEHAT💪 #SALAM_PERUBAHAN_PERBAIKAN utk #PERSATUAN_RI 😎✌💪",1,26,orang lain ketika hak,mereka,diinjak injak siapa yg,mereka
Tionghoa,Assalamualaikum masih ingat dulu ada Gubernur cina menggusur rakyat DKI dgn kejam lalu datanglah gubernur turunan Yaman membangun kembali rumah mereka.,1,20,yaman membangun kembali rumah,mereka,,mereka
Tionghoa,"INI BUAT PARA KADRUN YG SERING NUDUH PEMERINTA (PKI) DI SINI SEDIKIT GW JELASIN👇👇 Syaiful Sahab Jenderal jenderal loyalis Soekarno pun yang disebut sebagai pahlawan revolusi dan juga jutaan rakyat Indonesia adalah korban pembantaian Soeharto dengan dibantu intelejen barat. Satu satunya jenderal lulusan setara SD yang mudah dimancaatkan mafia barat. YUK MIKIIIIR Tuan mereka sedang berusaha untuk MENIHILKAN kebijakan kebijakan yang telah diproses PEMERINTAH INDONESIA. Isu Jokowi PKI lah, isu kebangkitan komunis lah, isu anti cina lah, dan lain (truncated)",1,53,barat yuk mikiiiir tuan,mereka,sedang berusaha untuk menihilkan,mereka
UNKNOWN,"Surat Terbuka Kepada Anies Baswedan. (Saya copas dari postingan seorang tokoh yang dekat dengan presiden Jokowi) Ibnu Maksum-Opini Anies Baswedan (IST) Smith Alhadar Direktur Eksekutif Institute for Democracy Education (IDe) Mas Anies yang baik , Dalam gelisah saya menulis surat ini saat banyak orang sedang terlelap dalam bekap mimpi yang merisaukan. Belum juga dikumandangkan adzan , ajakan berserah diri pada Tuhan, sebelum memulai kehidupan yg rumit Seringkali berat. Kalau para Gubernur sebelumnya iri hati pada mas Anies , itu lantaran mereka baru tahu bahwa kota bisa disulap dgn ide2 kreatif. Lebih daripada itu , mas Anies (truncated)",0,78,mas anies itu lantaran,mereka,baru tahu bahwa kota,mereka
Tionghoa,"Kenapa Komunis adalah mutlak sbg MUSUH PANCASILA? Karena faham komunisme bertolak belakang dgn Sila pertama, Ketuhanan Yang Maha Esa. Dikutip dari CNN Indonesia: Partai Komunis China (PKC) merupakan partai berkuasa Negeri Tirai Bambu. PKC secara resmi merupakan penganut ateis atau sebutan bagi orang yang tak percaya dengan keberadaan Tuhan. PKC juga mengimbau anggota partai dan keluarga mereka agar tak berpartisipasi secara publik dalam acara keagamaan. Pada 2017, media resmi PKC mewanti-wanti anggota mereka untuk tak percaya pada agama, menyebutkan sebagai ""anestesi spiritual."" Sumber:",1,56,anggota partai dan keluarga,mereka,agar tak berpartisipasi secara,mereka
Tionghoa,"Kenapa Komunis adalah mutlak sbg MUSUH PANCASILA? Karena faham komunisme bertolak belakang dgn Sila pertama, Ketuhanan Yang Maha Esa. Dikutip dari CNN Indonesia: Partai Komunis China (PKC) merupakan partai berkuasa Negeri Tirai Bambu. PKC secara resmi merupakan penganut ateis atau sebutan bagi orang yang tak percaya dengan keberadaan Tuhan. PKC juga mengimbau anggota partai dan keluarga mereka agar tak berpartisipasi secara publik dalam acara keagamaan. Pada 2017, media resmi PKC mewanti-wanti anggota mereka untuk tak percaya pada agama, menyebutkan sebagai ""anestesi spiritual."" Sumber:",1,73,pkc mewanti wanti anggota,mereka,untuk tak percaya pada,mereka
"Syiah, Tionghoa, Jewish","موت القلب اي طلاب الدنيا بعمل الأخرة matinya hati maksudnya adalah Mencari legalitas dunia dg dogma agama !!! SABDA Nabi Muhammad هلاك أمتي على يدي أغيلمة من قريش (رواه شيخان) hadits di atas riwayat Imam Bukhori & Imam Muslim yg di jamin keshahehannya, yg artinya; ""Hancurnya Ummatku ada pada ulah orang² yg mengaku dari bibit keturan Quraisy alias Ahlul China banyak muslimnya, ente yg koplak yg bawa2 nama besar Ahlul Bait, akhlak jauh dari akhlak Ahlul Bait !!! Hati ente sudah mati !!! موت القلب اي طلاب الدنيا بعمل الأخرة matinya hati maksudnya adalah Mencari legalitas dunia dg dogma agama !!! ENTE INI YG MEMBAWA KEHANCURAN PERADABAN ISLAM !!! jangan bodohi umat muslim negeri ini. Ingat Dawuhnya Nabi Muhammad هلاك أمتي على يدي أغيلمة من قريش (رواه شيخان) hadits di atas riwayat Imam Bukhori & Imam Muslim yg di jamin keshahehannya, yg artinya; ""Hancurnya Ummatku ada pada ulah2 orang yg mengaku dari bibit keturan Quraisy alias Ahlul Bait"". Ente liahat tarikhul Islam juz IV muallig Dotor Hasan Ibrahi Hasan cetakan MAKTABAH ANNAHDLATUL MISRIYAH, 1967. keturunannya banyak menyebar di YAMAN, dan mereka pernah membunuh pendakwah yg ditugaskan oleh Salahuddin Al-Ayyubi di Yaman akhirnya oleh Salahudin al Ayubi di balas dg setimpal sampai hancurlah kekuasaan Daulah Fatimiyah di Mesir, yg kemudian keturunan mereka berbondong-bondong masuk Yaman, dlm pekembangan selanjutnya di Yaman ada penggabungan ajaran syiah dg sunni jadilah syiah Zaidiyah. Ente tes DNA buktikan !!! pasti 100% jauh dari keturunan Arab Quraisy, pasti darah Yahudi yg paling banyak nempel di darah ente !!!.China banyak muslimnya, ente yg koplak yg bawa2 nama besar Ahlul Bait, akhlak jauh dari akhlak Ahlul Bait !!! Hati ente sudah mati !!! موت القلب اي طلاب الدنيا بعمل الأخرة matinya hati maksudnya adalah Mencari legalitas dunia dg dogma agama !!! ENTE INI YG (truncated)",1,173,menyebar di yaman dan,mereka,pernah membunuh pendakwah yg,mereka
"Syiah, Tionghoa, Jewish","موت القلب اي طلاب الدنيا بعمل الأخرة matinya hati maksudnya adalah Mencari legalitas dunia dg dogma agama !!! SABDA Nabi Muhammad هلاك أمتي على يدي أغيلمة من قريش (رواه شيخان) hadits di atas riwayat Imam Bukhori & Imam Muslim yg di jamin keshahehannya, yg artinya; ""Hancurnya Ummatku ada pada ulah orang² yg mengaku dari bibit keturan Quraisy alias Ahlul China banyak muslimnya, ente yg koplak yg bawa2 nama besar Ahlul Bait, akhlak jauh dari akhlak Ahlul Bait !!! Hati ente sudah mati !!! موت القلب اي طلاب الدنيا بعمل الأخرة matinya hati maksudnya adalah Mencari legalitas dunia dg dogma agama !!! ENTE INI YG MEMBAWA KEHANCURAN PERADABAN ISLAM !!! jangan bodohi umat muslim negeri ini. Ingat Dawuhnya Nabi Muhammad هلاك أمتي على يدي أغيلمة من قريش (رواه شيخان) hadits di atas riwayat Imam Bukhori & Imam Muslim yg di jamin keshahehannya, yg artinya; ""Hancurnya Ummatku ada pada ulah2 orang yg mengaku dari bibit keturan Quraisy alias Ahlul Bait"". Ente liahat tarikhul Islam juz IV muallig Dotor Hasan Ibrahi Hasan cetakan MAKTABAH ANNAHDLATUL MISRIYAH, 1967. keturunannya banyak menyebar di YAMAN, dan mereka pernah membunuh pendakwah yg ditugaskan oleh Salahuddin Al-Ayyubi di Yaman akhirnya oleh Salahudin al Ayubi di balas dg setimpal sampai hancurlah kekuasaan Daulah Fatimiyah di Mesir, yg kemudian keturunan mereka berbondong-bondong masuk Yaman, dlm pekembangan selanjutnya di Yaman ada penggabungan ajaran syiah dg sunni jadilah syiah Zaidiyah. Ente tes DNA buktikan !!! pasti 100% jauh dari keturunan Arab Quraisy, pasti darah Yahudi yg paling banyak nempel di darah ente !!!.China banyak muslimnya, ente yg koplak yg bawa2 nama besar Ahlul Bait, akhlak jauh dari akhlak Ahlul Bait !!! Hati ente sudah mati !!! موت القلب اي طلاب الدنيا بعمل الأخرة matinya hati maksudnya adalah Mencari legalitas dunia dg dogma agama !!! ENTE INI YG (truncated)",1,204,mesir yg kemudian keturunan,mereka,berbondong bondong masuk yaman,mereka
UNKNOWN,"Pernah dengar : revolusi memakan anaknya sendiri ? Revolusi mengakibatkan korban bukan hanya orang lain, tetapi juga keluarga sendiri. Revolusi memporakporandakan tatanan yang mapan, menimbulkan banyak ketidaknyamanan. Bagaimana dengan demokrasi ? Demokrasi terwujud juga tergantung kepada siapa yang paling berkepentingan, atas nama rakyat tapi demi kepentingan modal, demi oligarki, demi rezim bahkan demi perseorangan. Disinilah yang saya maksud situasi krusial, situasi politik yang dianalisa : Meski partai pengusung Jokowi sbg presiden 2 periode sudah mencalonkan Ganjar Pranowo penerusnya, akankah ditinggalkan Jokowi demi sang anak yang digadang-gadang sebagai cawapresnya Prabowo Subianto, lawan yang gagal berkuasa selama perebutan 3 periode ? Dengan alasan lebih memberi jaminan kepastian bahwa anaknya Gibran sebagai cawapres dan capres Prabowo Subianto yang lebih dulu mengumbar akan jaminan keberlangsungan gagasan Jokowi, maka Gibran direlakan dan genderang perteruan dgn PDIP akan ditabuh Akankah Jokowi termakan oleh 'jebakan' halus penuh pujian Prabowo Subianto ? Tentang keputusan batas umur kandidat presiden/wakil presiden oleh MK dan detik-detik pendaftaran capres/wacapres hingga 25 Oktober 2024 ini Permasalahan analisa politik ini menjadikan pergunjingan setiap orang yang 'melek' politik, apalagi mereka yang tergabung dalam grup-grup media sosial atau relawan, belum lagi kelompok-kelompok yang berkepentingan termasuk partai politik. Saya menilai, sungguh pertaruhan besar eksistensi Jokowi yang selama ini cantik, akankah terdegradasi stlh 16-25 Oktober 2024 Wawlohualambisawab",0,172,yang melek politik apalagi,mereka,yang tergabung dalam grup,mereka
UNKNOWN,"ORANG CERDAS TIDAK BACA PASTI MENYESAL Surat Terbuka Kepada Anies Baswedan _(Saya copas dari postingan seorang tokoh yang dekat dengan presiden Jokowi)_v Ibnu Maksum-Opini Anies Baswedan (IST) Smith Alhadar Direktur Eksekutif Institute for Democracy Education (IDe) Mas Anies yang baik , Dalam gelisah saya menulis surat ini saat banyak orang sedang terlelap dalam bekap mimpi yang merisaukan. Belum juga dikumandangkan adzan , ajakan berserah diri pada Tuhan, sebelum memulai kehidupan yg rumit Seringkali berat. Tadi, saat saya membuka layar HP , berita pertama yg saya temukan adalah deklarasi “Anies for President” di sebuah daerah yg jauh. Pemberhentian bus jadi tontonan yg mengasyikan karena menghadirkan kemoderenan yg dulu hanya terlihat di film2 Hollywood. Kalau para Gubernur sebelumnya iri hati pada mas Anies , itu lantaran mereka baru tahu bahwa kota bisa disulap dgn ide2 (truncated)",0,123,mas anies itu lantaran,mereka,baru tahu bahwa kota,mereka
Tionghoa,"LANJUTKAN GIRLS ❤️
.
.

Ganda putri Indonesia Apriyani Rahayu/Siti Fadia Silva Ramadhanti menjaga momentum baik dan kepercayaan diri mereka seusai memastikan tiket ke partai perempat final turnamen China Open 2023.

Apri/Fadia memastikan posisi tersebut setelah mengalahkan ganda putri Korea Selatan Jeong Na Eun/Kim Hye Jeong dua gim langsung 21-16, 21-18 pada babak 16 besar China Open 2023 di Olympic Sports Center Gymnasium Changzhou, Kamis.

“Pastinya kami menjalani proses menang dan kalah. Kami ada di fase menurun tahun ini tapi kami coba balik lagi di Kejuaraan Dunia kemarin dan alhamdulillah sudah mulai terlihat hasilnya. Kami akan terus membawa yang baik, kepercayaan diri ini harus dijaga pun dengan komunikasi,” kata Apriyani dikutip dari keterangan tertulis PBSI.

Lebih lanjut, ganda putri peraih medali perak Kejuaraan Dunia 2023 itu mengatakan Jeong/Kim merupakan pasangan ganda putri yang gesit dan ulet, sehingga mereka harus menjaga agar Jeong/Kim tidak bermain dalam zona nyaman mereka.

“Kami memang meladeni dulu ajakan drive-drive mereka, reli-reli mereka tapi kami harus sabar dan tidak terburu-buru, sambil mencari kesempatan untuk membongkar rapatnya mereka,” ujar Apriyani.

Sependapat, Fadia mengungkapkan mereka berdua telah mempelajari pola permainan lawan sebelumnya, sehingga bisa tampil lebih siap di babak kedua turnamen BWF Super 1000 itu.

“Kami memang lebih siap dan sudah tahu harus bermain seperti apa. Tidak mau berpikir terlalu jauh yang membuat permainan kami malah ragu-ragu. Itu yang cukup terasa berbeda sekarang,” ujar Fadia menambahkan",0,17,baik dan kepercayaan diri,mereka,seusai memastikan tiket ke,mereka
Tionghoa,"LANJUTKAN GIRLS ❤️
.
.

Ganda putri Indonesia Apriyani Rahayu/Siti Fadia Silva Ramadhanti menjaga momentum baik dan kepercayaan diri mereka seusai memastikan tiket ke partai perempat final turnamen China Open 2023.

Apri/Fadia memastikan posisi tersebut setelah mengalahkan ganda putri Korea Selatan Jeong Na Eun/Kim Hye Jeong dua gim langsung 21-16, 21-18 pada babak 16 besar China Open 2023 di Olympic Sports Center Gymnasium Changzhou, Kamis.

“Pastinya kami menjalani proses menang dan kalah. Kami ada di fase menurun tahun ini tapi kami coba balik lagi di Kejuaraan Dunia kemarin dan alhamdulillah sudah mulai terlihat hasilnya. Kami akan terus membawa yang baik, kepercayaan diri ini harus dijaga pun dengan komunikasi,” kata Apriyani dikutip dari keterangan tertulis PBSI.

Lebih lanjut, ganda putri peraih medali perak Kejuaraan Dunia 2023 itu mengatakan Jeong/Kim merupakan pasangan ganda putri yang gesit dan ulet, sehingga mereka harus menjaga agar Jeong/Kim tidak bermain dalam zona nyaman mereka.

“Kami memang meladeni dulu ajakan drive-drive mereka, reli-reli mereka tapi kami harus sabar dan tidak terburu-buru, sambil mencari kesempatan untuk membongkar rapatnya mereka,” ujar Apriyani.

Sependapat, Fadia mengungkapkan mereka berdua telah mempelajari pola permainan lawan sebelumnya, sehingga bisa tampil lebih siap di babak kedua turnamen BWF Super 1000 itu.

“Kami memang lebih siap dan sudah tahu harus bermain seperti apa. Tidak mau berpikir terlalu jauh yang membuat permainan kami malah ragu-ragu. Itu yang cukup terasa berbeda sekarang,” ujar Fadia menambahkan",0,140,gesit dan ulet sehingga,mereka,harus menjaga agar jeong,mereka
Tionghoa,"LANJUTKAN GIRLS ❤️
.
.

Ganda putri Indonesia Apriyani Rahayu/Siti Fadia Silva Ramadhanti menjaga momentum baik dan kepercayaan diri mereka seusai memastikan tiket ke partai perempat final turnamen China Open 2023.

Apri/Fadia memastikan posisi tersebut setelah mengalahkan ganda putri Korea Selatan Jeong Na Eun/Kim Hye Jeong dua gim langsung 21-16, 21-18 pada babak 16 besar China Open 2023 di Olympic Sports Center Gymnasium Changzhou, Kamis.

“Pastinya kami menjalani proses menang dan kalah. Kami ada di fase menurun tahun ini tapi kami coba balik lagi di Kejuaraan Dunia kemarin dan alhamdulillah sudah mulai terlihat hasilnya. Kami akan terus membawa yang baik, kepercayaan diri ini harus dijaga pun dengan komunikasi,” kata Apriyani dikutip dari keterangan tertulis PBSI.

Lebih lanjut, ganda putri peraih medali perak Kejuaraan Dunia 2023 itu mengatakan Jeong/Kim merupakan pasangan ganda putri yang gesit dan ulet, sehingga mereka harus menjaga agar Jeong/Kim tidak bermain dalam zona nyaman mereka.

“Kami memang meladeni dulu ajakan drive-drive mereka, reli-reli mereka tapi kami harus sabar dan tidak terburu-buru, sambil mencari kesempatan untuk membongkar rapatnya mereka,” ujar Apriyani.

Sependapat, Fadia mengungkapkan mereka berdua telah mempelajari pola permainan lawan sebelumnya, sehingga bisa tampil lebih siap di babak kedua turnamen BWF Super 1000 itu.

“Kami memang lebih siap dan sudah tahu harus bermain seperti apa. Tidak mau berpikir terlalu jauh yang membuat permainan kami malah ragu-ragu. Itu yang cukup terasa berbeda sekarang,” ujar Fadia menambahkan",0,151,bermain dalam zona nyaman,mereka,kami memang meladeni dulu,mereka
Tionghoa,"LANJUTKAN GIRLS ❤️
.
.

Ganda putri Indonesia Apriyani Rahayu/Siti Fadia Silva Ramadhanti menjaga momentum baik dan kepercayaan diri mereka seusai memastikan tiket ke partai perempat final turnamen China Open 2023.

Apri/Fadia memastikan posisi tersebut setelah mengalahkan ganda putri Korea Selatan Jeong Na Eun/Kim Hye Jeong dua gim langsung 21-16, 21-18 pada babak 16 besar China Open 2023 di Olympic Sports Center Gymnasium Changzhou, Kamis.

“Pastinya kami menjalani proses menang dan kalah. Kami ada di fase menurun tahun ini tapi kami coba balik lagi di Kejuaraan Dunia kemarin dan alhamdulillah sudah mulai terlihat hasilnya. Kami akan terus membawa yang baik, kepercayaan diri ini harus dijaga pun dengan komunikasi,” kata Apriyani dikutip dari keterangan tertulis PBSI.

Lebih lanjut, ganda putri peraih medali perak Kejuaraan Dunia 2023 itu mengatakan Jeong/Kim merupakan pasangan ganda putri yang gesit dan ulet, sehingga mereka harus menjaga agar Jeong/Kim tidak bermain dalam zona nyaman mereka.

“Kami memang meladeni dulu ajakan drive-drive mereka, reli-reli mereka tapi kami harus sabar dan tidak terburu-buru, sambil mencari kesempatan untuk membongkar rapatnya mereka,” ujar Apriyani.

Sependapat, Fadia mengungkapkan mereka berdua telah mempelajari pola permainan lawan sebelumnya, sehingga bisa tampil lebih siap di babak kedua turnamen BWF Super 1000 itu.

“Kami memang lebih siap dan sudah tahu harus bermain seperti apa. Tidak mau berpikir terlalu jauh yang membuat permainan kami malah ragu-ragu. Itu yang cukup terasa berbeda sekarang,” ujar Fadia menambahkan",0,159,dulu ajakan drive drive,mereka,reli reli mereka tapi,mereka
Tionghoa,"LANJUTKAN GIRLS ❤️
.
.

Ganda putri Indonesia Apriyani Rahayu/Siti Fadia Silva Ramadhanti menjaga momentum baik dan kepercayaan diri mereka seusai memastikan tiket ke partai perempat final turnamen China Open 2023.

Apri/Fadia memastikan posisi tersebut setelah mengalahkan ganda putri Korea Selatan Jeong Na Eun/Kim Hye Jeong dua gim langsung 21-16, 21-18 pada babak 16 besar China Open 2023 di Olympic Sports Center Gymnasium Changzhou, Kamis.

“Pastinya kami menjalani proses menang dan kalah. Kami ada di fase menurun tahun ini tapi kami coba balik lagi di Kejuaraan Dunia kemarin dan alhamdulillah sudah mulai terlihat hasilnya. Kami akan terus membawa yang baik, kepercayaan diri ini harus dijaga pun dengan komunikasi,” kata Apriyani dikutip dari keterangan tertulis PBSI.

Lebih lanjut, ganda putri peraih medali perak Kejuaraan Dunia 2023 itu mengatakan Jeong/Kim merupakan pasangan ganda putri yang gesit dan ulet, sehingga mereka harus menjaga agar Jeong/Kim tidak bermain dalam zona nyaman mereka.

“Kami memang meladeni dulu ajakan drive-drive mereka, reli-reli mereka tapi kami harus sabar dan tidak terburu-buru, sambil mencari kesempatan untuk membongkar rapatnya mereka,” ujar Apriyani.

Sependapat, Fadia mengungkapkan mereka berdua telah mempelajari pola permainan lawan sebelumnya, sehingga bisa tampil lebih siap di babak kedua turnamen BWF Super 1000 itu.

“Kami memang lebih siap dan sudah tahu harus bermain seperti apa. Tidak mau berpikir terlalu jauh yang membuat permainan kami malah ragu-ragu. Itu yang cukup terasa berbeda sekarang,” ujar Fadia menambahkan",0,162,drive mereka reli reli,mereka,tapi kami harus sabar,mereka
Tionghoa,"LANJUTKAN GIRLS ❤️
.
.

Ganda putri Indonesia Apriyani Rahayu/Siti Fadia Silva Ramadhanti menjaga momentum baik dan kepercayaan diri mereka seusai memastikan tiket ke partai perempat final turnamen China Open 2023.

Apri/Fadia memastikan posisi tersebut setelah mengalahkan ganda putri Korea Selatan Jeong Na Eun/Kim Hye Jeong dua gim langsung 21-16, 21-18 pada babak 16 besar China Open 2023 di Olympic Sports Center Gymnasium Changzhou, Kamis.

“Pastinya kami menjalani proses menang dan kalah. Kami ada di fase menurun tahun ini tapi kami coba balik lagi di Kejuaraan Dunia kemarin dan alhamdulillah sudah mulai terlihat hasilnya. Kami akan terus membawa yang baik, kepercayaan diri ini harus dijaga pun dengan komunikasi,” kata Apriyani dikutip dari keterangan tertulis PBSI.

Lebih lanjut, ganda putri peraih medali perak Kejuaraan Dunia 2023 itu mengatakan Jeong/Kim merupakan pasangan ganda putri yang gesit dan ulet, sehingga mereka harus menjaga agar Jeong/Kim tidak bermain dalam zona nyaman mereka.

“Kami memang meladeni dulu ajakan drive-drive mereka, reli-reli mereka tapi kami harus sabar dan tidak terburu-buru, sambil mencari kesempatan untuk membongkar rapatnya mereka,” ujar Apriyani.

Sependapat, Fadia mengungkapkan mereka berdua telah mempelajari pola permainan lawan sebelumnya, sehingga bisa tampil lebih siap di babak kedua turnamen BWF Super 1000 itu.

“Kami memang lebih siap dan sudah tahu harus bermain seperti apa. Tidak mau berpikir terlalu jauh yang membuat permainan kami malah ragu-ragu. Itu yang cukup terasa berbeda sekarang,” ujar Fadia menambahkan",0,177,kesempatan untuk membongkar rapatnya,mereka,ujar apriyani sependapat fadia,mereka
Tionghoa,"LANJUTKAN GIRLS ❤️
.
.

Ganda putri Indonesia Apriyani Rahayu/Siti Fadia Silva Ramadhanti menjaga momentum baik dan kepercayaan diri mereka seusai memastikan tiket ke partai perempat final turnamen China Open 2023.

Apri/Fadia memastikan posisi tersebut setelah mengalahkan ganda putri Korea Selatan Jeong Na Eun/Kim Hye Jeong dua gim langsung 21-16, 21-18 pada babak 16 besar China Open 2023 di Olympic Sports Center Gymnasium Changzhou, Kamis.

“Pastinya kami menjalani proses menang dan kalah. Kami ada di fase menurun tahun ini tapi kami coba balik lagi di Kejuaraan Dunia kemarin dan alhamdulillah sudah mulai terlihat hasilnya. Kami akan terus membawa yang baik, kepercayaan diri ini harus dijaga pun dengan komunikasi,” kata Apriyani dikutip dari keterangan tertulis PBSI.

Lebih lanjut, ganda putri peraih medali perak Kejuaraan Dunia 2023 itu mengatakan Jeong/Kim merupakan pasangan ganda putri yang gesit dan ulet, sehingga mereka harus menjaga agar Jeong/Kim tidak bermain dalam zona nyaman mereka.

“Kami memang meladeni dulu ajakan drive-drive mereka, reli-reli mereka tapi kami harus sabar dan tidak terburu-buru, sambil mencari kesempatan untuk membongkar rapatnya mereka,” ujar Apriyani.

Sependapat, Fadia mengungkapkan mereka berdua telah mempelajari pola permainan lawan sebelumnya, sehingga bisa tampil lebih siap di babak kedua turnamen BWF Super 1000 itu.

“Kami memang lebih siap dan sudah tahu harus bermain seperti apa. Tidak mau berpikir terlalu jauh yang membuat permainan kami malah ragu-ragu. Itu yang cukup terasa berbeda sekarang,” ujar Fadia menambahkan",0,183,apriyani sependapat fadia mengungkapkan,mereka,berdua telah mempelajari pola,mereka
Tionghoa,"B|INTERNASIONAL INTERNASIONAL China dan Filipina Bentrok di Laut China Selatan, AS Ancam Bakal Ikut Campur Foto: Reuters AS mau ikut-ikutan perseteruan Filipina?

Presiden Amerika Serikat (AS) Joe Biden memperingatkan China bahwa AS terpaksa melakukan intervensi jika China menyerang kapal-kapal Filipina di Laut China Selatan, setelah adanya dua tabrakan yang terpisah di perairan yang disengketakan tersebut. 

Biden dalam konferensi persnya di Gedung Putih, menuturkan bahwa dalam seminggu terakhir kapal-kapal China memlakukan tindakan berbahaya dan melanggar hukum ketika Filipina, yang diklaim Biden sebagai negara sahabatnya, menjalankan misi rutin pengadaan pasokan di dalam zona ekonomi eksklusif mereka sendiri di Laut China Selatan.

""Setiap serangan terhadap pesawat terbang, kapal, atau angkatan bersenjata Filipina akan melanggar Perjanjian Pertahanan Bersama kami dengan Filipina,” jelas Biden, yang juga menegaskan komitmen pertahanan AS terhadap Filipina yang kuat, dikutip dari Bloomberg, Kamis (26/10/2023). 

Diketahui bahwa kapal Penjaga Pantai China bertabrakan dengan kapal pasokan yang dikontrak Filipina, ketika kapal tersebut menuju ke sebuah kapal era Perang Dunia II yang berkarat di Second Thomas Shoal, lebih dari dua dekade yang lalu.

Baca selengkapnya di linkinbio atau kunjungi Bisniscom ya Sobat Bisnis!

#bisniscom #topnewsbisnicom #ekonomi #bisnis #Internasional #Investasi #Market #Presiden #Jokowi #Pemilu #AS",0,97,dalam zona ekonomi eksklusif,mereka,sendiri di laut china,mereka
Tionghoa,"CNBC INDONESIA Terkuak! Luhut Tahu Dalang Ekspor Juta 5JuCn Ton Nikel ke China Menko Marves Luhut Pandjaitan menyatakan bahwa pihaknya sudah berkoordinasi dengan KPK terkait dugaan ekspor bijih nikel ilegal sebesar 5 juta ton ke China.

Luhut menyebut, ekspor bijih nikel ilegal tersebut berasal dari Kalimantan Selatan.

""Yang 5,1 juta ton itu kan? Sekarang ini dengan digitalisasi itu sudah kita bicara dengan KPK. KPK sudah telepon saya menjelaskan karena mereka yang dapat dengan kami, karena semua digitalize, kita sudah urut dari China mana asalnya itu, asalnya itu dari Kalimantan Selatan,"" tutur Luhut di Jakarta, dikutip Senin (11/10/2023).

Luhut menegaskan, pihaknya sudah mengetahui pelakunya. ""Siapa anunya, kita sudah tahu semua,"" ucapnya.

Namun, lanjutnya, pihaknya kini juga tengah menyelidiki bijih nikel yang tercampur pada ekspor besi baja (iron).

Oleh karena itu, pemerintah kini sedang mengupayakan agar semua sistem pencatatan dan pengawasan digitalisasi, sehingga mudah dilacak.

Selengkapnya di  atau klik link di bio
---
#luhutpandjaitan #nikel #ekspor #china #menkomarves #kpk",0,70,telepon saya menjelaskan karena,mereka,yang dapat dengan kami,mereka
Tionghoa,"Tren baru, remaja di China pacaran dengan Al karena lebih suka virtual. AHQUOTE Sebuah tren menarik telah muncul di China, di mana sejumlah remaja telah beralih ke hubungan percintaan virtual dengan kecerdasan buatan (Al). Melalui pengembangan teknologi pesan Al, robot kini dapat merespons pesan secara pribadi, yang disebut 'chatbot!

Chatbot seperti Replica (yang dimiliki oleh Microsoft) dan Xiaoice (sebuah startup asal China) diprogram untuk mempelajari pengguna secara mendalam, termasuk topik percakapan sebelumnya, gaya berkomunikasi, dan bahkan media sosial yang terdaftar, untuk menghindari terjadinya luka emosional saat berinteraksi dengan mereka.

Untuk beberapa individu, terlibat dalam hubungan romantis bisa menjadi rumit, terutama jika hubungan tersebut 'toxic', yang dapat menyebabkan kelelahan emosional yang berat. Oleh karena itu, tidaklah mengherankan jika beberapa orang muda berupaya mencari cara pacaran yang lebih 'sehat', bahkan melalui cara-cara di luar batas akal, seperti terlibat dalam hubungan percintaan virtual atau bahkan memiliki pasangan robot Al.

Gimana menurut kalian?

#china #ai #robot #virtual",0,88,emosional saat berinteraksi dengan,mereka,untuk beberapa individu terlibat,mereka
Tionghoa,"P CHINA. daya நல China Music Data @ChinaMusicData @aespa_official finally has eligible digital copies to buy in China, their record label has made a contract with Chinese music platforms. Kabar baik 🥺🥺🥺

aespa akhirnya memiliki digital copies (salinan digital) yang memenuhi syarat untuk dibeli di Tiongkok, label rekaman mereka telah membuat kontrak dengan platform musik Tiongkok. 

Jadi ada beberapa artis kpop tidak ada salinan digital untuk di jual di China. Nah sekarang udah bisa

Cr ChinaMusicData

🦄",0,47,di tiongkok label rekaman,mereka,telah membuat kontrak dengan,mereka
Tionghoa,"Beberapa waktu lalu menyebar kabar heboh di China mengenai pemberlakuan hukum baru dari Public Security Administration Punishment Law, dan bagaimana ini benar-benar memberi dampak besar kepada mereka yang memiliki profesi serta hobi sebagai cosplayer.

Lebih spesifiknya hukum tersebut diberlakukan sebagai upaya untuk menindaklanjuti aktivitas cosplay yang dirasa merusak jiwa nasionalisme warga China.

Melalui laporan dari Wanuxi, saat ini hukum baru yang berusaha diterapkan tersebut sedang dalam tahap pengamatan lebih lanjut, tapi yang jelas ada dua ketentuan baru yang cukup penting untuk diperhatikan dalam Article 34.

• Mengenakan kostum, atau simbol, atau memaksa orang lain mengenakannya di tempat publik merusak jiwa dan perasaan nasionalisme bangsa China.

• Terlibat dalam aktivitas yang merusak lingkungan dan atmosfer saat memperingati pahlawan dan martir di tempat umum.

🔸Top Up Game Genshin Impact, Honkai Impact 3rd, FIFA, Mobile Legend, Free Fire dan Game lainnya di @updateanimetopup atau 

𝐏𝐨𝐬𝐭𝐞𝐝 𝐛𝐲 Yuketo

𝐒𝐨𝐮𝐫𝐜𝐞: Gamerwk
#updateanime #anime #otaku #weebs #taugaksih #cosplay #china #cosplayer #cosplayers #tiongkok #cosplaytiongkok #cosplayertiongkok Beberapa waktu lalu menyebar kabar heboh di China mengenai pemberlakuan hukum baru dari Public Security Administration Punishment Law, dan bagaimana ini benar-benar memberi dampak besar kepada mereka yang memiliki profesi serta hobi sebagai cosplayer.

Lebih spesifiknya hukum tersebut diberlakukan sebagai upaya untuk menindaklanjuti aktivitas cosplay yang dirasa merusak jiwa nasionalisme warga China.

Melalui laporan dari Wanuxi, saat ini hukum baru yang berusaha diterapkan tersebut sedang dalam tahap pengamatan lebih lanjut, tapi yang jelas ada dua ketentuan baru yang cukup penting untuk diperhatikan dalam Article 34.

• Mengenakan kostum, atau simbol, atau memaksa orang lain mengenakannya di tempat publik merusak jiwa dan perasaan nasionalisme bangsa China.

• Terlibat dalam aktivitas yang merusak lingkungan dan atmosfer saat memperingati pahlawan dan martir di tempat umum.

🔸Top Up Game Genshin Impact, Honkai Impact 3rd, FIFA, Mobile Legend, Free Fire dan Game lainnya di @updateanimetopup atau 

𝐏𝐨𝐬𝐭𝐞𝐝 𝐛𝐲 Yuketo

𝐒𝐨𝐮𝐫𝐜𝐞: Gamerwk
#updateanime #anime #otaku #weebs #taugaksih #cosplay #china #cosplayer #cosplayers #tiongkok #cosplaytiongkok #cosplayertiongkok",0,27,memberi dampak besar kepada,mereka,yang memiliki profesi serta,mereka
Tionghoa,"Beberapa waktu lalu menyebar kabar heboh di China mengenai pemberlakuan hukum baru dari Public Security Administration Punishment Law, dan bagaimana ini benar-benar memberi dampak besar kepada mereka yang memiliki profesi serta hobi sebagai cosplayer.

Lebih spesifiknya hukum tersebut diberlakukan sebagai upaya untuk menindaklanjuti aktivitas cosplay yang dirasa merusak jiwa nasionalisme warga China.

Melalui laporan dari Wanuxi, saat ini hukum baru yang berusaha diterapkan tersebut sedang dalam tahap pengamatan lebih lanjut, tapi yang jelas ada dua ketentuan baru yang cukup penting untuk diperhatikan dalam Article 34.

• Mengenakan kostum, atau simbol, atau memaksa orang lain mengenakannya di tempat publik merusak jiwa dan perasaan nasionalisme bangsa China.

• Terlibat dalam aktivitas yang merusak lingkungan dan atmosfer saat memperingati pahlawan dan martir di tempat umum.

🔸Top Up Game Genshin Impact, Honkai Impact 3rd, FIFA, Mobile Legend, Free Fire dan Game lainnya di @updateanimetopup atau 

𝐏𝐨𝐬𝐭𝐞𝐝 𝐛𝐲 Yuketo

𝐒𝐨𝐮𝐫𝐜𝐞: Gamerwk
#updateanime #anime #otaku #weebs #taugaksih #cosplay #china #cosplayer #cosplayers #tiongkok #cosplaytiongkok #cosplayertiongkok Beberapa waktu lalu menyebar kabar heboh di China mengenai pemberlakuan hukum baru dari Public Security Administration Punishment Law, dan bagaimana ini benar-benar memberi dampak besar kepada mereka yang memiliki profesi serta hobi sebagai cosplayer.

Lebih spesifiknya hukum tersebut diberlakukan sebagai upaya untuk menindaklanjuti aktivitas cosplay yang dirasa merusak jiwa nasionalisme warga China.

Melalui laporan dari Wanuxi, saat ini hukum baru yang berusaha diterapkan tersebut sedang dalam tahap pengamatan lebih lanjut, tapi yang jelas ada dua ketentuan baru yang cukup penting untuk diperhatikan dalam Article 34.

• Mengenakan kostum, atau simbol, atau memaksa orang lain mengenakannya di tempat publik merusak jiwa dan perasaan nasionalisme bangsa China.

• Terlibat dalam aktivitas yang merusak lingkungan dan atmosfer saat memperingati pahlawan dan martir di tempat umum.

🔸Top Up Game Genshin Impact, Honkai Impact 3rd, FIFA, Mobile Legend, Free Fire dan Game lainnya di @updateanimetopup atau 

𝐏𝐨𝐬𝐭𝐞𝐝 𝐛𝐲 Yuketo

𝐒𝐨𝐮𝐫𝐜𝐞: Gamerwk
#updateanime #anime #otaku #weebs #taugaksih #cosplay #china #cosplayer #cosplayers #tiongkok #cosplaytiongkok #cosplayertiongkok",0,184,memberi dampak besar kepada,mereka,yang memiliki profesi serta,mereka
Tionghoa,"‎'‎#NEWS #NEWS انه Spe(နပ 1 Love You KBGII! கh MERE A010 的 Pemain eSports China akui berlatih keras 10 jam setiap hari demi bisa menggeser kejayaan Indonesia di turnamen Mobile Legends. @seputargame‎'‎ Seperti yang kita ketahui, Filipina dan Indonesia adalah dua negara yang selalu mendominasi dalam turnamen Mobile Legends: Bang Bang World Championship. KBG (Keep Best Gaming) tim asal China yang digadang-gadang menjadi kandidat kuat perusak dominasi Indonesia dan Filipina di skena kompetitif MLBB oleh netizen harus puas berada di posisi juru kunci dan pulang ke China dengan tangan hampa.

Melalui Junglernya yaitu Simba mengatakan bahwa akan kembali satu tahun lagi dan mereka membeberkan bahwa latihan mereka 10 jam perhari menjadi kunci mereka kedepannya. Saya pikir satu tahun lagi kita bisa. Dengan kecepatan beradaptasi kami, latihan keras, serta latiham tiada henti, saya rasa nantinya kita akan bisa menyaingi mereka (Indonesia dan Filipina) di puncak bersama-sama.” Ucap Simba.

Hmm gimana menurut kamu? Apakah cukup waktu 10 jam per hari untuk menghentikan dominasi dua negara tersebut? #seputargame",0,104,satu tahun lagi dan,mereka,membeberkan bahwa latihan mereka,mereka
Tionghoa,"‎'‎#NEWS #NEWS انه Spe(နပ 1 Love You KBGII! கh MERE A010 的 Pemain eSports China akui berlatih keras 10 jam setiap hari demi bisa menggeser kejayaan Indonesia di turnamen Mobile Legends. @seputargame‎'‎ Seperti yang kita ketahui, Filipina dan Indonesia adalah dua negara yang selalu mendominasi dalam turnamen Mobile Legends: Bang Bang World Championship. KBG (Keep Best Gaming) tim asal China yang digadang-gadang menjadi kandidat kuat perusak dominasi Indonesia dan Filipina di skena kompetitif MLBB oleh netizen harus puas berada di posisi juru kunci dan pulang ke China dengan tangan hampa.

Melalui Junglernya yaitu Simba mengatakan bahwa akan kembali satu tahun lagi dan mereka membeberkan bahwa latihan mereka 10 jam perhari menjadi kunci mereka kedepannya. Saya pikir satu tahun lagi kita bisa. Dengan kecepatan beradaptasi kami, latihan keras, serta latiham tiada henti, saya rasa nantinya kita akan bisa menyaingi mereka (Indonesia dan Filipina) di puncak bersama-sama.” Ucap Simba.

Hmm gimana menurut kamu? Apakah cukup waktu 10 jam per hari untuk menghentikan dominasi dua negara tersebut? #seputargame",0,108,mereka membeberkan bahwa latihan,mereka,10 jam perhari menjadi,mereka
