group,ngram,n,nontoxic_document_count,toxic_document_count,nontoxic_document_rate,toxic_document_rate
borderline,di gaza,2,59,97,0.04616588419405321,0.037596899224806204
borderline,zionis israel,2,21,93,0.01643192488262911,0.03604651162790698
borderline,jalur gaza,2,20,54,0.01564945226917058,0.020930232558139535
borderline,orang yang,2,31,54,0.024256651017214397,0.020930232558139535
borderline,cacat hukum,2,9,51,0.007042253521126761,0.019767441860465116
borderline,israel di,2,26,50,0.02034428794992175,0.01937984496124031
borderline,orang orang,2,25,47,0.019561815336463225,0.01821705426356589
borderline,di indonesia,2,28,46,0.02190923317683881,0.017829457364341085
borderline,rumah sakit,2,30,45,0.023474178403755867,0.01744186046511628
borderline,anak anak,2,26,42,0.02034428794992175,0.01627906976744186
borderline,di palestina,2,19,42,0.01486697965571205,0.01627906976744186
borderline,saat ini,2,16,42,0.012519561815336464,0.01627906976744186
borderline,salah satu,2,21,41,0.01643192488262911,0.015891472868217054
borderline,hari ini,2,33,39,0.025821596244131457,0.015116279069767442
borderline,di jalur,2,17,37,0.013302034428794992,0.01434108527131783
borderline,israel dan,2,26,37,0.02034428794992175,0.01434108527131783
borderline,orang gila,2,18,37,0.014084507042253521,0.01434108527131783
borderline,tidak ada,2,32,36,0.025039123630672927,0.013953488372093023
borderline,palestina dan,2,15,35,0.011737089201877934,0.013565891472868217
borderline,umat islam,2,13,35,0.010172143974960876,0.013565891472868217
borderline,warga sipil,2,11,34,0.008607198748043818,0.01317829457364341
borderline,yang dilakukan,2,10,34,0.00782472613458529,0.01317829457364341
borderline,ada yang,2,23,33,0.017996870109546165,0.012790697674418604
borderline,israel yang,2,16,33,0.012519561815336464,0.012790697674418604
borderline,pro israel,2,7,33,0.005477308294209703,0.012790697674418604
borderline,warga palestina,2,19,32,0.01486697965571205,0.012403100775193798
borderline,dan tidak,2,23,31,0.017996870109546165,0.012015503875968992
borderline,gaza palestina,2,11,31,0.008607198748043818,0.012015503875968992
borderline,yang tidak,2,23,31,0.017996870109546165,0.012015503875968992
borderline,10 2023,2,4,29,0.003129890453834116,0.01124031007751938
borderline,di dunia,2,17,29,0.013302034428794992,0.01124031007751938
borderline,yang telah,2,9,29,0.007042253521126761,0.01124031007751938
borderline,anies baswedan,2,24,28,0.018779342723004695,0.010852713178294573
borderline,apa yang,2,15,28,0.011737089201877934,0.010852713178294573
borderline,ke israel,2,11,28,0.008607198748043818,0.010852713178294573
borderline,rakyat palestina,2,8,28,0.006259780907668232,0.010852713178294573
borderline,tidak akan,2,13,28,0.010172143974960876,0.010852713178294573
borderline,ganjar pranowo,2,32,27,0.025039123630672927,0.010465116279069767
borderline,tentara israel,2,16,27,0.012519561815336464,0.010465116279069767
borderline,ganjar mahfud,2,6,26,0.004694835680751174,0.010077519379844961
borderline,israel ke,2,12,26,0.009389671361502348,0.010077519379844961
borderline,palestina yang,2,13,26,0.010172143974960876,0.010077519379844961
borderline,cawapres cacat,2,3,25,0.002347417840375587,0.009689922480620155
borderline,ini adalah,2,13,25,0.010172143974960876,0.009689922480620155
borderline,kaum muslimin,2,9,25,0.007042253521126761,0.009689922480620155
borderline,ada di,2,14,24,0.010954616588419406,0.009302325581395349
borderline,ada yg,2,11,24,0.008607198748043818,0.009302325581395349
borderline,11 2023,2,7,23,0.005477308294209703,0.008914728682170543
borderline,lebih dari,2,13,23,0.010172143974960876,0.008914728682170543
borderline,serangan israel,2,14,23,0.010954616588419406,0.008914728682170543
borderline,yg di,2,2,23,0.001564945226917058,0.008914728682170543
borderline,dan para,2,10,22,0.00782472613458529,0.008527131782945736
borderline,rakyat indonesia,2,9,22,0.007042253521126761,0.008527131782945736
borderline,israel palestina,2,9,21,0.007042253521126761,0.00813953488372093
borderline,orang yahudi,2,7,21,0.005477308294209703,0.00813953488372093
borderline,jadi presiden,2,5,20,0.003912363067292645,0.007751937984496124
borderline,membabi buta,2,7,20,0.005477308294209703,0.007751937984496124
borderline,palestina di,2,9,20,0.007042253521126761,0.007751937984496124
borderline,selengkapnya di,2,11,20,0.008607198748043818,0.007751937984496124
borderline,yang di,2,8,20,0.006259780907668232,0.007751937984496124
unanimous,zionis israel,2,265,70,0.011434735706580367,0.04946996466431095
unanimous,di gaza,2,1003,44,0.04327939590075512,0.03109540636042403
unanimous,https t,2,422,42,0.018209277238403453,0.029681978798586573
unanimous,t co,2,418,41,0.01803667745415318,0.028975265017667843
unanimous,cacat hukum,2,115,32,0.004962243797195253,0.022614840989399292
unanimous,orang orang,2,255,29,0.011003236245954692,0.02049469964664311
unanimous,orang yang,2,322,28,0.013894282632146709,0.019787985865724382
unanimous,ya allah,2,149,28,0.006429341963322546,0.019787985865724382
unanimous,anak anak,2,322,25,0.013894282632146709,0.0176678445229682
unanimous,di indonesia,2,467,25,0.020151024811218984,0.0176678445229682
unanimous,israel di,2,509,23,0.021963322545846816,0.01625441696113074
unanimous,tidak ada,2,283,23,0.012211434735706581,0.01625441696113074
unanimous,imigran yaman,2,17,22,0.0007335490830636461,0.015547703180212015
unanimous,umat islam,2,96,22,0.004142394822006472,0.015547703180212015
unanimous,warga sipil,2,190,22,0.00819848975188781,0.015547703180212015
unanimous,cawapres cacat,2,69,21,0.002977346278317152,0.014840989399293287
unanimous,di palestina,2,208,21,0.008975188781014025,0.014840989399293287
unanimous,yahudi pesek,2,16,21,0.0006903991370010787,0.014840989399293287
unanimous,ada yg,2,119,19,0.005134843581445523,0.01342756183745583
unanimous,kaum muslimin,2,31,17,0.00133764832793959,0.012014134275618375
unanimous,rumah sakit,2,441,17,0.019029126213592235,0.012014134275618375
unanimous,israel dan,2,474,16,0.02045307443365696,0.011307420494699646
unanimous,israel yang,2,326,16,0.014066882416396979,0.011307420494699646
unanimous,salah satu,2,396,16,0.0170873786407767,0.011307420494699646
unanimous,warga palestina,2,339,16,0.014627831715210355,0.011307420494699646
unanimous,dan tidak,2,146,15,0.006299892125134844,0.01060070671378092
unanimous,israel ini,2,45,15,0.001941747572815534,0.01060070671378092
unanimous,yahudi israel,2,35,15,0.0015102481121898597,0.01060070671378092
unanimous,yang tidak,2,216,15,0.009320388349514564,0.01060070671378092
unanimous,yg di,2,56,15,0.0024163969795037757,0.01060070671378092
unanimous,dukung israel,2,70,14,0.0030204962243797194,0.009893992932862191
unanimous,jalur gaza,2,539,14,0.02325782092772384,0.009893992932862191
unanimous,tentara israel,2,233,14,0.01005393743257821,0.009893992932862191
unanimous,yang ada,2,154,14,0.006645091693635383,0.009893992932862191
unanimous,yang dilakukan,2,186,14,0.00802588996763754,0.009893992932862191
unanimous,ada di,2,220,13,0.009492988133764833,0.009187279151943463
unanimous,penjajah zionis,2,38,13,0.001639697950377562,0.009187279151943463
unanimous,apa yang,2,138,12,0.005954692556634304,0.008480565371024734
unanimous,banyak yg,2,29,12,0.0012513484358144553,0.008480565371024734
unanimous,gak ada,2,62,12,0.00267529665587918,0.008480565371024734
unanimous,gibran cawapres,2,22,12,0.0009492988133764832,0.008480565371024734
unanimous,ini bukan,2,62,12,0.00267529665587918,0.008480565371024734
unanimous,pengungsi rohingya,2,631,12,0.027227615965480043,0.008480565371024734
unanimous,apa yg,2,46,11,0.0019848975188781013,0.0077738515901060075
unanimous,hari ini,2,674,11,0.029083063646170443,0.0077738515901060075
unanimous,hukum dan,2,68,11,0.0029341963322545845,0.0077738515901060075
unanimous,israel itu,2,73,11,0.003149946062567422,0.0077738515901060075
unanimous,israel yg,2,40,11,0.001725997842502697,0.0077738515901060075
unanimous,mereka tidak,2,78,11,0.003365695792880259,0.0077738515901060075
unanimous,orang yahudi,2,60,11,0.0025889967637540453,0.0077738515901060075
unanimous,palestina dan,2,171,11,0.007378640776699029,0.0077738515901060075
unanimous,pro israel,2,145,11,0.006256742179072276,0.0077738515901060075
unanimous,sebagai cawapres,2,22,11,0.0009492988133764832,0.0077738515901060075
unanimous,ada orang,2,44,10,0.0018985976267529665,0.007067137809187279
unanimous,ada yang,2,199,10,0.008586839266450918,0.007067137809187279
unanimous,dan anak,2,66,10,0.0028478964401294497,0.007067137809187279
unanimous,di atas,2,113,10,0.0048759439050701184,0.007067137809187279
unanimous,di dunia,2,161,10,0.0069471413160733545,0.007067137809187279
unanimous,di mana,2,125,10,0.005393743257820928,0.007067137809187279
unanimous,israel ke,2,222,10,0.009579288025889967,0.007067137809187279
unanimous,nabi muhammad,2,30,10,0.0012944983818770227,0.007067137809187279
unanimous,sama sama,2,56,10,0.0024163969795037757,0.007067137809187279
unanimous,tentara zionis,2,37,10,0.0015965480043149947,0.007067137809187279
unanimous,yang telah,2,207,10,0.008932038834951457,0.007067137809187279
unanimous,cacat moral,2,22,9,0.0009492988133764832,0.0063604240282685515
unanimous,dan israel,2,167,9,0.00720604099244876,0.0063604240282685515
unanimous,di negeri,2,25,9,0.0010787486515641855,0.0063604240282685515
unanimous,ga ada,2,79,9,0.0034088457389428264,0.0063604240282685515
unanimous,ganjar pranowo,2,279,9,0.012038834951456311,0.0063604240282685515
unanimous,islam dan,2,39,9,0.0016828478964401295,0.0063604240282685515
unanimous,ke palestina,2,91,9,0.003926645091693636,0.0063604240282685515
unanimous,kejahatan perang,2,68,9,0.0029341963322545845,0.0063604240282685515
unanimous,lebih dari,2,284,9,0.012254584681769147,0.0063604240282685515
unanimous,mereka yang,2,106,9,0.004573894282632147,0.0063604240282685515
unanimous,rakyat palestina,2,149,9,0.006429341963322546,0.0063604240282685515
unanimous,saat ini,2,427,9,0.01842502696871629,0.0063604240282685515
unanimous,seluruh dunia,2,86,9,0.003710895361380798,0.0063604240282685515
unanimous,serangan udara,2,186,9,0.00802588996763754,0.0063604240282685515
unanimous,siapa yg,2,25,9,0.0010787486515641855,0.0063604240282685515
unanimous,tidak akan,2,167,9,0.00720604099244876,0.0063604240282685515
unanimous,tidak pernah,2,83,9,0.003581445523193096,0.0063604240282685515
unanimous,zionis yahudi,2,30,9,0.0012944983818770227,0.0063604240282685515
unanimous,al quran,2,35,8,0.0015102481121898597,0.005653710247349823
unanimous,allah swt,2,28,8,0.0012081984897518879,0.005653710247349823
unanimous,anwar usman,2,21,8,0.0009061488673139158,0.005653710247349823
unanimous,banyak orang,2,69,8,0.002977346278317152,0.005653710247349823
unanimous,benar benar,2,56,8,0.0024163969795037757,0.005653710247349823
unanimous,masih ada,2,63,8,0.0027184466019417475,0.005653710247349823
unanimous,palestina yang,2,182,8,0.007853290183387271,0.005653710247349823
unanimous,penjajah israel,2,76,8,0.003279395900755124,0.005653710247349823
unanimous,qur an,2,48,8,0.002071197411003236,0.005653710247349823
unanimous,terjadi di,2,134,8,0.005782092772384034,0.005653710247349823
unanimous,tidak bisa,2,192,8,0.008284789644012944,0.005653710247349823
unanimous,yahudi yang,2,24,8,0.001035598705501618,0.005653710247349823
unanimous,yang masih,2,78,8,0.003365695792880259,0.005653710247349823
unanimous,ada juga,2,39,7,0.0016828478964401295,0.0049469964664310955
unanimous,al qassam,2,69,7,0.002977346278317152,0.0049469964664310955
unanimous,alaihi wa,2,21,7,0.0009061488673139158,0.0049469964664310955
unanimous,anak kecil,2,26,7,0.001121898597626753,0.0049469964664310955
unanimous,dan para,2,56,7,0.0024163969795037757,0.0049469964664310955
unanimous,di jalur,2,350,7,0.015102481121898598,0.0049469964664310955
unanimous,di rumah,2,132,7,0.0056957928802588995,0.0049469964664310955
unanimous,di sana,2,114,7,0.004919093851132686,0.0049469964664310955
unanimous,israel dengan,2,97,7,0.00418554476806904,0.0049469964664310955
unanimous,mahfud md,2,134,7,0.005782092772384034,0.0049469964664310955
unanimous,mendukung israel,2,64,7,0.002761596548004315,0.0049469964664310955
unanimous,mereka adalah,2,69,7,0.002977346278317152,0.0049469964664310955
unanimous,orang gila,2,156,7,0.006731391585760518,0.0049469964664310955
unanimous,orang yg,2,57,7,0.002459546925566343,0.0049469964664310955
unanimous,palestina adalah,2,29,7,0.0012513484358144553,0.0049469964664310955
unanimous,palestina itu,2,43,7,0.001855447680690399,0.0049469964664310955
unanimous,rakyat indonesia,2,54,7,0.002330097087378641,0.0049469964664310955
unanimous,saudara saudara,2,44,7,0.0018985976267529665,0.0049469964664310955
unanimous,selama ini,2,90,7,0.003883495145631068,0.0049469964664310955
unanimous,semua orang,2,99,7,0.004271844660194175,0.0049469964664310955
unanimous,shallallahu alaihi,2,23,7,0.0009924487594390506,0.0049469964664310955
unanimous,umat kristen,2,72,7,0.0031067961165048546,0.0049469964664310955
unanimous,wa sallam,2,21,7,0.0009061488673139158,0.0049469964664310955
unanimous,wanita dan,2,22,7,0.0009492988133764832,0.0049469964664310955
unanimous,yang di,2,87,7,0.0037540453074433656,0.0049469964664310955
unanimous,yang dukung,2,27,7,0.0011650485436893205,0.0049469964664310955
unanimous,yang gila,2,35,7,0.0015102481121898597,0.0049469964664310955
unanimous,yang mereka,2,40,7,0.001725997842502697,0.0049469964664310955
unanimous,yg lain,2,26,7,0.001121898597626753,0.0049469964664310955
unanimous,adalah orang,2,30,6,0.0012944983818770227,0.004240282685512367
unanimous,allahu akbar,2,39,6,0.0016828478964401295,0.004240282685512367
unanimous,arab saudi,2,121,6,0.005221143473570658,0.004240282685512367
unanimous,bela palestina,2,56,6,0.0024163969795037757,0.004240282685512367
unanimous,bukan hanya,2,54,6,0.002330097087378641,0.004240282685512367
unanimous,cak imin,2,53,6,0.0022869471413160735,0.004240282685512367
unanimous,dari china,2,92,6,0.003969795037756203,0.004240282685512367
unanimous,di dalam,2,119,6,0.005134843581445523,0.004240282685512367
unanimous,di tanah,2,71,6,0.0030636461704422868,0.004240282685512367
unanimous,dilakukan oleh,2,98,6,0.004228694714131607,0.004240282685512367
unanimous,ganjar mahfud,2,149,6,0.006429341963322546,0.004240282685512367
unanimous,hal ini,2,199,6,0.008586839266450918,0.004240282685512367
unanimous,ini adalah,2,195,6,0.008414239482200648,0.004240282685512367
unanimous,israel adalah,2,32,6,0.0013807982740021575,0.004240282685512367
unanimous,israel telah,2,131,6,0.0056526429341963325,0.004240282685512367
unanimous,itu ada,2,33,6,0.0014239482200647249,0.004240282685512367
unanimous,itu mereka,2,24,6,0.001035598705501618,0.004240282685512367
unanimous,itu tidak,2,61,6,0.0026321467098166127,0.004240282685512367
unanimous,jadi korban,2,33,6,0.0014239482200647249,0.004240282685512367
unanimous,kalau ada,2,45,6,0.001941747572815534,0.004240282685512367
unanimous,ke indonesia,2,155,6,0.00668824163969795,0.004240282685512367
unanimous,ke israel,2,199,6,0.008586839266450918,0.004240282685512367
unanimous,keluar dari,2,47,6,0.0020280474649406687,0.004240282685512367
unanimous,kita semua,2,74,6,0.0031930960086299894,0.004240282685512367
unanimous,kota gaza,2,53,6,0.0022869471413160735,0.004240282685512367
unanimous,mana yang,2,29,6,0.0012513484358144553,0.004240282685512367
unanimous,membabi buta,2,54,6,0.002330097087378641,0.004240282685512367
unanimous,mereka di,2,57,6,0.002459546925566343,0.004240282685512367
unanimous,militer israel,2,258,6,0.011132686084142395,0.004240282685512367
unanimous,orang kristen,2,61,6,0.0026321467098166127,0.004240282685512367
unanimous,orang lain,2,88,6,0.003797195253505933,0.004240282685512367
unanimous,pak ganjar,2,88,6,0.003797195253505933,0.004240282685512367
unanimous,palestina yg,2,22,6,0.0009492988133764832,0.004240282685512367
unanimous,seperti ini,2,41,6,0.0017691477885652643,0.004240282685512367
unanimous,serangan israel,2,336,6,0.014498381877022654,0.004240282685512367
unanimous,sipil palestina,2,32,6,0.0013807982740021575,0.004240282685512367
unanimous,tanah palestina,2,42,6,0.0018122977346278317,0.004240282685512367
unanimous,tepi barat,2,92,6,0.003969795037756203,0.004240282685512367
unanimous,terus menerus,2,27,6,0.0011650485436893205,0.004240282685512367
unanimous,tidak mau,2,45,6,0.001941747572815534,0.004240282685512367
unanimous,tidak punya,2,30,6,0.0012944983818770227,0.004240282685512367
unanimous,tka china,2,136,6,0.005868392664509169,0.004240282685512367
unanimous,video ini,2,54,6,0.002330097087378641,0.004240282685512367
unanimous,yahudi dan,2,29,6,0.0012513484358144553,0.004240282685512367
unanimous,yahudi di,2,35,6,0.0015102481121898597,0.004240282685512367
unanimous,yang baik,2,54,6,0.002330097087378641,0.004240282685512367
unanimous,yang sangat,2,79,6,0.0034088457389428264,0.004240282685512367
unanimous,yang sedang,2,122,6,0.0052642934196332255,0.004240282685512367
unanimous,000 orang,2,50,5,0.002157497303128371,0.0035335689045936395
unanimous,agar tidak,2,47,5,0.0020280474649406687,0.0035335689045936395
unanimous,akan ada,2,53,5,0.0022869471413160735,0.0035335689045936395
unanimous,al aqsa,2,80,5,0.003451995685005394,0.0035335689045936395
unanimous,al qur,2,44,5,0.0018985976267529665,0.0035335689045936395
unanimous,anak dan,2,70,5,0.0030204962243797194,0.0035335689045936395
unanimous,anak palestina,2,43,5,0.001855447680690399,0.0035335689045936395
unanimous,bagian dari,2,102,5,0.004401294498381877,0.0035335689045936395
unanimous,banyak yang,2,49,5,0.0021143473570658035,0.0035335689045936395
unanimous,berasal dari,2,77,5,0.0033225458468176916,0.0035335689045936395
unanimous,boikot produk,2,101,5,0.00435814455231931,0.0035335689045936395
unanimous,dalam serangan,2,91,5,0.003926645091693636,0.0035335689045936395
unanimous,dengan cara,2,41,5,0.0017691477885652643,0.0035335689045936395
unanimous,di balik,2,43,5,0.001855447680690399,0.0035335689045936395
unanimous,di depan,2,115,5,0.004962243797195253,0.0035335689045936395
unanimous,di israel,2,130,5,0.005609492988133765,0.0035335689045936395
unanimous,di sini,2,96,5,0.004142394822006472,0.0035335689045936395
unanimous,di tepi,2,60,5,0.0025889967637540453,0.0035335689045936395
unanimous,di yerusalem,2,26,5,0.001121898597626753,0.0035335689045936395
unanimous,diri sendiri,2,41,5,0.0017691477885652643,0.0035335689045936395
unanimous,gaza palestina,2,187,5,0.008069039913700109,0.0035335689045936395
unanimous,gila ini,2,99,5,0.004271844660194175,0.0035335689045936395
unanimous,gila ya,2,164,5,0.007076591154261057,0.0035335689045936395
unanimous,hal yang,2,67,5,0.002891046386192017,0.0035335689045936395
unanimous,indonesia di,2,182,5,0.007853290183387271,0.0035335689045936395
unanimous,israel dari,2,50,5,0.002157497303128371,0.0035335689045936395
unanimous,jadi presiden,2,28,5,0.0012081984897518879,0.0035335689045936395
unanimous,jangan lupa,2,141,5,0.0060841423948220065,0.0035335689045936395
unanimous,jauh dari,2,29,5,0.0012513484358144553,0.0035335689045936395
unanimous,kalo ada,2,21,5,0.0009061488673139158,0.0035335689045936395
unanimous,kalo ga,2,26,5,0.001121898597626753,0.0035335689045936395
unanimous,karena itu,2,74,5,0.0031930960086299894,0.0035335689045936395
unanimous,kaum yahudi,2,26,5,0.001121898597626753,0.0035335689045936395
unanimous,masjid al,2,54,5,0.002330097087378641,0.0035335689045936395
unanimous,mata najwa,2,78,5,0.003365695792880259,0.0035335689045936395
unanimous,mengatakan bahwa,2,148,5,0.006386192017259979,0.0035335689045936395
unanimous,mereka juga,2,60,5,0.0025889967637540453,0.0035335689045936395
unanimous,mereka yg,2,25,5,0.0010787486515641855,0.0035335689045936395
unanimous,negara negara,2,164,5,0.007076591154261057,0.0035335689045936395
unanimous,oktober 2023,2,439,5,0.0189428263214671,0.0035335689045936395
unanimous,oleh israel,2,96,5,0.004142394822006472,0.0035335689045936395
unanimous,oleh zionis,2,25,5,0.0010787486515641855,0.0035335689045936395
unanimous,orang di,2,63,5,0.0027184466019417475,0.0035335689045936395
unanimous,orang palestina,2,38,5,0.001639697950377562,0.0035335689045936395
unanimous,pak jokowi,2,38,5,0.001639697950377562,0.0035335689045936395
unanimous,pasukan israel,2,111,5,0.004789644012944984,0.0035335689045936395
unanimous,pemimpin yang,2,43,5,0.001855447680690399,0.0035335689045936395
unanimous,perang israel,2,162,5,0.006990291262135922,0.0035335689045936395
unanimous,putusan mk,2,33,5,0.0014239482200647249,0.0035335689045936395
unanimous,rumah mereka,2,27,5,0.0011650485436893205,0.0035335689045936395
unanimous,sama dengan,2,80,5,0.003451995685005394,0.0035335689045936395
unanimous,sama orang,2,32,5,0.0013807982740021575,0.0035335689045936395
unanimous,satu ini,2,24,5,0.001035598705501618,0.0035335689045936395
unanimous,saudara kita,2,62,5,0.00267529665587918,0.0035335689045936395
unanimous,sipil di,2,44,5,0.0018985976267529665,0.0035335689045936395
unanimous,tak ada,2,66,5,0.0028478964401294497,0.0035335689045936395
unanimous,telah melakukan,2,52,5,0.002243797195253506,0.0035335689045936395
unanimous,timur tengah,2,83,5,0.003581445523193096,0.0035335689045936395
unanimous,udara israel,2,107,5,0.004617044228694714,0.0035335689045936395
unanimous,umat muslim,2,26,5,0.001121898597626753,0.0035335689045936395
unanimous,warga israel,2,95,5,0.004099244875943905,0.0035335689045936395
unanimous,yang benar,2,28,5,0.0012081984897518879,0.0035335689045936395
unanimous,yang mendukung,2,74,5,0.0031930960086299894,0.0035335689045936395
unanimous,yang paling,2,117,5,0.005048543689320388,0.0035335689045936395
unanimous,yang sudah,2,156,5,0.006731391585760518,0.0035335689045936395
unanimous,yg tidak,2,29,5,0.0012513484358144553,0.0035335689045936395
unanimous,zionis di,2,39,5,0.0016828478964401295,0.0035335689045936395
unanimous,10 2023,2,225,4,0.009708737864077669,0.0028268551236749115
unanimous,ada apa,2,27,4,0.0011650485436893205,0.0028268551236749115
unanimous,akan menjadi,2,54,4,0.002330097087378641,0.0028268551236749115
unanimous,akibat serangan,2,126,4,0.005436893203883495,0.0028268551236749115
unanimous,allah dan,2,25,4,0.0010787486515641855,0.0028268551236749115
unanimous,amerika serikat,2,232,4,0.010010787486515642,0.0028268551236749115
unanimous,anak muda,2,49,4,0.0021143473570658035,0.0028268551236749115
unanimous,apa apa,2,44,4,0.0018985976267529665,0.0028268551236749115
unanimous,apa lagi,2,30,4,0.0012944983818770227,0.0028268551236749115
unanimous,bahwa israel,2,34,4,0.0014670981661272923,0.0028268551236749115
unanimous,bangsa palestina,2,42,4,0.0018122977346278317,0.0028268551236749115
unanimous,baru saja,2,48,4,0.002071197411003236,0.0028268551236749115
unanimous,beli produk,2,20,4,0.0008629989212513484,0.0028268551236749115
unanimous,besar besaran,2,77,4,0.0033225458468176916,0.0028268551236749115
unanimous,besar dan,2,29,4,0.0012513484358144553,0.0028268551236749115
unanimous,bisa di,2,42,4,0.0018122977346278317,0.0028268551236749115
unanimous,bukan orang,2,20,4,0.0008629989212513484,0.0028268551236749115
unanimous,chinese taipei,2,141,4,0.0060841423948220065,0.0028268551236749115
unanimous,dan banyak,2,24,4,0.001035598705501618,0.0028268551236749115
unanimous,dan negara,2,49,4,0.0021143473570658035,0.0028268551236749115
unanimous,dan palestina,2,130,4,0.005609492988133765,0.0028268551236749115
unanimous,dan warga,2,39,4,0.0016828478964401295,0.0028268551236749115
unanimous,dan yang,2,50,4,0.002157497303128371,0.0028268551236749115
unanimous,dari cina,2,26,4,0.001121898597626753,0.0028268551236749115
unanimous,dari dulu,2,22,4,0.0009492988133764832,0.0028268551236749115
unanimous,dari israel,2,77,4,0.0033225458468176916,0.0028268551236749115
unanimous,dari orang,2,21,4,0.0009061488673139158,0.0028268551236749115
unanimous,dengan israel,2,173,4,0.007464940668824164,0.0028268551236749115
unanimous,dengan tujuan,2,20,4,0.0008629989212513484,0.0028268551236749115
unanimous,di bawah,2,151,4,0.0065156418554476805,0.0028268551236749115
unanimous,di kawasan,2,79,4,0.0034088457389428264,0.0028268551236749115
unanimous,di kota,2,159,4,0.00686084142394822,0.0028268551236749115
unanimous,di media,2,109,4,0.004703344120819849,0.0028268551236749115
unanimous,dilakukan israel,2,49,4,0.0021143473570658035,0.0028268551236749115
unanimous,ga pernah,2,20,4,0.0008629989212513484,0.0028268551236749115
unanimous,gila kali,2,44,4,0.0018985976267529665,0.0028268551236749115
unanimous,hal hal,2,31,4,0.00133764832793959,0.0028268551236749115
unanimous,hamas yang,2,54,4,0.002330097087378641,0.0028268551236749115
unanimous,hanya bisa,2,29,4,0.0012513484358144553,0.0028268551236749115
unanimous,imigran gelap,2,51,4,0.0022006472491909383,0.0028268551236749115
unanimous,indonesia juga,2,23,4,0.0009924487594390506,0.0028268551236749115
unanimous,indonesia untuk,2,87,4,0.0037540453074433656,0.0028268551236749115
unanimous,ini juga,2,70,4,0.0030204962243797194,0.0028268551236749115
unanimous,ini kita,2,34,4,0.0014670981661272923,0.0028268551236749115
unanimous,ini tidak,2,85,4,0.003667745415318231,0.0028268551236749115
unanimous,ini yang,2,51,4,0.0022006472491909383,0.0028268551236749115
unanimous,israel palestina,2,226,4,0.009751887810140237,0.0028268551236749115
unanimous,israel sudah,2,35,4,0.0015102481121898597,0.0028268551236749115
unanimous,israel terhadap,2,146,4,0.006299892125134844,0.0028268551236749115
unanimous,itu adalah,2,67,4,0.002891046386192017,0.0028268551236749115
unanimous,itu sendiri,2,21,4,0.0009061488673139158,0.0028268551236749115
unanimous,jika ada,2,41,4,0.0017691477885652643,0.0028268551236749115
unanimous,juga ada,2,26,4,0.001121898597626753,0.0028268551236749115
unanimous,kami tidak,2,56,4,0.0024163969795037757,0.0028268551236749115
unanimous,karena mereka,2,42,4,0.0018122977346278317,0.0028268551236749115
unanimous,ke gaza,2,203,4,0.008759439050701187,0.0028268551236749115
unanimous,kemerdekaan palestina,2,71,4,0.0030636461704422868,0.0028268551236749115
unanimous,kepada mereka,2,24,4,0.001035598705501618,0.0028268551236749115
unanimous,kok bisa,2,29,4,0.0012513484358144553,0.0028268551236749115
unanimous,kolom komentar,2,37,4,0.0015965480043149947,0.0028268551236749115
unanimous,lebih baik,2,95,4,0.004099244875943905,0.0028268551236749115
unanimous,mari kita,2,87,4,0.0037540453074433656,0.0028268551236749115
unanimous,masa depan,2,80,4,0.003451995685005394,0.0028268551236749115
unanimous,mau jadi,2,21,4,0.0009061488673139158,0.0028268551236749115
unanimous,mereka akan,2,46,4,0.0019848975188781013,0.0028268551236749115
unanimous,mereka dan,2,37,4,0.0015965480043149947,0.0028268551236749115
unanimous,negara itu,2,39,4,0.0016828478964401295,0.0028268551236749115
unanimous,negara yang,2,90,4,0.003883495145631068,0.0028268551236749115
unanimous,oleh karena,2,46,4,0.0019848975188781013,0.0028268551236749115
unanimous,orang israel,2,33,4,0.0014239482200647249,0.0028268551236749115
unanimous,palestina di,2,187,4,0.008069039913700109,0.0028268551236749115
unanimous,palestina untuk,2,57,4,0.002459546925566343,0.0028268551236749115
unanimous,para pejuang,2,25,4,0.0010787486515641855,0.0028268551236749115
unanimous,pendudukan israel,2,55,4,0.0023732470334412083,0.0028268551236749115
unanimous,pendukung israel,2,26,4,0.001121898597626753,0.0028268551236749115
unanimous,penjahat perang,2,21,4,0.0009061488673139158,0.0028268551236749115
unanimous,pertama kali,2,68,4,0.0029341963322545845,0.0028268551236749115
unanimous,produk israel,2,102,4,0.004401294498381877,0.0028268551236749115
unanimous,produk yang,2,68,4,0.0029341963322545845,0.0028268551236749115
unanimous,ribu orang,2,21,4,0.0009061488673139158,0.0028268551236749115
unanimous,rohingya dari,2,47,4,0.0020280474649406687,0.0028268551236749115
unanimous,salah satunya,2,67,4,0.002891046386192017,0.0028268551236749115
unanimous,satu satunya,2,50,4,0.002157497303128371,0.0028268551236749115
unanimous,see you,2,70,4,0.0030204962243797194,0.0028268551236749115
unanimous,seperti itu,2,27,4,0.0011650485436893205,0.0028268551236749115
unanimous,setiap hari,2,94,4,0.004056094929881337,0.0028268551236749115
unanimous,siapa yang,2,82,4,0.0035382955771305286,0.0028268551236749115
unanimous,tak pernah,2,26,4,0.001121898597626753,0.0028268551236749115
unanimous,terhadap palestina,2,82,4,0.0035382955771305286,0.0028268551236749115
unanimous,terhadap warga,2,78,4,0.003365695792880259,0.0028268551236749115
unanimous,tiap hari,2,31,4,0.00133764832793959,0.0028268551236749115
unanimous,tidak tahu,2,31,4,0.00133764832793959,0.0028268551236749115
unanimous,tuhan yang,2,20,4,0.0008629989212513484,0.0028268551236749115
unanimous,untuk palestina,2,76,4,0.003279395900755124,0.0028268551236749115
unanimous,warga gaza,2,100,4,0.004314994606256742,0.0028268551236749115
unanimous,yang disebut,2,32,4,0.0013807982740021575,0.0028268551236749115
unanimous,yang harus,2,56,4,0.0024163969795037757,0.0028268551236749115
unanimous,yang jelas,2,24,4,0.001035598705501618,0.0028268551236749115
unanimous,yang lalu,2,48,4,0.002071197411003236,0.0028268551236749115
unanimous,yang mengalami,2,21,4,0.0009061488673139158,0.0028268551236749115
unanimous,yang menjadi,2,105,4,0.004530744336569579,0.0028268551236749115
unanimous,yang pertama,2,27,4,0.0011650485436893205,0.0028268551236749115
unanimous,yang sering,2,20,4,0.0008629989212513484,0.0028268551236749115
unanimous,yang terjadi,2,129,4,0.005566343042071198,0.0028268551236749115
unanimous,yg ada,2,32,4,0.0013807982740021575,0.0028268551236749115
unanimous,10 tahun,2,37,3,0.0015965480043149947,0.0021201413427561835
unanimous,11 oktober,2,23,3,0.0009924487594390506,0.0021201413427561835
unanimous,2 orang,2,21,3,0.0009061488673139158,0.0021201413427561835
unanimous,aceh yang,2,81,3,0.003495145631067961,0.0021201413427561835
unanimous,ada gila,2,35,3,0.0015102481121898597,0.0021201413427561835
unanimous,ada lagi,2,30,3,0.0012944983818770227,0.0021201413427561835
unanimous,agama kristen,2,79,3,0.0034088457389428264,0.0021201413427561835
unanimous,aja udah,2,22,3,0.0009492988133764832,0.0021201413427561835
unanimous,akan di,2,27,3,0.0011650485436893205,0.0021201413427561835
unanimous,al aqsha,2,22,3,0.0009492988133764832,0.0021201413427561835
unanimous,apa itu,2,23,3,0.0009924487594390506,0.0021201413427561835
unanimous,apa ya,2,33,3,0.0014239482200647249,0.0021201413427561835
unanimous,asam sulfat,2,24,3,0.001035598705501618,0.0021201413427561835
unanimous,baik dan,2,27,3,0.0011650485436893205,0.0021201413427561835
unanimous,belum pernah,2,26,3,0.001121898597626753,0.0021201413427561835
unanimous,bendera israel,2,32,3,0.0013807982740021575,0.0021201413427561835
unanimous,bendera palestina,2,31,3,0.00133764832793959,0.0021201413427561835
unanimous,benjamin netanyahu,2,147,3,0.006343042071197411,0.0021201413427561835
unanimous,berada di,2,258,3,0.011132686084142395,0.0021201413427561835
unanimous,bisa jadi,2,49,3,0.0021143473570658035,0.0021201413427561835
unanimous,bom israel,2,31,3,0.00133764832793959,0.0021201413427561835
unanimous,brigade al,2,31,3,0.00133764832793959,0.0021201413427561835
unanimous,congratulations jin,2,26,3,0.001121898597626753,0.0021201413427561835
unanimous,dalam video,2,77,3,0.0033225458468176916,0.0021201413427561835
unanimous,dan akan,2,54,3,0.002330097087378641,0.0021201413427561835
unanimous,dan bisa,2,40,3,0.001725997842502697,0.0021201413427561835
unanimous,dan di,2,34,3,0.0014670981661272923,0.0021201413427561835
unanimous,dan jangan,2,24,3,0.001035598705501618,0.0021201413427561835
unanimous,dan kejahatan,2,20,3,0.0008629989212513484,0.0021201413427561835
unanimous,dan mereka,2,46,3,0.0019848975188781013,0.0021201413427561835
unanimous,dan orang,2,42,3,0.0018122977346278317,0.0021201413427561835
unanimous,dan semua,2,28,3,0.0012081984897518879,0.0021201413427561835
unanimous,dari berbagai,2,81,3,0.003495145631067961,0.0021201413427561835
unanimous,di antara,2,72,3,0.0031067961165048546,0.0021201413427561835
unanimous,di china,2,285,3,0.012297734627831715,0.0021201413427561835
unanimous,di jalan,2,70,3,0.0030204962243797194,0.0021201413427561835
unanimous,di kalangan,2,31,3,0.00133764832793959,0.0021201413427561835
unanimous,di kamp,2,52,3,0.002243797195253506,0.0021201413427561835
unanimous,di kolom,2,39,3,0.0016828478964401295,0.0021201413427561835
unanimous,di negara,2,75,3,0.003236245954692557,0.0021201413427561835
unanimous,di tangan,2,23,3,0.0009924487594390506,0.0021201413427561835
unanimous,di tempat,2,77,3,0.0033225458468176916,0.0021201413427561835
unanimous,di timur,2,48,3,0.002071197411003236,0.0021201413427561835
unanimous,digunakan untuk,2,40,3,0.001725997842502697,0.0021201413427561835
unanimous,dukung palestina,2,35,3,0.0015102481121898597,0.0021201413427561835
unanimous,dukungan terhadap,2,42,3,0.0018122977346278317,0.0021201413427561835
unanimous,etnis rohingya,2,180,3,0.007766990291262136,0.0021201413427561835
unanimous,for yoongi,2,24,3,0.001035598705501618,0.0021201413427561835
unanimous,ga bisa,2,48,3,0.002071197411003236,0.0021201413427561835
unanimous,gak bisa,2,31,3,0.00133764832793959,0.0021201413427561835
unanimous,gangguan jiwa,2,38,3,0.001639697950377562,0.0021201413427561835
unanimous,gaza adalah,2,20,3,0.0008629989212513484,0.0021201413427561835
unanimous,gaza dan,2,97,3,0.00418554476806904,0.0021201413427561835
unanimous,gaza di,2,38,3,0.001639697950377562,0.0021201413427561835
unanimous,gaza israel,2,90,3,0.003883495145631068,0.0021201413427561835
unanimous,gaza utara,2,74,3,0.0031930960086299894,0.0021201413427561835
unanimous,gaza yang,2,134,3,0.005782092772384034,0.0021201413427561835
unanimous,gencatan senjata,2,148,3,0.006386192017259979,0.0021201413427561835
unanimous,gereja di,2,24,3,0.001035598705501618,0.0021201413427561835
unanimous,gila dan,2,24,3,0.001035598705501618,0.0021201413427561835
unanimous,gila gilanya,2,24,3,0.001035598705501618,0.0021201413427561835
unanimous,hal itu,2,155,3,0.00668824163969795,0.0021201413427561835
unanimous,hamas dan,2,86,3,0.003710895361380798,0.0021201413427561835
unanimous,hari yang,2,32,3,0.0013807982740021575,0.0021201413427561835
unanimous,hidup di,2,24,3,0.001035598705501618,0.0021201413427561835
unanimous,hukum internasional,2,56,3,0.0024163969795037757,0.0021201413427561835
unanimous,in 2025,2,62,3,0.00267529665587918,0.0021201413427561835
unanimous,indomy for,2,25,3,0.0010787486515641855,0.0021201413427561835
unanimous,indonesia dan,2,76,3,0.003279395900755124,0.0021201413427561835
unanimous,ini ada,2,37,3,0.0015965480043149947,0.0021201413427561835
unanimous,ini aku,2,26,3,0.001121898597626753,0.0021201413427561835
unanimous,ini hanya,2,26,3,0.001121898597626753,0.0021201413427561835
unanimous,ini ke,2,34,3,0.0014670981661272923,0.0021201413427561835
unanimous,ini orang,2,25,3,0.0010787486515641855,0.0021201413427561835
unanimous,ini sangat,2,35,3,0.0015102481121898597,0.0021201413427561835
unanimous,ini sudah,2,68,3,0.0029341963322545845,0.0021201413427561835
unanimous,ini yg,2,28,3,0.0012081984897518879,0.0021201413427561835
unanimous,israel akan,2,74,3,0.0031930960086299894,0.0021201413427561835
unanimous,israel dalam,2,69,3,0.002977346278317152,0.0021201413427561835
unanimous,israel israel,2,24,3,0.001035598705501618,0.0021201413427561835
unanimous,israel juga,2,53,3,0.0022869471413160735,0.0021201413427561835
unanimous,israel melakukan,2,43,3,0.001855447680690399,0.0021201413427561835
unanimous,israel palestine,2,41,3,0.0017691477885652643,0.0021201413427561835
unanimous,israel sebagai,2,51,3,0.0022006472491909383,0.0021201413427561835
unanimous,israel secara,2,24,3,0.001035598705501618,0.0021201413427561835
unanimous,israel untuk,2,122,3,0.0052642934196332255,0.0021201413427561835
unanimous,itu hanya,2,26,3,0.001121898597626753,0.0021201413427561835
unanimous,jawa barat,2,59,3,0.002545846817691478,0.0021201413427561835
unanimous,juga di,2,32,3,0.0013807982740021575,0.0021201413427561835
unanimous,kalau mau,2,25,3,0.0010787486515641855,0.0021201413427561835
unanimous,kalau mereka,2,20,3,0.0008629989212513484,0.0021201413427561835
unanimous,kali ini,2,111,3,0.004789644012944984,0.0021201413427561835
unanimous,kali ya,2,34,3,0.0014670981661272923,0.0021201413427561835
unanimous,kami muak,2,29,3,0.0012513484358144553,0.0021201413427561835
unanimous,kamp pengungsi,2,61,3,0.0026321467098166127,0.0021201413427561835
unanimous,karni ilyas,2,74,3,0.0031930960086299894,0.0021201413427561835
unanimous,kata gue,2,21,3,0.0009061488673139158,0.0021201413427561835
unanimous,kaya orang,2,20,3,0.0008629989212513484,0.0021201413427561835
unanimous,ke rumah,2,81,3,0.003495145631067961,0.0021201413427561835
unanimous,kepada allah,2,24,3,0.001035598705501618,0.0021201413427561835
unanimous,kita di,2,78,3,0.003365695792880259,0.0021201413427561835
unanimous,kita tidak,2,54,3,0.002330097087378641,0.0021201413427561835
unanimous,kita yang,2,35,3,0.0015102481121898597,0.0021201413427561835
unanimous,klik link,2,213,3,0.00919093851132686,0.0021201413427561835
unanimous,konflik di,2,41,3,0.0017691477885652643,0.0021201413427561835
unanimous,kristen di,2,46,3,0.0019848975188781013,0.0021201413427561835
unanimous,kristen yang,2,36,3,0.0015533980582524273,0.0021201413427561835
unanimous,laki laki,2,84,3,0.0036245954692556634,0.0021201413427561835
unanimous,lebih tinggi,2,26,3,0.001121898597626753,0.0021201413427561835
unanimous,luar biasa,2,99,3,0.004271844660194175,0.0021201413427561835
unanimous,mahkamah keluarga,2,29,3,0.0012513484358144553,0.0021201413427561835
unanimous,melanggar hukum,2,33,3,0.0014239482200647249,0.0021201413427561835
unanimous,mereka bisa,2,29,3,0.0012513484358144553,0.0021201413427561835
unanimous,mereka telah,2,32,3,0.0013807982740021575,0.0021201413427561835
unanimous,mereka untuk,2,33,3,0.0014239482200647249,0.0021201413427561835
unanimous,mulai dari,2,66,3,0.0028478964401294497,0.0021201413427561835
unanimous,negara di,2,42,3,0.0018122977346278317,0.0021201413427561835
unanimous,negara ini,2,43,3,0.001855447680690399,0.0021201413427561835
unanimous,negara islam,2,20,3,0.0008629989212513484,0.0021201413427561835
unanimous,negara israel,2,48,3,0.002071197411003236,0.0021201413427561835
unanimous,oleh pasukan,2,24,3,0.001035598705501618,0.0021201413427561835
unanimous,orang tua,2,67,3,0.002891046386192017,0.0021201413427561835
unanimous,org yg,2,28,3,0.0012081984897518879,0.0021201413427561835
unanimous,palestina dengan,2,40,3,0.001725997842502697,0.0021201413427561835
unanimous,palestina ini,2,24,3,0.001035598705501618,0.0021201413427561835
unanimous,palestina israel,2,156,3,0.006731391585760518,0.0021201413427561835
unanimous,para pengungsi,2,226,3,0.009751887810140237,0.0021201413427561835
unanimous,pasti akan,2,25,3,0.0010787486515641855,0.0021201413427561835
unanimous,pasukan zionis,2,33,3,0.0014239482200647249,0.0021201413427561835
unanimous,pejuang palestina,2,37,3,0.0015965480043149947,0.0021201413427561835
unanimous,pemimpin negara,2,20,3,0.0008629989212513484,0.0021201413427561835
unanimous,perang dan,2,25,3,0.0010787486515641855,0.0021201413427561835
unanimous,pindah ke,2,40,3,0.001725997842502697,0.0021201413427561835
unanimous,pulang ke,2,21,3,0.0009061488673139158,0.0021201413427561835
unanimous,pulau rempang,2,21,3,0.0009061488673139158,0.0021201413427561835
unanimous,rabu 11,2,36,3,0.0015533980582524273,0.0021201413427561835
unanimous,rohingya di,2,273,3,0.011779935275080906,0.0021201413427561835
unanimous,rohingya itu,2,88,3,0.003797195253505933,0.0021201413427561835
unanimous,rs indonesia,2,102,3,0.004401294498381877,0.0021201413427561835
unanimous,sama sekali,2,43,3,0.001855447680690399,0.0021201413427561835
unanimous,sampai ke,2,36,3,0.0015533980582524273,0.0021201413427561835
unanimous,sampai sekarang,2,26,3,0.001121898597626753,0.0021201413427561835
unanimous,saw x,2,58,3,0.0025026968716289105,0.0021201413427561835
unanimous,sejauh ini,2,48,3,0.002071197411003236,0.0021201413427561835
unanimous,selain itu,2,122,3,0.0052642934196332255,0.0021201413427561835
unanimous,selamat pagi,2,25,3,0.0010787486515641855,0.0021201413427561835
unanimous,semoga allah,2,28,3,0.0012081984897518879,0.0021201413427561835
unanimous,sosial media,2,23,3,0.0009924487594390506,0.0021201413427561835
unanimous,tahun yang,2,23,3,0.0009924487594390506,0.0021201413427561835
unanimous,tak akan,2,28,3,0.0012081984897518879,0.0021201413427561835
unanimous,tak bisa,2,52,3,0.002243797195253506,0.0021201413427561835
unanimous,tak punya,2,20,3,0.0008629989212513484,0.0021201413427561835
unanimous,tanah air,2,47,3,0.0020280474649406687,0.0021201413427561835
unanimous,tante lina,2,38,3,0.001639697950377562,0.0021201413427561835
unanimous,tewas dalam,2,71,3,0.0030636461704422868,0.0021201413427561835
unanimous,tewas dan,2,50,3,0.002157497303128371,0.0021201413427561835
unanimous,tidak boleh,2,54,3,0.002330097087378641,0.0021201413427561835
unanimous,tidak memiliki,2,55,3,0.0023732470334412083,0.0021201413427561835
unanimous,tidak perlu,2,49,3,0.0021143473570658035,0.0021201413427561835
unanimous,tindakan israel,2,26,3,0.001121898597626753,0.0021201413427561835
unanimous,udah gila,2,63,3,0.0027184466019417475,0.0021201413427561835
unanimous,umat manusia,2,22,3,0.0009492988133764832,0.0021201413427561835
unanimous,yang akan,2,199,3,0.008586839266450918,0.0021201413427561835
unanimous,yang baru,2,72,3,0.0031067961165048546,0.0021201413427561835
unanimous,yang bisa,2,99,3,0.004271844660194175,0.0021201413427561835
unanimous,yang jadi,2,31,3,0.00133764832793959,0.0021201413427561835
unanimous,yang mau,2,69,3,0.002977346278317152,0.0021201413427561835
unanimous,yang melakukan,2,27,3,0.0011650485436893205,0.0021201413427561835
unanimous,yang membuat,2,31,3,0.00133764832793959,0.0021201413427561835
unanimous,yang menolak,2,33,3,0.0014239482200647249,0.0021201413427561835
unanimous,yang terluka,2,20,3,0.0008629989212513484,0.0021201413427561835
unanimous,yg bisa,2,30,3,0.0012944983818770227,0.0021201413427561835
unanimous,yg masih,2,21,3,0.0009061488673139158,0.0021201413427561835
unanimous,yg mau,2,45,3,0.001941747572815534,0.0021201413427561835
unanimous,you in,2,62,3,0.00267529665587918,0.0021201413427561835
unanimous,00 wib,2,183,2,0.007896440129449837,0.0014134275618374558
unanimous,1 3,2,44,2,0.0018985976267529665,0.0014134275618374558
unanimous,17 10,2,24,2,0.001035598705501618,0.0014134275618374558
unanimous,20 00,2,33,2,0.0014239482200647249,0.0014134275618374558
unanimous,40 t,2,48,2,0.002071197411003236,0.0014134275618374558
unanimous,5 000,2,20,2,0.0008629989212513484,0.0014134275618374558
unanimous,a humanitarian,2,25,2,0.0010787486515641855,0.0014134275618374558
unanimous,ada 1,2,23,2,0.0009924487594390506,0.0014134275618374558
unanimous,ada aja,2,27,2,0.0011650485436893205,0.0014134275618374558
unanimous,agama islam,2,23,2,0.0009924487594390506,0.0014134275618374558
unanimous,akan memberikan,2,23,2,0.0009924487594390506,0.0014134275618374558
unanimous,akan pernah,2,30,2,0.0012944983818770227,0.0014134275618374558
unanimous,akan segera,2,44,2,0.0018985976267529665,0.0014134275618374558
unanimous,aksi bela,2,27,2,0.0011650485436893205,0.0014134275618374558
unanimous,aku ga,2,21,2,0.0009061488673139158,0.0014134275618374558
unanimous,al quds,2,31,2,0.00133764832793959,0.0014134275618374558
unanimous,anak perempuan,2,26,2,0.001121898597626753,0.0014134275618374558
unanimous,arab dan,2,22,2,0.0009492988133764832,0.0014134275618374558
unanimous,artikel ini,2,20,2,0.0008629989212513484,0.0014134275618374558
unanimous,atau tidak,2,49,2,0.0021143473570658035,0.0014134275618374558
unanimous,atau yang,2,27,2,0.0011650485436893205,0.0014134275618374558
unanimous,bab sembarangan,2,22,2,0.0009492988133764832,0.0014134275618374558
unanimous,bagi yang,2,57,2,0.002459546925566343,0.0014134275618374558
unanimous,bahwa mereka,2,51,2,0.0022006472491909383,0.0014134275618374558
unanimous,bahwa tidak,2,22,2,0.0009492988133764832,0.0014134275618374558
unanimous,banget sama,2,29,2,0.0012513484358144553,0.0014134275618374558
unanimous,bangsa indonesia,2,39,2,0.0016828478964401295,0.0014134275618374558
unanimous,banyak banget,2,24,2,0.001035598705501618,0.0014134275618374558
unanimous,bawah tanah,2,27,2,0.0011650485436893205,0.0014134275618374558
unanimous,beberapa hari,2,53,2,0.0022869471413160735,0.0014134275618374558
unanimous,bela israel,2,23,2,0.0009924487594390506,0.0014134275618374558
unanimous,belum ada,2,85,2,0.003667745415318231,0.0014134275618374558
unanimous,bener bener,2,53,2,0.0022869471413160735,0.0014134275618374558
unanimous,bentuk dukungan,2,24,2,0.001035598705501618,0.0014134275618374558
unanimous,berada dalam,2,25,2,0.0010787486515641855,0.0014134275618374558
unanimous,berbagai negara,2,25,2,0.0010787486515641855,0.0014134275618374558
unanimous,bergabung dengan,2,21,2,0.0009061488673139158,0.0014134275618374558
unanimous,berlangsung di,2,42,2,0.0018122977346278317,0.0014134275618374558
unanimous,bertanggung jawab,2,92,2,0.003969795037756203,0.0014134275618374558
unanimous,bisa menjadi,2,39,2,0.0016828478964401295,0.0014134275618374558
unanimous,bu mega,2,28,2,0.0012081984897518879,0.0014134275618374558
unanimous,buat kamu,2,34,2,0.0014670981661272923,0.0014134275618374558
unanimous,buta dan,2,26,2,0.001121898597626753,0.0014134275618374558
unanimous,buta warna,2,104,2,0.004487594390507012,0.0014134275618374558
unanimous,calon presiden,2,47,2,0.0020280474649406687,0.0014134275618374558
unanimous,capres cawapres,2,37,2,0.0015965480043149947,0.0014134275618374558
unanimous,china itu,2,20,2,0.0008629989212513484,0.0014134275618374558
unanimous,dalam kondisi,2,25,2,0.0010787486515641855,0.0014134275618374558
unanimous,dalam negeri,2,28,2,0.0012081984897518879,0.0014134275618374558
unanimous,dalam perang,2,56,2,0.0024163969795037757,0.0014134275618374558
unanimous,dalam pertempuran,2,28,2,0.0012081984897518879,0.0014134275618374558
unanimous,dalam sejarah,2,26,2,0.001121898597626753,0.0014134275618374558
unanimous,dan beberapa,2,29,2,0.0012513484358144553,0.0014134275618374558
unanimous,dan harus,2,28,2,0.0012081984897518879,0.0014134275618374558
unanimous,dan juga,2,65,2,0.0028047464940668823,0.0014134275618374558
unanimous,dan mendukung,2,27,2,0.0011650485436893205,0.0014134275618374558
unanimous,dan menjadi,2,42,2,0.0018122977346278317,0.0014134275618374558
unanimous,dan sekitarnya,2,20,2,0.0008629989212513484,0.0014134275618374558
unanimous,dari antara,2,20,2,0.0008629989212513484,0.0014134275618374558
unanimous,dari awal,2,21,2,0.0009061488673139158,0.0014134275618374558
unanimous,dari indonesia,2,33,2,0.0014239482200647249,0.0014134275618374558
unanimous,dari jalur,2,22,2,0.0009492988133764832,0.0014134275618374558
unanimous,dari mana,2,24,2,0.001035598705501618,0.0014134275618374558
unanimous,dari mereka,2,40,2,0.001725997842502697,0.0014134275618374558
unanimous,dari negara,2,38,2,0.001639697950377562,0.0014134275618374558
unanimous,dari pada,2,23,2,0.0009924487594390506,0.0014134275618374558
unanimous,dari para,2,35,2,0.0015102481121898597,0.0014134275618374558
unanimous,dekat dengan,2,27,2,0.0011650485436893205,0.0014134275618374558
unanimous,dengan berbagai,2,37,2,0.0015965480043149947,0.0014134275618374558
unanimous,dengan hamas,2,59,2,0.002545846817691478,0.0014134275618374558
unanimous,dengan klik,2,49,2,0.0021143473570658035,0.0014134275618374558
unanimous,di acara,2,21,2,0.0009061488673139158,0.0014134275618374558
unanimous,di aceh,2,278,2,0.011995685005393743,0.0014134275618374558
unanimous,di akhir,2,22,2,0.0009492988133764832,0.0014134275618374558
unanimous,di bio,2,210,2,0.009061488673139158,0.0014134275618374558
unanimous,di bumi,2,21,2,0.0009061488673139158,0.0014134275618374558
unanimous,di dalamnya,2,28,2,0.0012081984897518879,0.0014134275618374558
unanimous,di hadapan,2,25,2,0.0010787486515641855,0.0014134275618374558
unanimous,di hotel,2,30,2,0.0012944983818770227,0.0014134275618374558
unanimous,di ig,2,44,2,0.0018985976267529665,0.0014134275618374558
unanimous,di jakarta,2,93,2,0.00401294498381877,0.0014134275618374558
unanimous,di lapangan,2,31,2,0.00133764832793959,0.0014134275618374558
unanimous,di masjid,2,28,2,0.0012081984897518879,0.0014134275618374558
unanimous,di utara,2,24,2,0.001035598705501618,0.0014134275618374558
unanimous,dikenal sebagai,2,38,2,0.001639697950377562,0.0014134275618374558
unanimous,dikutip dari,2,125,2,0.005393743257820928,0.0014134275618374558
unanimous,dilakukan dengan,2,21,2,0.0009061488673139158,0.0014134275618374558
unanimous,diri dari,2,39,2,0.0016828478964401295,0.0014134275618374558
unanimous,dua kali,2,25,2,0.0010787486515641855,0.0014134275618374558
unanimous,dukung anies,2,30,2,0.0012944983818770227,0.0014134275618374558
unanimous,dunia yang,2,30,2,0.0012944983818770227,0.0014134275618374558
unanimous,fatwa mui,2,55,2,0.0023732470334412083,0.0014134275618374558
unanimous,fisip ui,2,26,2,0.001121898597626753,0.0014134275618374558
unanimous,fosfor putih,2,23,2,0.0009924487594390506,0.0014134275618374558
unanimous,ga gila,2,39,2,0.0016828478964401295,0.0014134275618374558
unanimous,ga sih,2,36,2,0.0015533980582524273,0.0014134275618374558
unanimous,gara gara,2,50,2,0.002157497303128371,0.0014134275618374558
unanimous,gaza akan,2,24,2,0.001035598705501618,0.0014134275618374558
unanimous,gaza dengan,2,42,2,0.0018122977346278317,0.0014134275618374558
unanimous,gaza hamas,2,59,2,0.002545846817691478,0.0014134275618374558
unanimous,gaza ke,2,28,2,0.0012081984897518879,0.0014134275618374558
unanimous,gaza palestine,2,25,2,0.0010787486515641855,0.0014134275618374558
unanimous,genosida di,2,25,2,0.0010787486515641855,0.0014134275618374558
unanimous,genosida israel,2,26,2,0.001121898597626753,0.0014134275618374558
unanimous,genosida yang,2,24,2,0.001035598705501618,0.0014134275618374558
unanimous,gila aja,2,74,2,0.0031930960086299894,0.0014134275618374558
unanimous,gila gila,2,78,2,0.003365695792880259,0.0014134275618374558
unanimous,gus dur,2,28,2,0.0012081984897518879,0.0014134275618374558
unanimous,hal tersebut,2,94,2,0.004056094929881337,0.0014134275618374558
unanimous,hamas di,2,114,2,0.004919093851132686,0.0014134275618374558
unanimous,hampir gila,2,58,2,0.0025026968716289105,0.0014134275618374558
unanimous,hanya di,2,59,2,0.002545846817691478,0.0014134275618374558
unanimous,hanya itu,2,25,2,0.0010787486515641855,0.0014134275618374558
unanimous,hari minggu,2,59,2,0.002545846817691478,0.0014134275618374558
unanimous,hari terakhir,2,30,2,0.0012944983818770227,0.0014134275618374558
unanimous,hati dan,2,33,2,0.0014239482200647249,0.0014134275618374558
unanimous,hati hati,2,29,2,0.0012513484358144553,0.0014134275618374558
unanimous,https www,2,105,2,0.004530744336569579,0.0014134275618374558
unanimous,humanitarian duty,2,25,2,0.0010787486515641855,0.0014134275618374558
unanimous,ibu hamil,2,27,2,0.0011650485436893205,0.0014134275618374558
unanimous,indonesia emas,2,49,2,0.0021143473570658035,0.0014134275618374558
unanimous,ini akan,2,67,2,0.002891046386192017,0.0014134275618374558
unanimous,ini dan,2,51,2,0.0022006472491909383,0.0014134275618374558
unanimous,ini dari,2,21,2,0.0009061488673139158,0.0014134275618374558
unanimous,ini di,2,78,2,0.003365695792880259,0.0014134275618374558
unanimous,ini kami,2,20,2,0.0008629989212513484,0.0014134275618374558
unanimous,ini karena,2,34,2,0.0014670981661272923,0.0014134275618374558
unanimous,ini sedang,2,29,2,0.0012513484358144553,0.0014134275618374558
unanimous,ini ya,2,27,2,0.0011650485436893205,0.0014134275618374558
unanimous,instagram com,2,21,2,0.0009061488673139158,0.0014134275618374558
unanimous,insya allah,2,29,2,0.0012513484358144553,0.0014134275618374558
unanimous,islam yang,2,26,2,0.001121898597626753,0.0014134275618374558
unanimous,israel atas,2,35,2,0.0015102481121898597,0.0014134275618374558
unanimous,israel atau,2,31,2,0.00133764832793959,0.0014134275618374558
unanimous,israel benjamin,2,91,2,0.003926645091693636,0.0014134275618374558
unanimous,israel bisa,2,22,2,0.0009492988133764832,0.0014134275618374558
unanimous,israel mengebom,2,20,2,0.0008629989212513484,0.0014134275618374558
unanimous,israel pada,2,126,2,0.005436893203883495,0.0014134275618374558
unanimous,israel terus,2,67,2,0.002891046386192017,0.0014134275618374558
unanimous,its a,2,25,2,0.0010787486515641855,0.0014134275618374558
unanimous,itu akan,2,26,2,0.001121898597626753,0.0014134275618374558
unanimous,itu bukan,2,53,2,0.0022869471413160735,0.0014134275618374558
unanimous,jangan sampai,2,58,2,0.0025026968716289105,0.0014134275618374558
unanimous,jauh lebih,2,29,2,0.0012513484358144553,0.0014134275618374558
unanimous,jika kamu,2,21,2,0.0009061488673139158,0.0014134275618374558
unanimous,juga akan,2,43,2,0.001855447680690399,0.0014134275618374558
unanimous,juga bisa,2,28,2,0.0012081984897518879,0.0014134275618374558
unanimous,juru bicara,2,92,2,0.003969795037756203,0.0014134275618374558
unanimous,juta warga,2,22,2,0.0009492988133764832,0.0014134275618374558
unanimous,kalau tidak,2,28,2,0.0012081984897518879,0.0014134275618374558
unanimous,kalian yang,2,20,2,0.0008629989212513484,0.0014134275618374558
unanimous,kalo mau,2,23,2,0.0009924487594390506,0.0014134275618374558
unanimous,kami akan,2,54,2,0.002330097087378641,0.0014134275618374558
unanimous,kami di,2,49,2,0.0021143473570658035,0.0014134275618374558
unanimous,kami juga,2,31,2,0.00133764832793959,0.0014134275618374558
unanimous,kapal induk,2,29,2,0.0012513484358144553,0.0014134275618374558
unanimous,kata dia,2,44,2,0.0018985976267529665,0.0014134275618374558
unanimous,kata kata,2,22,2,0.0009492988133764832,0.0014134275618374558
unanimous,ke arah,2,49,2,0.0021143473570658035,0.0014134275618374558
unanimous,ke china,2,74,2,0.0031930960086299894,0.0014134275618374558
unanimous,ke negara,2,77,2,0.0033225458468176916,0.0014134275618374558
unanimous,ke tempat,2,39,2,0.0016828478964401295,0.0014134275618374558
unanimous,keluarga besar,2,22,2,0.0009492988133764832,0.0014134275618374558
unanimous,kembali ke,2,77,2,0.0033225458468176916,0.0014134275618374558
unanimous,kepada para,2,180,2,0.007766990291262136,0.0014134275618374558
unanimous,kepada warga,2,29,2,0.0012513484358144553,0.0014134275618374558
unanimous,ketika israel,2,24,2,0.001035598705501618,0.0014134275618374558
unanimous,kita harus,2,50,2,0.002157497303128371,0.0014134275618374558
unanimous,konflik palestina,2,33,2,0.0014239482200647249,0.0014134275618374558
unanimous,lagi di,2,32,2,0.0013807982740021575,0.0014134275618374558
unanimous,lagi yang,2,24,2,0.001035598705501618,0.0014134275618374558
unanimous,lahir di,2,21,2,0.0009061488673139158,0.0014134275618374558
unanimous,lama lama,2,38,2,0.001639697950377562,0.0014134275618374558
unanimous,langsung di,2,42,2,0.0018122977346278317,0.0014134275618374558
unanimous,lebih banyak,2,70,2,0.0030204962243797194,0.0014134275618374558
unanimous,lebih besar,2,25,2,0.0010787486515641855,0.0014134275618374558
unanimous,lebih cepat,2,36,2,0.0015533980582524273,0.0014134275618374558
unanimous,lebih gila,2,28,2,0.0012081984897518879,0.0014134275618374558
unanimous,link di,2,177,2,0.007637540453074434,0.0014134275618374558
unanimous,love you,2,60,2,0.0025889967637540453,0.0014134275618374558
unanimous,makan siang,2,23,2,0.0009924487594390506,0.0014134275618374558
unanimous,manusia yang,2,20,2,0.0008629989212513484,0.0014134275618374558
unanimous,masa lalu,2,27,2,0.0011650485436893205,0.0014134275618374558
unanimous,masuk ke,2,132,2,0.0056957928802588995,0.0014134275618374558
unanimous,mau makan,2,27,2,0.0011650485436893205,0.0014134275618374558
unanimous,media israel,2,23,2,0.0009924487594390506,0.0014134275618374558
unanimous,melaporkan bahwa,2,20,2,0.0008629989212513484,0.0014134275618374558
unanimous,melarikan diri,2,39,2,0.0016828478964401295,0.0014134275618374558
unanimous,membeli produk,2,35,2,0.0015102481121898597,0.0014134275618374558
unanimous,memiliki hubungan,2,20,2,0.0008629989212513484,0.0014134275618374558
unanimous,mendukung kemerdekaan,2,22,2,0.0009492988133764832,0.0014134275618374558
unanimous,menewaskan lebih,2,26,2,0.001121898597626753,0.0014134275618374558
unanimous,mengungsi ke,2,27,2,0.0011650485436893205,0.0014134275618374558
unanimous,menjadi sasaran,2,36,2,0.0015533980582524273,0.0014134275618374558
unanimous,menurut kalian,2,45,2,0.001941747572815534,0.0014134275618374558
unanimous,menyatakan bahwa,2,75,2,0.003236245954692557,0.0014134275618374558
unanimous,mereka dengan,2,29,2,0.0012513484358144553,0.0014134275618374558
unanimous,mereka itu,2,21,2,0.0009061488673139158,0.0014134275618374558
unanimous,mereka ke,2,23,2,0.0009924487594390506,0.0014134275618374558
unanimous,merupakan salah,2,24,2,0.001035598705501618,0.0014134275618374558
unanimous,namun ia,2,21,2,0.0009061488673139158,0.0014134275618374558
unanimous,negara arab,2,51,2,0.0022006472491909383,0.0014134275618374558
unanimous,of the,2,45,2,0.001941747572815534,0.0014134275618374558
unanimous,oleh hamas,2,49,2,0.0021143473570658035,0.0014134275618374558
unanimous,orang dengan,2,37,2,0.0015965480043149947,0.0014134275618374558
unanimous,orang tewas,2,70,2,0.0030204962243797194,0.0014134275618374558
unanimous,pada bulan,2,34,2,0.0014670981661272923,0.0014134275618374558
unanimous,pada hari,2,142,2,0.0061272923408845735,0.0014134275618374558
unanimous,pagi buta,2,69,2,0.002977346278317152,0.0014134275618374558
unanimous,pak prabowo,2,28,2,0.0012081984897518879,0.0014134275618374558
unanimous,palestina dari,2,61,2,0.0026321467098166127,0.0014134275618374558
unanimous,palestina palestine,2,30,2,0.0012944983818770227,0.0014134275618374558
unanimous,paling banyak,2,21,2,0.0009061488673139158,0.0014134275618374558
unanimous,pejuang hamas,2,57,2,0.002459546925566343,0.0014134275618374558
unanimous,pemilu 2024,2,81,2,0.003495145631067961,0.0014134275618374558
unanimous,pengungsi di,2,63,2,0.0027184466019417475,0.0014134275618374558
unanimous,pengungsi itu,2,63,2,0.0027184466019417475,0.0014134275618374558
unanimous,perang di,2,71,2,0.0030636461704422868,0.0014134275618374558
unanimous,perang yang,2,39,2,0.0016828478964401295,0.0014134275618374558
unanimous,perempuan dan,2,55,2,0.0023732470334412083,0.0014134275618374558
unanimous,pernah terjadi,2,20,2,0.0008629989212513484,0.0014134275618374558
unanimous,pesawat tempur,2,34,2,0.0014670981661272923,0.0014134275618374558
unanimous,pihak israel,2,26,2,0.001121898597626753,0.0014134275618374558
unanimous,pilpres 2024,2,64,2,0.002761596548004315,0.0014134275618374558
unanimous,pj gubernur,2,33,2,0.0014239482200647249,0.0014134275618374558
unanimous,play store,2,50,2,0.002157497303128371,0.0014134275618374558
unanimous,pm israel,2,64,2,0.002761596548004315,0.0014134275618374558
unanimous,politik identitas,2,28,2,0.0012081984897518879,0.0014134275618374558
unanimous,prabowo gibran,2,35,2,0.0015102481121898597,0.0014134275618374558
unanimous,produk dari,2,33,2,0.0014239482200647249,0.0014134275618374558
unanimous,produk pro,2,39,2,0.0016828478964401295,0.0014134275618374558
unanimous,produk produk,2,50,2,0.002157497303128371,0.0014134275618374558
unanimous,punya hak,2,21,2,0.0009061488673139158,0.0014134275618374558
unanimous,rakyat aceh,2,47,2,0.0020280474649406687,0.0014134275618374558
unanimous,rata rata,2,33,2,0.0014239482200647249,0.0014134275618374558
unanimous,rezim zionis,2,22,2,0.0009492988133764832,0.0014134275618374558
unanimous,rohingya yang,2,262,2,0.011305285868392665,0.0014134275618374558
unanimous,saat itu,2,73,2,0.003149946062567422,0.0014134275618374558
unanimous,sakit al,2,83,2,0.003581445523193096,0.0014134275618374558
unanimous,sakit di,2,82,2,0.0035382955771305286,0.0014134275618374558
unanimous,sakit gaza,2,21,2,0.0009061488673139158,0.0014134275618374558
unanimous,sebagai orang,2,20,2,0.0008629989212513484,0.0014134275618374558
unanimous,sebagai tempat,2,21,2,0.0009061488673139158,0.0014134275618374558
unanimous,sebagian besar,2,61,2,0.0026321467098166127,0.0014134275618374558
unanimous,sebuah rumah,2,20,2,0.0008629989212513484,0.0014134275618374558
unanimous,sehari hari,2,29,2,0.0012513484358144553,0.0014134275618374558
unanimous,sehingga tidak,2,23,2,0.0009924487594390506,0.0014134275618374558
unanimous,sejak awal,2,39,2,0.0016828478964401295,0.0014134275618374558
unanimous,sekali lagi,2,26,2,0.001121898597626753,0.0014134275618374558
unanimous,selamat dari,2,25,2,0.0010787486515641855,0.0014134275618374558
unanimous,selengkapnya di,2,355,2,0.015318230852211435,0.0014134275618374558
unanimous,seluruh wilayah,2,20,2,0.0008629989212513484,0.0014134275618374558
unanimous,semua negara,2,30,2,0.0012944983818770227,0.0014134275618374558
unanimous,serangan hamas,2,104,2,0.004487594390507012,0.0014134275618374558
unanimous,sesuatu yang,2,31,2,0.00133764832793959,0.0014134275618374558
unanimous,setelah serangan,2,26,2,0.001121898597626753,0.0014134275618374558
unanimous,setiap orang,2,24,2,0.001035598705501618,0.0014134275618374558
unanimous,sipil dan,2,21,2,0.0009061488673139158,0.0014134275618374558
unanimous,sipil yang,2,26,2,0.001121898597626753,0.0014134275618374558
unanimous,sudah tidak,2,29,2,0.0012513484358144553,0.0014134275618374558
unanimous,tank israel,2,40,2,0.001725997842502697,0.0014134275618374558
unanimous,tapi tidak,2,21,2,0.0009061488673139158,0.0014134275618374558
unanimous,tenaga kerja,2,23,2,0.0009924487594390506,0.0014134275618374558
unanimous,terafiliasi dengan,2,30,2,0.0012944983818770227,0.0014134275618374558
unanimous,terbesar di,2,51,2,0.0022006472491909383,0.0014134275618374558
unanimous,terima kasih,2,106,2,0.004573894282632147,0.0014134275618374558
unanimous,terletak di,2,27,2,0.0011650485436893205,0.0014134275618374558
unanimous,tersebar di,2,24,2,0.001035598705501618,0.0014134275618374558
unanimous,tersebut adalah,2,38,2,0.001639697950377562,0.0014134275618374558
unanimous,tersebut yang,2,20,2,0.0008629989212513484,0.0014134275618374558
unanimous,terus bertambah,2,32,2,0.0013807982740021575,0.0014134275618374558
unanimous,tetapi juga,2,35,2,0.0015102481121898597,0.0014134275618374558
unanimous,tiba tiba,2,58,2,0.0025026968716289105,0.0014134275618374558
unanimous,tidak hanya,2,76,2,0.003279395900755124,0.0014134275618374558
unanimous,tidak mampu,2,21,2,0.0009061488673139158,0.0014134275618374558
unanimous,tinggal di,2,101,2,0.00435814455231931,0.0014134275618374558
unanimous,tolak israel,2,42,2,0.0018122977346278317,0.0014134275618374558
unanimous,tuan rumah,2,61,2,0.0026321467098166127,0.0014134275618374558
unanimous,umat beragama,2,20,2,0.0008629989212513484,0.0014134275618374558
unanimous,unhcr dan,2,33,2,0.0014239482200647249,0.0014134275618374558
unanimous,uni eropa,2,20,2,0.0008629989212513484,0.0014134275618374558
unanimous,untuk membela,2,27,2,0.0011650485436893205,0.0014134275618374558
unanimous,untuk memilih,2,21,2,0.0009061488673139158,0.0014134275618374558
unanimous,untuk mencari,2,46,2,0.0019848975188781013,0.0014134275618374558
unanimous,untuk menghentikan,2,44,2,0.0018985976267529665,0.0014134275618374558
unanimous,untuk para,2,53,2,0.0022869471413160735,0.0014134275618374558
unanimous,untuk tidak,2,50,2,0.002157497303128371,0.0014134275618374558
unanimous,vs israel,2,77,2,0.0033225458468176916,0.0014134275618374558
unanimous,wakil presiden,2,61,2,0.0026321467098166127,0.0014134275618374558
unanimous,warga setempat,2,35,2,0.0015102481121898597,0.0014134275618374558
unanimous,warga yang,2,47,2,0.0020280474649406687,0.0014134275618374558
unanimous,we love,2,57,2,0.002459546925566343,0.0014134275618374558
unanimous,wilayah yang,2,30,2,0.0012944983818770227,0.0014134275618374558
unanimous,yang belum,2,72,2,0.0031067961165048546,0.0014134275618374558
unanimous,yang berbeda,2,23,2,0.0009924487594390506,0.0014134275618374558
unanimous,yang dianggap,2,24,2,0.001035598705501618,0.0014134275618374558
unanimous,yang lain,2,54,2,0.002330097087378641,0.0014134275618374558
unanimous,yang lebih,2,108,2,0.004660194174757282,0.0014134275618374558
unanimous,yang memiliki,2,49,2,0.0021143473570658035,0.0014134275618374558
unanimous,yang merupakan,2,69,2,0.002977346278317152,0.0014134275618374558
unanimous,yang pernah,2,33,2,0.0014239482200647249,0.0014134275618374558
unanimous,yang pro,2,22,2,0.0009492988133764832,0.0014134275618374558
unanimous,yang punya,2,26,2,0.001121898597626753,0.0014134275618374558
unanimous,yang salah,2,27,2,0.0011650485436893205,0.0014134275618374558
unanimous,yang sama,2,101,2,0.00435814455231931,0.0014134275618374558
unanimous,yang tak,2,78,2,0.003365695792880259,0.0014134275618374558
unanimous,yang terafiliasi,2,27,2,0.0011650485436893205,0.0014134275618374558
unanimous,yang terletak,2,24,2,0.001035598705501618,0.0014134275618374558
unanimous,yang udah,2,21,2,0.0009061488673139158,0.0014134275618374558
unanimous,yg gila,2,38,2,0.001639697950377562,0.0014134275618374558
unanimous,1 000,2,30,1,0.0012944983818770227,0.0007067137809187279
unanimous,1 2024,2,78,1,0.003365695792880259,0.0007067137809187279
unanimous,10 000,2,26,1,0.001121898597626753,0.0007067137809187279
unanimous,10 10,2,40,1,0.001725997842502697,0.0007067137809187279
unanimous,10 23,2,30,1,0.0012944983818770227,0.0007067137809187279
unanimous,10 oktober,2,57,1,0.002459546925566343,0.0007067137809187279
unanimous,100 000,2,29,1,0.0012513484358144553,0.0007067137809187279
unanimous,11 2023,2,182,1,0.007853290183387271,0.0007067137809187279
unanimous,12 2023,2,237,1,0.01022653721682848,0.0007067137809187279
unanimous,2 juta,2,31,1,0.00133764832793959,0.0007067137809187279
unanimous,2 tahun,2,21,1,0.0009061488673139158,0.0007067137809187279
unanimous,2023 12,2,31,1,0.00133764832793959,0.0007067137809187279
unanimous,2023 yang,2,34,1,0.0014670981661272923,0.0007067137809187279
unanimous,2024 di,2,41,1,0.0017691477885652643,0.0007067137809187279
unanimous,24 12,2,27,1,0.0011650485436893205,0.0007067137809187279
unanimous,24 jam,2,48,1,0.002071197411003236,0.0007067137809187279
unanimous,3 4,2,29,1,0.0012513484358144553,0.0007067137809187279
unanimous,3 hari,2,27,1,0.0011650485436893205,0.0007067137809187279
unanimous,4 000,2,23,1,0.0009924487594390506,0.0007067137809187279
unanimous,4 hari,2,23,1,0.0009924487594390506,0.0007067137809187279
unanimous,400 orang,2,20,1,0.0008629989212513484,0.0007067137809187279
unanimous,5 juta,2,39,1,0.0016828478964401295,0.0007067137809187279
unanimous,500 orang,2,34,1,0.0014670981661272923,0.0007067137809187279
unanimous,7 10,2,53,1,0.0022869471413160735,0.0007067137809187279
unanimous,7 5,2,21,1,0.0009061488673139158,0.0007067137809187279
unanimous,a n,2,28,1,0.0012081984897518879,0.0007067137809187279
unanimous,a t,2,24,1,0.001035598705501618,0.0007067137809187279
unanimous,abu janda,2,20,1,0.0008629989212513484,0.0007067137809187279
unanimous,aceh dan,2,24,1,0.001035598705501618,0.0007067137809187279
unanimous,aceh yara,2,33,1,0.0014239482200647249,0.0007067137809187279
unanimous,ada beberapa,2,24,1,0.001035598705501618,0.0007067137809187279
unanimous,ada satu,2,22,1,0.0009492988133764832,0.0007067137809187279
unanimous,adalah salah,2,31,1,0.00133764832793959,0.0007067137809187279
unanimous,adalah seorang,2,24,1,0.001035598705501618,0.0007067137809187279
unanimous,advokasi rakyat,2,33,1,0.0014239482200647249,0.0007067137809187279
unanimous,agresi israel,2,80,1,0.003451995685005394,0.0007067137809187279
unanimous,air mata,2,27,1,0.0011650485436893205,0.0007067137809187279
unanimous,akan melakukan,2,36,1,0.0015533980582524273,0.0007067137809187279
unanimous,akan terjadi,2,21,1,0.0009061488673139158,0.0007067137809187279
unanimous,akan terus,2,68,1,0.0029341963322545845,0.0007067137809187279
unanimous,akan tetapi,2,32,1,0.0013807982740021575,0.0007067137809187279
unanimous,aksi pengusiran,2,21,1,0.0009061488673139158,0.0007067137809187279
unanimous,aku tidak,2,22,1,0.0009492988133764832,0.0007067137809187279
unanimous,al ahli,2,42,1,0.0018122977346278317,0.0007067137809187279
unanimous,al jazeera,2,56,1,0.0024163969795037757,0.0007067137809187279
unanimous,al shifa,2,87,1,0.0037540453074433656,0.0007067137809187279
unanimous,antara israel,2,103,1,0.0044444444444444444,0.0007067137809187279
unanimous,as dan,2,39,1,0.0016828478964401295,0.0007067137809187279
unanimous,atau klik,2,75,1,0.003236245954692557,0.0007067137809187279
unanimous,ayo kita,2,60,1,0.0025889967637540453,0.0007067137809187279
unanimous,baca artikel,2,21,1,0.0009061488673139158,0.0007067137809187279
unanimous,baca berita,2,111,1,0.004789644012944984,0.0007067137809187279
unanimous,badai al,2,21,1,0.0009061488673139158,0.0007067137809187279
unanimous,bagi israel,2,25,1,0.0010787486515641855,0.0007067137809187279
unanimous,bagi para,2,32,1,0.0013807982740021575,0.0007067137809187279
unanimous,bagi umat,2,20,1,0.0008629989212513484,0.0007067137809187279
unanimous,bagi warga,2,20,1,0.0008629989212513484,0.0007067137809187279
unanimous,bahan bakar,2,48,1,0.002071197411003236,0.0007067137809187279
unanimous,bahasa indonesia,2,20,1,0.0008629989212513484,0.0007067137809187279
unanimous,baik baik,2,24,1,0.001035598705501618,0.0007067137809187279
unanimous,banda aceh,2,268,1,0.011564185544768069,0.0007067137809187279
unanimous,banget ya,2,28,1,0.0012081984897518879,0.0007067137809187279
unanimous,bangsa dan,2,26,1,0.001121898597626753,0.0007067137809187279
unanimous,bantuan kemanusiaan,2,75,1,0.003236245954692557,0.0007067137809187279
unanimous,bantuan untuk,2,23,1,0.0009924487594390506,0.0007067137809187279
unanimous,banyak lagi,2,27,1,0.0011650485436893205,0.0007067137809187279
unanimous,barang barang,2,20,1,0.0008629989212513484,0.0007067137809187279
unanimous,barat dan,2,23,1,0.0009924487594390506,0.0007067137809187279
unanimous,baru di,2,49,1,0.0021143473570658035,0.0007067137809187279
unanimous,beberapa waktu,2,32,1,0.0013807982740021575,0.0007067137809187279
unanimous,bekerja di,2,35,1,0.0015102481121898597,0.0007067137809187279
unanimous,bekerja sama,2,36,1,0.0015533980582524273,0.0007067137809187279
unanimous,belah pihak,2,23,1,0.0009924487594390506,0.0007067137809187279
unanimous,bella hadid,2,40,1,0.001725997842502697,0.0007067137809187279
unanimous,berangkat dari,2,36,1,0.0015533980582524273,0.0007067137809187279
unanimous,berbagai sumber,2,24,1,0.001035598705501618,0.0007067137809187279
unanimous,berita selengkapnya,2,148,1,0.006386192017259979,0.0007067137809187279
unanimous,berkumpul di,2,23,1,0.0009924487594390506,0.0007067137809187279
unanimous,bersama sama,2,50,1,0.002157497303128371,0.0007067137809187279
unanimous,bertemu dengan,2,34,1,0.0014670981661272923,0.0007067137809187279
unanimous,besar yang,2,22,1,0.0009492988133764832,0.0007067137809187279
unanimous,bio atau,2,23,1,0.0009924487594390506,0.0007067137809187279
unanimous,bisa bikin,2,21,1,0.0009061488673139158,0.0007067137809187279
unanimous,bisa gila,2,78,1,0.003365695792880259,0.0007067137809187279
unanimous,breaking news,2,54,1,0.002330097087378641,0.0007067137809187279
unanimous,buat yang,2,36,1,0.0015533980582524273,0.0007067137809187279
unanimous,cepat indonesia,2,39,1,0.0016828478964401295,0.0007067137809187279
unanimous,cepat jakarta,2,48,1,0.002071197411003236,0.0007067137809187279
unanimous,china dan,2,75,1,0.003236245954692557,0.0007067137809187279
unanimous,china di,2,97,1,0.00418554476806904,0.0007067137809187279
unanimous,china kcic,2,31,1,0.00133764832793959,0.0007067137809187279
unanimous,china pada,2,26,1,0.001121898597626753,0.0007067137809187279
unanimous,chris martin,2,37,1,0.0015965480043149947,0.0007067137809187279
unanimous,cnbc indonesia,2,32,1,0.0013807982740021575,0.0007067137809187279
unanimous,cnn indonesia,2,45,1,0.001941747572815534,0.0007067137809187279
unanimous,dah gila,2,42,1,0.0018122977346278317,0.0007067137809187279
unanimous,dalam beberapa,2,54,1,0.002330097087378641,0.0007067137809187279
unanimous,dalam kasus,2,37,1,0.0015965480043149947,0.0007067137809187279
unanimous,dalam keadaan,2,45,1,0.001941747572815534,0.0007067137809187279
unanimous,dalam konflik,2,27,1,0.0011650485436893205,0.0007067137809187279
unanimous,dalam rangka,2,61,1,0.0026321467098166127,0.0007067137809187279
unanimous,dalam satu,2,40,1,0.001725997842502697,0.0007067137809187279
unanimous,dalam sebuah,2,73,1,0.003149946062567422,0.0007067137809187279
unanimous,dan amerika,2,31,1,0.00133764832793959,0.0007067137809187279
unanimous,dan beradab,2,23,1,0.0009924487594390506,0.0007067137809187279
unanimous,dan china,2,73,1,0.003149946062567422,0.0007067137809187279
unanimous,dan ham,2,20,1,0.0008629989212513484,0.0007067137809187279
unanimous,dan hamas,2,81,1,0.003495145631067961,0.0007067137809187279
unanimous,dan indonesia,2,23,1,0.0009924487594390506,0.0007067137809187279
unanimous,dan kami,2,22,1,0.0009492988133764832,0.0007067137809187279
unanimous,dan katolik,2,21,1,0.0009061488673139158,0.0007067137809187279
unanimous,dan keluarga,2,22,1,0.0009492988133764832,0.0007067137809187279
unanimous,dan kita,2,20,1,0.0008629989212513484,0.0007067137809187279
unanimous,dan konflik,2,23,1,0.0009924487594390506,0.0007067137809187279
unanimous,dan lainnya,2,20,1,0.0008629989212513484,0.0007067137809187279
unanimous,dan masyarakat,2,36,1,0.0015533980582524273,0.0007067137809187279
unanimous,dan perempuan,2,22,1,0.0009492988133764832,0.0007067137809187279
unanimous,dan rakyat,2,21,1,0.0009061488673139158,0.0007067137809187279
unanimous,darat di,2,22,1,0.0009492988133764832,0.0007067137809187279
unanimous,darat israel,2,25,1,0.0010787486515641855,0.0007067137809187279
unanimous,dari 1,2,39,1,0.0016828478964401295,0.0007067137809187279
unanimous,dari gaza,2,58,1,0.0025026968716289105,0.0007067137809187279
unanimous,dari masyarakat,2,23,1,0.0009924487594390506,0.0007067137809187279
unanimous,dari politik,2,38,1,0.001639697950377562,0.0007067137809187279
unanimous,dari serangan,2,36,1,0.0015533980582524273,0.0007067137809187279
unanimous,dari universitas,2,20,1,0.0008629989212513484,0.0007067137809187279
unanimous,dengan baik,2,40,1,0.001725997842502697,0.0007067137809187279
unanimous,dengan gangguan,2,27,1,0.0011650485436893205,0.0007067137809187279
unanimous,dengan kelompok,2,21,1,0.0009061488673139158,0.0007067137809187279
unanimous,dengan menggunakan,2,38,1,0.001639697950377562,0.0007067137809187279
unanimous,dengan negara,2,30,1,0.0012944983818770227,0.0007067137809187279
unanimous,dengan para,2,23,1,0.0009924487594390506,0.0007067137809187279
unanimous,dengan presiden,2,25,1,0.0010787486515641855,0.0007067137809187279
unanimous,di amerika,2,25,1,0.0010787486515641855,0.0007067137809187279
unanimous,di area,2,25,1,0.0010787486515641855,0.0007067137809187279
unanimous,di asia,2,22,1,0.0009492988133764832,0.0007067137809187279
unanimous,di berbagai,2,56,1,0.0024163969795037757,0.0007067137809187279
unanimous,di cek,2,23,1,0.0009924487594390506,0.0007067137809187279
unanimous,di desa,2,46,1,0.0019848975188781013,0.0007067137809187279
unanimous,di eropa,2,43,1,0.001855447680690399,0.0007067137809187279
unanimous,di gedung,2,82,1,0.0035382955771305286,0.0007067137809187279
unanimous,di gereja,2,60,1,0.0025889967637540453,0.0007067137809187279
unanimous,di hari,2,40,1,0.001725997842502697,0.0007067137809187279
unanimous,di https,2,60,1,0.0025889967637540453,0.0007067137809187279
unanimous,di laut,2,89,1,0.0038403451995685004,0.0007067137809187279
unanimous,di lebanon,2,31,1,0.00133764832793959,0.0007067137809187279
unanimous,di lingkungan,2,28,1,0.0012081984897518879,0.0007067137809187279
unanimous,di luar,2,82,1,0.0035382955771305286,0.0007067137809187279
unanimous,di medan,2,31,1,0.00133764832793959,0.0007067137809187279
unanimous,di monas,2,20,1,0.0008629989212513484,0.0007067137809187279
unanimous,di pbb,2,20,1,0.0008629989212513484,0.0007067137809187279
unanimous,di perbatasan,2,42,1,0.0018122977346278317,0.0007067137809187279
unanimous,di pilpres,2,26,1,0.001121898597626753,0.0007067137809187279
unanimous,di posisi,2,29,1,0.0012513484358144553,0.0007067137809187279
unanimous,di pulau,2,35,1,0.0015102481121898597,0.0007067137809187279
unanimous,di rs,2,55,1,0.0023732470334412083,0.0007067137809187279
unanimous,di saat,2,25,1,0.0010787486515641855,0.0007067137809187279
unanimous,di samping,2,20,1,0.0008629989212513484,0.0007067137809187279
unanimous,di sebuah,2,47,1,0.0020280474649406687,0.0007067137809187279
unanimous,di sekitar,2,52,1,0.002243797195253506,0.0007067137809187279
unanimous,di sekolah,2,31,1,0.00133764832793959,0.0007067137809187279
unanimous,di selatan,2,25,1,0.0010787486515641855,0.0007067137809187279
unanimous,di seluruh,2,117,1,0.005048543689320388,0.0007067137809187279
unanimous,di sisi,2,42,1,0.0018122977346278317,0.0007067137809187279
unanimous,di story,2,20,1,0.0008629989212513484,0.0007067137809187279
unanimous,di tengah,2,151,1,0.0065156418554476805,0.0007067137809187279
unanimous,di website,2,39,1,0.0016828478964401295,0.0007067137809187279
unanimous,di wilayah,2,222,1,0.009579288025889967,0.0007067137809187279
unanimous,di www,2,24,1,0.001035598705501618,0.0007067137809187279
unanimous,di x,2,27,1,0.0011650485436893205,0.0007067137809187279
unanimous,di yaman,2,26,1,0.001121898597626753,0.0007067137809187279
unanimous,dianggap sebagai,2,27,1,0.0011650485436893205,0.0007067137809187279
unanimous,dibawa ke,2,49,1,0.0021143473570658035,0.0007067137809187279
unanimous,dilaksanakan di,2,22,1,0.0009492988133764832,0.0007067137809187279
unanimous,dilansir dari,2,68,1,0.0029341963322545845,0.0007067137809187279
unanimous,diri dengan,2,24,1,0.001035598705501618,0.0007067137809187279
unanimous,diri ke,2,21,1,0.0009061488673139158,0.0007067137809187279
unanimous,diusir dari,2,20,1,0.0008629989212513484,0.0007067137809187279
unanimous,dki jakarta,2,22,1,0.0009492988133764832,0.0007067137809187279
unanimous,doa dan,2,28,1,0.0012081984897518879,0.0007067137809187279
unanimous,don t,2,25,1,0.0010787486515641855,0.0007067137809187279
unanimous,download aplikasi,2,22,1,0.0009492988133764832,0.0007067137809187279
unanimous,dpr ri,2,36,1,0.0015533980582524273,0.0007067137809187279
unanimous,duduk di,2,21,1,0.0009061488673139158,0.0007067137809187279
unanimous,dunia dan,2,30,1,0.0012944983818770227,0.0007067137809187279
unanimous,dunia ini,2,34,1,0.0014670981661272923,0.0007067137809187279
unanimous,elon musk,2,32,1,0.0013807982740021575,0.0007067137809187279
unanimous,etnis tionghoa,2,24,1,0.001035598705501618,0.0007067137809187279
unanimous,gak sih,2,29,1,0.0012513484358144553,0.0007067137809187279
unanimous,gal gadot,2,54,1,0.002330097087378641,0.0007067137809187279
unanimous,ganjar paling,2,36,1,0.0015533980582524273,0.0007067137809187279
unanimous,ganjar presiden,2,27,1,0.0011650485436893205,0.0007067137809187279
unanimous,gaza dalam,2,39,1,0.0016828478964401295,0.0007067137809187279
unanimous,gaza selama,2,21,1,0.0009061488673139158,0.0007067137809187279
unanimous,gaza selatan,2,28,1,0.0012081984897518879,0.0007067137809187279
unanimous,gaza telah,2,27,1,0.0011650485436893205,0.0007067137809187279
unanimous,gelap rohingya,2,21,1,0.0009061488673139158,0.0007067137809187279
unanimous,gila apa,2,27,1,0.0011650485436893205,0.0007067137809187279
unanimous,gila banget,2,98,1,0.004228694714131607,0.0007067137809187279
unanimous,gila gilaan,2,36,1,0.0015533980582524273,0.0007067137809187279
unanimous,gila gue,2,61,1,0.0026321467098166127,0.0007067137809187279
unanimous,gila juga,2,23,1,0.0009924487594390506,0.0007067137809187279
unanimous,gila kerja,2,20,1,0.0008629989212513484,0.0007067137809187279
unanimous,gila lu,2,21,1,0.0009061488673139158,0.0007067137809187279
unanimous,gila sih,2,210,1,0.009061488673139158,0.0007067137809187279
unanimous,gila yang,2,23,1,0.0009924487594390506,0.0007067137809187279
unanimous,google play,2,74,1,0.0031930960086299894,0.0007067137809187279
unanimous,hamas gaza,2,38,1,0.001639697950377562,0.0007067137809187279
unanimous,hamas palestina,2,75,1,0.003236245954692557,0.0007067137809187279
unanimous,hamas telah,2,21,1,0.0009061488673139158,0.0007067137809187279
unanimous,hamas vs,2,47,1,0.0020280474649406687,0.0007067137809187279
unanimous,hanya untuk,2,34,1,0.0014670981661272923,0.0007067137809187279
unanimous,harga rp,2,22,1,0.0009492988133764832,0.0007067137809187279
unanimous,hari di,2,21,1,0.0009061488673139158,0.0007067137809187279
unanimous,hari ke,2,50,1,0.002157497303128371,0.0007067137809187279
unanimous,hari selasa,2,56,1,0.0024163969795037757,0.0007067137809187279
unanimous,hingga kini,2,36,1,0.0015533980582524273,0.0007067137809187279
unanimous,hukum humaniter,2,28,1,0.0012081984897518879,0.0007067137809187279
unanimous,humaniter internasional,2,27,1,0.0011650485436893205,0.0007067137809187279
unanimous,i m,2,21,1,0.0009061488673139158,0.0007067137809187279
unanimous,ibu kota,2,50,1,0.002157497303128371,0.0007067137809187279
unanimous,ig story,2,52,1,0.002243797195253506,0.0007067137809187279
unanimous,imigran rohingya,2,117,1,0.005048543689320388,0.0007067137809187279
unanimous,in the,2,27,1,0.0011650485436893205,0.0007067137809187279
unanimous,indo zone,2,23,1,0.0009924487594390506,0.0007067137809187279
unanimous,indonesia agar,2,28,1,0.0012081984897518879,0.0007067137809187279
unanimous,indonesia china,2,54,1,0.002330097087378641,0.0007067137809187279
unanimous,indonesia dari,2,21,1,0.0009061488673139158,0.0007067137809187279
unanimous,indonesia menjadi,2,23,1,0.0009924487594390506,0.0007067137809187279
unanimous,indonesia tidak,2,54,1,0.002330097087378641,0.0007067137809187279
unanimous,ini banyak,2,23,1,0.0009924487594390506,0.0007067137809187279
unanimous,ini harus,2,22,1,0.0009492988133764832,0.0007067137809187279
unanimous,ini membuat,2,20,1,0.0008629989212513484,0.0007067137809187279
unanimous,ini menjadi,2,50,1,0.002157497303128371,0.0007067137809187279
unanimous,ini tak,2,24,1,0.001035598705501618,0.0007067137809187279
unanimous,ini untuk,2,47,1,0.0020280474649406687,0.0007067137809187279
unanimous,internasional yang,2,22,1,0.0009492988133764832,0.0007067137809187279
unanimous,internet di,2,23,1,0.0009924487594390506,0.0007067137809187279
unanimous,ios 17,2,47,1,0.0020280474649406687,0.0007067137809187279
unanimous,islam di,2,27,1,0.0011650485436893205,0.0007067137809187279
unanimous,israel gaza,2,67,1,0.002891046386192017,0.0007067137809187279
unanimous,israel hamas,2,118,1,0.005091693635382956,0.0007067137809187279
unanimous,israel harus,2,29,1,0.0012513484358144553,0.0007067137809187279
unanimous,israel idf,2,34,1,0.0014670981661272923,0.0007067137809187279
unanimous,israel karena,2,22,1,0.0009492988133764832,0.0007067137809187279
unanimous,israel masih,2,28,1,0.0012081984897518879,0.0007067137809187279
unanimous,israel mengatakan,2,37,1,0.0015965480043149947,0.0007067137809187279
unanimous,israel saat,2,51,1,0.0022006472491909383,0.0007067137809187279
unanimous,israel sejak,2,50,1,0.002157497303128371,0.0007067137809187279
unanimous,israel selama,2,28,1,0.0012081984897518879,0.0007067137809187279
unanimous,israel serang,2,49,1,0.0021143473570658035,0.0007067137809187279
unanimous,israel setelah,2,23,1,0.0009924487594390506,0.0007067137809187279
unanimous,israel tak,2,37,1,0.0015965480043149947,0.0007067137809187279
unanimous,israel tidak,2,50,1,0.002157497303128371,0.0007067137809187279
unanimous,israel vs,2,78,1,0.003365695792880259,0.0007067137809187279
unanimous,itu bisa,2,35,1,0.0015102481121898597,0.0007067137809187279
unanimous,itu di,2,33,1,0.0014239482200647249,0.0007067137809187279
unanimous,itu juga,2,57,1,0.002459546925566343,0.0007067137809187279
unanimous,itu karena,2,26,1,0.001121898597626753,0.0007067137809187279
unanimous,itu saya,2,23,1,0.0009924487594390506,0.0007067137809187279
unanimous,itu sudah,2,25,1,0.0010787486515641855,0.0007067137809187279
unanimous,itu yang,2,33,1,0.0014239482200647249,0.0007067137809187279
unanimous,jadi gila,2,41,1,0.0017691477885652643,0.0007067137809187279
unanimous,jakarta bandung,2,39,1,0.0016828478964401295,0.0007067137809187279
unanimous,jangan deh,2,27,1,0.0011650485436893205,0.0007067137809187279
unanimous,jangan pernah,2,29,1,0.0012513484358144553,0.0007067137809187279
unanimous,jawa tengah,2,61,1,0.0026321467098166127,0.0007067137809187279
unanimous,jika tidak,2,34,1,0.0014670981661272923,0.0007067137809187279
unanimous,judi online,2,21,1,0.0009061488673139158,0.0007067137809187279
unanimous,juga mengatakan,2,23,1,0.0009924487594390506,0.0007067137809187279
unanimous,juta orang,2,27,1,0.0011650485436893205,0.0007067137809187279
unanimous,kabupaten pidie,2,28,1,0.0012081984897518879,0.0007067137809187279
unanimous,kalau kita,2,32,1,0.0013807982740021575,0.0007067137809187279
unanimous,kalian tau,2,20,1,0.0008629989212513484,0.0007067137809187279
unanimous,kamu yang,2,33,1,0.0014239482200647249,0.0007067137809187279
unanimous,kantor berita,2,30,1,0.0012944983818770227,0.0007067137809187279
unanimous,kapal perang,2,29,1,0.0012513484358144553,0.0007067137809187279
unanimous,katolik di,2,42,1,0.0018122977346278317,0.0007067137809187279
unanimous,ke atas,2,21,1,0.0009061488673139158,0.0007067137809187279
unanimous,ke dalam,2,61,1,0.0026321467098166127,0.0007067137809187279
unanimous,ke jalur,2,56,1,0.0024163969795037757,0.0007067137809187279
unanimous,ke rs,2,30,1,0.0012944983818770227,0.0007067137809187279
unanimous,ke selatan,2,24,1,0.001035598705501618,0.0007067137809187279
unanimous,ke teman,2,21,1,0.0009061488673139158,0.0007067137809187279
unanimous,ke wilayah,2,74,1,0.0031930960086299894,0.0007067137809187279
unanimous,kedua belah,2,26,1,0.001121898597626753,0.0007067137809187279
unanimous,kek orang,2,22,1,0.0009492988133764832,0.0007067137809187279
unanimous,kek orgil,2,32,1,0.0013807982740021575,0.0007067137809187279
unanimous,kekejaman israel,2,36,1,0.0015533980582524273,0.0007067137809187279
unanimous,kemanusiaan dan,2,29,1,0.0012513484358144553,0.0007067137809187279
unanimous,kemanusiaan di,2,41,1,0.0017691477885652643,0.0007067137809187279
unanimous,kereta cepat,2,95,1,0.004099244875943905,0.0007067137809187279
unanimous,kerja di,2,30,1,0.0012944983818770227,0.0007067137809187279
unanimous,ketua yara,2,27,1,0.0011650485436893205,0.0007067137809187279
unanimous,kiai thoifur,2,48,1,0.002071197411003236,0.0007067137809187279
unanimous,kira kira,2,30,1,0.0012944983818770227,0.0007067137809187279
unanimous,kita akan,2,43,1,0.001855447680690399,0.0007067137809187279
unanimous,konflik israel,2,110,1,0.004746494066882417,0.0007067137809187279
unanimous,konvensi pengungsi,2,20,1,0.0008629989212513484,0.0007067137809187279
unanimous,korban jiwa,2,53,1,0.0022869471413160735,0.0007067137809187279
unanimous,korban serangan,2,28,1,0.0012081984897518879,0.0007067137809187279
unanimous,korban tewas,2,57,1,0.002459546925566343,0.0007067137809187279
unanimous,krisis kemanusiaan,2,24,1,0.001035598705501618,0.0007067137809187279
unanimous,kristen indonesia,2,36,1,0.0015533980582524273,0.0007067137809187279
unanimous,kristen protestan,2,29,1,0.0012513484358144553,0.0007067137809187279
unanimous,kutuk serangan,2,27,1,0.0011650485436893205,0.0007067137809187279
unanimous,lainnya di,2,60,1,0.0025889967637540453,0.0007067137809187279
unanimous,luar negeri,2,178,1,0.007680690399137001,0.0007067137809187279
unanimous,luka luka,2,62,1,0.00267529665587918,0.0007067137809187279
unanimous,majelis umum,2,22,1,0.0009492988133764832,0.0007067137809187279
unanimous,makanan dan,2,20,1,0.0008629989212513484,0.0007067137809187279
unanimous,makin gila,2,27,1,0.0011650485436893205,0.0007067137809187279
unanimous,masih terus,2,29,1,0.0012513484358144553,0.0007067137809187279
unanimous,masing masing,2,72,1,0.0031067961165048546,0.0007067137809187279
unanimous,masjid di,2,21,1,0.0009061488673139158,0.0007067137809187279
unanimous,masuk dalam,2,29,1,0.0012513484358144553,0.0007067137809187279
unanimous,masyarakat aceh,2,42,1,0.0018122977346278317,0.0007067137809187279
unanimous,masyarakat indonesia,2,57,1,0.002459546925566343,0.0007067137809187279
unanimous,mau gila,2,35,1,0.0015102481121898597,0.0007067137809187279
unanimous,mba nana,2,35,1,0.0015102481121898597,0.0007067137809187279
unanimous,media sosial,2,139,1,0.005997842502696872,0.0007067137809187279
unanimous,melakukan aksi,2,40,1,0.001725997842502697,0.0007067137809187279
unanimous,melalui akun,2,41,1,0.0017691477885652643,0.0007067137809187279
unanimous,melancarkan serangan,2,56,1,0.0024163969795037757,0.0007067137809187279
unanimous,melawan hamas,2,23,1,0.0009924487594390506,0.0007067137809187279
unanimous,melawan israel,2,39,1,0.0016828478964401295,0.0007067137809187279
unanimous,membela palestina,2,31,1,0.00133764832793959,0.0007067137809187279
unanimous,memutuskan untuk,2,38,1,0.001639697950377562,0.0007067137809187279
unanimous,menampung pengungsi,2,41,1,0.0017691477885652643,0.0007067137809187279
unanimous,menang total,2,20,1,0.0008629989212513484,0.0007067137809187279
unanimous,mencari perlindungan,2,23,1,0.0009924487594390506,0.0007067137809187279
unanimous,mendarat di,2,81,1,0.003495145631067961,0.0007067137809187279
unanimous,mendukung perjuangan,2,29,1,0.0012513484358144553,0.0007067137809187279
unanimous,menegaskan bahwa,2,60,1,0.0025889967637540453,0.0007067137809187279
unanimous,mengeluarkan fatwa,2,25,1,0.0010787486515641855,0.0007067137809187279
unanimous,menghentikan serangan,2,23,1,0.0009924487594390506,0.0007067137809187279
unanimous,mengibarkan bendera,2,20,1,0.0008629989212513484,0.0007067137809187279
unanimous,mengucapkan selamat,2,27,1,0.0011650485436893205,0.0007067137809187279
unanimous,mengumumkan bahwa,2,22,1,0.0009492988133764832,0.0007067137809187279
unanimous,menjelaskan bahwa,2,28,1,0.0012081984897518879,0.0007067137809187279
unanimous,menlu retno,2,30,1,0.0012944983818770227,0.0007067137809187279
unanimous,menolak israel,2,21,1,0.0009061488673139158,0.0007067137809187279
unanimous,menteri israel,2,98,1,0.004228694714131607,0.0007067137809187279
unanimous,menunjukkan bahwa,2,31,1,0.00133764832793959,0.0007067137809187279
unanimous,menyebutkan bahwa,2,30,1,0.0012944983818770227,0.0007067137809187279
unanimous,mereka ini,2,29,1,0.0012513484358144553,0.0007067137809187279
unanimous,militer di,2,23,1,0.0009924487594390506,0.0007067137809187279
unanimous,minggu lalu,2,21,1,0.0009061488673139158,0.0007067137809187279
unanimous,muncul di,2,27,1,0.0011650485436893205,0.0007067137809187279
unanimous,nabi isa,2,28,1,0.0012081984897518879,0.0007067137809187279
unanimous,namun mereka,2,25,1,0.0010787486515641855,0.0007067137809187279
unanimous,namun tidak,2,20,1,0.0008629989212513484,0.0007067137809187279
unanimous,negara barat,2,22,1,0.0009492988133764832,0.0007067137809187279
unanimous,negara dan,2,27,1,0.0011650485436893205,0.0007067137809187279
unanimous,negara indonesia,2,59,1,0.002545846817691478,0.0007067137809187279
unanimous,negara kita,2,28,1,0.0012081984897518879,0.0007067137809187279
unanimous,negara lain,2,85,1,0.003667745415318231,0.0007067137809187279
unanimous,negara tujuan,2,22,1,0.0009492988133764832,0.0007067137809187279
unanimous,new york,2,39,1,0.0016828478964401295,0.0007067137809187279
unanimous,nilai nilai,2,38,1,0.001639697950377562,0.0007067137809187279
unanimous,no 1,2,27,1,0.0011650485436893205,0.0007067137809187279
unanimous,no 3,2,41,1,0.0017691477885652643,0.0007067137809187279
unanimous,nomor urut,2,21,1,0.0009061488673139158,0.0007067137809187279
unanimous,nov 2023,2,26,1,0.001121898597626753,0.0007067137809187279
unanimous,november 2023,2,313,1,0.013505933117583604,0.0007067137809187279
unanimous,odgj yang,2,23,1,0.0009924487594390506,0.0007067137809187279
unanimous,okt 2023,2,23,1,0.0009924487594390506,0.0007067137809187279
unanimous,oleh orang,2,33,1,0.0014239482200647249,0.0007067137809187279
unanimous,oleh para,2,47,1,0.0020280474649406687,0.0007067137809187279
unanimous,orang dan,2,38,1,0.001639697950377562,0.0007067137809187279
unanimous,orang rohingya,2,41,1,0.0017691477885652643,0.0007067137809187279
unanimous,pada akhir,2,35,1,0.0015102481121898597,0.0007067137809187279
unanimous,pada tanggal,2,73,1,0.003149946062567422,0.0007067137809187279
unanimous,paksa pengungsi,2,24,1,0.001035598705501618,0.0007067137809187279
unanimous,palestina dalam,2,31,1,0.00133764832793959,0.0007067137809187279
unanimous,palestina juga,2,21,1,0.0009061488673139158,0.0007067137809187279
unanimous,palestina merdeka,2,24,1,0.001035598705501618,0.0007067137809187279
unanimous,palestina termasuk,2,23,1,0.0009924487594390506,0.0007067137809187279
unanimous,palestina vs,2,22,1,0.0009492988133764832,0.0007067137809187279
unanimous,palestine freepalestine,2,20,1,0.0008629989212513484,0.0007067137809187279
unanimous,paling solutif,2,35,1,0.0015102481121898597,0.0007067137809187279
unanimous,para imigran,2,47,1,0.0020280474649406687,0.0007067137809187279
unanimous,para pemimpin,2,36,1,0.0015533980582524273,0.0007067137809187279
unanimous,pemerintah dan,2,34,1,0.0014670981661272923,0.0007067137809187279
unanimous,pemilihan umum,2,30,1,0.0012944983818770227,0.0007067137809187279
unanimous,penduduk gaza,2,27,1,0.0011650485436893205,0.0007067137809187279
unanimous,pengungsi ini,2,32,1,0.0013807982740021575,0.0007067137809187279
unanimous,pengungsi palestina,2,42,1,0.0018122977346278317,0.0007067137809187279
unanimous,pengungsi tersebut,2,46,1,0.0019848975188781013,0.0007067137809187279
unanimous,pengungsi yang,2,58,1,0.0025026968716289105,0.0007067137809187279
unanimous,penjajahan israel,2,28,1,0.0012081984897518879,0.0007067137809187279
unanimous,perang dengan,2,31,1,0.00133764832793959,0.0007067137809187279
unanimous,perang hamas,2,59,1,0.002545846817691478,0.0007067137809187279
unanimous,perang palestina,2,23,1,0.0009924487594390506,0.0007067137809187279
unanimous,perdana menteri,2,184,1,0.007939590075512405,0.0007067137809187279
unanimous,pergi ke,2,28,1,0.0012081984897518879,0.0007067137809187279
unanimous,perjuangan palestina,2,34,1,0.0014670981661272923,0.0007067137809187279
unanimous,pertahanan israel,2,57,1,0.002459546925566343,0.0007067137809187279
unanimous,pertama yang,2,41,1,0.0017691477885652643,0.0007067137809187279
unanimous,perusahaan yang,2,22,1,0.0009492988133764832,0.0007067137809187279
unanimous,piala asia,2,60,1,0.0025889967637540453,0.0007067137809187279
unanimous,prabowo subianto,2,51,1,0.0022006472491909383,0.0007067137809187279
unanimous,presiden jokowi,2,80,1,0.003451995685005394,0.0007067137809187279
unanimous,pro palestina,2,37,1,0.0015965480043149947,0.0007067137809187279
unanimous,pt kereta,2,34,1,0.0014670981661272923,0.0007067137809187279
unanimous,ratusan pengungsi,2,29,1,0.0012513484358144553,0.0007067137809187279
unanimous,ratusan warga,2,27,1,0.0011650485436893205,0.0007067137809187279
unanimous,rejim zionis,2,20,1,0.0008629989212513484,0.0007067137809187279
unanimous,ribuan orang,2,28,1,0.0012081984897518879,0.0007067137809187279
unanimous,rohingya bisa,2,21,1,0.0009061488673139158,0.0007067137809187279
unanimous,rohingya dan,2,39,1,0.0016828478964401295,0.0007067137809187279
unanimous,rohingya ke,2,94,1,0.004056094929881337,0.0007067137809187279
unanimous,rohingya masuk,2,22,1,0.0009492988133764832,0.0007067137809187279
unanimous,rohingya tidak,2,28,1,0.0012081984897518879,0.0007067137809187279
unanimous,rs al,2,64,1,0.002761596548004315,0.0007067137809187279
unanimous,rumah warga,2,20,1,0.0008629989212513484,0.0007067137809187279
unanimous,sabtu 7,2,43,1,0.001855447680690399,0.0007067137809187279
unanimous,safaruddin sh,2,24,1,0.001035598705501618,0.0007067137809187279
unanimous,sakit indonesia,2,68,1,0.0029341963322545845,0.0007067137809187279
unanimous,sakit tersebut,2,20,1,0.0008629989212513484,0.0007067137809187279
unanimous,sakit yang,2,24,1,0.001035598705501618,0.0007067137809187279
unanimous,saya tidak,2,43,1,0.001855447680690399,0.0007067137809187279
unanimous,sedang berlangsung,2,30,1,0.0012944983818770227,0.0007067137809187279
unanimous,sedang melakukan,2,25,1,0.0010787486515641855,0.0007067137809187279
unanimous,segala bentuk,2,26,1,0.001121898597626753,0.0007067137809187279
unanimous,sejak 7,2,48,1,0.002071197411003236,0.0007067137809187279
unanimous,sejak tahun,2,33,1,0.0014239482200647249,0.0007067137809187279
unanimous,sekarang di,2,60,1,0.0025889967637540453,0.0007067137809187279
unanimous,sekarang ini,2,28,1,0.0012081984897518879,0.0007067137809187279
unanimous,sekarang juga,2,36,1,0.0015533980582524273,0.0007067137809187279
unanimous,sekitar pukul,2,35,1,0.0015102481121898597,0.0007067137809187279
unanimous,sekolah di,2,25,1,0.0010787486515641855,0.0007067137809187279
unanimous,selasa 17,2,24,1,0.001035598705501618,0.0007067137809187279
unanimous,selengkapnya dengan,2,20,1,0.0008629989212513484,0.0007067137809187279
unanimous,seluruh indonesia,2,25,1,0.0010787486515641855,0.0007067137809187279
unanimous,semakin banyak,2,31,1,0.00133764832793959,0.0007067137809187279
unanimous,sementara di,2,44,1,0.0018985976267529665,0.0007067137809187279
unanimous,senjata dan,2,24,1,0.001035598705501618,0.0007067137809187279
unanimous,seorang pria,2,41,1,0.0017691477885652643,0.0007067137809187279
unanimous,seorang warga,2,22,1,0.0009492988133764832,0.0007067137809187279
unanimous,serangan di,2,37,1,0.0015965480043149947,0.0007067137809187279
unanimous,serangan itu,2,27,1,0.0011650485436893205,0.0007067137809187279
unanimous,serangan mendadak,2,31,1,0.00133764832793959,0.0007067137809187279
unanimous,serangan militer,2,23,1,0.0009924487594390506,0.0007067137809187279
unanimous,serangan terhadap,2,42,1,0.0018122977346278317,0.0007067137809187279
unanimous,serikat dan,2,38,1,0.001639697950377562,0.0007067137809187279
unanimous,sesuai dengan,2,82,1,0.0035382955771305286,0.0007067137809187279
unanimous,seumur hidup,2,34,1,0.0014670981661272923,0.0007067137809187279
unanimous,simak berita,2,67,1,0.002891046386192017,0.0007067137809187279
unanimous,sisi lain,2,31,1,0.00133764832793959,0.0007067137809187279
unanimous,sri mulyani,2,31,1,0.00133764832793959,0.0007067137809187279
unanimous,sudah ada,2,53,1,0.0022869471413160735,0.0007067137809187279
unanimous,sumber daya,2,22,1,0.0009492988133764832,0.0007067137809187279
unanimous,surat kabar,2,24,1,0.001035598705501618,0.0007067137809187279
unanimous,tahun 2016,2,23,1,0.0009924487594390506,0.0007067137809187279
unanimous,tahun 2023,2,91,1,0.003926645091693636,0.0007067137809187279
unanimous,tahun 2024,2,46,1,0.0019848975188781013,0.0007067137809187279
unanimous,tahun baru,2,49,1,0.0021143473570658035,0.0007067137809187279
unanimous,tahun di,2,25,1,0.0010787486515641855,0.0007067137809187279
unanimous,tahun lalu,2,49,1,0.0021143473570658035,0.0007067137809187279
unanimous,tahun terakhir,2,29,1,0.0012513484358144553,0.0007067137809187279
unanimous,tak berdaya,2,20,1,0.0008629989212513484,0.0007067137809187279
unanimous,tampung pengungsi,2,21,1,0.0009061488673139158,0.0007067137809187279
unanimous,tanggung jawab,2,64,1,0.002761596548004315,0.0007067137809187279
unanimous,tapi aku,2,23,1,0.0009924487594390506,0.0007067137809187279
unanimous,tapi juga,2,20,1,0.0008629989212513484,0.0007067137809187279
unanimous,tel aviv,2,67,1,0.002891046386192017,0.0007067137809187279
unanimous,telah menewaskan,2,26,1,0.001121898597626753,0.0007067137809187279
unanimous,teman teman,2,69,1,0.002977346278317152,0.0007067137809187279
unanimous,tempat pengungsian,2,30,1,0.0012944983818770227,0.0007067137809187279
unanimous,tempat tinggal,2,42,1,0.0018122977346278317,0.0007067137809187279
unanimous,tempur israel,2,31,1,0.00133764832793959,0.0007067137809187279
unanimous,terafiliasi israel,2,27,1,0.0011650485436893205,0.0007067137809187279
unanimous,terbaik di,2,32,1,0.0013807982740021575,0.0007067137809187279
unanimous,terbaik untuk,2,21,1,0.0009061488673139158,0.0007067137809187279
unanimous,terhadap pengungsi,2,40,1,0.001725997842502697,0.0007067137809187279
unanimous,terjadi pada,2,35,1,0.0015102481121898597,0.0007067137809187279
unanimous,terlibat dalam,2,63,1,0.0027184466019417475,0.0007067137809187279
unanimous,terus berlanjut,2,50,1,0.002157497303128371,0.0007067137809187279
unanimous,tewas di,2,31,1,0.00133764832793959,0.0007067137809187279
unanimous,tinggi di,2,23,1,0.0009924487594390506,0.0007067137809187279
unanimous,trending viral,2,47,1,0.0020280474649406687,0.0007067137809187279
unanimous,tribunnews com,2,36,1,0.0015533980582524273,0.0007067137809187279
unanimous,turun ke,2,22,1,0.0009492988133764832,0.0007067137809187279
unanimous,u 23,2,61,1,0.0026321467098166127,0.0007067137809187279
unanimous,ulang tahun,2,21,1,0.0009061488673139158,0.0007067137809187279
unanimous,umat kristiani,2,21,1,0.0009061488673139158,0.0007067137809187279
unanimous,umum pbb,2,20,1,0.0008629989212513484,0.0007067137809187279
unanimous,untuk ikut,2,21,1,0.0009061488673139158,0.0007067137809187279
unanimous,untuk itu,2,24,1,0.001035598705501618,0.0007067137809187279
unanimous,untuk melakukan,2,59,1,0.002545846817691478,0.0007067137809187279
unanimous,untuk melihat,2,21,1,0.0009061488673139158,0.0007067137809187279
unanimous,untuk melindungi,2,25,1,0.0010787486515641855,0.0007067137809187279
unanimous,untuk membantu,2,52,1,0.002243797195253506,0.0007067137809187279
unanimous,untuk memberikan,2,41,1,0.0017691477885652643,0.0007067137809187279
unanimous,untuk mendapatkan,2,91,1,0.003926645091693636,0.0007067137809187279
unanimous,untuk mendukung,2,39,1,0.0016828478964401295,0.0007067137809187279
unanimous,untuk orang,2,21,1,0.0009061488673139158,0.0007067137809187279
unanimous,untuk saudara,2,25,1,0.0010787486515641855,0.0007067137809187279
unanimous,untuk warga,2,23,1,0.0009924487594390506,0.0007067137809187279
unanimous,utara gaza,2,23,1,0.0009924487594390506,0.0007067137809187279
unanimous,video yang,2,65,1,0.0028047464940668823,0.0007067137809187279
unanimous,viral viralindonesia,2,23,1,0.0009924487594390506,0.0007067137809187279
unanimous,vs hamas,2,48,1,0.002071197411003236,0.0007067137809187279
unanimous,waktu setempat,2,58,1,0.0025026968716289105,0.0007067137809187279
unanimous,warga aceh,2,54,1,0.002330097087378641,0.0007067137809187279
unanimous,warga di,2,37,1,0.0015965480043149947,0.0007067137809187279
unanimous,we are,2,28,1,0.0012081984897518879,0.0007067137809187279
unanimous,wilayah di,2,20,1,0.0008629989212513484,0.0007067137809187279
unanimous,wilayah israel,2,37,1,0.0015965480043149947,0.0007067137809187279
unanimous,wilayah palestina,2,43,1,0.001855447680690399,0.0007067137809187279
unanimous,xi jinping,2,66,1,0.0028478964401294497,0.0007067137809187279
unanimous,ya sobat,2,27,1,0.0011650485436893205,0.0007067137809187279
unanimous,yang berada,2,99,1,0.004271844660194175,0.0007067137809187279
unanimous,yang berhasil,2,27,1,0.0011650485436893205,0.0007067137809187279
unanimous,yang besar,2,31,1,0.00133764832793959,0.0007067137809187279
unanimous,yang cukup,2,28,1,0.0012081984897518879,0.0007067137809187279
unanimous,yang dapat,2,67,1,0.002891046386192017,0.0007067137809187279
unanimous,yang diduduki,2,24,1,0.001035598705501618,0.0007067137809187279
unanimous,yang diduga,2,60,1,0.0025889967637540453,0.0007067137809187279
unanimous,yang ingin,2,54,1,0.002330097087378641,0.0007067137809187279
unanimous,yang kini,2,55,1,0.0023732470334412083,0.0007067137809187279
unanimous,yang kita,2,55,1,0.0023732470334412083,0.0007067137809187279
unanimous,yang masuk,2,60,1,0.0025889967637540453,0.0007067137809187279
unanimous,yang memberikan,2,24,1,0.001035598705501618,0.0007067137809187279
unanimous,yang menargetkan,2,23,1,0.0009924487594390506,0.0007067137809187279
unanimous,yang menyebabkan,2,23,1,0.0009924487594390506,0.0007067137809187279
unanimous,yang penuh,2,26,1,0.001121898597626753,0.0007067137809187279
unanimous,yang saat,2,44,1,0.0018985976267529665,0.0007067137809187279
unanimous,yang semakin,2,22,1,0.0009492988133764832,0.0007067137809187279
unanimous,yang suka,2,22,1,0.0009492988133764832,0.0007067137809187279
unanimous,yang tengah,2,21,1,0.0009061488673139158,0.0007067137809187279
unanimous,yang tepat,2,42,1,0.0018122977346278317,0.0007067137809187279
unanimous,yang terus,2,44,1,0.0018985976267529665,0.0007067137809187279
unanimous,yang tewas,2,41,1,0.0017691477885652643,0.0007067137809187279
unanimous,yang tinggal,2,37,1,0.0015965480043149947,0.0007067137809187279
unanimous,yara safaruddin,2,30,1,0.0012944983818770227,0.0007067137809187279
unanimous,yayasan advokasi,2,33,1,0.0014239482200647249,0.0007067137809187279
unanimous,yg bikin,2,22,1,0.0009492988133764832,0.0007067137809187279
unanimous,yg paling,2,24,1,0.001035598705501618,0.0007067137809187279
unanimous,you taehyung,2,30,1,0.0012944983818770227,0.0007067137809187279
unanimous,0 1,2,31,0,0.00133764832793959,0.0
unanimous,0 2,2,22,0,0.0009492988133764832,0.0
unanimous,0 3,2,22,0,0.0009492988133764832,0.0
unanimous,0 chinese,2,25,0,0.0010787486515641855,0.0
unanimous,000 000,2,31,0,0.00133764832793959,0.0
unanimous,000 minat,2,24,0,0.001035598705501618,0.0
unanimous,000 warga,2,32,0,0.0013807982740021575,0.0
unanimous,08 00,2,24,0,0.001035598705501618,0.0
unanimous,09 00,2,32,0,0.0013807982740021575,0.0
unanimous,09 2023,2,60,0,0.0025889967637540453,0.0
unanimous,1 0,2,36,0,0.0015533980582524273,0.0
unanimous,1 1,2,41,0,0.0017691477885652643,0.0
unanimous,1 11,2,22,0,0.0009492988133764832,0.0
unanimous,1 2,2,74,0,0.0031930960086299894,0.0
unanimous,1 4,2,22,0,0.0009492988133764832,0.0
unanimous,1 5,2,45,0,0.001941747572815534,0.0
unanimous,1 500,2,22,0,0.0009492988133764832,0.0
unanimous,1 7,2,23,0,0.0009924487594390506,0.0
unanimous,1 8,2,25,0,0.0010787486515641855,0.0
unanimous,1 china,2,22,0,0.0009492988133764832,0.0
unanimous,1 juta,2,43,0,0.001855447680690399,0.0
unanimous,10 00,2,22,0,0.0009492988133764832,0.0
unanimous,10 11,2,21,0,0.0009061488673139158,0.0
unanimous,10 12,2,28,0,0.0012081984897518879,0.0
unanimous,10 dan,2,21,0,0.0009061488673139158,0.0
unanimous,10 november,2,27,0,0.0011650485436893205,0.0
unanimous,11 10,2,22,0,0.0009492988133764832,0.0
unanimous,11 23,2,26,0,0.001121898597626753,0.0
unanimous,12 21,2,21,0,0.0009061488673139158,0.0
unanimous,12 november,2,20,0,0.0008629989212513484,0.0
unanimous,13 oktober,2,20,0,0.0008629989212513484,0.0
unanimous,13 september,2,20,0,0.0008629989212513484,0.0
unanimous,14 12,2,30,0,0.0012944983818770227,0.0
unanimous,14 november,2,21,0,0.0009061488673139158,0.0
unanimous,15 00,2,25,0,0.0010787486515641855,0.0
unanimous,15 11,2,20,0,0.0008629989212513484,0.0
unanimous,15 12,2,35,0,0.0015102481121898597,0.0
unanimous,15 15,2,23,0,0.0009924487594390506,0.0
unanimous,15 21,2,20,0,0.0008629989212513484,0.0
unanimous,15 m,2,46,0,0.0019848975188781013,0.0
unanimous,15 wib,2,23,0,0.0009924487594390506,0.0
unanimous,16 00,2,30,0,0.0012944983818770227,0.0
unanimous,16 besar,2,58,0,0.0025026968716289105,0.0
unanimous,165 ribu,2,28,0,0.0012081984897518879,0.0
unanimous,17 00,2,22,0,0.0009492988133764832,0.0
unanimous,18 00,2,21,0,0.0009061488673139158,0.0
unanimous,18 12,2,27,0,0.0011650485436893205,0.0
unanimous,19 00,2,28,0,0.0012081984897518879,0.0
unanimous,19 21,2,23,0,0.0009924487594390506,0.0
unanimous,19 september,2,21,0,0.0009061488673139158,0.0
unanimous,2 0,2,40,0,0.001725997842502697,0.0
unanimous,2 000,2,34,0,0.0014670981661272923,0.0
unanimous,2 1,2,47,0,0.0020280474649406687,0.0
unanimous,2 2,2,27,0,0.0011650485436893205,0.0
unanimous,2 3,2,70,0,0.0030204962243797194,0.0
unanimous,2 5,2,23,0,0.0009924487594390506,0.0
unanimous,2 hari,2,22,0,0.0009492988133764832,0.0
unanimous,20 12,2,22,0,0.0009492988133764832,0.0
unanimous,200 orang,2,23,0,0.0009924487594390506,0.0
unanimous,2022 hangzhou,2,26,0,0.001121898597626753,0.0
unanimous,2023 14,2,20,0,0.0008629989212513484,0.0
unanimous,2023 angka,2,65,0,0.0028047464940668823,0.0
unanimous,2023 bbfs,2,47,0,0.0020280474649406687,0.0
unanimous,2023 di,2,60,0,0.0025889967637540453,0.0
unanimous,2023 hari,2,39,0,0.0016828478964401295,0.0
unanimous,2023 ini,2,41,0,0.0017691477885652643,0.0
unanimous,2023 lalu,2,42,0,0.0018122977346278317,0.0
unanimous,2023 link,2,37,0,0.0015965480043149947,0.0
unanimous,2023 malam,2,28,0,0.0012081984897518879,0.0
unanimous,2023 menurut,2,30,0,0.0012944983818770227,0.0
unanimous,2023 pagi,2,21,0,0.0009061488673139158,0.0
unanimous,2023 prize,2,151,0,0.0065156418554476805,0.0
unanimous,2023 pukul,2,30,0,0.0012944983818770227,0.0
unanimous,2023 r32,2,27,0,0.0011650485436893205,0.0
unanimous,2023 result,2,286,0,0.012340884573894283,0.0
unanimous,2023 tentang,2,22,0,0.0009492988133764832,0.0
unanimous,2024 ini,2,25,0,0.0010787486515641855,0.0
unanimous,21 10,2,20,0,0.0008629989212513484,0.0
unanimous,21 11,2,21,0,0.0009061488673139158,0.0
unanimous,21 12,2,33,0,0.0014239482200647249,0.0
unanimous,21 19,2,25,0,0.0010787486515641855,0.0
unanimous,21 21,2,62,0,0.00267529665587918,0.0
unanimous,21 september,2,25,0,0.0010787486515641855,0.0
unanimous,22 00,2,23,0,0.0009924487594390506,0.0
unanimous,22 12,2,32,0,0.0013807982740021575,0.0
unanimous,23 gratis,2,21,0,0.0009061488673139158,0.0
unanimous,24 september,2,21,0,0.0009061488673139158,0.0
unanimous,25 september,2,20,0,0.0008629989212513484,0.0
unanimous,25 tahun,2,22,0,0.0009492988133764832,0.0
unanimous,26 september,2,22,0,0.0009492988133764832,0.0
unanimous,27 12,2,45,0,0.001941747572815534,0.0
unanimous,27 oktober,2,30,0,0.0012944983818770227,0.0
unanimous,28 12,2,51,0,0.0022006472491909383,0.0
unanimous,28 oktober,2,33,0,0.0014239482200647249,0.0
unanimous,28 september,2,22,0,0.0009492988133764832,0.0
unanimous,29 desember,2,21,0,0.0009061488673139158,0.0
unanimous,29 september,2,24,0,0.001035598705501618,0.0
unanimous,2d bb,2,30,0,0.0012944983818770227,0.0
unanimous,3 0,2,39,0,0.0016828478964401295,0.0
unanimous,3 1,2,35,0,0.0015102481121898597,0.0
unanimous,3 2,2,21,0,0.0009061488673139158,0.0
unanimous,3 3,2,22,0,0.0009492988133764832,0.0
unanimous,3 6,2,21,0,0.0009061488673139158,0.0
unanimous,3 8,2,23,0,0.0009924487594390506,0.0
unanimous,3 bulan,2,28,0,0.0012081984897518879,0.0
unanimous,3 juta,2,35,0,0.0015102481121898597,0.0
unanimous,3 tahun,2,21,0,0.0009061488673139158,0.0
unanimous,30 tahun,2,23,0,0.0009924487594390506,0.0
unanimous,30 wib,2,56,0,0.0024163969795037757,0.0
unanimous,3d bb,2,22,0,0.0009492988133764832,0.0
unanimous,4 3,2,22,0,0.0009492988133764832,0.0
unanimous,4 5,2,34,0,0.0014670981661272923,0.0
unanimous,4d bb,2,22,0,0.0009492988133764832,0.0
unanimous,5 0,2,21,0,0.0009061488673139158,0.0
unanimous,5 1,2,21,0,0.0009061488673139158,0.0
unanimous,500 000,2,28,0,0.0012081984897518879,0.0
unanimous,6 3,2,22,0,0.0009492988133764832,0.0
unanimous,6 9,2,28,0,0.0012081984897518879,0.0
unanimous,7 9,2,21,0,0.0009061488673139158,0.0
unanimous,7 oktober,2,150,0,0.006472491909385114,0.0
unanimous,8 10,2,21,0,0.0009061488673139158,0.0
unanimous,83 tahun,2,21,0,0.0009061488673139158,0.0
unanimous,9 0,2,43,0,0.001855447680690399,0.0
unanimous,9 2023,2,60,0,0.0025889967637540453,0.0
unanimous,aceh bengkulu,2,25,0,0.0010787486515641855,0.0
unanimous,aceh besar,2,81,0,0.003495145631067961,0.0
unanimous,aceh bma,2,67,0,0.002891046386192017,0.0
unanimous,aceh di,2,34,0,0.0014670981661272923,0.0
unanimous,aceh kombes,2,44,0,0.0018985976267529665,0.0
unanimous,aceh kompol,2,26,0,0.001121898597626753,0.0
unanimous,aceh minggu,2,20,0,0.0008629989212513484,0.0
unanimous,aceh namun,2,21,0,0.0009061488673139158,0.0
unanimous,aceh pada,2,36,0,0.0015533980582524273,0.0
unanimous,aceh tidak,2,24,0,0.001035598705501618,0.0
unanimous,aceh timur,2,45,0,0.001941747572815534,0.0
unanimous,aceh untuk,2,36,0,0.0015533980582524273,0.0
unanimous,achmad marzuki,2,20,0,0.0008629989212513484,0.0
unanimous,adalah anak,2,29,0,0.0012513484358144553,0.0
unanimous,adalah negara,2,20,0,0.0008629989212513484,0.0
unanimous,adalah nomor,2,20,0,0.0008629989212513484,0.0
unanimous,adalah result,2,29,0,0.0012513484358144553,0.0
unanimous,ade armando,2,22,0,0.0009492988133764832,0.0
unanimous,adil dan,2,25,0,0.0010787486515641855,0.0
unanimous,afrika selatan,2,24,0,0.001035598705501618,0.0
unanimous,ag22 sport,2,20,0,0.0008629989212513484,0.0
unanimous,agama dan,2,23,0,0.0009924487594390506,0.0
unanimous,agama katolik,2,26,0,0.001121898597626753,0.0
unanimous,agar bisa,2,25,0,0.0010787486515641855,0.0
unanimous,agar pemerintah,2,23,0,0.0009924487594390506,0.0
unanimous,agresi militer,2,32,0,0.0013807982740021575,0.0
unanimous,agustus 2023,2,22,0,0.0009492988133764832,0.0
unanimous,ajang asian,2,24,0,0.001035598705501618,0.0
unanimous,ajnn net,2,35,0,0.0015102481121898597,0.0
unanimous,akan berlangsung,2,29,0,0.0012513484358144553,0.0
unanimous,akhir akhir,2,23,0,0.0009924487594390506,0.0
unanimous,akhir ini,2,23,0,0.0009924487594390506,0.0
unanimous,akhir pekan,2,26,0,0.001121898597626753,0.0
unanimous,akhir tahun,2,31,0,0.00133764832793959,0.0
unanimous,akibat perang,2,34,0,0.0014670981661272923,0.0
unanimous,aksi mahasiswa,2,20,0,0.0008629989212513484,0.0
unanimous,aksi penolakan,2,21,0,0.0009061488673139158,0.0
unanimous,aku gila,2,26,0,0.001121898597626753,0.0
unanimous,aku udah,2,22,0,0.0009492988133764832,0.0
unanimous,aku yang,2,21,0,0.0009061488673139158,0.0
unanimous,akun facebook,2,39,0,0.0016828478964401295,0.0
unanimous,akun instagram,2,34,0,0.0014670981661272923,0.0
unanimous,akun whatsapp,2,22,0,0.0009492988133764832,0.0
unanimous,al fatih,2,25,0,0.0010787486515641855,0.0
unanimous,aladdin666 sexytogel,2,27,0,0.0011650485436893205,0.0
unanimous,alhamdulillah b,2,20,0,0.0008629989212513484,0.0
unanimous,all rights,2,34,0,0.0014670981661272923,0.0
unanimous,allah yang,2,26,0,0.001121898597626753,0.0
unanimous,aman dan,2,31,0,0.00133764832793959,0.0
unanimous,amazing incredible,2,40,0,0.001725997842502697,0.0
unanimous,amerika dan,2,20,0,0.0008629989212513484,0.0
unanimous,anak di,2,45,0,0.001941747572815534,0.0
unanimous,anak yang,2,44,0,0.0018985976267529665,0.0
unanimous,and credits,2,35,0,0.0015102481121898597,0.0
unanimous,anggota baru,2,72,0,0.0031067961165048546,0.0
unanimous,angka main,2,67,0,0.002891046386192017,0.0
unanimous,angka result,2,24,0,0.001035598705501618,0.0
unanimous,angka twins,2,63,0,0.0027184466019417475,0.0
unanimous,angkajitu inatogel,2,21,0,0.0009061488673139158,0.0
unanimous,angkatan laut,2,32,0,0.0013807982740021575,0.0
unanimous,angkatogel angkajitu,2,29,0,0.0012513484358144553,0.0
unanimous,anies baswedan,2,134,0,0.005782092772384034,0.0
unanimous,anjing selamat,2,23,0,0.0009924487594390506,0.0
unanimous,antara hamas,2,22,0,0.0009492988133764832,0.0
unanimous,antara palestina,2,20,0,0.0008629989212513484,0.0
unanimous,antonio salazar,2,26,0,0.001121898597626753,0.0
unanimous,apa pun,2,46,0,0.0019848975188781013,0.0
unanimous,apa saja,2,21,0,0.0009061488673139158,0.0
unanimous,apa sih,2,23,0,0.0009924487594390506,0.0
unanimous,app lho,2,38,0,0.001639697950377562,0.0
unanimous,app store,2,76,0,0.003279395900755124,0.0
unanimous,appstore google,2,20,0,0.0008629989212513484,0.0
unanimous,apri fadia,2,24,0,0.001035598705501618,0.0
unanimous,apriyani rahayu,2,23,0,0.0009924487594390506,0.0
unanimous,artikel idn,2,38,0,0.001639697950377562,0.0
unanimous,as joe,2,27,0,0.0011650485436893205,0.0
unanimous,asal china,2,56,0,0.0024163969795037757,0.0
unanimous,asasi manusia,2,47,0,0.0020280474649406687,0.0
unanimous,asia tenggara,2,24,0,0.001035598705501618,0.0
unanimous,asia u,2,30,0,0.0012944983818770227,0.0
unanimous,asian games,2,216,0,0.009320388349514564,0.0
unanimous,asiangames badmintalkasiangames2022,2,20,0,0.0008629989212513484,0.0
unanimous,asiangames2022 china,2,23,0,0.0009924487594390506,0.0
unanimous,atas nama,2,34,0,0.0014670981661272923,0.0
unanimous,atas serangan,2,45,0,0.001941747572815534,0.0
unanimous,atau kunjungi,2,22,0,0.0009492988133764832,0.0
unanimous,atau sekitar,2,35,0,0.0015102481121898597,0.0
unanimous,atlet indonesia,2,21,0,0.0009061488673139158,0.0
unanimous,awesome badminton,2,40,0,0.001725997842502697,0.0
unanimous,babak 16,2,36,0,0.0015533980582524273,0.0
unanimous,babi selamat,2,23,0,0.0009924487594390506,0.0
unanimous,baca di,2,38,0,0.001639697950377562,0.0
unanimous,baca selengkapnya,2,162,0,0.006990291262135922,0.0
unanimous,badmintalk badmintoneurope,2,32,0,0.0013807982740021575,0.0
unanimous,badmintalk china,2,31,0,0.00133764832793959,0.0
unanimous,badmintalk results,2,29,0,0.0012513484358144553,0.0
unanimous,badmintalkasiangames2022 ag22,2,20,0,0.0008629989212513484,0.0
unanimous,badminton badmintonplayer,2,50,0,0.002157497303128371,0.0
unanimous,badmintoneurope juara,2,32,0,0.0013807982740021575,0.0
unanimous,badmintonplayer love,2,36,0,0.0015533980582524273,0.0
unanimous,bagi masyarakat,2,22,0,0.0009492988133764832,0.0
unanimous,bagi orang,2,23,0,0.0009924487594390506,0.0
unanimous,bagi pengungsi,2,35,0,0.0015102481121898597,0.0
unanimous,bagi yg,2,26,0,0.001121898597626753,0.0
unanimous,bagian utara,2,21,0,0.0009061488673139158,0.0
unanimous,bahasa inggris,2,21,0,0.0009061488673139158,0.0
unanimous,bahwa ada,2,29,0,0.0012513484358144553,0.0
unanimous,bahwa indonesia,2,23,0,0.0009924487594390506,0.0
unanimous,bahwa pihaknya,2,25,0,0.0010787486515641855,0.0
unanimous,baik di,2,26,0,0.001121898597626753,0.0
unanimous,balai meuseuraya,2,54,0,0.002330097087378641,0.0
unanimous,balee meuseuraya,2,20,0,0.0008629989212513484,0.0
unanimous,bandartogelonline togel,2,22,0,0.0009492988133764832,0.0
unanimous,banget gila,2,37,0,0.0015965480043149947,0.0
unanimous,banget sih,2,20,0,0.0008629989212513484,0.0
unanimous,bangsa bangsa,2,48,0,0.002071197411003236,0.0
unanimous,bangsa pbb,2,31,0,0.00133764832793959,0.0
unanimous,bantuan ke,2,24,0,0.001035598705501618,0.0
unanimous,bantuan kepada,2,33,0,0.0014239482200647249,0.0
unanimous,bantuan yang,2,26,0,0.001121898597626753,0.0
unanimous,banyak bgt,2,20,0,0.0008629989212513484,0.0
unanimous,barat yang,2,22,0,0.0009492988133764832,0.0
unanimous,baru 2024,2,24,0,0.001035598705501618,0.0
unanimous,baru baru,2,61,0,0.0026321467098166127,0.0
unanimous,baru ini,2,67,0,0.002891046386192017,0.0
unanimous,baru yang,2,31,0,0.00133764832793959,0.0
unanimous,batu bara,2,22,0,0.0009492988133764832,0.0
unanimous,bazar bangladesh,2,20,0,0.0008629989212513484,0.0
unanimous,bebas 2d,2,54,0,0.002330097087378641,0.0
unanimous,beberapa negara,2,34,0,0.0014670981661272923,0.0
unanimous,beberapa orang,2,23,0,0.0009924487594390506,0.0
unanimous,bekerjasama dengan,2,23,0,0.0009924487594390506,0.0
unanimous,belakangan ini,2,33,0,0.0014239482200647249,0.0
unanimous,benar klaim,2,51,0,0.0022006472491909383,0.0
unanimous,beragama kristen,2,42,0,0.0018122977346278317,0.0
unanimous,berbagi hadiah,2,21,0,0.0009061488673139158,0.0
unanimous,beredar di,2,25,0,0.0010787486515641855,0.0
unanimous,berikut adalah,2,22,0,0.0009492988133764832,0.0
unanimous,berikut ini,2,39,0,0.0016828478964401295,0.0
unanimous,berisi klaim,2,22,0,0.0009492988133764832,0.0
unanimous,berita beritaterkini,2,36,0,0.0015533980582524273,0.0
unanimous,berita menarik,2,40,0,0.001725997842502697,0.0
unanimous,berita satu,2,21,0,0.0009061488673139158,0.0
unanimous,berita terupdate,2,42,0,0.0018122977346278317,0.0
unanimous,berkoordinasi dengan,2,38,0,0.001639697950377562,0.0
unanimous,berkunjung ke,2,27,0,0.0011650485436893205,0.0
unanimous,bermain di,2,24,0,0.001035598705501618,0.0
unanimous,bersama dengan,2,24,0,0.001035598705501618,0.0
unanimous,bertempat di,2,26,0,0.001121898597626753,0.0
unanimous,besar china,2,32,0,0.0013807982740021575,0.0
unanimous,besar di,2,31,0,0.00133764832793959,0.0
unanimous,besar israel,2,26,0,0.001121898597626753,0.0
unanimous,besar pada,2,22,0,0.0009492988133764832,0.0
unanimous,besar palestina,2,27,0,0.0011650485436893205,0.0
unanimous,bgt gila,2,49,0,0.0021143473570658035,0.0
unanimous,biar ga,2,23,0,0.0009924487594390506,0.0
unanimous,bicara kementerian,2,21,0,0.0009061488673139158,0.0
unanimous,bicara militer,2,22,0,0.0009492988133764832,0.0
unanimous,bidang politik,2,22,0,0.0009492988133764832,0.0
unanimous,bikin gila,2,20,0,0.0008629989212513484,0.0
unanimous,bisa dibaca,2,41,0,0.0017691477885652643,0.0
unanimous,bisa langsung,2,25,0,0.0010787486515641855,0.0
unanimous,bisa memberikan,2,20,0,0.0008629989212513484,0.0
unanimous,bisnis bisniscom,2,25,0,0.0010787486515641855,0.0
unanimous,bit ly,2,38,0,0.001639697950377562,0.0
unanimous,bma banda,2,26,0,0.001121898597626753,0.0
unanimous,bocoranchina bocorantogelchina,2,26,0,0.001121898597626753,0.0
unanimous,bom fosfor,2,20,0,0.0008629989212513484,0.0
unanimous,brilliant amazing,2,41,0,0.0017691477885652643,0.0
unanimous,bu susi,2,23,0,0.0009924487594390506,0.0
unanimous,buka suara,2,36,0,0.0015533980582524273,0.0
unanimous,bukan karena,2,27,0,0.0011650485436893205,0.0
unanimous,bulan ini,2,31,0,0.00133764832793959,0.0
unanimous,bulu tangkis,2,25,0,0.0010787486515641855,0.0
unanimous,bulutangkis 羽毛球,2,49,0,0.0021143473570658035,0.0
unanimous,bwf world,2,21,0,0.0009061488673139158,0.0
unanimous,capres yang,2,27,0,0.0011650485436893205,0.0
unanimous,cek fakta,2,74,0,0.0031930960086299894,0.0
unanimous,cek profile,2,21,0,0.0009061488673139158,0.0
unanimous,centang biru,2,31,0,0.00133764832793959,0.0
unanimous,cepat whoosh,2,21,0,0.0009061488673139158,0.0
unanimous,champion winner,2,41,0,0.0017691477885652643,0.0
unanimous,china akan,2,24,0,0.001035598705501618,0.0
unanimous,china cn,2,22,0,0.0009492988133764832,0.0
unanimous,china dalam,2,24,0,0.001035598705501618,0.0
unanimous,china dengan,2,29,0,0.0012513484358144553,0.0
unanimous,china hari,2,291,0,0.01255663430420712,0.0
unanimous,china indonesia,2,32,0,0.0013807982740021575,0.0
unanimous,china ini,2,32,0,0.0013807982740021575,0.0
unanimous,china jumat,2,21,0,0.0009061488673139158,0.0
unanimous,china kamis,2,22,0,0.0009492988133764832,0.0
unanimous,china li,2,21,0,0.0009061488673139158,0.0
unanimous,china masters,2,40,0,0.001725997842502697,0.0
unanimous,china night,2,86,0,0.003710895361380798,0.0
unanimous,china open,2,246,0,0.010614886731391585,0.0
unanimous,china pools,2,198,0,0.00854368932038835,0.0
unanimous,china rabu,2,23,0,0.0009924487594390506,0.0
unanimous,china sabtu,2,20,0,0.0008629989212513484,0.0
unanimous,china selatan,2,46,0,0.0019848975188781013,0.0
unanimous,china taipei,2,97,0,0.00418554476806904,0.0
unanimous,china telah,2,21,0,0.0009061488673139158,0.0
unanimous,china timur,2,31,0,0.00133764832793959,0.0
unanimous,china untuk,2,49,0,0.0021143473570658035,0.0
unanimous,china xi,2,22,0,0.0009492988133764832,0.0
unanimous,china yang,2,75,0,0.003236245954692557,0.0
unanimous,chinapools togelchina,2,21,0,0.0009061488673139158,0.0
unanimous,chinese food,2,33,0,0.0014239482200647249,0.0
unanimous,chinese new,2,48,0,0.002071197411003236,0.0
unanimous,cina selatan,2,33,0,0.0014239482200647249,0.0
unanimous,cn tanggal,2,20,0,0.0008629989212513484,0.0
unanimous,cnnindonesia com,2,20,0,0.0008629989212513484,0.0
unanimous,co id,2,35,0,0.0015102481121898597,0.0
unanimous,collegelife china,2,32,0,0.0013807982740021575,0.0
unanimous,colok bebas,2,76,0,0.003279395900755124,0.0
unanimous,commissioner for,2,23,0,0.0009924487594390506,0.0
unanimous,community idntimes,2,35,0,0.0015102481121898597,0.0
unanimous,contact us,2,44,0,0.0018985976267529665,0.0
unanimous,covid 19,2,27,0,0.0011650485436893205,0.0
unanimous,cox s,2,28,0,0.0012081984897518879,0.0
unanimous,credit or,2,41,0,0.0017691477885652643,0.0
unanimous,credits reserved,2,35,0,0.0015102481121898597,0.0
unanimous,daerah kantong,2,22,0,0.0009492988133764832,0.0
unanimous,dafatoto togel,2,20,0,0.0008629989212513484,0.0
unanimous,daftar pemilih,2,26,0,0.001121898597626753,0.0
unanimous,daftarkampoengtoto kampungtoto,2,25,0,0.0010787486515641855,0.0
unanimous,dalam acara,2,22,0,0.0009492988133764832,0.0
unanimous,dalam daftar,2,21,0,0.0009061488673139158,0.0
unanimous,dalam hal,2,39,0,0.0016828478964401295,0.0
unanimous,dalam kesempatan,2,21,0,0.0009061488673139158,0.0
unanimous,dalam keterangan,2,36,0,0.0015533980582524273,0.0
unanimous,dalam konferensi,2,27,0,0.0011650485436893205,0.0
unanimous,dalam konteks,2,21,0,0.0009061488673139158,0.0
unanimous,dalam pernyataannya,2,23,0,0.0009924487594390506,0.0
unanimous,dalam program,2,20,0,0.0008629989212513484,0.0
unanimous,dalam topik,2,27,0,0.0011650485436893205,0.0
unanimous,dalam upaya,2,29,0,0.0012513484358144553,0.0
unanimous,dalam waktu,2,32,0,0.0013807982740021575,0.0
unanimous,dalem sayang,2,44,0,0.0018985976267529665,0.0
unanimous,dan 2,2,26,0,0.001121898597626753,0.0
unanimous,dan 3,2,20,0,0.0008629989212513484,0.0
unanimous,dan ada,2,27,0,0.0011650485436893205,0.0
unanimous,dan dia,2,25,0,0.0010787486515641855,0.0
unanimous,dan gereja,2,21,0,0.0009061488673139158,0.0
unanimous,dan itu,2,35,0,0.0015102481121898597,0.0
unanimous,dan keamanan,2,31,0,0.00133764832793959,0.0
unanimous,dan kelompok,2,28,0,0.0012081984897518879,0.0
unanimous,dan lain,2,25,0,0.0010787486515641855,0.0
unanimous,dan lebih,2,20,0,0.0008629989212513484,0.0
unanimous,dan masih,2,29,0,0.0012513484358144553,0.0
unanimous,dan memberikan,2,23,0,0.0009924487594390506,0.0
unanimous,dan saya,2,25,0,0.0010787486515641855,0.0
unanimous,dan sebagainya,2,25,0,0.0010787486515641855,0.0
unanimous,dan sejumlah,2,21,0,0.0009061488673139158,0.0
unanimous,dan share,2,23,0,0.0009924487594390506,0.0
unanimous,dan terluka,2,21,0,0.0009061488673139158,0.0
unanimous,dan tetap,2,25,0,0.0010787486515641855,0.0
unanimous,dan tiktok,2,25,0,0.0010787486515641855,0.0
unanimous,dan tindakan,2,20,0,0.0008629989212513484,0.0
unanimous,dan untuk,2,22,0,0.0009492988133764832,0.0
unanimous,dapat di,2,29,0,0.0012513484358144553,0.0
unanimous,darat ke,2,21,0,0.0009061488673139158,0.0
unanimous,dari bangladesh,2,45,0,0.001941747572815534,0.0
unanimous,dari hasil,2,30,0,0.0012944983818770227,0.0
unanimous,dari jam,2,25,0,0.0010787486515641855,0.0
unanimous,dari pagi,2,20,0,0.0008629989212513484,0.0
unanimous,dari pemerintah,2,40,0,0.001725997842502697,0.0
unanimous,dari pihak,2,36,0,0.0015533980582524273,0.0
unanimous,dari tempat,2,28,0,0.0012081984897518879,0.0
unanimous,dari warga,2,32,0,0.0013807982740021575,0.0
unanimous,datang ke,2,88,0,0.003797195253505933,0.0
unanimous,deli serdang,2,25,0,0.0010787486515641855,0.0
unanimous,democratizeinformation trending,2,35,0,0.0015102481121898597,0.0
unanimous,dengan alasan,2,29,0,0.0012513484358144553,0.0
unanimous,dengan china,2,38,0,0.001639697950377562,0.0
unanimous,dengan harga,2,40,0,0.001725997842502697,0.0
unanimous,dengan palestina,2,20,0,0.0008629989212513484,0.0
unanimous,dengan penuh,2,20,0,0.0008629989212513484,0.0
unanimous,dengan pihak,2,25,0,0.0010787486515641855,0.0
unanimous,dengan serangan,2,28,0,0.0012081984897518879,0.0
unanimous,dengan skor,2,26,0,0.001121898597626753,0.0
unanimous,dengan tegas,2,27,0,0.0011650485436893205,0.0
unanimous,dengan total,2,20,0,0.0008629989212513484,0.0
unanimous,dengan warga,2,20,0,0.0008629989212513484,0.0
unanimous,dengan yang,2,22,0,0.0009492988133764832,0.0
unanimous,desember 2023,2,188,0,0.008112189859762675,0.0
unanimous,dewan keamanan,2,36,0,0.0015533980582524273,0.0
unanimous,dewan perwakilan,2,20,0,0.0008629989212513484,0.0
unanimous,di ajang,2,21,0,0.0009061488673139158,0.0
unanimous,di akun,2,20,0,0.0008629989212513484,0.0
unanimous,di antaranya,2,54,0,0.002330097087378641,0.0
unanimous,di asian,2,38,0,0.001639697950377562,0.0
unanimous,di babak,2,52,0,0.002243797195253506,0.0
unanimous,di bagian,2,39,0,0.0016828478964401295,0.0
unanimous,di balai,2,47,0,0.0020280474649406687,0.0
unanimous,di banda,2,71,0,0.0030636461704422868,0.0
unanimous,di bangladesh,2,23,0,0.0009924487594390506,0.0
unanimous,di beberapa,2,48,0,0.002071197411003236,0.0
unanimous,di beijing,2,23,0,0.0009924487594390506,0.0
unanimous,di belakang,2,24,0,0.001035598705501618,0.0
unanimous,di bidang,2,24,0,0.001035598705501618,0.0
unanimous,di bma,2,29,0,0.0012513484358144553,0.0
unanimous,di cina,2,27,0,0.0011650485436893205,0.0
unanimous,di daerah,2,67,0,0.002891046386192017,0.0
unanimous,di dekat,2,53,0,0.0022869471413160735,0.0
unanimous,di facebook,2,22,0,0.0009492988133764832,0.0
unanimous,di gampong,2,20,0,0.0008629989212513484,0.0
unanimous,di google,2,98,0,0.004228694714131607,0.0
unanimous,di gresik,2,28,0,0.0012081984897518879,0.0
unanimous,di halaman,2,21,0,0.0009061488673139158,0.0
unanimous,di hangzhou,2,21,0,0.0009061488673139158,0.0
unanimous,di hubungi,2,20,0,0.0008629989212513484,0.0
unanimous,di idn,2,38,0,0.001639697950377562,0.0
unanimous,di indo,2,23,0,0.0009924487594390506,0.0
unanimous,di instagram,2,32,0,0.0013807982740021575,0.0
unanimous,di jawa,2,30,0,0.0012944983818770227,0.0
unanimous,di kabupaten,2,49,0,0.0021143473570658035,0.0
unanimous,di kantor,2,52,0,0.002243797195253506,0.0
unanimous,di kecamatan,2,27,0,0.0011650485436893205,0.0
unanimous,di lautan,2,20,0,0.0008629989212513484,0.0
unanimous,di link,2,40,0,0.001725997842502697,0.0
unanimous,di lokasi,2,52,0,0.002243797195253506,0.0
unanimous,di makassar,2,25,0,0.0010787486515641855,0.0
unanimous,di malaysia,2,25,0,0.0010787486515641855,0.0
unanimous,di masa,2,42,0,0.0018122977346278317,0.0
unanimous,di myanmar,2,27,0,0.0011650485436893205,0.0
unanimous,di new,2,23,0,0.0009924487594390506,0.0
unanimous,di pantai,2,38,0,0.001639697950377562,0.0
unanimous,di papua,2,22,0,0.0009492988133764832,0.0
unanimous,di perairan,2,35,0,0.0015102481121898597,0.0
unanimous,di pesisir,2,29,0,0.0012513484358144553,0.0
unanimous,di pinggir,2,20,0,0.0008629989212513484,0.0
unanimous,di provinsi,2,41,0,0.0017691477885652643,0.0
unanimous,di ruang,2,29,0,0.0012513484358144553,0.0
unanimous,di salah,2,22,0,0.0009492988133764832,0.0
unanimous,di satu,2,26,0,0.001121898597626753,0.0
unanimous,di sejumlah,2,26,0,0.001121898597626753,0.0
unanimous,di sektor,2,20,0,0.0008629989212513484,0.0
unanimous,di sepanjang,2,20,0,0.0008629989212513484,0.0
unanimous,di shopee,2,25,0,0.0010787486515641855,0.0
unanimous,di situs,2,39,0,0.0016828478964401295,0.0
unanimous,di surabaya,2,23,0,0.0009924487594390506,0.0
unanimous,di tahun,2,62,0,0.00267529665587918,0.0
unanimous,di tiktok,2,20,0,0.0008629989212513484,0.0
unanimous,di universitas,2,54,0,0.002330097087378641,0.0
unanimous,di youtube,2,20,0,0.0008629989212513484,0.0
unanimous,dia juga,2,36,0,0.0015533980582524273,0.0
unanimous,dia mengatakan,2,32,0,0.0013807982740021575,0.0
unanimous,dia menyebut,2,20,0,0.0008629989212513484,0.0
unanimous,dia tidak,2,23,0,0.0009924487594390506,0.0
unanimous,dibaca di,2,40,0,0.001725997842502697,0.0
unanimous,dibuat oleh,2,21,0,0.0009061488673139158,0.0
unanimous,digelar di,2,44,0,0.0018985976267529665,0.0
unanimous,dikirim ke,2,23,0,0.0009924487594390506,0.0
unanimous,dilakukan di,2,26,0,0.001121898597626753,0.0
unanimous,dimulai pada,2,21,0,0.0009061488673139158,0.0
unanimous,dinas sosial,2,25,0,0.0010787486515641855,0.0
unanimous,dini hari,2,46,0,0.0019848975188781013,0.0
unanimous,dipimpin oleh,2,34,0,0.0014670981661272923,0.0
unanimous,diplomatik dengan,2,38,0,0.001639697950377562,0.0
unanimous,dipungut biaya,2,29,0,0.0012513484358144553,0.0
unanimous,disampaikan ke,2,21,0,0.0009061488673139158,0.0
unanimous,disampaikan oleh,2,26,0,0.001121898597626753,0.0
unanimous,disebabkan oleh,2,25,0,0.0010787486515641855,0.0
unanimous,diselenggarakan oleh,2,25,0,0.0010787486515641855,0.0
unanimous,ditampung di,2,56,0,0.0024163969795037757,0.0
unanimous,ditempatkan di,2,42,0,0.0018122977346278317,0.0
unanimous,diversityisbeautiful democratizeinformation,2,35,0,0.0015102481121898597,0.0
unanimous,dm or,2,20,0,0.0008629989212513484,0.0
unanimous,download sekarang,2,38,0,0.001639697950377562,0.0
unanimous,drama china,2,48,0,0.002071197411003236,0.0
unanimous,dua bulan,2,23,0,0.0009924487594390506,0.0
unanimous,dua negara,2,38,0,0.001639697950377562,0.0
unanimous,dua orang,2,24,0,0.001035598705501618,0.0
unanimous,dukung ganjar,2,38,0,0.001639697950377562,0.0
unanimous,dukungan dari,2,23,0,0.0009924487594390506,0.0
unanimous,dukungan kepada,2,27,0,0.0011650485436893205,0.0
unanimous,dukungan untuk,2,45,0,0.001941747572815534,0.0
unanimous,dunia u,2,24,0,0.001035598705501618,0.0
unanimous,duniaku_com popbela_com,2,35,0,0.0015102481121898597,0.0
unanimous,duta besar,2,54,0,0.002330097087378641,0.0
unanimous,ekonomi china,2,22,0,0.0009492988133764832,0.0
unanimous,ekonomi dan,2,20,0,0.0008629989212513484,0.0
unanimous,ekonomi indonesia,2,21,0,0.0009061488673139158,0.0
unanimous,emas jakarta,2,40,0,0.001725997842502697,0.0
unanimous,empat hari,2,21,0,0.0009061488673139158,0.0
unanimous,entertainment idn,2,32,0,0.0013807982740021575,0.0
unanimous,erick thohir,2,30,0,0.0012944983818770227,0.0
unanimous,eurotogel sobatgaming,2,28,0,0.0012081984897518879,0.0
unanimous,fahmi irwan,2,32,0,0.0013807982740021575,0.0
unanimous,fakta debat,2,39,0,0.0016828478964401295,0.0
unanimous,fakta indo,2,36,0,0.0015533980582524273,0.0
unanimous,fancy collegelife,2,32,0,0.0013807982740021575,0.0
unanimous,februari 2024,2,25,0,0.0010787486515641855,0.0
unanimous,fikri bagas,2,24,0,0.001035598705501618,0.0
unanimous,fix you,2,33,0,0.0014239482200647249,0.0
unanimous,follow akun,2,35,0,0.0015102481121898597,0.0
unanimous,follow us,2,20,0,0.0008629989212513484,0.0
unanimous,for credit,2,42,0,0.0018122977346278317,0.0
unanimous,for more,2,29,0,0.0012513484358144553,0.0
unanimous,for refugees,2,20,0,0.0008629989212513484,0.0
unanimous,form wd,2,20,0,0.0008629989212513484,0.0
unanimous,fortune idn,2,35,0,0.0015102481121898597,0.0
unanimous,foryou terdepan,2,41,0,0.0017691477885652643,0.0
unanimous,foto ap,2,23,0,0.0009924487594390506,0.0
unanimous,foto badmintalk,2,38,0,0.001639697950377562,0.0
unanimous,foto istimewa,2,28,0,0.0012081984897518879,0.0
unanimous,foto reuters,2,36,0,0.0015533980582524273,0.0
unanimous,foto yang,2,24,0,0.001035598705501618,0.0
unanimous,fyp viral,2,41,0,0.0017691477885652643,0.0
unanimous,g dragon,2,21,0,0.0009061488673139158,0.0
unanimous,g o,2,21,0,0.0009061488673139158,0.0
unanimous,gadis kretek,2,27,0,0.0011650485436893205,0.0
unanimous,gak mau,2,20,0,0.0008629989212513484,0.0
unanimous,gak tau,2,31,0,0.00133764832793959,0.0
unanimous,gameonline popular,2,41,0,0.0017691477885652643,0.0
unanimous,games 2022,2,109,0,0.004703344120819849,0.0
unanimous,games 2023,2,51,0,0.0022006472491909383,0.0
unanimous,games hangzhou,2,38,0,0.001639697950377562,0.0
unanimous,games ke,2,21,0,0.0009061488673139158,0.0
unanimous,gaming gameonline,2,41,0,0.0017691477885652643,0.0
unanimous,ganda putra,2,21,0,0.0009061488673139158,0.0
unanimous,ganjarpranowo ganjar,2,20,0,0.0008629989212513484,0.0
unanimous,gaza ini,2,21,0,0.0009061488673139158,0.0
unanimous,gaza kata,2,21,0,0.0009061488673139158,0.0
unanimous,gaza pada,2,57,0,0.002459546925566343,0.0
unanimous,gaza sebagai,2,24,0,0.001035598705501618,0.0
unanimous,gaza sejak,2,23,0,0.0009924487594390506,0.0
unanimous,gaza tidak,2,27,0,0.0011650485436893205,0.0
unanimous,gaza untuk,2,42,0,0.0018122977346278317,0.0
unanimous,gedung balai,2,22,0,0.0009492988133764832,0.0
unanimous,gemoy muda,2,27,0,0.0011650485436893205,0.0
unanimous,gereja katolik,2,118,0,0.005091693635382956,0.0
unanimous,gereja kristen,2,40,0,0.001725997842502697,0.0
unanimous,getty images,2,22,0,0.0009492988133764832,0.0
unanimous,gibran sebut,2,24,0,0.001035598705501618,0.0
unanimous,gila aku,2,32,0,0.0013807982740021575,0.0
unanimous,gila beneran,2,23,0,0.0009924487594390506,0.0
unanimous,gila bgt,2,91,0,0.003926645091693636,0.0
unanimous,gila di,2,21,0,0.0009061488673139158,0.0
unanimous,gila emang,2,24,0,0.001035598705501618,0.0
unanimous,gila ga,2,32,0,0.0013807982740021575,0.0
unanimous,gila gua,2,20,0,0.0008629989212513484,0.0
unanimous,gila gw,2,31,0,0.00133764832793959,0.0
unanimous,gila karena,2,21,0,0.0009061488673139158,0.0
unanimous,gila karna,2,23,0,0.0009924487594390506,0.0
unanimous,gila keren,2,26,0,0.001121898597626753,0.0
unanimous,gila ni,2,23,0,0.0009924487594390506,0.0
unanimous,gila nih,2,35,0,0.0015102481121898597,0.0
unanimous,gila nya,2,24,0,0.001035598705501618,0.0
unanimous,gila sama,2,22,0,0.0009492988133764832,0.0
unanimous,gila sendiri,2,25,0,0.0010787486515641855,0.0
unanimous,gila si,2,32,0,0.0013807982740021575,0.0
unanimous,gila yaa,2,20,0,0.0008629989212513484,0.0
unanimous,gimana menurut,2,27,0,0.0011650485436893205,0.0
unanimous,gmail com,2,29,0,0.0012513484358144553,0.0
unanimous,gratis tanpa,2,23,0,0.0009924487594390506,0.0
unanimous,group silakan,2,21,0,0.0009061488673139158,0.0
unanimous,gubernur aceh,2,27,0,0.0011650485436893205,0.0
unanimous,gue gila,2,30,0,0.0012944983818770227,0.0
unanimous,hadiah melalui,2,20,0,0.0008629989212513484,0.0
unanimous,hadir dalam,2,21,0,0.0009061488673139158,0.0
unanimous,hadir di,2,28,0,0.0012081984897518879,0.0
unanimous,hak asasi,2,49,0,0.0021143473570658035,0.0
unanimous,hak untuk,2,28,0,0.0012081984897518879,0.0
unanimous,hamas dengan,2,22,0,0.0009492988133764832,0.0
unanimous,hamas ini,2,20,0,0.0008629989212513484,0.0
unanimous,hamas israel,2,95,0,0.004099244875943905,0.0
unanimous,hamas ke,2,43,0,0.001855447680690399,0.0
unanimous,hamas pada,2,26,0,0.001121898597626753,0.0
unanimous,han hyo,2,27,0,0.0011650485436893205,0.0
unanimous,hangzhou 2022,2,44,0,0.0018985976267529665,0.0
unanimous,hangzhou asiangames2022,2,20,0,0.0008629989212513484,0.0
unanimous,hangzhou china,2,27,0,0.0011650485436893205,0.0
unanimous,hangzhou2022 hangzhou,2,24,0,0.001035598705501618,0.0
unanimous,harga minyak,2,22,0,0.0009492988133764832,0.0
unanimous,hari jumat,2,58,0,0.0025026968716289105,0.0
unanimous,hari kamis,2,52,0,0.002243797195253506,0.0
unanimous,hari rabu,2,49,0,0.0021143473570658035,0.0
unanimous,hari raya,2,24,0,0.001035598705501618,0.0
unanimous,hari sabtu,2,72,0,0.0031067961165048546,0.0
unanimous,hari senin,2,57,0,0.002459546925566343,0.0
unanimous,harimau selamat,2,26,0,0.001121898597626753,0.0
unanimous,hasil china,2,20,0,0.0008629989212513484,0.0
unanimous,hasil pengeluaran,2,300,0,0.012944983818770227,0.0
unanimous,hasil result,2,31,0,0.00133764832793959,0.0
unanimous,hasil untuk,2,20,0,0.0008629989212513484,0.0
unanimous,high commissioner,2,23,0,0.0009924487594390506,0.0
unanimous,hingga saat,2,52,0,0.002243797195253506,0.0
unanimous,hong kong,2,38,0,0.001639697950377562,0.0
unanimous,http wa,2,21,0,0.0009061488673139158,0.0
unanimous,https bit,2,22,0,0.0009492988133764832,0.0
unanimous,hubungan dengan,2,44,0,0.0018985976267529665,0.0
unanimous,hubungan diplomatik,2,47,0,0.0020280474649406687,0.0
unanimous,hubungi whatsapp,2,22,0,0.0009492988133764832,0.0
unanimous,hukum toto,2,22,0,0.0009492988133764832,0.0
unanimous,hukumnya haram,2,26,0,0.001121898597626753,0.0
unanimous,hyo joo,2,27,0,0.0011650485436893205,0.0
unanimous,hype duniaku_com,2,35,0,0.0015102481121898597,0.0
unanimous,ia juga,2,50,0,0.002157497303128371,0.0
unanimous,ia mengatakan,2,25,0,0.0010787486515641855,0.0
unanimous,idn app,2,38,0,0.001639697950377562,0.0
unanimous,idn appstore,2,21,0,0.0009061488673139158,0.0
unanimous,idn fortune,2,35,0,0.0015102481121898597,0.0
unanimous,idn idntimes,2,35,0,0.0015102481121898597,0.0
unanimous,idn times,2,40,0,0.001725997842502697,0.0
unanimous,idntimes community,2,35,0,0.0015102481121898597,0.0
unanimous,idntimes hype,2,35,0,0.0015102481121898597,0.0
unanimous,idntimes korea,2,35,0,0.0015102481121898597,0.0
unanimous,idntimes suaramillennial,2,29,0,0.0012513484358144553,0.0
unanimous,idntimes video,2,35,0,0.0015102481121898597,0.0
unanimous,ikut no,2,21,0,0.0009061488673139158,0.0
unanimous,imigran ilegal,2,20,0,0.0008629989212513484,0.0
unanimous,in china,2,47,0,0.0020280474649406687,0.0
unanimous,incredible awesome,2,36,0,0.0015533980582524273,0.0
unanimous,indonesia akan,2,62,0,0.00267529665587918,0.0
unanimous,indonesia belum,2,23,0,0.0009924487594390506,0.0
unanimous,indonesia bulutangkis,2,50,0,0.002157497303128371,0.0
unanimous,indonesia dalam,2,45,0,0.001941747572815534,0.0
unanimous,indonesia dengan,2,53,0,0.0022869471413160735,0.0
unanimous,indonesia harus,2,40,0,0.001725997842502697,0.0
unanimous,indonesia itu,2,21,0,0.0009061488673139158,0.0
unanimous,indonesia masih,2,22,0,0.0009492988133764832,0.0
unanimous,indonesia mereka,2,21,0,0.0009061488673139158,0.0
unanimous,indonesia mui,2,39,0,0.0016828478964401295,0.0
unanimous,indonesia pada,2,27,0,0.0011650485436893205,0.0
unanimous,indonesia saat,2,21,0,0.0009061488673139158,0.0
unanimous,indonesia sangat,2,22,0,0.0009492988133764832,0.0
unanimous,indonesia sebagai,2,23,0,0.0009924487594390506,0.0
unanimous,indonesia u,2,40,0,0.001725997842502697,0.0
unanimous,indonesia viral,2,30,0,0.0012944983818770227,0.0
unanimous,indonesia vs,2,42,0,0.0018122977346278317,0.0
unanimous,indonesia wni,2,23,0,0.0009924487594390506,0.0
unanimous,indonesia yang,2,104,0,0.004487594390507012,0.0
unanimous,indonesia zhejiang,2,21,0,0.0009061488673139158,0.0
unanimous,inews news,2,24,0,0.001035598705501618,0.0
unanimous,info loker,2,23,0,0.0009924487594390506,0.0
unanimous,info selengkapnya,2,29,0,0.0012513484358144553,0.0
unanimous,info terbaru,2,45,0,0.001941747572815534,0.0
unanimous,inforesult resulthariini,2,21,0,0.0009061488673139158,0.0
unanimous,informasi lebih,2,29,0,0.0012513484358144553,0.0
unanimous,informasi yang,2,30,0,0.0012944983818770227,0.0
unanimous,ini baru,2,20,0,0.0008629989212513484,0.0
unanimous,ini belum,2,28,0,0.0012081984897518879,0.0
unanimous,ini bisa,2,57,0,0.002459546925566343,0.0
unanimous,ini dapat,2,38,0,0.001639697950377562,0.0
unanimous,ini dengan,2,41,0,0.0017691477885652643,0.0
unanimous,ini dilakukan,2,31,0,0.00133764832793959,0.0
unanimous,ini disampaikan,2,21,0,0.0009061488673139158,0.0
unanimous,ini gila,2,43,0,0.001855447680690399,0.0
unanimous,ini kata,2,27,0,0.0011650485436893205,0.0
unanimous,ini mah,2,32,0,0.0013807982740021575,0.0
unanimous,ini masih,2,59,0,0.002545846817691478,0.0
unanimous,ini menunjukkan,2,26,0,0.001121898597626753,0.0
unanimous,ini merupakan,2,87,0,0.0037540453074433656,0.0
unanimous,ini sabtu,2,23,0,0.0009924487594390506,0.0
unanimous,ini saya,2,43,0,0.001855447680690399,0.0
unanimous,ini sebagai,2,38,0,0.001639697950377562,0.0
unanimous,ini telah,2,65,0,0.0028047464940668823,0.0
unanimous,ini terjadi,2,33,0,0.0014239482200647249,0.0
unanimous,instagram dan,2,25,0,0.0010787486515641855,0.0
unanimous,internasional adadikompas,2,43,0,0.001855447680690399,0.0
unanimous,internasional untuk,2,24,0,0.001035598705501618,0.0
unanimous,invasi darat,2,21,0,0.0009061488673139158,0.0
unanimous,iron dome,2,29,0,0.0012513484358144553,0.0
unanimous,irwan ramli,2,32,0,0.0013807982740021575,0.0
unanimous,isi form,2,23,0,0.0009924487594390506,0.0
unanimous,israel antonio,2,26,0,0.001121898597626753,0.0
unanimous,israel bombardir,2,24,0,0.001035598705501618,0.0
unanimous,israel foto,2,21,0,0.0009061488673139158,0.0
unanimous,israel jika,2,21,0,0.0009061488673139158,0.0
unanimous,israel kembali,2,32,0,0.0013807982740021575,0.0
unanimous,israel mulai,2,27,0,0.0011650485436893205,0.0
unanimous,israel pools,2,39,0,0.0016828478964401295,0.0
unanimous,israel serta,2,27,0,0.0011650485436893205,0.0
unanimous,israel tewas,2,28,0,0.0012081984897518879,0.0
unanimous,itu dalam,2,20,0,0.0008629989212513484,0.0
unanimous,itu dan,2,32,0,0.0013807982740021575,0.0
unanimous,itu disampaikan,2,33,0,0.0014239482200647249,0.0
unanimous,itu disebut,2,23,0,0.0009924487594390506,0.0
unanimous,itu ia,2,30,0,0.0012944983818770227,0.0
unanimous,itu israel,2,23,0,0.0009924487594390506,0.0
unanimous,itu telah,2,28,0,0.0012081984897518879,0.0
unanimous,itu terjadi,2,53,0,0.0022869471413160735,0.0
unanimous,jackpot jppaus,2,41,0,0.0017691477885652643,0.0
unanimous,jakarta aceh,2,35,0,0.0015102481121898597,0.0
unanimous,jakarta pusat,2,40,0,0.001725997842502697,0.0
unanimous,jakarta surabaya,2,23,0,0.0009924487594390506,0.0
unanimous,jam segini,2,51,0,0.0022006472491909383,0.0
unanimous,januari 2024,2,171,0,0.007378640776699029,0.0
unanimous,jawa timur,2,69,0,0.002977346278317152,0.0
unanimous,jawab atas,2,31,0,0.00133764832793959,0.0
unanimous,jayagaming nagaslot,2,30,0,0.0012944983818770227,0.0
unanimous,jet tempur,2,23,0,0.0009924487594390506,0.0
unanimous,jiwa odgj,2,32,0,0.0013807982740021575,0.0
unanimous,joe biden,2,82,0,0.0035382955771305286,0.0
unanimous,join group,2,33,0,0.0014239482200647249,0.0
unanimous,joko widodo,2,66,0,0.0028478964401294497,0.0
unanimous,jonatan christie,2,26,0,0.001121898597626753,0.0
unanimous,joo hyuk,2,24,0,0.001035598705501618,0.0
unanimous,jp china,2,22,0,0.0009492988133764832,0.0
unanimous,jp paus,2,29,0,0.0012513484358144553,0.0
unanimous,jp silakan,2,20,0,0.0008629989212513484,0.0
unanimous,jppaus nomorsatu,2,41,0,0.0017691477885652643,0.0
unanimous,jt posts,2,25,0,0.0010787486515641855,0.0
unanimous,juara champion,2,41,0,0.0017691477885652643,0.0
unanimous,juga harus,2,39,0,0.0016828478964401295,0.0
unanimous,juga meminta,2,32,0,0.0013807982740021575,0.0
unanimous,juga menjadi,2,22,0,0.0009492988133764832,0.0
unanimous,juga sudah,2,29,0,0.0012513484358144553,0.0
unanimous,juga telah,2,27,0,0.0011650485436893205,0.0
unanimous,juga tidak,2,57,0,0.002459546925566343,0.0
unanimous,jum at,2,33,0,0.0014239482200647249,0.0
unanimous,jumat 10,2,22,0,0.0009492988133764832,0.0
unanimous,jumat 13,2,23,0,0.0009924487594390506,0.0
unanimous,jumat 15,2,50,0,0.002157497303128371,0.0
unanimous,jumat 22,2,45,0,0.001941747572815534,0.0
unanimous,jumat 27,2,30,0,0.0012944983818770227,0.0
unanimous,jumat 29,2,33,0,0.0014239482200647249,0.0
unanimous,jumlah korban,2,57,0,0.002459546925566343,0.0
unanimous,jumlah pengungsi,2,24,0,0.001035598705501618,0.0
unanimous,jusuf kalla,2,35,0,0.0015102481121898597,0.0
unanimous,juta per,2,20,0,0.0008629989212513484,0.0
unanimous,kabar sosial,2,20,0,0.0008629989212513484,0.0
unanimous,kabupaten aceh,2,25,0,0.0010787486515641855,0.0
unanimous,kakak kelas,2,25,0,0.0010787486515641855,0.0
unanimous,kalah dari,2,24,0,0.001035598705501618,0.0
unanimous,kalau di,2,32,0,0.0013807982740021575,0.0
unanimous,kalian guys,2,23,0,0.0009924487594390506,0.0
unanimous,kami dan,2,23,0,0.0009924487594390506,0.0
unanimous,kami telah,2,24,0,0.001035598705501618,0.0
unanimous,kamis 11,2,21,0,0.0009061488673139158,0.0
unanimous,kamis 12,2,20,0,0.0008629989212513484,0.0
unanimous,kamis 14,2,32,0,0.0013807982740021575,0.0
unanimous,kamis 16,2,25,0,0.0010787486515641855,0.0
unanimous,kamis 21,2,51,0,0.0022006472491909383,0.0
unanimous,kamis 28,2,74,0,0.0031930960086299894,0.0
unanimous,kamp pengungsian,2,24,0,0.001035598705501618,0.0
unanimous,kampoengtoto daftarkampoengtoto,2,25,0,0.0010787486515641855,0.0
unanimous,kampoengtoto yang,2,25,0,0.0010787486515641855,0.0
unanimous,kampungtoto kampongtoto,2,24,0,0.001035598705501618,0.0
unanimous,kamu di,2,24,0,0.001035598705501618,0.0
unanimous,kantor imigrasi,2,29,0,0.0012513484358144553,0.0
unanimous,kanwil kemenkumham,2,35,0,0.0015102481121898597,0.0
unanimous,kapal api,2,30,0,0.0012944983818770227,0.0
unanimous,kapal kapal,2,28,0,0.0012081984897518879,0.0
unanimous,kapal kayu,2,21,0,0.0009061488673139158,0.0
unanimous,kapal tersebut,2,21,0,0.0009061488673139158,0.0
unanimous,kapal yang,2,58,0,0.0025026968716289105,0.0
unanimous,kapolresta banda,2,30,0,0.0012944983818770227,0.0
unanimous,karena serangan,2,22,0,0.0009492988133764832,0.0
unanimous,karena tidak,2,55,0,0.0023732470334412083,0.0
unanimous,kasih atas,2,28,0,0.0012081984897518879,0.0
unanimous,kasus ini,2,27,0,0.0011650485436893205,0.0
unanimous,katolik indonesia,2,20,0,0.0008629989212513484,0.0
unanimous,katolik parahyangan,2,25,0,0.0010787486515641855,0.0
unanimous,katolik santo,2,22,0,0.0009492988133764832,0.0
unanimous,ke 10,2,20,0,0.0008629989212513484,0.0
unanimous,ke 19,2,21,0,0.0009061488673139158,0.0
unanimous,ke 3,2,22,0,0.0009492988133764832,0.0
unanimous,ke aceh,2,79,0,0.0034088457389428264,0.0
unanimous,ke babak,2,66,0,0.0028478964401294497,0.0
unanimous,ke cina,2,25,0,0.0010787486515641855,0.0
unanimous,ke depan,2,30,0,0.0012944983818770227,0.0
unanimous,ke jalan,2,20,0,0.0008629989212513484,0.0
unanimous,ke kantor,2,41,0,0.0017691477885652643,0.0
unanimous,ke laut,2,20,0,0.0008629989212513484,0.0
unanimous,ke lokasi,2,33,0,0.0014239482200647249,0.0
unanimous,ke orang,2,20,0,0.0008629989212513484,0.0
unanimous,keamanan dan,2,30,0,0.0012944983818770227,0.0
unanimous,keamanan pbb,2,30,0,0.0012944983818770227,0.0
unanimous,kec syiah,2,21,0,0.0009061488673139158,0.0
unanimous,kedatangan pengungsi,2,47,0,0.0020280474649406687,0.0
unanimous,kedua negara,2,34,0,0.0014670981661272923,0.0
unanimous,kedutaan besar,2,21,0,0.0009061488673139158,0.0
unanimous,kegiatan ini,2,22,0,0.0009492988133764832,0.0
unanimous,kejadian tersebut,2,43,0,0.001855447680690399,0.0
unanimous,kelinci selamat,2,34,0,0.0014670981661272923,0.0
unanimous,keliru video,2,32,0,0.0013807982740021575,0.0
unanimous,kelompok hamas,2,55,0,0.0023732470334412083,0.0
unanimous,kelompok militan,2,35,0,0.0015102481121898597,0.0
unanimous,kelompok perlawanan,2,20,0,0.0008629989212513484,0.0
unanimous,kemanusiaan yang,2,67,0,0.002891046386192017,0.0
unanimous,kemenkumham aceh,2,39,0,0.0016828478964401295,0.0
unanimous,kementerian agama,2,25,0,0.0010787486515641855,0.0
unanimous,kementerian kesehatan,2,73,0,0.003149946062567422,0.0
unanimous,kementerian luar,2,36,0,0.0015533980582524273,0.0
unanimous,kepada israel,2,42,0,0.0018122977346278317,0.0
unanimous,kepada masyarakat,2,31,0,0.00133764832793959,0.0
unanimous,kepada palestina,2,27,0,0.0011650485436893205,0.0
unanimous,kepada pemenang,2,154,0,0.006645091693635383,0.0
unanimous,kepada tentara,2,20,0,0.0008629989212513484,0.0
unanimous,kepada wartawan,2,31,0,0.00133764832793959,0.0
unanimous,kepala dinas,2,22,0,0.0009492988133764832,0.0
unanimous,kerbau selamat,2,38,0,0.001639697950377562,0.0
unanimous,keren banget,2,40,0,0.001725997842502697,0.0
unanimous,keren bgt,2,23,0,0.0009924487594390506,0.0
unanimous,kerja sama,2,94,0,0.004056094929881337,0.0
unanimous,kesehatan di,2,30,0,0.0012944983818770227,0.0
unanimous,kesehatan gaza,2,21,0,0.0009061488673139158,0.0
unanimous,kesehatan palestina,2,30,0,0.0012944983818770227,0.0
unanimous,ketik di,2,25,0,0.0010787486515641855,0.0
unanimous,ketua mk,2,20,0,0.0008629989212513484,0.0
unanimous,ketua mui,2,24,0,0.001035598705501618,0.0
unanimous,ketua umum,2,43,0,0.001855447680690399,0.0
unanimous,ketua yayasan,2,20,0,0.0008629989212513484,0.0
unanimous,kim jong,2,22,0,0.0009492988133764832,0.0
unanimous,kita bisa,2,26,0,0.001121898597626753,0.0
unanimous,kita juga,2,30,0,0.0012944983818770227,0.0
unanimous,kita lihat,2,30,0,0.0012944983818770227,0.0
unanimous,kita sambut,2,58,0,0.0025026968716289105,0.0
unanimous,kita sendiri,2,21,0,0.0009061488673139158,0.0
unanimous,kita untuk,2,22,0,0.0009492988133764832,0.0
unanimous,kode syair,2,20,0,0.0008629989212513484,0.0
unanimous,kombes pol,2,27,0,0.0011650485436893205,0.0
unanimous,kompas com,2,28,0,0.0012081984897518879,0.0
unanimous,konferensi pers,2,40,0,0.001725997842502697,0.0
unanimous,konflik antara,2,54,0,0.002330097087378641,0.0
unanimous,konflik ini,2,27,0,0.0011650485436893205,0.0
unanimous,konflik yang,2,28,0,0.0012081984897518879,0.0
unanimous,koordinasi dengan,2,20,0,0.0008629989212513484,0.0
unanimous,koordinator bidang,2,41,0,0.0017691477885652643,0.0
unanimous,korban di,2,20,0,0.0008629989212513484,0.0
unanimous,korban luka,2,23,0,0.0009924487594390506,0.0
unanimous,korban perang,2,22,0,0.0009492988133764832,0.0
unanimous,korban sipil,2,23,0,0.0009924487594390506,0.0
unanimous,korban yang,2,20,0,0.0008629989212513484,0.0
unanimous,korea idntimes,2,35,0,0.0015102481121898597,0.0
unanimous,korea selatan,2,70,0,0.0030204962243797194,0.0
unanimous,korea utara,2,43,0,0.001855447680690399,0.0
unanimous,kota banda,2,50,0,0.002157497303128371,0.0
unanimous,kota di,2,20,0,0.0008629989212513484,0.0
unanimous,kota kota,2,24,0,0.001035598705501618,0.0
unanimous,kristen dan,2,38,0,0.001639697950377562,0.0
unanimous,kristen katolik,2,20,0,0.0008629989212513484,0.0
unanimous,kristen maranatha,2,38,0,0.001639697950377562,0.0
unanimous,kuala banda,2,32,0,0.0013807982740021575,0.0
unanimous,kuala kota,2,24,0,0.001035598705501618,0.0
unanimous,kuala usk,2,46,0,0.0019848975188781013,0.0
unanimous,kualifikasi piala,2,32,0,0.0013807982740021575,0.0
unanimous,kuliah umum,2,32,0,0.0013807982740021575,0.0
unanimous,kurang lebih,2,26,0,0.001121898597626753,0.0
unanimous,la vida,2,26,0,0.001121898597626753,0.0
unanimous,lagi dan,2,21,0,0.0009061488673139158,0.0
unanimous,lagi gila,2,29,0,0.0012513484358144553,0.0
unanimous,lain karena,2,22,0,0.0009492988133764832,0.0
unanimous,lain yang,2,34,0,0.0014670981661272923,0.0
unanimous,lainnya dari,2,36,0,0.0015533980582524273,0.0
unanimous,lainnya idntimes,2,38,0,0.001639697950377562,0.0
unanimous,langkah langkah,2,24,0,0.001035598705501618,0.0
unanimous,langsung ke,2,22,0,0.0009492988133764832,0.0
unanimous,langsung oleh,2,22,0,0.0009492988133764832,0.0
unanimous,laporan tersebut,2,26,0,0.001121898597626753,0.0
unanimous,laut china,2,48,0,0.002071197411003236,0.0
unanimous,laut cina,2,34,0,0.0014670981661272923,0.0
unanimous,laut merah,2,21,0,0.0009061488673139158,0.0
unanimous,lebih lanjut,2,126,0,0.005436893203883495,0.0
unanimous,lebih layak,2,21,0,0.0009061488673139158,0.0
unanimous,lho download,2,38,0,0.001639697950377562,0.0
unanimous,li ning,2,25,0,0.0010787486515641855,0.0
unanimous,like comment,2,27,0,0.0011650485436893205,0.0
unanimous,link daftar,2,71,0,0.0030636461704422868,0.0
unanimous,link wa,2,23,0,0.0009924487594390506,0.0
unanimous,live streaming,2,48,0,0.002071197411003236,0.0
unanimous,lokasi penampungan,2,30,0,0.0012944983818770227,0.0
unanimous,loker terbaru,2,21,0,0.0009061488673139158,0.0
unanimous,lolos ke,2,43,0,0.001855447680690399,0.0
unanimous,love indonesia,2,38,0,0.001639697950377562,0.0
unanimous,lowongan kerja,2,52,0,0.002243797195253506,0.0
unanimous,lowongan lowongankerja,2,26,0,0.001121898597626753,0.0
unanimous,lupa follow,2,37,0,0.0015965480043149947,0.0
unanimous,ma ruf,2,24,0,0.001035598705501618,0.0
unanimous,made in,2,45,0,0.001941747572815534,0.0
unanimous,mahar tetap,2,37,0,0.0015965480043149947,0.0
unanimous,mahasiswa di,2,28,0,0.0012081984897518879,0.0
unanimous,mahasiswa yang,2,29,0,0.0012513484358144553,0.0
unanimous,mahfud di,2,20,0,0.0008629989212513484,0.0
unanimous,majelis ulama,2,48,0,0.002071197411003236,0.0
unanimous,malam ini,2,61,0,0.0026321467098166127,0.0
unanimous,malam minggu,2,26,0,0.001121898597626753,0.0
unanimous,manusia dan,2,25,0,0.0010787486515641855,0.0
unanimous,masih banyak,2,47,0,0.0020280474649406687,0.0
unanimous,masih belum,2,23,0,0.0009924487594390506,0.0
unanimous,masters 2023,2,40,0,0.001725997842502697,0.0
unanimous,masyaallah alhamdulillah,2,29,0,0.0012513484358144553,0.0
unanimous,masyarakat di,2,35,0,0.0015102481121898597,0.0
unanimous,masyarakat setempat,2,25,0,0.0010787486515641855,0.0
unanimous,masyarakat yang,2,40,0,0.001725997842502697,0.0
unanimous,mau order,2,30,0,0.0012944983818770227,0.0
unanimous,mau tau,2,26,0,0.001121898597626753,0.0
unanimous,mba taylor,2,26,0,0.001121898597626753,0.0
unanimous,mcdonald s,2,36,0,0.0015533980582524273,0.0
unanimous,md sebut,2,20,0,0.0008629989212513484,0.0
unanimous,medali asian,2,25,0,0.0010787486515641855,0.0
unanimous,medali emas,2,48,0,0.002071197411003236,0.0
unanimous,medali perak,2,27,0,0.0011650485436893205,0.0
unanimous,medali perunggu,2,24,0,0.001035598705501618,0.0
unanimous,melaju ke,2,47,0,0.0020280474649406687,0.0
unanimous,melakukan serangan,2,60,0,0.0025889967637540453,0.0
unanimous,member kampoengtoto,2,25,0,0.0010787486515641855,0.0
unanimous,member yang,2,28,0,0.0012081984897518879,0.0
unanimous,memberikan bantuan,2,47,0,0.0020280474649406687,0.0
unanimous,memberikan dukungan,2,26,0,0.001121898597626753,0.0
unanimous,meminta agar,2,31,0,0.00133764832793959,0.0
unanimous,meminta masyarakat,2,20,0,0.0008629989212513484,0.0
unanimous,meminta pemerintah,2,23,0,0.0009924487594390506,0.0
unanimous,men s,2,38,0,0.001639697950377562,0.0
unanimous,menambahkan bahwa,2,27,0,0.0011650485436893205,0.0
unanimous,menangkan rp,2,28,0,0.0012081984897518879,0.0
unanimous,menangtotal 2024menangtotal,2,24,0,0.001035598705501618,0.0
unanimous,menara4d bandartogelonline,2,22,0,0.0009492988133764832,0.0
unanimous,menarik dari,2,22,0,0.0009492988133764832,0.0
unanimous,menarik lainnya,2,55,0,0.0023732470334412083,0.0
unanimous,mencapai 1,2,21,0,0.0009061488673139158,0.0
unanimous,mencari pekerjaan,2,24,0,0.001035598705501618,0.0
unanimous,mencari solusi,2,20,0,0.0008629989212513484,0.0
unanimous,mendapatkan informasi,2,24,0,0.001035598705501618,0.0
unanimous,mendukung agresi,2,31,0,0.00133764832793959,0.0
unanimous,mendukung palestina,2,39,0,0.0016828478964401295,0.0
unanimous,mengalami luka,2,30,0,0.0012944983818770227,0.0
unanimous,mengambil langkah,2,25,0,0.0010787486515641855,0.0
unanimous,mengatakan pada,2,21,0,0.0009061488673139158,0.0
unanimous,mengatakan pihaknya,2,30,0,0.0012944983818770227,0.0
unanimous,menggelar aksi,2,22,0,0.0009492988133764832,0.0
unanimous,mengungkapkan bahwa,2,26,0,0.001121898597626753,0.0
unanimous,mengutuk keras,2,23,0,0.0009924487594390506,0.0
unanimous,meninggal dunia,2,53,0,0.0022869471413160735,0.0
unanimous,menjadi bagian,2,23,0,0.0009924487594390506,0.0
unanimous,menjadi juara,2,20,0,0.0008629989212513484,0.0
unanimous,menjadi korban,2,49,0,0.0021143473570658035,0.0
unanimous,menjadi lebih,2,21,0,0.0009061488673139158,0.0
unanimous,menjadi negara,2,25,0,0.0010787486515641855,0.0
unanimous,menjadi saksi,2,39,0,0.0016828478964401295,0.0
unanimous,menjadi salah,2,30,0,0.0012944983818770227,0.0
unanimous,menjadi tempat,2,20,0,0.0008629989212513484,0.0
unanimous,menteri benjamin,2,30,0,0.0012944983818770227,0.0
unanimous,menteri koordinator,2,39,0,0.0016828478964401295,0.0
unanimous,menteri luar,2,79,0,0.0034088457389428264,0.0
unanimous,menteri pertahanan,2,40,0,0.001725997842502697,0.0
unanimous,menteri pm,2,28,0,0.0012081984897518879,0.0
unanimous,menuju ke,2,28,0,0.0012081984897518879,0.0
unanimous,menurut dia,2,20,0,0.0008629989212513484,0.0
unanimous,menurut laporan,2,24,0,0.001035598705501618,0.0
unanimous,mer c,2,30,0,0.0012944983818770227,0.0
unanimous,mereka datang,2,20,0,0.0008629989212513484,0.0
unanimous,merupakan hasil,2,24,0,0.001035598705501618,0.0
unanimous,meuseuraya aceh,2,67,0,0.002891046386192017,0.0
unanimous,mia khalifa,2,20,0,0.0008629989212513484,0.0
unanimous,middle east,2,20,0,0.0008629989212513484,0.0
unanimous,militan hamas,2,38,0,0.001639697950377562,0.0
unanimous,militan palestina,2,22,0,0.0009492988133764832,0.0
unanimous,minggu 10,2,35,0,0.0015102481121898597,0.0
unanimous,minggu 24,2,41,0,0.0017691477885652643,0.0
unanimous,minggu ini,2,24,0,0.001035598705501618,0.0
unanimous,minimal sma,2,23,0,0.0009924487594390506,0.0
unanimous,minta warga,2,20,0,0.0008629989212513484,0.0
unanimous,mobile legends,2,20,0,0.0008629989212513484,0.0
unanimous,muda bersatu,2,27,0,0.0011650485436893205,0.0
unanimous,muhaimin iskandar,2,31,0,0.00133764832793959,0.0
unanimous,muhammad al,2,31,0,0.00133764832793959,0.0
unanimous,mui bidang,2,25,0,0.0010787486515641855,0.0
unanimous,mundur dari,2,24,0,0.001035598705501618,0.0
unanimous,my universe,2,27,0,0.0011650485436893205,0.0
unanimous,naga selamat,2,33,0,0.0014239482200647249,0.0
unanimous,najwa shihab,2,20,0,0.0008629989212513484,0.0
unanimous,nam joo,2,25,0,0.0010787486515641855,0.0
unanimous,namun jika,2,20,0,0.0008629989212513484,0.0
unanimous,namun karena,2,26,0,0.001121898597626753,0.0
unanimous,namun setelah,2,23,0,0.0009924487594390506,0.0
unanimous,natal 2023,2,25,0,0.0010787486515641855,0.0
unanimous,nations high,2,25,0,0.0010787486515641855,0.0
unanimous,negara asing,2,29,0,0.0012513484358144553,0.0
unanimous,negara dengan,2,23,0,0.0009924487594390506,0.0
unanimous,negara palestina,2,33,0,0.0014239482200647249,0.0
unanimous,negara tersebut,2,48,0,0.002071197411003236,0.0
unanimous,netanyahu mengatakan,2,21,0,0.0009061488673139158,0.0
unanimous,new year,2,53,0,0.0022869471413160735,0.0
unanimous,news update,2,29,0,0.0012513484358144553,0.0
unanimous,newsone cariberitaditvone,2,58,0,0.0025026968716289105,0.0
unanimous,newsupdate update,2,21,0,0.0009061488673139158,0.0
unanimous,ngapain aja,2,35,0,0.0015102481121898597,0.0
unanimous,no mahar,2,28,0,0.0012081984897518879,0.0
unanimous,nomor 83,2,20,0,0.0008629989212513484,0.0
unanimous,nomorsatu fyp,2,41,0,0.0017691477885652643,0.0
unanimous,nusa tenggara,2,26,0,0.001121898597626753,0.0
unanimous,nya gila,2,20,0,0.0008629989212513484,0.0
unanimous,o a,2,21,0,0.0009061488673139158,0.0
unanimous,obat obatan,2,20,0,0.0008629989212513484,0.0
unanimous,october 2023,2,56,0,0.0024163969795037757,0.0
unanimous,odgj di,2,50,0,0.002157497303128371,0.0
unanimous,of china,2,45,0,0.001941747572815534,0.0
unanimous,oktober lalu,2,48,0,0.002071197411003236,0.0
unanimous,oleh kelompok,2,29,0,0.0012513484358144553,0.0
unanimous,oleh pemerintah,2,33,0,0.0014239482200647249,0.0
unanimous,oleh pihak,2,24,0,0.001035598705501618,0.0
unanimous,oleh sebab,2,20,0,0.0008629989212513484,0.0
unanimous,oleh warga,2,26,0,0.001121898597626753,0.0
unanimous,open 2023,2,232,0,0.010010787486515642,0.0
unanimous,operasi militer,2,33,0,0.0014239482200647249,0.0
unanimous,operator produksi,2,26,0,0.001121898597626753,0.0
unanimous,or removal,2,33,0,0.0014239482200647249,0.0
unanimous,orang dalam,2,33,0,0.0014239482200647249,0.0
unanimous,orang meninggal,2,22,0,0.0009492988133764832,0.0
unanimous,orang pengungsi,2,25,0,0.0010787486515641855,0.0
unanimous,org gila,2,49,0,0.0021143473570658035,0.0
unanimous,owner s,2,35,0,0.0015102481121898597,0.0
unanimous,pada 10,2,21,0,0.0009061488673139158,0.0
unanimous,pada 7,2,67,0,0.002891046386192017,0.0
unanimous,pada anak,2,20,0,0.0008629989212513484,0.0
unanimous,pada awal,2,20,0,0.0008629989212513484,0.0
unanimous,pada babak,2,21,0,0.0009061488673139158,0.0
unanimous,pada jumat,2,68,0,0.0029341963322545845,0.0
unanimous,pada kamis,2,66,0,0.0028478964401294497,0.0
unanimous,pada malam,2,20,0,0.0008629989212513484,0.0
unanimous,pada minggu,2,74,0,0.0031930960086299894,0.0
unanimous,pada rabu,2,122,0,0.0052642934196332255,0.0
unanimous,pada saat,2,44,0,0.0018985976267529665,0.0
unanimous,pada sabtu,2,90,0,0.003883495145631068,0.0
unanimous,pada selasa,2,67,0,0.002891046386192017,0.0
unanimous,pada senin,2,73,0,0.003149946062567422,0.0
unanimous,pada tahun,2,111,0,0.004789644012944984,0.0
unanimous,pagi ini,2,31,0,0.00133764832793959,0.0
unanimous,pagi pagi,2,22,0,0.0009492988133764832,0.0
unanimous,palang merah,2,23,0,0.0009924487594390506,0.0
unanimous,palestina gaza,2,47,0,0.0020280474649406687,0.0
unanimous,palestina hamas,2,82,0,0.0035382955771305286,0.0
unanimous,palestina pada,2,29,0,0.0012513484358144553,0.0
unanimous,palestina saat,2,31,0,0.00133764832793959,0.0
unanimous,palestina telah,2,22,0,0.0009492988133764832,0.0
unanimous,palestina tewas,2,51,0,0.0022006472491909383,0.0
unanimous,palestina tidak,2,20,0,0.0008629989212513484,0.0
unanimous,palestine israel,2,30,0,0.0012944983818770227,0.0
unanimous,panas bgt,2,22,0,0.0009492988133764832,0.0
unanimous,para mahasiswa,2,31,0,0.00133764832793959,0.0
unanimous,para pejabat,2,25,0,0.0010787486515641855,0.0
unanimous,para pemenang,2,186,0,0.00802588996763754,0.0
unanimous,parade fancy,2,32,0,0.0013807982740021575,0.0
unanimous,park jimin,2,24,0,0.001035598705501618,0.0
unanimous,pasaran china,2,195,0,0.008414239482200648,0.0
unanimous,pasukan hamas,2,20,0,0.0008629989212513484,0.0
unanimous,pasukan pertahanan,2,32,0,0.0013807982740021575,0.0
unanimous,paus fransiskus,2,30,0,0.0012944983818770227,0.0
unanimous,pbb di,2,28,0,0.0012081984897518879,0.0
unanimous,pbb untuk,2,41,0,0.0017691477885652643,0.0
unanimous,pbb yang,2,22,0,0.0009492988133764832,0.0
unanimous,pekan lalu,2,36,0,0.0015533980582524273,0.0
unanimous,pelaku yang,2,22,0,0.0009492988133764832,0.0
unanimous,pemenang jackpot,2,65,0,0.0028047464940668823,0.0
unanimous,pemenang jp,2,50,0,0.002157497303128371,0.0
unanimous,pemenang salam,2,138,0,0.005954692556634304,0.0
unanimous,pemerintah aceh,2,22,0,0.0009492988133764832,0.0
unanimous,pemerintah china,2,23,0,0.0009924487594390506,0.0
unanimous,pemerintah daerah,2,28,0,0.0012081984897518879,0.0
unanimous,pemerintah indonesia,2,73,0,0.003149946062567422,0.0
unanimous,pemerintah israel,2,75,0,0.003236245954692557,0.0
unanimous,pemerintah pusat,2,47,0,0.0020280474649406687,0.0
unanimous,pemilih tetap,2,20,0,0.0008629989212513484,0.0
unanimous,pemindahan paksa,2,22,0,0.0009492988133764832,0.0
unanimous,penampungan sementara,2,51,0,0.0022006472491909383,0.0
unanimous,penanganan pengungsi,2,32,0,0.0013807982740021575,0.0
unanimous,pendidikan dan,2,22,0,0.0009492988133764832,0.0
unanimous,pendidikan minimal,2,29,0,0.0012513484358144553,0.0
unanimous,penegak hukum,2,21,0,0.0009061488673139158,0.0
unanimous,pengeluaran china,2,182,0,0.007853290183387271,0.0
unanimous,pengeluaran israel,2,29,0,0.0012513484358144553,0.0
unanimous,pengeluaran pasaran,2,77,0,0.0033225458468176916,0.0
unanimous,pengeluaran togel,2,24,0,0.001035598705501618,0.0
unanimous,pengungsi dari,2,28,0,0.0012081984897518879,0.0
unanimous,pengungsi rohingnya,2,26,0,0.001121898597626753,0.0
unanimous,pengusiran paksa,2,23,0,0.0009924487594390506,0.0
unanimous,penolakan dari,2,20,0,0.0008629989212513484,0.0
unanimous,penting dalam,2,21,0,0.0009061488673139158,0.0
unanimous,penyelundupan manusia,2,29,0,0.0012513484358144553,0.0
unanimous,per hari,2,31,0,0.00133764832793959,0.0
unanimous,perak dan,2,25,0,0.0010787486515641855,0.0
unanimous,perang antara,2,41,0,0.0017691477885652643,0.0
unanimous,perang dunia,2,30,0,0.0012944983818770227,0.0
unanimous,perang gaza,2,35,0,0.0015102481121898597,0.0
unanimous,perang ini,2,20,0,0.0008629989212513484,0.0
unanimous,perang melawan,2,25,0,0.0010787486515641855,0.0
unanimous,perayaan natal,2,36,0,0.0015533980582524273,0.0
unanimous,perdagangan orang,2,22,0,0.0009492988133764832,0.0
unanimous,perempat final,2,29,0,0.0012513484358144553,0.0
unanimous,perempuan gila,2,21,0,0.0009061488673139158,0.0
unanimous,perjalanan ke,2,25,0,0.0010787486515641855,0.0
unanimous,perlawanan palestina,2,33,0,0.0014239482200647249,0.0
unanimous,pernyataan tersebut,2,26,0,0.001121898597626753,0.0
unanimous,perolehan medali,2,31,0,0.00133764832793959,0.0
unanimous,persatuan indonesia,2,21,0,0.0009061488673139158,0.0
unanimous,perserikatan bangsa,2,40,0,0.001725997842502697,0.0
unanimous,pertama di,2,36,0,0.0015533980582524273,0.0
unanimous,pertama kalinya,2,23,0,0.0009924487594390506,0.0
unanimous,pertumbuhan ekonomi,2,39,0,0.0016828478964401295,0.0
unanimous,pesisir pantai,2,20,0,0.0008629989212513484,0.0
unanimous,photo badmintalk,2,29,0,0.0012513484358144553,0.0
unanimous,piala dunia,2,49,0,0.0021143473570658035,0.0
unanimous,pihak kepolisian,2,26,0,0.001121898597626753,0.0
unanimous,pihak terkait,2,31,0,0.00133764832793959,0.0
unanimous,pihak yang,2,50,0,0.002157497303128371,0.0
unanimous,pihaknya telah,2,28,0,0.0012081984897518879,0.0
unanimous,pks ngapain,2,33,0,0.0014239482200647249,0.0
unanimous,play app,2,40,0,0.001725997842502697,0.0
unanimous,please contact,2,41,0,0.0017691477885652643,0.0
unanimous,pm china,2,27,0,0.0011650485436893205,0.0
unanimous,pol fahmi,2,21,0,0.0009061488673139158,0.0
unanimous,politik dan,2,25,0,0.0010787486515641855,0.0
unanimous,politik hukum,2,26,0,0.001121898597626753,0.0
unanimous,politik sampai,2,36,0,0.0015533980582524273,0.0
unanimous,polresta banda,2,68,0,0.0029341963322545845,0.0
unanimous,pondok pesantren,2,21,0,0.0009061488673139158,0.0
unanimous,pools hari,2,59,0,0.002545846817691478,0.0
unanimous,popbela_com popmama_com,2,35,0,0.0015102481121898597,0.0
unanimous,popmama_com yummy,2,35,0,0.0015102481121898597,0.0
unanimous,popular seru,2,41,0,0.0017691477885652643,0.0
unanimous,populer israel,2,21,0,0.0009061488673139158,0.0
unanimous,postingan di,2,23,0,0.0009924487594390506,0.0
unanimous,posts sedang,2,27,0,0.0011650485436893205,0.0
unanimous,pranowo presiden,2,21,0,0.0009061488673139158,0.0
unanimous,prediksi angka,2,25,0,0.0010787486515641855,0.0
unanimous,prediksi china,2,212,0,0.009147788565264294,0.0
unanimous,prediksi hukum,2,22,0,0.0009492988133764832,0.0
unanimous,prediksi sendiri,2,58,0,0.0025026968716289105,0.0
unanimous,prediksi togel,2,138,0,0.005954692556634304,0.0
unanimous,prediksichina prediksichinapools,2,33,0,0.0014239482200647249,0.0
unanimous,prediksichina prediksitogelhariini,2,35,0,0.0015102481121898597,0.0
unanimous,prediksichinapools prediksitogelchina,2,20,0,0.0008629989212513484,0.0
unanimous,prediksitogel prediksichina,2,56,0,0.0024163969795037757,0.0
unanimous,prediksitogelhariini angkatogel,2,35,0,0.0015102481121898597,0.0
unanimous,presiden 2024,2,21,0,0.0009061488673139158,0.0
unanimous,presiden amerika,2,25,0,0.0010787486515641855,0.0
unanimous,presiden as,2,23,0,0.0009924487594390506,0.0
unanimous,presiden china,2,25,0,0.0010787486515641855,0.0
unanimous,presiden joko,2,54,0,0.002330097087378641,0.0
unanimous,presiden ri,2,37,0,0.0015965480043149947,0.0
unanimous,presiden turki,2,25,0,0.0010787486515641855,0.0
unanimous,pria wanita,2,24,0,0.001035598705501618,0.0
unanimous,prize 1,2,179,0,0.007723840345199569,0.0
unanimous,prize 2,2,164,0,0.007076591154261057,0.0
unanimous,prize 3,2,164,0,0.007076591154261057,0.0
unanimous,produk terafiliasi,2,22,0,0.0009492988133764832,0.0
unanimous,produsen yang,2,21,0,0.0009061488673139158,0.0
unanimous,prof dr,2,29,0,0.0012513484358144553,0.0
unanimous,provinsi aceh,2,38,0,0.001639697950377562,0.0
unanimous,provinsi zhejiang,2,21,0,0.0009061488673139158,0.0
unanimous,proyek kereta,2,20,0,0.0008629989212513484,0.0
unanimous,putra indonesia,2,26,0,0.001121898597626753,0.0
unanimous,putri indonesia,2,21,0,0.0009061488673139158,0.0
unanimous,rabu 1,2,22,0,0.0009492988133764832,0.0
unanimous,rabu 13,2,27,0,0.0011650485436893205,0.0
unanimous,rabu 15,2,23,0,0.0009924487594390506,0.0
unanimous,rabu 20,2,39,0,0.0016828478964401295,0.0
unanimous,rabu 27,2,69,0,0.002977346278317152,0.0
unanimous,rafael struick,2,30,0,0.0012944983818770227,0.0
unanimous,rasa di,2,26,0,0.001121898597626753,0.0
unanimous,ratusan orang,2,34,0,0.0014670981661272923,0.0
unanimous,renungan harian,2,30,0,0.0012944983818770227,0.0
unanimous,republik indonesia,2,53,0,0.0022869471413160735,0.0
unanimous,reserved to,2,35,0,0.0015102481121898597,0.0
unanimous,respective owner,2,35,0,0.0015102481121898597,0.0
unanimous,result 1,2,55,0,0.0023732470334412083,0.0
unanimous,result 2,2,53,0,0.0022869471413160735,0.0
unanimous,result 3,2,60,0,0.0025889967637540453,0.0
unanimous,result china,2,135,0,0.005825242718446602,0.0
unanimous,result pasaran,2,55,0,0.0023732470334412083,0.0
unanimous,result score,2,20,0,0.0008629989212513484,0.0
unanimous,result togel,2,27,0,0.0011650485436893205,0.0
unanimous,results update,2,32,0,0.0013807982740021575,0.0
unanimous,retno marsudi,2,45,0,0.001941747572815534,0.0
unanimous,retweet untuk,2,28,0,0.0012081984897518879,0.0
unanimous,rezekibaru indonesia,2,40,0,0.001725997842502697,0.0
unanimous,ribu centang,2,28,0,0.0012081984897518879,0.0
unanimous,ribuan warga,2,33,0,0.0014239482200647249,0.0
unanimous,rights and,2,35,0,0.0015102481121898597,0.0
unanimous,rocket chicken,2,20,0,0.0008629989212513484,0.0
unanimous,rohingya aceh,2,34,0,0.0014670981661272923,0.0
unanimous,rohingya dengan,2,20,0,0.0008629989212513484,0.0
unanimous,rohingya ini,2,54,0,0.002330097087378641,0.0
unanimous,rohingya kembali,2,20,0,0.0008629989212513484,0.0
unanimous,rohingya merupakan,2,20,0,0.0008629989212513484,0.0
unanimous,rohingya tersebut,2,41,0,0.0017691477885652643,0.0
unanimous,rohingya untuk,2,28,0,0.0012081984897518879,0.0
unanimous,round of,2,20,0,0.0008629989212513484,0.0
unanimous,rp 165,2,28,0,0.0012081984897518879,0.0
unanimous,rp 3,2,23,0,0.0009924487594390506,0.0
unanimous,s bazar,2,28,0,0.0012081984897518879,0.0
unanimous,s please,2,32,0,0.0013807982740021575,0.0
unanimous,saat melakukan,2,27,0,0.0011650485436893205,0.0
unanimous,sabtu 11,2,21,0,0.0009061488673139158,0.0
unanimous,sabtu 16,2,33,0,0.0014239482200647249,0.0
unanimous,sabtu 23,2,32,0,0.0013807982740021575,0.0
unanimous,sabtu 30,2,30,0,0.0012944983818770227,0.0
unanimous,sah shio,2,21,0,0.0009061488673139158,0.0
unanimous,sahh shio,2,29,0,0.0012513484358144553,0.0
unanimous,sakit dan,2,27,0,0.0011650485436893205,0.0
unanimous,saksi bisu,2,65,0,0.0028047464940668823,0.0
unanimous,salah seorang,2,27,0,0.0011650485436893205,0.0
unanimous,salam jackpot,2,48,0,0.002071197411003236,0.0
unanimous,salam jp,2,165,0,0.007119741100323625,0.0
unanimous,salazar rivro,2,26,0,0.001121898597626753,0.0
unanimous,sama yang,2,20,0,0.0008629989212513484,0.0
unanimous,sambut anggota,2,57,0,0.002459546925566343,0.0
unanimous,sampai di,2,21,0,0.0009061488673139158,0.0
unanimous,sampai entertainment,2,35,0,0.0015102481121898597,0.0
unanimous,sampai ketinggalan,2,22,0,0.0009492988133764832,0.0
unanimous,sampai saat,2,31,0,0.00133764832793959,0.0
unanimous,sandera yang,2,26,0,0.001121898597626753,0.0
unanimous,satpol pp,2,23,0,0.0009924487594390506,0.0
unanimous,satu dari,2,27,0,0.0011650485436893205,0.0
unanimous,satu tahun,2,20,0,0.0008629989212513484,0.0
unanimous,saya juga,2,43,0,0.001855447680690399,0.0
unanimous,sd di,2,26,0,0.001121898597626753,0.0
unanimous,sebab itu,2,27,0,0.0011650485436893205,0.0
unanimous,sebagai bagian,2,23,0,0.0009924487594390506,0.0
unanimous,sebagai bentuk,2,63,0,0.0027184466019417475,0.0
unanimous,sebagai negara,2,30,0,0.0012944983818770227,0.0
unanimous,sebagai salah,2,22,0,0.0009492988133764832,0.0
unanimous,sebagian benar,2,33,0,0.0014239482200647249,0.0
unanimous,sebesar rp,2,29,0,0.0012513484358144553,0.0
unanimous,sebuah pernyataan,2,34,0,0.0014670981661272923,0.0
unanimous,sebuah video,2,22,0,0.0009492988133764832,0.0
unanimous,sebut israel,2,25,0,0.0010787486515641855,0.0
unanimous,secara langsung,2,33,0,0.0014239482200647249,0.0
unanimous,secara resmi,2,23,0,0.0009924487594390506,0.0
unanimous,sedang tren,2,27,0,0.0011650485436893205,0.0
unanimous,sehat jasmani,2,25,0,0.0010787486515641855,0.0
unanimous,sejak perang,2,21,0,0.0009061488673139158,0.0
unanimous,sekarang bisa,2,41,0,0.0017691477885652643,0.0
unanimous,sekitar rumah,2,23,0,0.0009924487594390506,0.0
unanimous,sekretaris jenderal,2,21,0,0.0009061488673139158,0.0
unanimous,selalu utamakan,2,21,0,0.0009061488673139158,0.0
unanimous,selama dua,2,20,0,0.0008629989212513484,0.0
unanimous,selamat bagi,2,23,0,0.0009924487594390506,0.0
unanimous,selamat kepada,2,317,0,0.013678532901833873,0.0
unanimous,selamat para,2,40,0,0.001725997842502697,0.0
unanimous,selamat untuk,2,91,0,0.003926645091693636,0.0
unanimous,selasa 10,2,28,0,0.0012081984897518879,0.0
unanimous,selasa 12,2,22,0,0.0009492988133764832,0.0
unanimous,selasa 31,2,23,0,0.0009924487594390506,0.0
unanimous,selengkapnya https,2,22,0,0.0009492988133764832,0.0
unanimous,selengkapnya klik,2,41,0,0.0017691477885652643,0.0
unanimous,semangat untuk,2,23,0,0.0009924487594390506,0.0
unanimous,sementara itu,2,128,0,0.00552319309600863,0.0
unanimous,sendiri ya,2,27,0,0.0011650485436893205,0.0
unanimous,sendiri yang,2,20,0,0.0008629989212513484,0.0
unanimous,senin 18,2,39,0,0.0016828478964401295,0.0
unanimous,senin 25,2,23,0,0.0009924487594390506,0.0
unanimous,senjata di,2,37,0,0.0015965480043149947,0.0
unanimous,seorang anak,2,26,0,0.001121898597626753,0.0
unanimous,seorang pengungsi,2,21,0,0.0009061488673139158,0.0
unanimous,sep 2023,2,24,0,0.001035598705501618,0.0
unanimous,sepak bola,2,21,0,0.0009061488673139158,0.0
unanimous,sepenuh hati,2,22,0,0.0009492988133764832,0.0
unanimous,seperti apa,2,23,0,0.0009924487594390506,0.0
unanimous,seperti di,2,24,0,0.001035598705501618,0.0
unanimous,seperti dikutip,2,28,0,0.0012081984897518879,0.0
unanimous,seperti dilansir,2,27,0,0.0011650485436893205,0.0
unanimous,seperti yang,2,42,0,0.0018122977346278317,0.0
unanimous,september 2023,2,438,0,0.01889967637540453,0.0
unanimous,serang israel,2,27,0,0.0011650485436893205,0.0
unanimous,serangan balasan,2,24,0,0.001035598705501618,0.0
unanimous,serangan bom,2,32,0,0.0013807982740021575,0.0
unanimous,serangan brutal,2,20,0,0.0008629989212513484,0.0
unanimous,serangan darat,2,65,0,0.0028047464940668823,0.0
unanimous,serangan ini,2,27,0,0.0011650485436893205,0.0
unanimous,serangan ke,2,40,0,0.001725997842502697,0.0
unanimous,serangan tersebut,2,43,0,0.001855447680690399,0.0
unanimous,serangan yang,2,37,0,0.0015965480043149947,0.0
unanimous,serikat as,2,51,0,0.0022006472491909383,0.0
unanimous,seru rezekibaru,2,40,0,0.001725997842502697,0.0
unanimous,seruan boikot,2,27,0,0.0011650485436893205,0.0
unanimous,setiap harinya,2,20,0,0.0008629989212513484,0.0
unanimous,sexytogel afctogel,2,27,0,0.0011650485436893205,0.0
unanimous,shifa di,2,34,0,0.0014670981661272923,0.0
unanimous,shio anjing,2,46,0,0.0019848975188781013,0.0
unanimous,shio ayam,2,37,0,0.0015965480043149947,0.0
unanimous,shio babi,2,74,0,0.0031930960086299894,0.0
unanimous,shio harimau,2,65,0,0.0028047464940668823,0.0
unanimous,shio kambing,2,47,0,0.0020280474649406687,0.0
unanimous,shio kelinci,2,79,0,0.0034088457389428264,0.0
unanimous,shio kerbau,2,75,0,0.003236245954692557,0.0
unanimous,shio kuda,2,45,0,0.001941747572815534,0.0
unanimous,shio monyet,2,27,0,0.0011650485436893205,0.0
unanimous,shio naga,2,63,0,0.0027184466019417475,0.0
unanimous,shio tikus,2,52,0,0.002243797195253506,0.0
unanimous,shio ular,2,87,0,0.0037540453074433656,0.0
unanimous,sih ini,2,41,0,0.0017691477885652643,0.0
unanimous,silahkan cek,2,33,0,0.0014239482200647249,0.0
unanimous,silakan cek,2,26,0,0.001121898597626753,0.0
unanimous,silakan ikut,2,24,0,0.001035598705501618,0.0
unanimous,silakan isi,2,20,0,0.0008629989212513484,0.0
unanimous,simak selengkapnya,2,51,0,0.0022006472491909383,0.0
unanimous,siswi sd,2,32,0,0.0013807982740021575,0.0
unanimous,siti fadia,2,21,0,0.0009061488673139158,0.0
unanimous,situasi di,2,25,0,0.0010787486515641855,0.0
unanimous,situs slot,2,25,0,0.0010787486515641855,0.0
unanimous,slot gacor,2,34,0,0.0014670981661272923,0.0
unanimous,slotgacor slotonline,2,20,0,0.0008629989212513484,0.0
unanimous,sma smk,2,38,0,0.001639697950377562,0.0
unanimous,soal pengungsi,2,20,0,0.0008629989212513484,0.0
unanimous,sobat bisnis,2,26,0,0.001121898597626753,0.0
unanimous,sobatgaming aladdin666,2,28,0,0.0012081984897518879,0.0
unanimous,solusi dua,2,24,0,0.001035598705501618,0.0
unanimous,sosial dan,2,25,0,0.0010787486515641855,0.0
unanimous,spek voc,2,20,0,0.0008629989212513484,0.0
unanimous,sport multisportevent,2,23,0,0.0009924487594390506,0.0
unanimous,stay strong,2,20,0,0.0008629989212513484,0.0
unanimous,store dan,2,26,0,0.001121898597626753,0.0
unanimous,store temukan,2,38,0,0.001639697950377562,0.0
unanimous,strong g,2,20,0,0.0008629989212513484,0.0
unanimous,suaramillennial diversityisbeautiful,2,22,0,0.0009492988133764832,0.0
unanimous,sumatera utara,2,53,0,0.0022869471413160735,0.0
unanimous,sumber ajnn,2,38,0,0.001639697950377562,0.0
unanimous,sumber foto,2,25,0,0.0010787486515641855,0.0
unanimous,syair china,2,27,0,0.0011650485436893205,0.0
unanimous,syiah kuala,2,213,0,0.00919093851132686,0.0
unanimous,ta ala,2,25,0,0.0010787486515641855,0.0
unanimous,tadi malam,2,28,0,0.0012081984897518879,0.0
unanimous,tahun ini,2,89,0,0.0038403451995685004,0.0
unanimous,tak hanya,2,34,0,0.0014670981661272923,0.0
unanimous,tanggal 7,2,20,0,0.0008629989212513484,0.0
unanimous,tanpa ada,2,21,0,0.0009061488673139158,0.0
unanimous,tanpa mahar,2,26,0,0.001121898597626753,0.0
unanimous,tau ga,2,22,0,0.0009492988133764832,0.0
unanimous,tayang di,2,27,0,0.0011650485436893205,0.0
unanimous,tayyip erdogan,2,20,0,0.0008629989212513484,0.0
unanimous,telah jp,2,28,0,0.0012081984897518879,0.0
unanimous,telah menerima,2,24,0,0.001035598705501618,0.0
unanimous,telah menjadi,2,36,0,0.0015533980582524273,0.0
unanimous,tempat penampungan,2,67,0,0.002891046386192017,0.0
unanimous,tempat yang,2,53,0,0.0022869471413160735,0.0
unanimous,temukan berita,2,35,0,0.0015102481121898597,0.0
unanimous,temukan info,2,38,0,0.001639697950377562,0.0
unanimous,tenggara timur,2,27,0,0.0011650485436893205,0.0
unanimous,tentang hukum,2,21,0,0.0009061488673139158,0.0
unanimous,tepatnya di,2,31,0,0.00133764832793959,0.0
unanimous,terbaru lainnya,2,38,0,0.001639697950377562,0.0
unanimous,terdepan tranding,2,41,0,0.0017691477885652643,0.0
unanimous,terdiri dari,2,52,0,0.002243797195253506,0.0
unanimous,tergila gila,2,29,0,0.0012513484358144553,0.0
unanimous,terhadap hamas,2,25,0,0.0010787486515641855,0.0
unanimous,terhadap israel,2,83,0,0.003581445523193096,0.0
unanimous,terhadap para,2,30,0,0.0012944983818770227,0.0
unanimous,terhadap rakyat,2,36,0,0.0015533980582524273,0.0
unanimous,terjadi antara,2,24,0,0.001035598705501618,0.0
unanimous,terjadi saat,2,27,0,0.0011650485436893205,0.0
unanimous,terkait dengan,2,37,0,0.0015965480043149947,0.0
unanimous,terlebih dahulu,2,31,0,0.00133764832793959,0.0
unanimous,tersebut akan,2,29,0,0.0012513484358144553,0.0
unanimous,tersebut dalam,2,21,0,0.0009061488673139158,0.0
unanimous,tersebut dan,2,44,0,0.0018985976267529665,0.0
unanimous,tersebut di,2,20,0,0.0008629989212513484,0.0
unanimous,tersebut juga,2,35,0,0.0015102481121898597,0.0
unanimous,tersebut kata,2,20,0,0.0008629989212513484,0.0
unanimous,tersebut ke,2,25,0,0.0010787486515641855,0.0
unanimous,tersebut merupakan,2,21,0,0.0009061488673139158,0.0
unanimous,tersebut telah,2,38,0,0.001639697950377562,0.0
unanimous,tersebut terjadi,2,23,0,0.0009924487594390506,0.0
unanimous,tersebut tidak,2,45,0,0.001941747572815534,0.0
unanimous,tersebut untuk,2,24,0,0.001035598705501618,0.0
unanimous,tersedia di,2,20,0,0.0008629989212513484,0.0
unanimous,terupdate lainnya,2,42,0,0.0018122977346278317,0.0
unanimous,terus melakukan,2,25,0,0.0010787486515641855,0.0
unanimous,tetap semangat,2,48,0,0.002071197411003236,0.0
unanimous,tetap ups,2,27,0,0.0011650485436893205,0.0
unanimous,tetap utamakan,2,31,0,0.00133764832793959,0.0
unanimous,tewas akibat,2,65,0,0.0028047464940668823,0.0
unanimous,the respective,2,32,0,0.0013807982740021575,0.0
unanimous,tiba di,2,100,0,0.004314994606256742,0.0
unanimous,tidak buta,2,59,0,0.002545846817691478,0.0
unanimous,tidak dapat,2,72,0,0.0031067961165048546,0.0
unanimous,tidak dipungut,2,23,0,0.0009924487594390506,0.0
unanimous,tidak gila,2,27,0,0.0011650485436893205,0.0
unanimous,tidak lagi,2,28,0,0.0012081984897518879,0.0
unanimous,tidak langsung,2,27,0,0.0011650485436893205,0.0
unanimous,tidak mungkin,2,31,0,0.00133764832793959,0.0
unanimous,tidak sesuai,2,21,0,0.0009061488673139158,0.0
unanimous,tim indonesia,2,21,0,0.0009061488673139158,0.0
unanimous,times sekarang,2,35,0,0.0015102481121898597,0.0
unanimous,times world,2,26,0,0.001121898597626753,0.0
unanimous,timnas indonesia,2,58,0,0.0025026968716289105,0.0
unanimous,timnas israel,2,21,0,0.0009061488673139158,0.0
unanimous,timor leste,2,23,0,0.0009924487594390506,0.0
unanimous,timur pada,2,28,0,0.0012081984897518879,0.0
unanimous,tindak pidana,2,40,0,0.001725997842502697,0.0
unanimous,tindakan yang,2,36,0,0.0015533980582524273,0.0
unanimous,tionghoa di,2,26,0,0.001121898597626753,0.0
unanimous,tni au,2,28,0,0.0012081984897518879,0.0
unanimous,to the,2,56,0,0.0024163969795037757,0.0
unanimous,togel china,2,160,0,0.006903991370010788,0.0
unanimous,togel togelchina,2,35,0,0.0015102481121898597,0.0
unanimous,togel togelonline,2,20,0,0.0008629989212513484,0.0
unanimous,togel togelovers,2,22,0,0.0009492988133764832,0.0
unanimous,togel4d togelterbaik,2,28,0,0.0012081984897518879,0.0
unanimous,togelakurat togel4d,2,29,0,0.0012513484358144553,0.0
unanimous,togelchina prediksitogel,2,31,0,0.00133764832793959,0.0
unanimous,togelchina togelindonesia,2,27,0,0.0011650485436893205,0.0
unanimous,togelchina togelonline,2,27,0,0.0011650485436893205,0.0
unanimous,togelhk togelindonesia,2,20,0,0.0008629989212513484,0.0
unanimous,togelhongkong togelsingapore,2,20,0,0.0008629989212513484,0.0
unanimous,togelindonesia togeljitu,2,20,0,0.0008629989212513484,0.0
unanimous,togelindonesia togelterpercaya,2,23,0,0.0009924487594390506,0.0
unanimous,togeljitu prediksitogel,2,28,0,0.0012081984897518879,0.0
unanimous,togeljitu togelakurat,2,29,0,0.0012513484358144553,0.0
unanimous,togeljitu togelchina,2,22,0,0.0009492988133764832,0.0
unanimous,togelonline togelchina,2,27,0,0.0011650485436893205,0.0
unanimous,togelonline togelhongkong,2,30,0,0.0012944983818770227,0.0
unanimous,togelovers togeljitu,2,35,0,0.0015102481121898597,0.0
unanimous,togelsgp togelhk,2,20,0,0.0008629989212513484,0.0
unanimous,togelsingapore togelsydney,2,20,0,0.0008629989212513484,0.0
unanimous,togelsydney togelterpercaya,2,20,0,0.0008629989212513484,0.0
unanimous,togelterbaik togelhariini,2,23,0,0.0009924487594390506,0.0
unanimous,togelterpercaya togeljitu,2,29,0,0.0012513484358144553,0.0
unanimous,togelterpercaya togelsgp,2,20,0,0.0008629989212513484,0.0
unanimous,top 10,2,20,0,0.0008629989212513484,0.0
unanimous,top 2d,2,63,0,0.0027184466019417475,0.0
unanimous,top 3d,2,61,0,0.0026321467098166127,0.0
unanimous,top 4d,2,45,0,0.001941747572815534,0.0
unanimous,topik indonesia,2,27,0,0.0011650485436893205,0.0
unanimous,totolotre jackpot,2,41,0,0.0017691477885652643,0.0
unanimous,tranding gaming,2,41,0,0.0017691477885652643,0.0
unanimous,tren dalam,2,27,0,0.0011650485436893205,0.0
unanimous,tuhan yesus,2,27,0,0.0011650485436893205,0.0
unanimous,tunggal putra,2,22,0,0.0009492988133764832,0.0
unanimous,tusuk bakso,2,29,0,0.0012513484358144553,0.0
unanimous,u 20,2,48,0,0.002071197411003236,0.0
unanimous,u 24,2,21,0,0.0009061488673139158,0.0
unanimous,udah ada,2,35,0,0.0015102481121898597,0.0
unanimous,udara dan,2,24,0,0.001035598705501618,0.0
unanimous,udara ke,2,20,0,0.0008629989212513484,0.0
unanimous,udara yang,2,23,0,0.0009924487594390506,0.0
unanimous,ujaran kebencian,2,21,0,0.0009061488673139158,0.0
unanimous,ulama indonesia,2,47,0,0.0020280474649406687,0.0
unanimous,ulamankridukungganjar jkt48sayonaracrawl,2,20,0,0.0008629989212513484,0.0
unanimous,ular selamat,2,37,0,0.0015965480043149947,0.0
unanimous,umat katolik,2,38,0,0.001639697950377562,0.0
unanimous,umum di,2,36,0,0.0015533980582524273,0.0
unanimous,umur 22,2,32,0,0.0013807982740021575,0.0
unanimous,undang undang,2,42,0,0.0018122977346278317,0.0
unanimous,united nations,2,34,0,0.0014670981661272923,0.0
unanimous,universitas katolik,2,48,0,0.002071197411003236,0.0
unanimous,universitas kristen,2,68,0,0.0029341963322545845,0.0
unanimous,universitas syiah,2,149,0,0.006429341963322546,0.0
unanimous,universitassyiahkuala usk,2,20,0,0.0008629989212513484,0.0
unanimous,unjuk rasa,2,33,0,0.0014239482200647249,0.0
unanimous,untuk bisa,2,31,0,0.00133764832793959,0.0
unanimous,untuk china,2,35,0,0.0015102481121898597,0.0
unanimous,untuk indonesia,2,70,0,0.0030204962243797194,0.0
unanimous,untuk informasi,2,40,0,0.001725997842502697,0.0
unanimous,untuk israel,2,59,0,0.002545846817691478,0.0
unanimous,untuk memastikan,2,26,0,0.001121898597626753,0.0
unanimous,untuk member,2,37,0,0.0015965480043149947,0.0
unanimous,untuk memenuhi,2,22,0,0.0009492988133764832,0.0
unanimous,untuk menampung,2,26,0,0.001121898597626753,0.0
unanimous,untuk menangkan,2,34,0,0.0014670981661272923,0.0
unanimous,untuk mencapai,2,25,0,0.0010787486515641855,0.0
unanimous,untuk mengatasi,2,20,0,0.0008629989212513484,0.0
unanimous,untuk mengetahui,2,20,0,0.0008629989212513484,0.0
unanimous,untuk menjadi,2,42,0,0.0018122977346278317,0.0
unanimous,untuk menjaga,2,22,0,0.0009492988133764832,0.0
unanimous,untuk mereka,2,20,0,0.0008629989212513484,0.0
unanimous,untuk pasaran,2,43,0,0.001855447680690399,0.0
unanimous,untuk pengungsi,2,36,0,0.0015533980582524273,0.0
unanimous,untuk segera,2,37,0,0.0015965480043149947,0.0
unanimous,untuk sementara,2,20,0,0.0008629989212513484,0.0
unanimous,untuk semua,2,28,0,0.0012081984897518879,0.0
unanimous,untuk terus,2,22,0,0.0009492988133764832,0.0
unanimous,up to,2,20,0,0.0008629989212513484,0.0
unanimous,update news,2,21,0,0.0009061488673139158,0.0
unanimous,update of,2,45,0,0.001941747572815534,0.0
unanimous,us for,2,28,0,0.0012081984897518879,0.0
unanimous,usia maksimal,2,24,0,0.001035598705501618,0.0
unanimous,utama di,2,28,0,0.0012081984897518879,0.0
unanimous,utamakan prediksi,2,62,0,0.00267529665587918,0.0
unanimous,utara dan,2,20,0,0.0008629989212513484,0.0
unanimous,victor china,2,39,0,0.0016828478964401295,0.0
unanimous,video idntimes,2,35,0,0.0015102481121898597,0.0
unanimous,video tersebut,2,20,0,0.0008629989212513484,0.0
unanimous,videoberita adadikompas,2,20,0,0.0008629989212513484,0.0
unanimous,viral di,2,28,0,0.0012081984897518879,0.0
unanimous,viral foryou,2,41,0,0.0017691477885652643,0.0
unanimous,viral idntimesworldnews,2,22,0,0.0009492988133764832,0.0
unanimous,viva la,2,26,0,0.001121898597626753,0.0
unanimous,vs china,2,35,0,0.0015102481121898597,0.0
unanimous,wa me,2,47,0,0.0020280474649406687,0.0
unanimous,wah gila,2,55,0,0.0023732470334412083,0.0
unanimous,wakil indonesia,2,32,0,0.0013807982740021575,0.0
unanimous,wakil ketua,2,26,0,0.001121898597626753,0.0
unanimous,waktu lalu,2,22,0,0.0009492988133764832,0.0
unanimous,wali kota,2,37,0,0.0015965480043149947,0.0
unanimous,warga dan,2,20,0,0.0008629989212513484,0.0
unanimous,warga etnis,2,32,0,0.0013807982740021575,0.0
unanimous,warga negara,2,82,0,0.0035382955771305286,0.0
unanimous,warga rohingya,2,64,0,0.002761596548004315,0.0
unanimous,widodo jokowi,2,25,0,0.0010787486515641855,0.0
unanimous,wilayah aceh,2,23,0,0.0009924487594390506,0.0
unanimous,wilayah gaza,2,44,0,0.0018985976267529665,0.0
unanimous,wilayah tersebut,2,52,0,0.002243797195253506,0.0
unanimous,willy dozan,2,28,0,0.0012081984897518879,0.0
unanimous,winner brilliant,2,41,0,0.0017691477885652643,0.0
unanimous,women s,2,24,0,0.001035598705501618,0.0
unanimous,world news,2,27,0,0.0011650485436893205,0.0
unanimous,world tour,2,21,0,0.0009061488673139158,0.0
unanimous,ya aku,2,20,0,0.0008629989212513484,0.0
unanimous,ya join,2,21,0,0.0009061488673139158,0.0
unanimous,yang adil,2,27,0,0.0011650485436893205,0.0
unanimous,yang aman,2,31,0,0.00133764832793959,0.0
unanimous,yang beragama,2,26,0,0.001121898597626753,0.0
unanimous,yang berani,2,28,0,0.0012081984897518879,0.0
unanimous,yang beredar,2,30,0,0.0012944983818770227,0.0
unanimous,yang berisi,2,25,0,0.0010787486515641855,0.0
unanimous,yang berlangsung,2,37,0,0.0015965480043149947,0.0
unanimous,yang bikin,2,26,0,0.001121898597626753,0.0
unanimous,yang buta,2,31,0,0.00133764832793959,0.0
unanimous,yang datang,2,45,0,0.001941747572815534,0.0
unanimous,yang dia,2,20,0,0.0008629989212513484,0.0
unanimous,yang dialami,2,20,0,0.0008629989212513484,0.0
unanimous,yang diberikan,2,27,0,0.0011650485436893205,0.0
unanimous,yang dibuat,2,22,0,0.0009492988133764832,0.0
unanimous,yang digelar,2,35,0,0.0015102481121898597,0.0
unanimous,yang digunakan,2,29,0,0.0012513484358144553,0.0
unanimous,yang diklaim,2,27,0,0.0011650485436893205,0.0
unanimous,yang diselenggarakan,2,25,0,0.0010787486515641855,0.0
unanimous,yang ditahan,2,26,0,0.001121898597626753,0.0
unanimous,yang ditampung,2,33,0,0.0014239482200647249,0.0
unanimous,yang diterima,2,20,0,0.0008629989212513484,0.0
unanimous,yang hendak,2,20,0,0.0008629989212513484,0.0
unanimous,yang jackpot,2,23,0,0.0009924487594390506,0.0
unanimous,yang jp,2,41,0,0.0017691477885652643,0.0
unanimous,yang juga,2,72,0,0.0031067961165048546,0.0
unanimous,yang kami,2,23,0,0.0009924487594390506,0.0
unanimous,yang kemudian,2,22,0,0.0009492988133764832,0.0
unanimous,yang luar,2,29,0,0.0012513484358144553,0.0
unanimous,yang mana,2,26,0,0.001121898597626753,0.0
unanimous,yang membawa,2,39,0,0.0016828478964401295,0.0
unanimous,yang membutuhkan,2,26,0,0.001121898597626753,0.0
unanimous,yang mendarat,2,34,0,0.0014670981661272923,0.0
unanimous,yang menewaskan,2,30,0,0.0012944983818770227,0.0
unanimous,yang menunjukkan,2,22,0,0.0009492988133764832,0.0
unanimous,yang penting,2,24,0,0.001035598705501618,0.0
unanimous,yang sebelumnya,2,26,0,0.001121898597626753,0.0
unanimous,yang secara,2,34,0,0.0014670981661272923,0.0
unanimous,yang selalu,2,25,0,0.0010787486515641855,0.0
unanimous,yang terbaik,2,40,0,0.001725997842502697,0.0
unanimous,yang terdiri,2,39,0,0.0016828478964401295,0.0
unanimous,yang tergabung,2,21,0,0.0009061488673139158,0.0
unanimous,yang tiba,2,23,0,0.0009924487594390506,0.0
unanimous,ybni kapal,2,22,0,0.0009492988133764832,0.0
unanimous,yesus kristus,2,28,0,0.0012081984897518879,0.0
unanimous,yummy idn,2,35,0,0.0015102481121898597,0.0
unanimous,zhejiang asiangames,2,20,0,0.0008629989212513484,0.0
unanimous,zhejiang china,2,22,0,0.0009492988133764832,0.0
unanimous,zionist israel,2,23,0,0.0009924487594390506,0.0
unanimous,ʟɪɴᴋ totolotre,2,30,0,0.0012944983818770227,0.0
unanimous,バドミントン 배드민턴,2,45,0,0.001941747572815534,0.0
unanimous,羽毛球 バドミントン,2,45,0,0.001941747572815534,0.0
