group,ngram,n,nontoxic_document_count,toxic_document_count,nontoxic_document_rate,toxic_document_rate
Ahmadiyah,jemaat ahmadiyah,2,20,0,0.1694915254237288,0.0
Disabilitas,cacat hukum,2,124,83,0.020042023597866495,0.09211986681465038
Disabilitas,cawapres cacat,2,72,46,0.011637304024567642,0.051054384017758046
Disabilitas,orang gila,2,174,44,0.028123484726038466,0.048834628190899
Disabilitas,membabi buta,2,61,26,0.009859382576369808,0.02885682574916759
Disabilitas,orang yang,2,85,23,0.013738483917892355,0.025527192008879023
Disabilitas,cacat moral,2,24,22,0.0038791013415225475,0.0244173140954495
Disabilitas,gibran cawapres,2,20,22,0.0032325844512687894,0.0244173140954495
Disabilitas,ganjar mahfud,2,50,20,0.008081461128171973,0.022197558268590455
Disabilitas,hukum dan,2,16,20,0.0025860675610150314,0.022197558268590455
Disabilitas,gila ya,2,174,18,0.028123484726038466,0.01997780244173141
Disabilitas,udah gila,2,68,13,0.010990787134313885,0.014428412874583796
Disabilitas,putusan mk,2,30,12,0.004848876676903184,0.013318534961154272
Disabilitas,yang gila,2,38,12,0.0061419104574107,0.013318534961154272
Disabilitas,orang orang,2,43,11,0.0069500565702278975,0.01220865704772475
Disabilitas,ada yg,2,47,10,0.007596573460481655,0.011098779134295227
Disabilitas,ganjar pranowo,2,26,10,0.004202359786649426,0.011098779134295227
Disabilitas,orang dengan,2,35,10,0.005657022789720381,0.011098779134295227
Disabilitas,buta dan,2,28,9,0.004525618231776305,0.009988901220865706
Disabilitas,capres cawapres,2,22,9,0.0035558428963956682,0.009988901220865706
Disabilitas,dan tidak,2,53,9,0.008566348795862292,0.009988901220865706
Disabilitas,gila ini,2,107,9,0.017294326814288025,0.009988901220865706
Disabilitas,gila kali,2,48,9,0.007758202683045095,0.009988901220865706
Disabilitas,ada gila,2,38,8,0.0061419104574107,0.008879023307436182
Disabilitas,apa apa,2,23,8,0.0037174721189591076,0.008879023307436182
Disabilitas,apa yang,2,26,8,0.004202359786649426,0.008879023307436182
Disabilitas,ga ada,2,47,8,0.007596573460481655,0.008879023307436182
Disabilitas,gemoy muda,2,29,8,0.004687247454339745,0.008879023307436182
Disabilitas,gila sih,2,222,8,0.03588168740908356,0.008879023307436182
Disabilitas,muda bersatu,2,29,8,0.004687247454339745,0.008879023307436182
Disabilitas,orang buta,2,20,8,0.0032325844512687894,0.008879023307436182
Disabilitas,pak ganjar,2,33,8,0.0053337643445935026,0.008879023307436182
Disabilitas,ada yang,2,44,7,0.0071116857927913365,0.00776914539400666
Disabilitas,gila gilanya,2,27,7,0.004363989009212865,0.00776914539400666
Disabilitas,ngapain aja,2,35,7,0.005657022789720381,0.00776914539400666
Disabilitas,orang lain,2,33,7,0.0053337643445935026,0.00776914539400666
Disabilitas,pks ngapain,2,35,7,0.005657022789720381,0.00776914539400666
Disabilitas,rumah sakit,2,32,7,0.005172135122030063,0.00776914539400666
Disabilitas,yang tidak,2,36,7,0.005818652012283821,0.00776914539400666
Disabilitas,yg gila,2,47,7,0.007596573460481655,0.00776914539400666
Disabilitas,anies baswedan,2,22,6,0.0035558428963956682,0.006659267480577136
Disabilitas,dah gila,2,45,6,0.007273315015354776,0.006659267480577136
Disabilitas,di depan,2,26,6,0.004202359786649426,0.006659267480577136
Disabilitas,di dunia,2,27,6,0.004363989009212865,0.006659267480577136
Disabilitas,gak bisa,2,21,6,0.003394213673832229,0.006659267480577136
Disabilitas,gila aja,2,76,6,0.0122838209148214,0.006659267480577136
Disabilitas,gila bgt,2,96,6,0.01551640536609019,0.006659267480577136
Disabilitas,gila gila,2,80,6,0.012930337805075158,0.006659267480577136
Disabilitas,gila lu,2,21,6,0.003394213673832229,0.006659267480577136
Disabilitas,hari ini,2,145,6,0.023436237271698725,0.006659267480577136
Disabilitas,kali ini,2,39,6,0.006303539679974139,0.006659267480577136
Disabilitas,lebih gila,2,30,6,0.004848876676903184,0.006659267480577136
Disabilitas,orang yg,2,29,6,0.004687247454339745,0.006659267480577136
Disabilitas,tidak bisa,2,29,6,0.004687247454339745,0.006659267480577136
Disabilitas,wah gila,2,56,6,0.00905123646355261,0.006659267480577136
Disabilitas,yang paling,2,21,6,0.003394213673832229,0.006659267480577136
Disabilitas,bisa gila,2,85,5,0.013738483917892355,0.005549389567147614
Disabilitas,g dragon,2,21,5,0.003394213673832229,0.005549389567147614
Disabilitas,gangguan jiwa,2,42,5,0.006788427347664458,0.005549389567147614
Disabilitas,gila dan,2,25,5,0.0040407305640859864,0.005549389567147614
Disabilitas,ini di,2,24,5,0.0038791013415225475,0.005549389567147614
Disabilitas,kali ya,2,31,5,0.005010505899466624,0.005549389567147614
Disabilitas,stay strong,2,20,5,0.0032325844512687894,0.005549389567147614
Disabilitas,strong g,2,20,5,0.0032325844512687894,0.005549389567147614
Disabilitas,tidak akan,2,34,5,0.005495393567156942,0.005549389567147614
Disabilitas,yang di,2,22,5,0.0035558428963956682,0.005549389567147614
Disabilitas,yang sudah,2,26,5,0.004202359786649426,0.005549389567147614
Disabilitas,ada di,2,44,4,0.0071116857927913365,0.004439511653718091
Disabilitas,anak anak,2,23,4,0.0037174721189591076,0.004439511653718091
Disabilitas,apa ya,2,24,4,0.0038791013415225475,0.004439511653718091
Disabilitas,banyak orang,2,23,4,0.0037174721189591076,0.004439511653718091
Disabilitas,bener bener,2,39,4,0.006303539679974139,0.004439511653718091
Disabilitas,bu susi,2,23,4,0.0037174721189591076,0.004439511653718091
Disabilitas,buta warna,2,109,4,0.0176175852594149,0.004439511653718091
Disabilitas,diri sendiri,2,24,4,0.0038791013415225475,0.004439511653718091
Disabilitas,ga bisa,2,25,4,0.0040407305640859864,0.004439511653718091
Disabilitas,ga gila,2,45,4,0.007273315015354776,0.004439511653718091
Disabilitas,gak ada,2,26,4,0.004202359786649426,0.004439511653718091
Disabilitas,gila emang,2,26,4,0.004202359786649426,0.004439511653718091
Disabilitas,hampir gila,2,60,4,0.009697753353806368,0.004439511653718091
Disabilitas,jadi gila,2,44,4,0.0071116857927913365,0.004439511653718091
Disabilitas,kalo ga,2,21,4,0.003394213673832229,0.004439511653718091
Disabilitas,kek orgil,2,38,4,0.0061419104574107,0.004439511653718091
Disabilitas,laki laki,2,23,4,0.0037174721189591076,0.004439511653718091
Disabilitas,lebih baik,2,28,4,0.004525618231776305,0.004439511653718091
Disabilitas,odgj di,2,55,4,0.00888960724098917,0.004439511653718091
Disabilitas,orang tua,2,28,4,0.004525618231776305,0.004439511653718091
Disabilitas,org gila,2,55,4,0.00888960724098917,0.004439511653718091
Disabilitas,pagi buta,2,70,4,0.011314045579440763,0.004439511653718091
Disabilitas,saat ini,2,44,4,0.0071116857927913365,0.004439511653718091
Disabilitas,salah satu,2,57,4,0.00921286568611605,0.004439511653718091
Disabilitas,setiap hari,2,25,4,0.0040407305640859864,0.004439511653718091
Disabilitas,tiap hari,2,21,4,0.003394213673832229,0.004439511653718091
Disabilitas,tiba tiba,2,29,4,0.004687247454339745,0.004439511653718091
Disabilitas,tidak ada,2,44,4,0.0071116857927913365,0.004439511653718091
Disabilitas,ya allah,2,52,4,0.008404719573298853,0.004439511653718091
Disabilitas,yang ada,2,28,4,0.004525618231776305,0.004439511653718091
Disabilitas,yang bisa,2,29,4,0.004687247454339745,0.004439511653718091
Disabilitas,banget gila,2,39,3,0.006303539679974139,0.003329633740288568
Disabilitas,di gaza,2,21,3,0.003394213673832229,0.003329633740288568
Disabilitas,di rumah,2,26,3,0.004202359786649426,0.003329633740288568
Disabilitas,gila apa,2,31,3,0.005010505899466624,0.003329633740288568
Disabilitas,gila banget,2,104,3,0.016809439146597705,0.003329633740288568
Disabilitas,gila gua,2,21,3,0.003394213673832229,0.003329633740288568
Disabilitas,gila juga,2,23,3,0.0037174721189591076,0.003329633740288568
Disabilitas,gila yang,2,26,3,0.004202359786649426,0.003329633740288568
Disabilitas,gue gila,2,34,3,0.005495393567156942,0.003329633740288568
Disabilitas,ini gila,2,45,3,0.007273315015354776,0.003329633740288568
Disabilitas,jangan lupa,2,36,3,0.005818652012283821,0.003329633740288568
Disabilitas,lagi gila,2,32,3,0.005172135122030063,0.003329633740288568
Disabilitas,lama lama,2,44,3,0.0071116857927913365,0.003329633740288568
Disabilitas,luar biasa,2,21,3,0.003394213673832229,0.003329633740288568
Disabilitas,makin gila,2,31,3,0.005010505899466624,0.003329633740288568
Disabilitas,semua orang,2,27,3,0.004363989009212865,0.003329633740288568
Disabilitas,seumur hidup,2,23,3,0.0037174721189591076,0.003329633740288568
Disabilitas,siapa yang,2,25,3,0.0040407305640859864,0.003329633740288568
Disabilitas,sih ini,2,42,3,0.006788427347664458,0.003329633740288568
Disabilitas,tidak gila,2,29,3,0.004687247454339745,0.003329633740288568
Disabilitas,yang tak,2,24,3,0.0038791013415225475,0.003329633740288568
Disabilitas,agak gila,2,21,2,0.003394213673832229,0.0022197558268590455
Disabilitas,bikin gila,2,20,2,0.0032325844512687894,0.0022197558268590455
Disabilitas,buta map,2,20,2,0.0032325844512687894,0.0022197558268590455
Disabilitas,dengan gangguan,2,32,2,0.005172135122030063,0.0022197558268590455
Disabilitas,di sini,2,24,2,0.0038791013415225475,0.0022197558268590455
Disabilitas,emang gila,2,21,2,0.003394213673832229,0.0022197558268590455
Disabilitas,ga sih,2,20,2,0.0032325844512687894,0.0022197558268590455
Disabilitas,gila gue,2,63,2,0.010182641021496687,0.0022197558268590455
Disabilitas,gila kerja,2,22,2,0.0035558428963956682,0.0022197558268590455
Disabilitas,gila ni,2,26,2,0.004202359786649426,0.0022197558268590455
Disabilitas,gila nya,2,24,2,0.0038791013415225475,0.0022197558268590455
Disabilitas,jam segini,2,51,2,0.008243090350735413,0.0022197558268590455
Disabilitas,jiwa odgj,2,34,2,0.005495393567156942,0.0022197558268590455
Disabilitas,kakak kelas,2,27,2,0.004363989009212865,0.0022197558268590455
Disabilitas,kamu yang,2,20,2,0.0032325844512687894,0.0022197558268590455
Disabilitas,ke rumah,2,20,2,0.0032325844512687894,0.0022197558268590455
Disabilitas,lebih lanjut,2,32,2,0.005172135122030063,0.0022197558268590455
Disabilitas,mau gila,2,36,2,0.005818652012283821,0.0022197558268590455
Disabilitas,pemilu 2024,2,20,2,0.0032325844512687894,0.0022197558268590455
Disabilitas,perempuan gila,2,23,2,0.0037174721189591076,0.0022197558268590455
Disabilitas,yang buta,2,36,2,0.005818652012283821,0.0022197558268590455
Disabilitas,yang telah,2,20,2,0.0032325844512687894,0.0022197558268590455
Disabilitas,00 wib,2,23,1,0.0037174721189591076,0.0011098779134295228
Disabilitas,ada aja,2,20,1,0.0032325844512687894,0.0011098779134295228
Disabilitas,agar tidak,2,20,1,0.0032325844512687894,0.0011098779134295228
Disabilitas,baca selengkapnya,2,23,1,0.0037174721189591076,0.0011098779134295228
Disabilitas,banget ya,2,20,1,0.0032325844512687894,0.0011098779134295228
Disabilitas,bgt gila,2,49,1,0.007919831905608535,0.0011098779134295228
Disabilitas,dari pagi,2,22,1,0.0035558428963956682,0.0011098779134295228
Disabilitas,di atas,2,23,1,0.0037174721189591076,0.0011098779134295228
Disabilitas,di bio,2,23,1,0.0037174721189591076,0.0011098779134295228
Disabilitas,di gresik,2,30,1,0.004848876676903184,0.0011098779134295228
Disabilitas,gara gara,2,22,1,0.0035558428963956682,0.0011098779134295228
Disabilitas,gila di,2,23,1,0.0037174721189591076,0.0011098779134295228
Disabilitas,gila gilaan,2,38,1,0.0061419104574107,0.0011098779134295228
Disabilitas,gila karena,2,23,1,0.0037174721189591076,0.0011098779134295228
Disabilitas,gila karna,2,23,1,0.0037174721189591076,0.0011098779134295228
Disabilitas,gila nih,2,37,1,0.00598028123484726,0.0011098779134295228
Disabilitas,gila sama,2,25,1,0.0040407305640859864,0.0011098779134295228
Disabilitas,gila si,2,33,1,0.0053337643445935026,0.0011098779134295228
Disabilitas,ini adalah,2,21,1,0.003394213673832229,0.0011098779134295228
Disabilitas,ini aku,2,21,1,0.003394213673832229,0.0011098779134295228
Disabilitas,ini yg,2,20,1,0.0032325844512687894,0.0011098779134295228
Disabilitas,keren bgt,2,23,1,0.0037174721189591076,0.0011098779134295228
Disabilitas,klik link,2,30,1,0.004848876676903184,0.0011098779134295228
Disabilitas,link di,2,29,1,0.004687247454339745,0.0011098779134295228
Disabilitas,odgj yang,2,24,1,0.0038791013415225475,0.0011098779134295228
Disabilitas,oktober 2023,2,24,1,0.0038791013415225475,0.0011098779134295228
Disabilitas,panas bgt,2,22,1,0.0035558428963956682,0.0011098779134295228
Disabilitas,pertama kali,2,28,1,0.004525618231776305,0.0011098779134295228
Disabilitas,saksi bisu,2,66,1,0.010667528689187005,0.0011098779134295228
Disabilitas,sama sekali,2,20,1,0.0032325844512687894,0.0011098779134295228
Disabilitas,sd di,2,26,1,0.004202359786649426,0.0011098779134295228
Disabilitas,terima kasih,2,21,1,0.003394213673832229,0.0011098779134295228
Disabilitas,tidak buta,2,60,1,0.009697753353806368,0.0011098779134295228
Disabilitas,tusuk bakso,2,29,1,0.004687247454339745,0.0011098779134295228
Disabilitas,udh gila,2,22,1,0.0035558428963956682,0.0011098779134295228
Disabilitas,yg mau,2,23,1,0.0037174721189591076,0.0011098779134295228
Disabilitas,aku gila,2,29,0,0.004687247454339745,0.0
Disabilitas,atau klik,2,20,0,0.0032325844512687894,0.0
Disabilitas,bisa di,2,21,0,0.003394213673832229,0.0
Disabilitas,buat kamu,2,25,0,0.0040407305640859864,0.0
Disabilitas,gila aku,2,33,0,0.0053337643445935026,0.0
Disabilitas,gila beneran,2,26,0,0.004202359786649426,0.0
Disabilitas,gila ga,2,38,0,0.0061419104574107,0.0
Disabilitas,gila gw,2,31,0,0.005010505899466624,0.0
Disabilitas,gila keren,2,26,0,0.004202359786649426,0.0
Disabilitas,gila sendiri,2,26,0,0.004202359786649426,0.0
Disabilitas,gila yaa,2,20,0,0.0032325844512687894,0.0
Disabilitas,jangan sampai,2,26,0,0.004202359786649426,0.0
Disabilitas,kek orang,2,21,0,0.003394213673832229,0.0
Disabilitas,keren banget,2,30,0,0.004848876676903184,0.0
Disabilitas,lowongan kerja,2,20,0,0.0032325844512687894,0.0
Disabilitas,menjadi saksi,2,33,0,0.0053337643445935026,0.0
Disabilitas,nya gila,2,20,0,0.0032325844512687894,0.0
Disabilitas,operator produksi,2,22,0,0.0035558428963956682,0.0
Disabilitas,pendidikan minimal,2,21,0,0.003394213673832229,0.0
Disabilitas,selengkapnya di,2,29,0,0.004687247454339745,0.0
Disabilitas,siswi sd,2,32,0,0.005172135122030063,0.0
Disabilitas,sma smk,2,28,0,0.004525618231776305,0.0
Disabilitas,tahun ini,2,20,0,0.0032325844512687894,0.0
Disabilitas,tergila gila,2,32,0,0.005172135122030063,0.0
Disabilitas,untuk mendapatkan,2,36,0,0.005818652012283821,0.0
Disabilitas,yang belum,2,27,0,0.004363989009212865,0.0
Jewish,zionis israel,2,286,163,0.03783068783068783,0.0943287037037037
Jewish,di gaza,2,1028,134,0.13597883597883598,0.0775462962962963
Jewish,israel di,2,535,73,0.07076719576719577,0.04224537037037037
Jewish,jalur gaza,2,547,68,0.07235449735449735,0.03935185185185185
Jewish,warga sipil,2,191,55,0.025264550264550264,0.031828703703703706
Jewish,rumah sakit,2,389,54,0.051455026455026455,0.03125
Jewish,israel dan,2,500,53,0.06613756613756613,0.030671296296296297
Jewish,anak anak,2,219,52,0.02896825396825397,0.03009259259259259
Jewish,di palestina,2,203,51,0.026851851851851852,0.029513888888888888
Jewish,israel yang,2,342,49,0.04523809523809524,0.028356481481481483
Jewish,warga palestina,2,349,48,0.046164021164021164,0.027777777777777776
Jewish,palestina dan,2,179,46,0.02367724867724868,0.02662037037037037
Jewish,di jalur,2,360,44,0.047619047619047616,0.02546296296296296
Jewish,pro israel,2,152,44,0.020105820105820106,0.02546296296296296
Jewish,tentara israel,2,249,41,0.03293650793650794,0.023726851851851853
Jewish,yang dilakukan,2,111,40,0.014682539682539682,0.023148148148148147
Jewish,ya allah,2,96,38,0.012698412698412698,0.02199074074074074
Jewish,orang orang,2,110,37,0.01455026455026455,0.02141203703703704
Jewish,israel ke,2,234,36,0.030952380952380953,0.020833333333333332
Jewish,gaza palestina,2,194,35,0.025661375661375663,0.02025462962962963
Jewish,rakyat palestina,2,144,35,0.01904761904761905,0.02025462962962963
Jewish,ke israel,2,210,34,0.027777777777777776,0.019675925925925927
Jewish,palestina yang,2,185,34,0.02447089947089947,0.019675925925925927
Jewish,saat ini,2,191,34,0.025264550264550264,0.019675925925925927
Jewish,yahudi pesek,2,16,34,0.0021164021164021165,0.019675925925925927
Jewish,orang yahudi,2,67,32,0.008862433862433862,0.018518518518518517
Jewish,penjajah zionis,2,43,32,0.005687830687830688,0.018518518518518517
Jewish,israel itu,2,77,30,0.010185185185185186,0.017361111111111112
Jewish,salah satu,2,149,29,0.01970899470899471,0.01678240740740741
Jewish,serangan israel,2,350,29,0.046296296296296294,0.01678240740740741
Jewish,dukung israel,2,76,28,0.010052910052910053,0.016203703703703703
Jewish,di dunia,2,66,27,0.00873015873015873,0.015625
Jewish,di indonesia,2,116,27,0.015343915343915344,0.015625
Jewish,israel ini,2,46,27,0.006084656084656085,0.015625
Jewish,tidak ada,2,103,27,0.013624338624338624,0.015625
Jewish,apa yang,2,71,26,0.009391534391534392,0.015046296296296295
Jewish,israel laknatullah,2,15,26,0.001984126984126984,0.015046296296296295
Jewish,umat islam,2,75,26,0.00992063492063492,0.015046296296296295
Jewish,10 2023,2,139,25,0.018386243386243385,0.014467592592592593
Jewish,israel palestina,2,235,25,0.031084656084656083,0.014467592592592593
Jewish,lebih dari,2,197,25,0.026058201058201058,0.014467592592592593
Jewish,militer israel,2,265,25,0.03505291005291005,0.014467592592592593
Jewish,dan israel,2,174,24,0.023015873015873017,0.013888888888888888
Jewish,amerika serikat,2,173,23,0.022883597883597884,0.013310185185185185
Jewish,dengan israel,2,181,23,0.02394179894179894,0.013310185185185185
Jewish,israel yg,2,45,23,0.005952380952380952,0.013310185185185185
Jewish,orang yang,2,103,23,0.013624338624338624,0.013310185185185185
Jewish,benjamin netanyahu,2,153,22,0.02023809523809524,0.01273148148148148
Jewish,gencatan senjata,2,153,22,0.02023809523809524,0.01273148148148148
Jewish,israel adalah,2,34,22,0.004497354497354497,0.01273148148148148
Jewish,ke palestina,2,88,22,0.01164021164021164,0.01273148148148148
Jewish,yahudi israel,2,38,22,0.0050264550264550265,0.01273148148148148
Jewish,hari ini,2,153,21,0.02023809523809524,0.012152777777777778
Jewish,palestina di,2,188,21,0.02486772486772487,0.012152777777777778
Jewish,serangan udara,2,189,21,0.025,0.012152777777777778
Jewish,tidak akan,2,101,21,0.01335978835978836,0.012152777777777778
Jewish,al qassam,2,70,20,0.009259259259259259,0.011574074074074073
Jewish,boikot produk,2,107,20,0.014153439153439154,0.011574074074074073
Jewish,https t,2,35,20,0.004629629629629629,0.011574074074074073
Jewish,israel telah,2,140,20,0.018518518518518517,0.011574074074074073
Jewish,mendukung israel,2,68,20,0.008994708994708995,0.011574074074074073
Jewish,palestina israel,2,163,20,0.02156084656084656,0.011574074074074073
Jewish,perdana menteri,2,163,20,0.02156084656084656,0.011574074074074073
Jewish,t co,2,35,20,0.004629629629629629,0.011574074074074073
Jewish,tanah palestina,2,45,20,0.005952380952380952,0.011574074074074073
Jewish,11 2023,2,140,19,0.018518518518518517,0.01099537037037037
Jewish,dan tidak,2,50,19,0.006613756613756613,0.01099537037037037
Jewish,penjajah israel,2,82,19,0.010846560846560847,0.01099537037037037
Jewish,produk israel,2,107,19,0.014153439153439154,0.01099537037037037
Jewish,zionis yahudi,2,31,19,0.0041005291005291,0.01099537037037037
Jewish,7 oktober,2,152,18,0.020105820105820106,0.010416666666666666
Jewish,arab saudi,2,98,18,0.012962962962962963,0.010416666666666666
Jewish,dan anak,2,45,18,0.005952380952380952,0.010416666666666666
Jewish,dilakukan oleh,2,57,18,0.00753968253968254,0.010416666666666666
Jewish,israel dengan,2,102,18,0.013492063492063493,0.010416666666666666
Jewish,kaum muslimin,2,27,18,0.0035714285714285713,0.010416666666666666
Jewish,ke gaza,2,207,18,0.02738095238095238,0.010416666666666666
Jewish,kejahatan perang,2,74,18,0.009788359788359789,0.010416666666666666
Jewish,yang mendukung,2,76,18,0.010052910052910053,0.010416666666666666
Jewish,yang telah,2,68,18,0.008994708994708995,0.010416666666666666
Jewish,ada yg,2,37,17,0.004894179894179894,0.009837962962962963
Jewish,di israel,2,139,17,0.018386243386243385,0.009837962962962963
Jewish,gaza dan,2,99,17,0.013095238095238096,0.009837962962962963
Jewish,israel dari,2,55,17,0.007275132275132275,0.009837962962962963
Jewish,israel terhadap,2,155,17,0.0205026455026455,0.009837962962962963
Jewish,kemerdekaan palestina,2,67,17,0.008862433862433862,0.009837962962962963
Jewish,perang israel,2,166,17,0.021957671957671957,0.009837962962962963
Jewish,selengkapnya di,2,193,17,0.02552910052910053,0.009837962962962963
Jewish,terjadi di,2,92,17,0.01216931216931217,0.009837962962962963
Jewish,yahudi yang,2,26,17,0.0034391534391534392,0.009837962962962963
Jewish,ada di,2,60,16,0.007936507936507936,0.009259259259259259
Jewish,ada yang,2,57,16,0.00753968253968254,0.009259259259259259
Jewish,fatwa mui,2,48,16,0.006349206349206349,0.009259259259259259
Jewish,israel untuk,2,126,16,0.016666666666666666,0.009259259259259259
Jewish,oleh israel,2,104,16,0.013756613756613757,0.009259259259259259
Jewish,orang israel,2,37,16,0.004894179894179894,0.009259259259259259
Jewish,seluruh dunia,2,54,16,0.007142857142857143,0.009259259259259259
Jewish,warga gaza,2,102,16,0.013492063492063493,0.009259259259259259
Jewish,ganjar pranowo,2,75,15,0.00992063492063492,0.008680555555555556
Jewish,ini bukan,2,30,15,0.003968253968253968,0.008680555555555556
Jewish,negara arab,2,44,15,0.00582010582010582,0.008680555555555556
Jewish,negara negara,2,93,15,0.012301587301587301,0.008680555555555556
Jewish,tentara zionis,2,41,15,0.005423280423280424,0.008680555555555556
Jewish,yang terjadi,2,86,15,0.011375661375661376,0.008680555555555556
Jewish,agresi israel,2,83,14,0.010978835978835979,0.008101851851851851
Jewish,bela palestina,2,56,14,0.007407407407407408,0.008101851851851851
Jewish,gaza di,2,42,14,0.005555555555555556,0.008101851851851851
Jewish,indonesia di,2,111,14,0.014682539682539682,0.008101851851851851
Jewish,ini adalah,2,73,14,0.009656084656084656,0.008101851851851851
Jewish,kota gaza,2,58,14,0.007671957671957672,0.008101851851851851
Jewish,luar negeri,2,123,14,0.01626984126984127,0.008101851851851851
Jewish,masjid al,2,49,14,0.006481481481481481,0.008101851851851851
Jewish,membeli produk,2,34,14,0.004497354497354497,0.008101851851851851
Jewish,mereka tidak,2,27,14,0.0035714285714285713,0.008101851851851851
Jewish,pendukung israel,2,26,14,0.0034391534391534392,0.008101851851851851
Jewish,tepi barat,2,96,14,0.012698412698412698,0.008101851851851851
Jewish,terhadap warga,2,70,14,0.009259259259259259,0.008101851851851851
Jewish,timur tengah,2,68,14,0.008994708994708995,0.008101851851851851
Jewish,warga israel,2,100,14,0.013227513227513227,0.008101851851851851
Jewish,yahudi dan,2,34,14,0.004497354497354497,0.008101851851851851
Jewish,yang ada,2,42,14,0.005555555555555556,0.008101851851851851
Jewish,yang tidak,2,71,14,0.009391534391534392,0.008101851851851851
Jewish,akibat serangan,2,127,13,0.0167989417989418,0.007523148148148148
Jewish,al aqsa,2,85,13,0.011243386243386243,0.007523148148148148
Jewish,apa yg,2,23,13,0.0030423280423280425,0.007523148148148148
Jewish,dalam serangan,2,89,13,0.011772486772486773,0.007523148148148148
Jewish,di wilayah,2,129,13,0.017063492063492062,0.007523148148148148
Jewish,hal ini,2,92,13,0.01216931216931217,0.007523148148148148
Jewish,israel akan,2,77,13,0.010185185185185186,0.007523148148148148
Jewish,israel dalam,2,75,13,0.00992063492063492,0.007523148148148148
Jewish,israel israel,2,27,13,0.0035714285714285713,0.007523148148148148
Jewish,israel yahudi,2,22,13,0.00291005291005291,0.007523148148148148
Jewish,kaum yahudi,2,27,13,0.0035714285714285713,0.007523148148148148
Jewish,ke jalur,2,56,13,0.007407407407407408,0.007523148148148148
Jewish,menteri israel,2,103,13,0.013624338624338624,0.007523148148148148
Jewish,menteri luar,2,74,13,0.009788359788359789,0.007523148148148148
Jewish,pasukan zionis,2,34,13,0.004497354497354497,0.007523148148148148
Jewish,sipil palestina,2,36,13,0.004761904761904762,0.007523148148148148
Jewish,udara israel,2,114,13,0.01507936507936508,0.007523148148148148
Jewish,zionis di,2,41,13,0.005423280423280424,0.007523148148148148
Jewish,bahwa israel,2,35,12,0.004629629629629629,0.006944444444444444
Jewish,bangsa palestina,2,42,12,0.005555555555555556,0.006944444444444444
Jewish,bela israel,2,31,12,0.0041005291005291,0.006944444444444444
Jewish,bendera israel,2,33,12,0.004365079365079365,0.006944444444444444
Jewish,brigade al,2,32,12,0.004232804232804233,0.006944444444444444
Jewish,dan para,2,35,12,0.004629629629629629,0.006944444444444444
Jewish,dan yang,2,20,12,0.0026455026455026454,0.006944444444444444
Jewish,di dalam,2,62,12,0.0082010582010582,0.006944444444444444
Jewish,dukung palestina,2,36,12,0.004761904761904762,0.006944444444444444
Jewish,gaza yang,2,134,12,0.017724867724867723,0.006944444444444444
Jewish,israel bukan,2,21,12,0.002777777777777778,0.006944444444444444
Jewish,israel juga,2,61,12,0.008068783068783069,0.006944444444444444
Jewish,israel sebagai,2,58,12,0.007671957671957672,0.006944444444444444
Jewish,oleh zionis,2,25,12,0.0033068783068783067,0.006944444444444444
Jewish,palestina adalah,2,33,12,0.004365079365079365,0.006944444444444444
Jewish,pasukan israel,2,116,12,0.015343915343915344,0.006944444444444444
Jewish,produk yang,2,64,12,0.008465608465608466,0.006944444444444444
Jewish,sipil di,2,48,12,0.006349206349206349,0.006944444444444444
Jewish,umat muslim,2,25,12,0.0033068783068783067,0.006944444444444444
Jewish,yang sedang,2,63,12,0.008333333333333333,0.006944444444444444
Jewish,anak dan,2,59,11,0.007804232804232804,0.00636574074074074
Jewish,beli produk,2,20,11,0.0026455026455026454,0.00636574074074074
Jewish,dari israel,2,84,11,0.011111111111111112,0.00636574074074074
Jewish,gak ada,2,21,11,0.002777777777777778,0.00636574074074074
Jewish,israel benjamin,2,91,11,0.012037037037037037,0.00636574074074074
Jewish,joe biden,2,67,11,0.008862433862433862,0.00636574074074074
Jewish,negara israel,2,49,11,0.006481481481481481,0.00636574074074074
Jewish,oktober 2023,2,146,11,0.019312169312169312,0.00636574074074074
Jewish,oleh pasukan,2,27,11,0.0035714285714285713,0.00636574074074074
Jewish,orang palestina,2,39,11,0.005158730158730159,0.00636574074074074
Jewish,pada 7,2,59,11,0.007804232804232804,0.00636574074074074
Jewish,palestina itu,2,42,11,0.005555555555555556,0.00636574074074074
Jewish,palestina yg,2,23,11,0.0030423280423280425,0.00636574074074074
Jewish,pertama kali,2,20,11,0.0026455026455026454,0.00636574074074074
Jewish,semoga allah,2,23,11,0.0030423280423280425,0.00636574074074074
Jewish,tel aviv,2,69,11,0.009126984126984128,0.00636574074074074
Jewish,terhadap palestina,2,85,11,0.011243386243386243,0.00636574074074074
Jewish,yang akan,2,73,11,0.009656084656084656,0.00636574074074074
Jewish,yang masih,2,44,11,0.00582010582010582,0.00636574074074074
Jewish,allahu akbar,2,35,10,0.004629629629629629,0.005787037037037037
Jewish,banyak orang,2,23,10,0.0030423280423280425,0.005787037037037037
Jewish,bukan hanya,2,25,10,0.0033068783068783067,0.005787037037037037
Jewish,dan warga,2,22,10,0.00291005291005291,0.005787037037037037
Jewish,dan yahudi,2,23,10,0.0030423280423280425,0.005787037037037037
Jewish,di atas,2,51,10,0.006746031746031746,0.005787037037037037
Jewish,di bio,2,90,10,0.011904761904761904,0.005787037037037037
Jewish,di rumah,2,81,10,0.010714285714285714,0.005787037037037037
Jewish,di sana,2,52,10,0.0068783068783068784,0.005787037037037037
Jewish,di tanah,2,35,10,0.004629629629629629,0.005787037037037037
Jewish,di tepi,2,59,10,0.007804232804232804,0.005787037037037037
Jewish,dikutip dari,2,63,10,0.008333333333333333,0.005787037037037037
Jewish,dukungan terhadap,2,44,10,0.00582010582010582,0.005787037037037037
Jewish,hal itu,2,56,10,0.007407407407407408,0.005787037037037037
Jewish,ini di,2,28,10,0.003703703703703704,0.005787037037037037
Jewish,israel gaza,2,74,10,0.009788359788359789,0.005787037037037037
Jewish,israel hamas,2,124,10,0.0164021164021164,0.005787037037037037
Jewish,konflik israel,2,113,10,0.014947089947089947,0.005787037037037037
Jewish,menolak israel,2,23,10,0.0030423280423280425,0.005787037037037037
Jewish,menyatakan bahwa,2,45,10,0.005952380952380952,0.005787037037037037
Jewish,november 2023,2,79,10,0.01044973544973545,0.005787037037037037
Jewish,palestina dengan,2,40,10,0.005291005291005291,0.005787037037037037
Jewish,palestina palestine,2,32,10,0.004232804232804233,0.005787037037037037
Jewish,play store,2,41,10,0.005423280423280424,0.005787037037037037
Jewish,pm israel,2,68,10,0.008994708994708995,0.005787037037037037
Jewish,rs indonesia,2,102,10,0.013492063492063493,0.005787037037037037
Jewish,saudara saudara,2,37,10,0.004894179894179894,0.005787037037037037
Jewish,siapa yang,2,22,10,0.00291005291005291,0.005787037037037037
Jewish,tak akan,2,23,10,0.0030423280423280425,0.005787037037037037
Jewish,yang di,2,29,10,0.003835978835978836,0.005787037037037037
Jewish,yang pro,2,21,10,0.002777777777777778,0.005787037037037037
Jewish,yang sudah,2,41,10,0.005423280423280424,0.005787037037037037
Jewish,anak palestina,2,43,9,0.005687830687830688,0.005208333333333333
Jewish,app store,2,61,9,0.008068783068783069,0.005208333333333333
Jewish,baca selengkapnya,2,79,9,0.01044973544973545,0.005208333333333333
Jewish,bendera palestina,2,30,9,0.003968253968253968,0.005208333333333333
Jewish,berada di,2,99,9,0.013095238095238096,0.005208333333333333
Jewish,di kota,2,74,9,0.009788359788359789,0.005208333333333333
Jewish,di yerusalem,2,24,9,0.0031746031746031746,0.005208333333333333
Jewish,gaza israel,2,92,9,0.01216931216931217,0.005208333333333333
Jewish,gaza utara,2,72,9,0.009523809523809525,0.005208333333333333
Jewish,hamas dan,2,89,9,0.011772486772486773,0.005208333333333333
Jewish,israel terus,2,71,9,0.009391534391534392,0.005208333333333333
Jewish,israel tidak,2,54,9,0.007142857142857143,0.005208333333333333
Jewish,mengatakan bahwa,2,101,9,0.01335978835978836,0.005208333333333333
Jewish,mengeluarkan fatwa,2,23,9,0.0030423280423280425,0.005208333333333333
Jewish,mereka akan,2,20,9,0.0026455026455026454,0.005208333333333333
Jewish,mereka di,2,28,9,0.003703703703703704,0.005208333333333333
Jewish,palestina untuk,2,57,9,0.00753968253968254,0.005208333333333333
Jewish,pejuang palestina,2,40,9,0.005291005291005291,0.005208333333333333
Jewish,retno marsudi,2,38,9,0.0050264550264550265,0.005208333333333333
Jewish,sekarang di,2,38,9,0.0050264550264550265,0.005208333333333333
Jewish,selama ini,2,25,9,0.0033068783068783067,0.005208333333333333
Jewish,tidak memiliki,2,22,9,0.00291005291005291,0.005208333333333333
Jewish,yahudi di,2,40,9,0.005291005291005291,0.005208333333333333
Jewish,baca berita,2,69,8,0.009126984126984128,0.004629629629629629
Jewish,bantuan kemanusiaan,2,66,8,0.00873015873015873,0.004629629629629629
Jewish,benar benar,2,30,8,0.003968253968253968,0.004629629629629629
Jewish,berita selengkapnya,2,101,8,0.01335978835978836,0.004629629629629629
Jewish,besar besaran,2,65,8,0.008597883597883597,0.004629629629629629
Jewish,dalam perang,2,52,8,0.0068783068783068784,0.004629629629629629
Jewish,dan palestina,2,129,8,0.017063492063492062,0.004629629629629629
Jewish,dengan hamas,2,61,8,0.008068783068783069,0.004629629629629629
Jewish,dengan palestina,2,20,8,0.0026455026455026454,0.004629629629629629
Jewish,di media,2,56,8,0.007407407407407408,0.004629629629629629
Jewish,dilakukan israel,2,53,8,0.0070105820105820105,0.004629629629629629
Jewish,gal gadot,2,56,8,0.007407407407407408,0.004629629629629629
Jewish,hamas yang,2,55,8,0.007275132275132275,0.004629629629629629
Jewish,hukumnya haram,2,27,8,0.0035714285714285713,0.004629629629629629
Jewish,israel atas,2,38,8,0.0050264550264550265,0.004629629629629629
Jewish,israel atau,2,34,8,0.004497354497354497,0.004629629629629629
Jewish,israel karena,2,24,8,0.0031746031746031746,0.004629629629629629
Jewish,israel melakukan,2,44,8,0.00582010582010582,0.004629629629629629
Jewish,israel pada,2,133,8,0.017592592592592594,0.004629629629629629
Jewish,israel sejak,2,51,8,0.006746031746031746,0.004629629629629629
Jewish,israel sudah,2,35,8,0.004629629629629629,0.004629629629629629
Jewish,itu juga,2,26,8,0.0034391534391534392,0.004629629629629629
Jewish,jadi korban,2,24,8,0.0031746031746031746,0.004629629629629629
Jewish,kepada israel,2,45,8,0.005952380952380952,0.004629629629629629
Jewish,kita di,2,50,8,0.006613756613756613,0.004629629629629629
Jewish,kita semua,2,23,8,0.0030423280423280425,0.004629629629629629
Jewish,klik link,2,95,8,0.012566137566137565,0.004629629629629629
Jewish,konflik palestina,2,34,8,0.004497354497354497,0.004629629629629629
Jewish,link di,2,83,8,0.010978835978835979,0.004629629629629629
Jewish,mendukung agresi,2,32,8,0.004232804232804233,0.004629629629629629
Jewish,menlu retno,2,24,8,0.0031746031746031746,0.004629629629629629
Jewish,mereka yang,2,44,8,0.00582010582010582,0.004629629629629629
Jewish,negara yang,2,49,8,0.006481481481481481,0.004629629629629629
Jewish,palestina dari,2,61,8,0.008068783068783069,0.004629629629629629
Jewish,palestina ini,2,27,8,0.0035714285714285713,0.004629629629629629
Jewish,para pejuang,2,26,8,0.0034391534391534392,0.004629629629629629
Jewish,pemerintah israel,2,79,8,0.01044973544973545,0.004629629629629629
Jewish,pendudukan israel,2,58,8,0.007671957671957672,0.004629629629629629
Jewish,pertahanan israel,2,60,8,0.007936507936507936,0.004629629629629629
Jewish,pihak yang,2,31,8,0.0041005291005291,0.004629629629629629
Jewish,produk dari,2,31,8,0.0041005291005291,0.004629629629629629
Jewish,sakit di,2,73,8,0.009656084656084656,0.004629629629629629
Jewish,sakit indonesia,2,68,8,0.008994708994708995,0.004629629629629629
Jewish,saudara kita,2,51,8,0.006746031746031746,0.004629629629629629
Jewish,see you,2,57,8,0.00753968253968254,0.004629629629629629
Jewish,selain itu,2,43,8,0.005687830687830688,0.004629629629629629
Jewish,tak ada,2,33,8,0.004365079365079365,0.004629629629629629
Jewish,terhadap israel,2,86,8,0.011375661375661376,0.004629629629629629
Jewish,tinggal di,2,40,8,0.005291005291005291,0.004629629629629629
Jewish,untuk menghentikan,2,44,8,0.00582010582010582,0.004629629629629629
Jewish,untuk palestina,2,71,8,0.009391534391534392,0.004629629629629629
Jewish,video ini,2,27,8,0.0035714285714285713,0.004629629629629629
Jewish,yang merupakan,2,38,8,0.0050264550264550265,0.004629629629629629
Jewish,yang paling,2,39,8,0.005158730158730159,0.004629629629629629
Jewish,yang tak,2,33,8,0.004365079365079365,0.004629629629629629
Jewish,10 oktober,2,48,7,0.006349206349206349,0.004050925925925926
Jewish,al jazeera,2,56,7,0.007407407407407408,0.004050925925925926
Jewish,bertanggung jawab,2,35,7,0.004629629629629629,0.004050925925925926
Jewish,breaking news,2,30,7,0.003968253968253968,0.004050925925925926
Jewish,cnn indonesia,2,20,7,0.0026455026455026454,0.004050925925925926
Jewish,dalam pertempuran,2,29,7,0.003835978835978836,0.004050925925925926
Jewish,dari gaza,2,58,7,0.007671957671957672,0.004050925925925926
Jewish,dari produsen,2,20,7,0.0026455026455026454,0.004050925925925926
Jewish,di antara,2,40,7,0.005291005291005291,0.004050925925925926
Jewish,di balik,2,29,7,0.003835978835978836,0.004050925925925926
Jewish,di kamp,2,34,7,0.004497354497354497,0.004050925925925926
Jewish,di mana,2,56,7,0.007407407407407408,0.004050925925925926
Jewish,di negara,2,26,7,0.0034391534391534392,0.004050925925925926
Jewish,di tengah,2,88,7,0.01164021164021164,0.004050925925925926
Jewish,gaza hamas,2,63,7,0.008333333333333333,0.004050925925925926
Jewish,hamas palestina,2,80,7,0.010582010582010581,0.004050925925925926
Jewish,hanya di,2,29,7,0.003835978835978836,0.004050925925925926
Jewish,hubungan diplomatik,2,45,7,0.005952380952380952,0.004050925925925926
Jewish,israel harus,2,29,7,0.003835978835978836,0.004050925925925926
Jewish,israel palestine,2,46,7,0.006084656084656085,0.004050925925925926
Jewish,israel saat,2,52,7,0.0068783068783068784,0.004050925925925926
Jewish,israel tapi,2,21,7,0.002777777777777778,0.004050925925925926
Jewish,kamp pengungsi,2,52,7,0.0068783068783068784,0.004050925925925926
Jewish,ke indonesia,2,21,7,0.002777777777777778,0.004050925925925926
Jewish,korban jiwa,2,48,7,0.006349206349206349,0.004050925925925926
Jewish,majelis ulama,2,45,7,0.005952380952380952,0.004050925925925926
Jewish,media sosial,2,81,7,0.010714285714285714,0.004050925925925926
Jewish,melakukan serangan,2,57,7,0.00753968253968254,0.004050925925925926
Jewish,membela palestina,2,31,7,0.0041005291005291,0.004050925925925926
Jewish,menarik lainnya,2,43,7,0.005687830687830688,0.004050925925925926
Jewish,niam sholeh,2,20,7,0.0026455026455026454,0.004050925925925926
Jewish,orang tewas,2,64,7,0.008465608465608466,0.004050925925925926
Jewish,palestina hamas,2,88,7,0.01164021164021164,0.004050925925925926
Jewish,perang dan,2,24,7,0.0031746031746031746,0.004050925925925926
Jewish,perang di,2,68,7,0.008994708994708995,0.004050925925925926
Jewish,perang yang,2,38,7,0.0050264550264550265,0.004050925925925926
Jewish,perjuangan palestina,2,33,7,0.004365079365079365,0.004050925925925926
Jewish,piala dunia,2,39,7,0.005158730158730159,0.004050925925925926
Jewish,produk pro,2,42,7,0.005555555555555556,0.004050925925925926
Jewish,produsen yang,2,21,7,0.002777777777777778,0.004050925925925926
Jewish,semua orang,2,34,7,0.004497354497354497,0.004050925925925926
Jewish,serangan hamas,2,108,7,0.014285714285714285,0.004050925925925926
Jewish,setiap hari,2,29,7,0.003835978835978836,0.004050925925925926
Jewish,sipil yang,2,28,7,0.003703703703703704,0.004050925925925926
Jewish,telah melakukan,2,22,7,0.00291005291005291,0.004050925925925926
Jewish,terafiliasi dengan,2,30,7,0.003968253968253968,0.004050925925925926
Jewish,tidak bisa,2,57,7,0.00753968253968254,0.004050925925925926
Jewish,tidak dapat,2,32,7,0.004232804232804233,0.004050925925925926
Jewish,ulama indonesia,2,46,7,0.006084656084656085,0.004050925925925926
Jewish,yang bisa,2,32,7,0.004232804232804233,0.004050925925925926
Jewish,yang dukung,2,28,7,0.003703703703703704,0.004050925925925926
Jewish,yang secara,2,29,7,0.003835978835978836,0.004050925925925926
Jewish,yang terafiliasi,2,28,7,0.003703703703703704,0.004050925925925926
Jewish,yang terluka,2,20,7,0.0026455026455026454,0.004050925925925926
Jewish,abu janda,2,21,6,0.002777777777777778,0.003472222222222222
Jewish,akan terus,2,43,6,0.005687830687830688,0.003472222222222222
Jewish,al ahli,2,42,6,0.005555555555555556,0.003472222222222222
Jewish,al aqsha,2,21,6,0.002777777777777778,0.003472222222222222
Jewish,al shifa,2,91,6,0.012037037037037037,0.003472222222222222
Jewish,baru saja,2,25,6,0.0033068783068783067,0.003472222222222222
Jewish,belum ada,2,22,6,0.00291005291005291,0.003472222222222222
Jewish,cnbc indonesia,2,24,6,0.0031746031746031746,0.003472222222222222
Jewish,dalam video,2,28,6,0.003703703703703704,0.003472222222222222
Jewish,dan kejahatan,2,21,6,0.002777777777777778,0.003472222222222222
Jewish,dan mendukung,2,26,6,0.0034391534391534392,0.003472222222222222
Jewish,di berbagai,2,23,6,0.0030423280423280425,0.003472222222222222
Jewish,di luar,2,24,6,0.0031746031746031746,0.003472222222222222
Jewish,di perbatasan,2,32,6,0.004232804232804233,0.003472222222222222
Jewish,di utara,2,22,6,0.00291005291005291,0.003472222222222222
Jewish,duta besar,2,51,6,0.006746031746031746,0.003472222222222222
Jewish,elon musk,2,30,6,0.003968253968253968,0.003472222222222222
Jewish,google play,2,50,6,0.006613756613756613,0.003472222222222222
Jewish,hal tersebut,2,35,6,0.004629629629629629,0.003472222222222222
Jewish,hal yang,2,29,6,0.003835978835978836,0.003472222222222222
Jewish,hubungan dengan,2,41,6,0.005423280423280424,0.003472222222222222
Jewish,indonesia tidak,2,30,6,0.003968253968253968,0.003472222222222222
Jewish,ini juga,2,25,6,0.0033068783068783067,0.003472222222222222
Jewish,ini tidak,2,22,6,0.00291005291005291,0.003472222222222222
Jewish,israel idf,2,35,6,0.004629629629629629,0.003472222222222222
Jewish,israel tak,2,39,6,0.005158730158730159,0.003472222222222222
Jewish,itu israel,2,24,6,0.0031746031746031746,0.003472222222222222
Jewish,jangan lupa,2,34,6,0.004497354497354497,0.003472222222222222
Jewish,juru bicara,2,76,6,0.010052910052910053,0.003472222222222222
Jewish,juta warga,2,21,6,0.002777777777777778,0.003472222222222222
Jewish,kekejaman israel,2,40,6,0.005291005291005291,0.003472222222222222
Jewish,kristen di,2,21,6,0.002777777777777778,0.003472222222222222
Jewish,luar biasa,2,44,6,0.00582010582010582,0.003472222222222222
Jewish,masih ada,2,21,6,0.002777777777777778,0.003472222222222222
Jewish,mendukung kemerdekaan,2,20,6,0.0026455026455026454,0.003472222222222222
Jewish,menegaskan bahwa,2,38,6,0.0050264550264550265,0.003472222222222222
Jewish,negara lain,2,39,6,0.005158730158730159,0.003472222222222222
Jewish,negara tersebut,2,27,6,0.0035714285714285713,0.003472222222222222
Jewish,oleh hamas,2,50,6,0.006613756613756613,0.003472222222222222
Jewish,orang di,2,39,6,0.005158730158730159,0.003472222222222222
Jewish,palestina gaza,2,46,6,0.006084656084656085,0.003472222222222222
Jewish,palestina karena,2,20,6,0.0026455026455026454,0.003472222222222222
Jewish,pejuang hamas,2,60,6,0.007936507936507936,0.003472222222222222
Jewish,penjahat perang,2,20,6,0.0026455026455026454,0.003472222222222222
Jewish,perempuan dan,2,30,6,0.003968253968253968,0.003472222222222222
Jewish,pro palestina,2,34,6,0.004497354497354497,0.003472222222222222
Jewish,produk produk,2,51,6,0.006746031746031746,0.003472222222222222
Jewish,republik indonesia,2,23,6,0.0030423280423280425,0.003472222222222222
Jewish,rezim zionis,2,22,6,0.00291005291005291,0.003472222222222222
Jewish,sedang berlangsung,2,28,6,0.003703703703703704,0.003472222222222222
Jewish,sejauh ini,2,23,6,0.0030423280423280425,0.003472222222222222
Jewish,serangan di,2,39,6,0.005158730158730159,0.003472222222222222
Jewish,serikat as,2,40,6,0.005291005291005291,0.003472222222222222
Jewish,simak berita,2,59,6,0.007804232804232804,0.003472222222222222
Jewish,simak selengkapnya,2,39,6,0.005158730158730159,0.003472222222222222
Jewish,store dan,2,21,6,0.002777777777777778,0.003472222222222222
Jewish,tank israel,2,44,6,0.00582010582010582,0.003472222222222222
Jewish,tidak langsung,2,22,6,0.00291005291005291,0.003472222222222222
Jewish,tidak pernah,2,22,6,0.00291005291005291,0.003472222222222222
Jewish,timnas israel,2,22,6,0.00291005291005291,0.003472222222222222
Jewish,tindakan israel,2,29,6,0.003835978835978836,0.003472222222222222
Jewish,u 20,2,53,6,0.0070105820105820105,0.003472222222222222
Jewish,umat kristen,2,22,6,0.00291005291005291,0.003472222222222222
Jewish,yang harus,2,25,6,0.0033068783068783067,0.003472222222222222
Jewish,yang mereka,2,21,6,0.002777777777777778,0.003472222222222222
Jewish,000 orang,2,37,5,0.004894179894179894,0.0028935185185185184
Jewish,7 10,2,45,5,0.005952380952380952,0.0028935185185185184
Jewish,agar israel,2,20,5,0.0026455026455026454,0.0028935185185185184
Jewish,agresi militer,2,33,5,0.004365079365079365,0.0028935185185185184
Jewish,akan ada,2,33,5,0.004365079365079365,0.0028935185185185184
Jewish,aksi bela,2,29,5,0.003835978835978836,0.0028935185185185184
Jewish,al qur,2,20,5,0.0026455026455026454,0.0028935185185185184
Jewish,as joe,2,21,5,0.002777777777777778,0.0028935185185185184
Jewish,atas serangan,2,46,5,0.006084656084656085,0.0028935185185185184
Jewish,bahwa mereka,2,36,5,0.004761904761904762,0.0028935185185185184
Jewish,bantuan ke,2,23,5,0.0030423280423280425,0.0028935185185185184
Jewish,baru ini,2,28,5,0.003703703703703704,0.0028935185185185184
Jewish,bawah tanah,2,24,5,0.0031746031746031746,0.0028935185185185184
Jewish,dalam beberapa,2,38,5,0.0050264550264550265,0.0028935185185185184
Jewish,dalam sebuah,2,57,5,0.00753968253968254,0.0028935185185185184
Jewish,dan hamas,2,84,5,0.011111111111111112,0.0028935185185185184
Jewish,dan juga,2,23,5,0.0030423280423280425,0.0028935185185185184
Jewish,dari berbagai,2,35,5,0.004629629629629629,0.0028935185185185184
Jewish,datang ke,2,20,5,0.0026455026455026454,0.0028935185185185184
Jewish,di depan,2,47,5,0.006216931216931217,0.0028935185185185184
Jewish,di ig,2,22,5,0.00291005291005291,0.0028935185185185184
Jewish,di kawasan,2,29,5,0.003835978835978836,0.0028935185185185184
Jewish,di pbb,2,22,5,0.00291005291005291,0.0028935185185185184
Jewish,di sekitar,2,31,5,0.0041005291005291,0.0028935185185185184
Jewish,diplomatik dengan,2,36,5,0.004761904761904762,0.0028935185185185184
Jewish,dunia u,2,25,5,0.0033068783068783067,0.0028935185185185184
Jewish,empat hari,2,20,5,0.0026455026455026454,0.0028935185185185184
Jewish,foto ap,2,22,5,0.00291005291005291,0.0028935185185185184
Jewish,gaza adalah,2,22,5,0.00291005291005291,0.0028935185185185184
Jewish,gaza dengan,2,43,5,0.005687830687830688,0.0028935185185185184
Jewish,gaza palestine,2,27,5,0.0035714285714285713,0.0028935185185185184
Jewish,genosida israel,2,28,5,0.003703703703703704,0.0028935185185185184
Jewish,hamas di,2,121,5,0.016005291005291005,0.0028935185185185184
Jewish,hamas gaza,2,41,5,0.005423280423280424,0.0028935185185185184
Jewish,hukum internasional,2,42,5,0.005555555555555556,0.0028935185185185184
Jewish,in 2025,2,56,5,0.007407407407407408,0.0028935185185185184
Jewish,indonesia mui,2,38,5,0.0050264550264550265,0.0028935185185185184
Jewish,indonesia untuk,2,28,5,0.003703703703703704,0.0028935185185185184
Jewish,ini akan,2,29,5,0.003835978835978836,0.0028935185185185184
Jewish,ini israel,2,20,5,0.0026455026455026454,0.0028935185185185184
Jewish,israel masih,2,28,5,0.003703703703703704,0.0028935185185185184
Jewish,israel vs,2,78,5,0.010317460317460317,0.0028935185185185184
Jewish,jawab atas,2,26,5,0.0034391534391534392,0.0028935185185185184
Jewish,kami akan,2,32,5,0.004232804232804233,0.0028935185185185184
Jewish,kami tidak,2,33,5,0.004365079365079365,0.0028935185185185184
Jewish,karena tidak,2,21,5,0.002777777777777778,0.0028935185185185184
Jewish,karni ilyas,2,81,5,0.010714285714285714,0.0028935185185185184
Jewish,ketua mui,2,22,5,0.00291005291005291,0.0028935185185185184
Jewish,kita tidak,2,22,5,0.00291005291005291,0.0028935185185185184
Jewish,konflik yang,2,25,5,0.0033068783068783067,0.0028935185185185184
Jewish,korban tewas,2,59,5,0.007804232804232804,0.0028935185185185184
Jewish,mahkamah internasional,2,20,5,0.0026455026455026454,0.0028935185185185184
Jewish,majelis umum,2,20,5,0.0026455026455026454,0.0028935185185185184
Jewish,mari kita,2,43,5,0.005687830687830688,0.0028935185185185184
Jewish,masa depan,2,20,5,0.0026455026455026454,0.0028935185185185184
Jewish,media israel,2,23,5,0.0030423280423280425,0.0028935185185185184
Jewish,melancarkan serangan,2,58,5,0.007671957671957672,0.0028935185185185184
Jewish,melawan hamas,2,23,5,0.0030423280423280425,0.0028935185185185184
Jewish,memiliki hubungan,2,20,5,0.0026455026455026454,0.0028935185185185184
Jewish,mengutuk keras,2,25,5,0.0033068783068783067,0.0028935185185185184
Jewish,mereka adalah,2,21,5,0.002777777777777778,0.0028935185185185184
Jewish,newsone cariberitaditvone,2,53,5,0.0070105820105820105,0.0028935185185185184
Jewish,oktober lalu,2,47,5,0.006216931216931217,0.0028935185185185184
Jewish,palestina dalam,2,31,5,0.0041005291005291,0.0028935185185185184
Jewish,palestina termasuk,2,24,5,0.0031746031746031746,0.0028935185185185184
Jewish,perang dengan,2,33,5,0.004365079365079365,0.0028935185185185184
Jewish,presiden amerika,2,23,5,0.0030423280423280425,0.0028935185185185184
Jewish,qur an,2,22,5,0.00291005291005291,0.0028935185185185184
Jewish,rs al,2,65,5,0.008597883597883597,0.0028935185185185184
Jewish,sakit al,2,89,5,0.011772486772486773,0.0028935185185185184
Jewish,satu satunya,2,27,5,0.0035714285714285713,0.0028935185185185184
Jewish,saw x,2,61,5,0.008068783068783069,0.0028935185185185184
Jewish,sebagai bentuk,2,50,5,0.006613756613756613,0.0028935185185185184
Jewish,sejak 7,2,53,5,0.0070105820105820105,0.0028935185185185184
Jewish,seperti yang,2,22,5,0.00291005291005291,0.0028935185185185184
Jewish,serangan darat,2,67,5,0.008862433862433862,0.0028935185185185184
Jewish,serangan terhadap,2,37,5,0.004894179894179894,0.0028935185185185184
Jewish,tahun 2023,2,30,5,0.003968253968253968,0.0028935185185185184
Jewish,tersebut tidak,2,23,5,0.0030423280423280425,0.0028935185185185184
Jewish,tewas dan,2,47,5,0.006216931216931217,0.0028935185185185184
Jewish,tiba di,2,25,5,0.0033068783068783067,0.0028935185185185184
Jewish,tidak boleh,2,24,5,0.0031746031746031746,0.0028935185185185184
Jewish,tolak israel,2,43,5,0.005687830687830688,0.0028935185185185184
Jewish,undang undang,2,20,5,0.0026455026455026454,0.0028935185185185184
Jewish,untuk israel,2,60,5,0.007936507936507936,0.0028935185185185184
Jewish,untuk melakukan,2,24,5,0.0031746031746031746,0.0028935185185185184
Jewish,untuk mendukung,2,28,5,0.003703703703703704,0.0028935185185185184
Jewish,waktu setempat,2,50,5,0.006613756613756613,0.0028935185185185184
Jewish,wilayah palestina,2,43,5,0.005687830687830688,0.0028935185185185184
Jewish,yang belum,2,25,5,0.0033068783068783067,0.0028935185185185184
Jewish,you in,2,56,5,0.007407407407407408,0.0028935185185185184
Jewish,4 hari,2,22,4,0.00291005291005291,0.0023148148148148147
Jewish,83 tahun,2,22,4,0.00291005291005291,0.0023148148148148147
Jewish,a humanitarian,2,24,4,0.0031746031746031746,0.0023148148148148147
Jewish,al quds,2,33,4,0.004365079365079365,0.0023148148148148147
Jewish,bagi israel,2,30,4,0.003968253968253968,0.0023148148148148147
Jewish,bahan bakar,2,43,4,0.005687830687830688,0.0023148148148148147
Jewish,baru baru,2,27,4,0.0035714285714285713,0.0023148148148148147
Jewish,beberapa hari,2,36,4,0.004761904761904762,0.0023148148148148147
Jewish,bella hadid,2,40,4,0.005291005291005291,0.0023148148148148147
Jewish,berasal dari,2,25,4,0.0033068783068783067,0.0023148148148148147
Jewish,berita menarik,2,35,4,0.004629629629629629,0.0023148148148148147
Jewish,bom israel,2,36,4,0.004761904761904762,0.0023148148148148147
Jewish,congratulations jin,2,27,4,0.0035714285714285713,0.0023148148148148147
Jewish,dan negara,2,28,4,0.003703703703703704,0.0023148148148148147
Jewish,dari politik,2,24,4,0.0031746031746031746,0.0023148148148148147
Jewish,di bawah,2,67,4,0.008862433862433862,0.0023148148148148147
Jewish,di daerah,2,33,4,0.004365079365079365,0.0023148148148148147
Jewish,di google,2,58,4,0.007671957671957672,0.0023148148148148147
Jewish,di jalan,2,21,4,0.002777777777777778,0.0023148148148148147
Jewish,di kantor,2,22,4,0.00291005291005291,0.0023148148148148147
Jewish,di lebanon,2,30,4,0.003968253968253968,0.0023148148148148147
Jewish,di masa,2,24,4,0.0031746031746031746,0.0023148148148148147
Jewish,di seluruh,2,64,4,0.008465608465608466,0.0023148148148148147
Jewish,di timur,2,39,4,0.005158730158730159,0.0023148148148148147
Jewish,dukungan kepada,2,20,4,0.0026455026455026454,0.0023148148148148147
Jewish,fosfor putih,2,24,4,0.0031746031746031746,0.0023148148148148147
Jewish,ganjar mahfud,2,45,4,0.005952380952380952,0.0023148148148148147
Jewish,gaza ini,2,24,4,0.0031746031746031746,0.0023148148148148147
Jewish,gaza ke,2,28,4,0.003703703703703704,0.0023148148148148147
Jewish,gaza sebagai,2,24,4,0.0031746031746031746,0.0023148148148148147
Jewish,gaza untuk,2,42,4,0.005555555555555556,0.0023148148148148147
Jewish,genosida di,2,25,4,0.0033068783068783067,0.0023148148148148147
Jewish,hamas israel,2,101,4,0.01335978835978836,0.0023148148148148147
Jewish,hamas ke,2,44,4,0.00582010582010582,0.0023148148148148147
Jewish,hamas pada,2,28,4,0.003703703703703704,0.0023148148148148147
Jewish,hingga saat,2,30,4,0.003968253968253968,0.0023148148148148147
Jewish,hukum dukungan,2,20,4,0.0026455026455026454,0.0023148148148148147
Jewish,humanitarian duty,2,24,4,0.0031746031746031746,0.0023148148148148147
Jewish,ia juga,2,24,4,0.0031746031746031746,0.0023148148148148147
Jewish,israel selama,2,28,4,0.003703703703703704,0.0023148148148148147
Jewish,israel serang,2,50,4,0.006613756613756613,0.0023148148148148147
Jewish,israel serta,2,28,4,0.003703703703703704,0.0023148148148148147
Jewish,israel setelah,2,24,4,0.0031746031746031746,0.0023148148148148147
Jewish,its a,2,24,4,0.0031746031746031746,0.0023148148148148147
Jewish,itu terjadi,2,25,4,0.0033068783068783067,0.0023148148148148147
Jewish,itu tidak,2,21,4,0.002777777777777778,0.0023148148148148147
Jewish,jet tempur,2,22,4,0.00291005291005291,0.0023148148148148147
Jewish,kapal induk,2,26,4,0.0034391534391534392,0.0023148148148148147
Jewish,ke wilayah,2,59,4,0.007804232804232804,0.0023148148148148147
Jewish,kelompok militan,2,36,4,0.004761904761904762,0.0023148148148148147
Jewish,ketika israel,2,24,4,0.0031746031746031746,0.0023148148148148147
Jewish,kita harus,2,20,4,0.0026455026455026454,0.0023148148148148147
Jewish,konflik di,2,22,4,0.00291005291005291,0.0023148148148148147
Jewish,konflik ini,2,25,4,0.0033068783068783067,0.0023148148148148147
Jewish,kutuk serangan,2,30,4,0.003968253968253968,0.0023148148148148147
Jewish,luka luka,2,52,4,0.0068783068783068784,0.0023148148148148147
Jewish,mahfud md,2,20,4,0.0026455026455026454,0.0023148148148148147
Jewish,mahkamah keluarga,2,29,4,0.003835978835978836,0.0023148148148148147
Jewish,masuk ke,2,54,4,0.007142857142857143,0.0023148148148148147
Jewish,melanggar hukum,2,32,4,0.004232804232804233,0.0023148148148148147
Jewish,mendukung perjuangan,2,25,4,0.0033068783068783067,0.0023148148148148147
Jewish,meninggal dunia,2,30,4,0.003968253968253968,0.0023148148148148147
Jewish,menjadi korban,2,30,4,0.003968253968253968,0.0023148148148148147
Jewish,menteri benjamin,2,32,4,0.004232804232804233,0.0023148148148148147
Jewish,menteri pertahanan,2,28,4,0.003703703703703704,0.0023148148148148147
Jewish,menteri pm,2,23,4,0.0030423280423280425,0.0023148148148148147
Jewish,mereka dan,2,24,4,0.0031746031746031746,0.0023148148148148147
Jewish,mereka juga,2,27,4,0.0035714285714285713,0.0023148148148148147
Jewish,mui bidang,2,25,4,0.0033068783068783067,0.0023148148148148147
Jewish,new york,2,33,4,0.004365079365079365,0.0023148148148148147
Jewish,nomor 83,2,21,4,0.002777777777777778,0.0023148148148148147
Jewish,operasi darat,2,20,4,0.0026455026455026454,0.0023148148148148147
Jewish,pada rabu,2,56,4,0.007407407407407408,0.0023148148148148147
Jewish,pada selasa,2,45,4,0.005952380952380952,0.0023148148148148147
Jewish,pada tahun,2,35,4,0.004629629629629629,0.0023148148148148147
Jewish,pada tanggal,2,24,4,0.0031746031746031746,0.0023148148148148147
Jewish,pak ganjar,2,36,4,0.004761904761904762,0.0023148148148148147
Jewish,pasukan pertahanan,2,33,4,0.004365079365079365,0.0023148148148148147
Jewish,perang dunia,2,25,4,0.0033068783068783067,0.0023148148148148147
Jewish,perang gaza,2,35,4,0.004629629629629629,0.0023148148148148147
Jewish,perang palestina,2,23,4,0.0030423280423280425,0.0023148148148148147
Jewish,presiden jokowi,2,26,4,0.0034391534391534392,0.0023148148148148147
Jewish,presiden turki,2,25,4,0.0033068783068783067,0.0023148148148148147
Jewish,sabtu 7,2,42,4,0.005555555555555556,0.0023148148148148147
Jewish,sama dengan,2,26,4,0.0034391534391534392,0.0023148148148148147
Jewish,sebagian besar,2,44,4,0.00582010582010582,0.0023148148148148147
Jewish,sebut israel,2,25,4,0.0033068783068783067,0.0023148148148148147
Jewish,seperti dikutip,2,23,4,0.0030423280423280425,0.0023148148148148147
Jewish,telah menewaskan,2,24,4,0.0031746031746031746,0.0023148148148148147
Jewish,terlibat dalam,2,37,4,0.004894179894179894,0.0023148148148148147
Jewish,terus bertambah,2,24,4,0.0031746031746031746,0.0023148148148148147
Jewish,untuk mendapatkan,2,21,4,0.002777777777777778,0.0023148148148148147
Jewish,untuk menjadi,2,20,4,0.0026455026455026454,0.0023148148148148147
Jewish,untuk tidak,2,27,4,0.0035714285714285713,0.0023148148148148147
Jewish,video yang,2,28,4,0.003703703703703704,0.0023148148148148147
Jewish,vs israel,2,78,4,0.010317460317460317,0.0023148148148148147
Jewish,yang lebih,2,34,4,0.004497354497354497,0.0023148148148148147
Jewish,yang menjadi,2,47,4,0.006216931216931217,0.0023148148148148147
Jewish,00 wib,2,29,3,0.003835978835978836,0.001736111111111111
Jewish,1 juta,2,22,3,0.00291005291005291,0.001736111111111111
Jewish,24 jam,2,35,3,0.004629629629629629,0.001736111111111111
Jewish,akibat perang,2,33,3,0.004365079365079365,0.001736111111111111
Jewish,anies baswedan,2,23,3,0.0030423280423280425,0.001736111111111111
Jewish,antara israel,2,105,3,0.013888888888888888,0.001736111111111111
Jewish,antara palestina,2,21,3,0.002777777777777778,0.001736111111111111
Jewish,ayo kita,2,22,3,0.00291005291005291,0.001736111111111111
Jewish,badai al,2,22,3,0.00291005291005291,0.001736111111111111
Jewish,bangsa bangsa,2,35,3,0.004629629629629629,0.001736111111111111
Jewish,berita beritaterkini,2,28,3,0.003703703703703704,0.001736111111111111
Jewish,dalam konflik,2,24,3,0.0031746031746031746,0.001736111111111111
Jewish,dalem sayang,2,44,3,0.00582010582010582,0.001736111111111111
Jewish,dengan klik,2,36,3,0.004761904761904762,0.001736111111111111
Jewish,dewan keamanan,2,31,3,0.0041005291005291,0.001736111111111111
Jewish,di antaranya,2,39,3,0.005158730158730159,0.001736111111111111
Jewish,di jakarta,2,21,3,0.002777777777777778,0.001736111111111111
Jewish,di new,2,22,3,0.00291005291005291,0.001736111111111111
Jewish,di sisi,2,20,3,0.0026455026455026454,0.001736111111111111
Jewish,di x,2,20,3,0.0026455026455026454,0.001736111111111111
Jewish,dilansir dari,2,38,3,0.0050264550264550265,0.001736111111111111
Jewish,gaza akan,2,25,3,0.0033068783068783067,0.001736111111111111
Jewish,gaza dalam,2,40,3,0.005291005291005291,0.001736111111111111
Jewish,gaza sejak,2,24,3,0.0031746031746031746,0.001736111111111111
Jewish,gaza tidak,2,27,3,0.0035714285714285713,0.001736111111111111
Jewish,hak asasi,2,33,3,0.004365079365079365,0.001736111111111111
Jewish,hamas ini,2,20,3,0.0026455026455026454,0.001736111111111111
Jewish,hamas telah,2,22,3,0.00291005291005291,0.001736111111111111
Jewish,hari ke,2,34,3,0.004497354497354497,0.001736111111111111
Jewish,indonesia dan,2,26,3,0.0034391534391534392,0.001736111111111111
Jewish,ini sudah,2,20,3,0.0026455026455026454,0.001736111111111111
Jewish,ini telah,2,25,3,0.0033068783068783067,0.001736111111111111
Jewish,iron dome,2,33,3,0.004365079365079365,0.001736111111111111
Jewish,israel bombardir,2,25,3,0.0033068783068783067,0.001736111111111111
Jewish,israel foto,2,21,3,0.002777777777777778,0.001736111111111111
Jewish,israel kembali,2,32,3,0.004232804232804233,0.001736111111111111
Jewish,israel mengatakan,2,41,3,0.005423280423280424,0.001736111111111111
Jewish,israel secara,2,26,3,0.0034391534391534392,0.001736111111111111
Jewish,jangan deh,2,27,3,0.0035714285714285713,0.001736111111111111
Jewish,jumlah korban,2,58,3,0.007671957671957672,0.001736111111111111
Jewish,kali ini,2,21,3,0.002777777777777778,0.001736111111111111
Jewish,kami di,2,23,3,0.0030423280423280425,0.001736111111111111
Jewish,kantor berita,2,22,3,0.00291005291005291,0.001736111111111111
Jewish,ke arah,2,21,3,0.002777777777777778,0.001736111111111111
Jewish,ke dalam,2,22,3,0.00291005291005291,0.001736111111111111
Jewish,ke rumah,2,49,3,0.006481481481481481,0.001736111111111111
Jewish,ke selatan,2,22,3,0.00291005291005291,0.001736111111111111
Jewish,kedua negara,2,22,3,0.00291005291005291,0.001736111111111111
Jewish,kemanusiaan yang,2,34,3,0.004497354497354497,0.001736111111111111
Jewish,kepada tentara,2,21,3,0.002777777777777778,0.001736111111111111
Jewish,konferensi pers,2,25,3,0.0033068783068783067,0.001736111111111111
Jewish,korban luka,2,22,3,0.00291005291005291,0.001736111111111111
Jewish,krisis kemanusiaan,2,21,3,0.002777777777777778,0.001736111111111111
Jewish,lebih banyak,2,24,3,0.0031746031746031746,0.001736111111111111
Jewish,melawan israel,2,41,3,0.005423280423280424,0.001736111111111111
Jewish,menewaskan lebih,2,27,3,0.0035714285714285713,0.001736111111111111
Jewish,menjadi sasaran,2,28,3,0.003703703703703704,0.001736111111111111
Jewish,menyerang israel,2,20,3,0.0026455026455026454,0.001736111111111111
Jewish,mereka telah,2,21,3,0.002777777777777778,0.001736111111111111
Jewish,militan palestina,2,25,3,0.0033068783068783067,0.001736111111111111
Jewish,nabi isa,2,22,3,0.00291005291005291,0.001736111111111111
Jewish,negara itu,2,27,3,0.0035714285714285713,0.001736111111111111
Jewish,negara palestina,2,32,3,0.004232804232804233,0.001736111111111111
Jewish,netanyahu mengatakan,2,21,3,0.002777777777777778,0.001736111111111111
Jewish,pada kamis,2,26,3,0.0034391534391534392,0.001736111111111111
Jewish,pada sabtu,2,66,3,0.00873015873015873,0.001736111111111111
Jewish,pada senin,2,45,3,0.005952380952380952,0.001736111111111111
Jewish,pbb di,2,29,3,0.003835978835978836,0.001736111111111111
Jewish,pemerintah indonesia,2,31,3,0.0041005291005291,0.001736111111111111
Jewish,perang antara,2,36,3,0.004761904761904762,0.001736111111111111
Jewish,perang hamas,2,61,3,0.008068783068783069,0.001736111111111111
Jewish,perserikatan bangsa,2,30,3,0.003968253968253968,0.001736111111111111
Jewish,pesawat tempur,2,34,3,0.004497354497354497,0.001736111111111111
Jewish,pihak israel,2,26,3,0.0034391534391534392,0.001736111111111111
Jewish,rabu 11,2,24,3,0.0031746031746031746,0.001736111111111111
Jewish,rejim zionis,2,22,3,0.00291005291005291,0.001736111111111111
Jewish,rumah mereka,2,23,3,0.0030423280423280425,0.001736111111111111
Jewish,sakit gaza,2,20,3,0.0026455026455026454,0.001736111111111111
Jewish,sejak awal,2,25,3,0.0033068783068783067,0.001736111111111111
Jewish,senjata di,2,37,3,0.004894179894179894,0.001736111111111111
Jewish,serangan ke,2,44,3,0.00582010582010582,0.001736111111111111
Jewish,serangan militer,2,21,3,0.002777777777777778,0.001736111111111111
Jewish,sesuai dengan,2,26,3,0.0034391534391534392,0.001736111111111111
Jewish,setelah serangan,2,28,3,0.003703703703703704,0.001736111111111111
Jewish,sudah ada,2,21,3,0.002777777777777778,0.001736111111111111
Jewish,sumber foto,2,21,3,0.002777777777777778,0.001736111111111111
Jewish,surat kabar,2,21,3,0.002777777777777778,0.001736111111111111
Jewish,tanah air,2,21,3,0.002777777777777778,0.001736111111111111
Jewish,tank tank,2,20,3,0.0026455026455026454,0.001736111111111111
Jewish,temukan berita,2,20,3,0.0026455026455026454,0.001736111111111111
Jewish,tewas dalam,2,65,3,0.008597883597883597,0.001736111111111111
Jewish,tidak hanya,2,26,3,0.0034391534391534392,0.001736111111111111
Jewish,untuk membantu,2,25,3,0.0033068783068783067,0.001736111111111111
Jewish,untuk para,2,20,3,0.0026455026455026454,0.001736111111111111
Jewish,yang menargetkan,2,20,3,0.0026455026455026454,0.001736111111111111
Jewish,yang sangat,2,43,3,0.005687830687830688,0.001736111111111111
Jewish,zionist israel,2,23,3,0.0030423280423280425,0.001736111111111111
Jewish,10 10,2,29,2,0.003835978835978836,0.0011574074074074073
Jewish,2 3,2,21,2,0.002777777777777778,0.0011574074074074073
Jewish,28 oktober,2,29,2,0.003835978835978836,0.0011574074074074073
Jewish,a t,2,21,2,0.002777777777777778,0.0011574074074074073
Jewish,adalah anak,2,22,2,0.00291005291005291,0.0011574074074074073
Jewish,akan melakukan,2,20,2,0.0026455026455026454,0.0011574074074074073
Jewish,anak di,2,25,2,0.0033068783068783067,0.0011574074074074073
Jewish,app lho,2,27,2,0.0035714285714285713,0.0011574074074074073
Jewish,artikel idn,2,26,2,0.0034391534391534392,0.0011574074074074073
Jewish,as dan,2,24,2,0.0031746031746031746,0.0011574074074074073
Jewish,asasi manusia,2,32,2,0.004232804232804233,0.0011574074074074073
Jewish,atau klik,2,24,2,0.0031746031746031746,0.0011574074074074073
Jewish,bagian dari,2,34,2,0.004497354497354497,0.0011574074074074073
Jewish,bentuk dukungan,2,20,2,0.0026455026455026454,0.0011574074074074073
Jewish,berita terupdate,2,24,2,0.0031746031746031746,0.0011574074074074073
Jewish,besar israel,2,30,2,0.003968253968253968,0.0011574074074074073
Jewish,bicara militer,2,22,2,0.00291005291005291,0.0011574074074074073
Jewish,bisa dibaca,2,27,2,0.0035714285714285713,0.0011574074074074073
Jewish,bom fosfor,2,21,2,0.002777777777777778,0.0011574074074074073
Jewish,community idntimes,2,26,2,0.0034391534391534392,0.0011574074074074073
Jewish,dan amerika,2,29,2,0.003835978835978836,0.0011574074074074073
Jewish,dan kelompok,2,22,2,0.00291005291005291,0.0011574074074074073
Jewish,darat israel,2,29,2,0.003835978835978836,0.0011574074074074073
Jewish,darat ke,2,22,2,0.00291005291005291,0.0011574074074074073
Jewish,dari 1,2,25,2,0.0033068783068783067,0.0011574074074074073
Jewish,dari jalur,2,22,2,0.00291005291005291,0.0011574074074074073
Jewish,democratizeinformation trending,2,26,2,0.0034391534391534392,0.0011574074074074073
Jewish,dengan serangan,2,29,2,0.003835978835978836,0.0011574074074074073
Jewish,di idn,2,27,2,0.0035714285714285713,0.0011574074074074073
Jewish,di rs,2,45,2,0.005952380952380952,0.0011574074074074073
Jewish,di selatan,2,23,2,0.0030423280423280425,0.0011574074074074073
Jewish,dibaca di,2,27,2,0.0035714285714285713,0.0011574074074074073
Jewish,digunakan untuk,2,23,2,0.0030423280423280425,0.0011574074074074073
Jewish,diversityisbeautiful democratizeinformation,2,26,2,0.0034391534391534392,0.0011574074074074073
Jewish,download sekarang,2,27,2,0.0035714285714285713,0.0011574074074074073
Jewish,dua negara,2,31,2,0.0041005291005291,0.0011574074074074073
Jewish,duniaku_com popbela_com,2,26,2,0.0034391534391534392,0.0011574074074074073
Jewish,entertainment idn,2,21,2,0.002777777777777778,0.0011574074074074073
Jewish,for more,2,21,2,0.002777777777777778,0.0011574074074074073
Jewish,fortune idn,2,26,2,0.0034391534391534392,0.0011574074074074073
Jewish,foto reuters,2,36,2,0.004761904761904762,0.0011574074074074073
Jewish,gaza juga,2,20,2,0.0026455026455026454,0.0011574074074074073
Jewish,gaza pada,2,55,2,0.007275132275132275,0.0011574074074074073
Jewish,gaza selatan,2,28,2,0.003703703703703704,0.0011574074074074073
Jewish,gaza telah,2,26,2,0.0034391534391534392,0.0011574074074074073
Jewish,genosida yang,2,23,2,0.0030423280423280425,0.0011574074074074073
Jewish,gus dur,2,22,2,0.00291005291005291,0.0011574074074074073
Jewish,hamas dengan,2,23,2,0.0030423280423280425,0.0011574074074074073
Jewish,hamas vs,2,47,2,0.006216931216931217,0.0011574074074074073
Jewish,hari sabtu,2,38,2,0.0050264550264550265,0.0011574074074074073
Jewish,hukum humaniter,2,32,2,0.004232804232804233,0.0011574074074074073
Jewish,humaniter internasional,2,31,2,0.0041005291005291,0.0011574074074074073
Jewish,hype duniaku_com,2,26,2,0.0034391534391534392,0.0011574074074074073
Jewish,idn app,2,27,2,0.0035714285714285713,0.0011574074074074073
Jewish,idn fortune,2,26,2,0.0034391534391534392,0.0011574074074074073
Jewish,idn idntimes,2,26,2,0.0034391534391534392,0.0011574074074074073
Jewish,idn times,2,28,2,0.003703703703703704,0.0011574074074074073
Jewish,idntimes community,2,26,2,0.0034391534391534392,0.0011574074074074073
Jewish,idntimes hype,2,26,2,0.0034391534391534392,0.0011574074074074073
Jewish,idntimes korea,2,26,2,0.0034391534391534392,0.0011574074074074073
Jewish,idntimes suaramillennial,2,23,2,0.0030423280423280425,0.0011574074074074073
Jewish,idntimes video,2,26,2,0.0034391534391534392,0.0011574074074074073
Jewish,ig story,2,26,2,0.0034391534391534392,0.0011574074074074073
Jewish,info terbaru,2,27,2,0.0035714285714285713,0.0011574074074074073
Jewish,ini sebagai,2,25,2,0.0033068783068783067,0.0011574074074074073
Jewish,israel bisa,2,22,2,0.00291005291005291,0.0011574074074074073
Jewish,israel mengebom,2,21,2,0.002777777777777778,0.0011574074074074073
Jewish,israel mulai,2,27,2,0.0035714285714285713,0.0011574074074074073
Jewish,joko widodo,2,21,2,0.002777777777777778,0.0011574074074074073
Jewish,keamanan pbb,2,26,2,0.0034391534391534392,0.0011574074074074073
Jewish,kedua belah,2,20,2,0.0026455026455026454,0.0011574074074074073
Jewish,kelompok hamas,2,56,2,0.007407407407407408,0.0011574074074074073
Jewish,kemanusiaan di,2,41,2,0.005423280423280424,0.0011574074074074073
Jewish,kembali ke,2,21,2,0.002777777777777778,0.0011574074074074073
Jewish,kementerian kesehatan,2,68,2,0.008994708994708995,0.0011574074074074073
Jewish,kementerian luar,2,32,2,0.004232804232804233,0.0011574074074074073
Jewish,keras serangan,2,21,2,0.002777777777777778,0.0011574074074074073
Jewish,korea idntimes,2,26,2,0.0034391534391534392,0.0011574074074074073
Jewish,lainnya dari,2,24,2,0.0031746031746031746,0.0011574074074074073
Jewish,lainnya di,2,25,2,0.0033068783068783067,0.0011574074074074073
Jewish,lainnya idntimes,2,26,2,0.0034391534391534392,0.0011574074074074073
Jewish,lho download,2,27,2,0.0035714285714285713,0.0011574074074074073
Jewish,love you,2,40,2,0.005291005291005291,0.0011574074074074073
Jewish,mcdonald s,2,35,2,0.004629629629629629,0.0011574074074074073
Jewish,mendukung palestina,2,40,2,0.005291005291005291,0.0011574074074074073
Jewish,menghentikan serangan,2,24,2,0.0031746031746031746,0.0011574074074074073
Jewish,negara barat,2,20,2,0.0026455026455026454,0.0011574074074074073
Jewish,news update,2,28,2,0.003703703703703704,0.0011574074074074073
Jewish,operasi militer,2,28,2,0.003703703703703704,0.0011574074074074073
Jewish,pada hari,2,75,2,0.00992063492063492,0.0011574074074074073
Jewish,palestina saat,2,34,2,0.004497354497354497,0.0011574074074074073
Jewish,palestina tewas,2,50,2,0.006613756613756613,0.0011574074074074073
Jewish,palestine israel,2,30,2,0.003968253968253968,0.0011574074074074073
Jewish,pasukan hamas,2,21,2,0.002777777777777778,0.0011574074074074073
Jewish,pekan lalu,2,27,2,0.0035714285714285713,0.0011574074074074073
Jewish,pemimpin hamas,2,20,2,0.0026455026455026454,0.0011574074074074073
Jewish,penduduk gaza,2,26,2,0.0034391534391534392,0.0011574074074074073
Jewish,pengungsi palestina,2,26,2,0.0034391534391534392,0.0011574074074074073
Jewish,penjajahan israel,2,30,2,0.003968253968253968,0.0011574074074074073
Jewish,pindah ke,2,20,2,0.0026455026455026454,0.0011574074074074073
Jewish,play app,2,26,2,0.0034391534391534392,0.0011574074074074073
Jewish,politik sampai,2,25,2,0.0033068783068783067,0.0011574074074074073
Jewish,popbela_com popmama_com,2,26,2,0.0034391534391534392,0.0011574074074074073
Jewish,popmama_com yummy,2,26,2,0.0034391534391534392,0.0011574074074074073
Jewish,ratusan orang,2,30,2,0.003968253968253968,0.0011574074074074073
Jewish,ribuan warga,2,29,2,0.003835978835978836,0.0011574074074074073
Jewish,sakit dan,2,21,2,0.002777777777777778,0.0011574074074074073
Jewish,sakit tersebut,2,21,2,0.002777777777777778,0.0011574074074074073
Jewish,sakit yang,2,22,2,0.00291005291005291,0.0011574074074074073
Jewish,sampai entertainment,2,24,2,0.0031746031746031746,0.0011574074074074073
Jewish,sejak perang,2,22,2,0.00291005291005291,0.0011574074074074073
Jewish,sekarang bisa,2,28,2,0.003703703703703704,0.0011574074074074073
Jewish,selengkapnya klik,2,29,2,0.003835978835978836,0.0011574074074074073
Jewish,sementara itu,2,68,2,0.008994708994708995,0.0011574074074074073
Jewish,senjata dan,2,25,2,0.0033068783068783067,0.0011574074074074073
Jewish,serang israel,2,27,2,0.0035714285714285713,0.0011574074074074073
Jewish,serangan brutal,2,24,2,0.0031746031746031746,0.0011574074074074073
Jewish,serangan ini,2,25,2,0.0033068783068783067,0.0011574074074074073
Jewish,serangan itu,2,27,2,0.0035714285714285713,0.0011574074074074073
Jewish,serangan mendadak,2,31,2,0.0041005291005291,0.0011574074074074073
Jewish,serangan tersebut,2,44,2,0.00582010582010582,0.0011574074074074073
Jewish,serikat dan,2,24,2,0.0031746031746031746,0.0011574074074074073
Jewish,sipil dan,2,20,2,0.0026455026455026454,0.0011574074074074073
Jewish,store temukan,2,27,2,0.0035714285714285713,0.0011574074074074073
Jewish,tak hanya,2,26,2,0.0034391534391534392,0.0011574074074074073
Jewish,tayyip erdogan,2,20,2,0.0026455026455026454,0.0011574074074074073
Jewish,temukan info,2,27,2,0.0035714285714285713,0.0011574074074074073
Jewish,terbaru lainnya,2,27,2,0.0035714285714285713,0.0011574074074074073
Jewish,terbesar di,2,29,2,0.003835978835978836,0.0011574074074074073
Jewish,terhadap rakyat,2,37,2,0.004894179894179894,0.0011574074074074073
Jewish,terjadi antara,2,22,2,0.00291005291005291,0.0011574074074074073
Jewish,tersebut dan,2,28,2,0.003703703703703704,0.0011574074074074073
Jewish,terupdate lainnya,2,25,2,0.0033068783068783067,0.0011574074074074073
Jewish,terus berlanjut,2,39,2,0.005158730158730159,0.0011574074074074073
Jewish,tewas akibat,2,67,2,0.008862433862433862,0.0011574074074074073
Jewish,times sekarang,2,26,2,0.0034391534391534392,0.0011574074074074073
Jewish,times world,2,22,2,0.00291005291005291,0.0011574074074074073
Jewish,to the,2,26,2,0.0034391534391534392,0.0011574074074074073
Jewish,trending viral,2,26,2,0.0034391534391534392,0.0011574074074074073
Jewish,untuk membela,2,26,2,0.0034391534391534392,0.0011574074074074073
Jewish,utara gaza,2,24,2,0.0031746031746031746,0.0011574074074074073
Jewish,video idntimes,2,26,2,0.0034391534391534392,0.0011574074074074073
Jewish,vs hamas,2,48,2,0.006349206349206349,0.0011574074074074073
Jewish,we love,2,40,2,0.005291005291005291,0.0011574074074074073
Jewish,wilayah gaza,2,44,2,0.00582010582010582,0.0011574074074074073
Jewish,wilayah tersebut,2,41,2,0.005423280423280424,0.0011574074074074073
Jewish,wilayah yang,2,24,2,0.0031746031746031746,0.0011574074074074073
Jewish,world news,2,24,2,0.0031746031746031746,0.0011574074074074073
Jewish,yang berada,2,37,2,0.004894179894179894,0.0011574074074074073
Jewish,yang diduduki,2,23,2,0.0030423280423280425,0.0011574074074074073
Jewish,yang lalu,2,29,2,0.003835978835978836,0.0011574074074074073
Jewish,yang sama,2,46,2,0.006084656084656085,0.0011574074074074073
Jewish,yang terus,2,26,2,0.0034391534391534392,0.0011574074074074073
Jewish,yang tewas,2,44,2,0.00582010582010582,0.0011574074074074073
Jewish,you taehyung,2,31,2,0.0041005291005291,0.0011574074074074073
Jewish,yummy idn,2,26,2,0.0034391534391534392,0.0011574074074074073
Jewish,zionis itu,2,20,2,0.0026455026455026454,0.0011574074074074073
Jewish,2023 lalu,2,23,1,0.0030423280423280425,0.0005787037037037037
Jewish,2023 result,2,29,1,0.003835978835978836,0.0005787037037037037
Jewish,3 juta,2,21,1,0.002777777777777778,0.0005787037037037037
Jewish,500 orang,2,35,1,0.004629629629629629,0.0005787037037037037
Jewish,al fatih,2,22,1,0.00291005291005291,0.0005787037037037037
Jewish,antara hamas,2,22,1,0.00291005291005291,0.0005787037037037037
Jewish,apa pun,2,27,1,0.0035714285714285713,0.0005787037037037037
Jewish,bagian utara,2,20,1,0.0026455026455026454,0.0005787037037037037
Jewish,bangsa pbb,2,24,1,0.0031746031746031746,0.0005787037037037037
Jewish,bantuan kepada,2,24,1,0.0031746031746031746,0.0005787037037037037
Jewish,besar palestina,2,26,1,0.0034391534391534392,0.0005787037037037037
Jewish,buka suara,2,25,1,0.0033068783068783067,0.0005787037037037037
Jewish,dalam pernyataannya,2,23,1,0.0030423280423280425,0.0005787037037037037
Jewish,dalam waktu,2,23,1,0.0030423280423280425,0.0005787037037037037
Jewish,dan terluka,2,20,1,0.0026455026455026454,0.0005787037037037037
Jewish,dari serangan,2,36,1,0.004761904761904762,0.0005787037037037037
Jewish,di link,2,20,1,0.0026455026455026454,0.0005787037037037037
Jewish,di tel,2,20,1,0.0026455026455026454,0.0005787037037037037
Jewish,dianggap sebagai,2,22,1,0.00291005291005291,0.0005787037037037037
Jewish,g o,2,21,1,0.002777777777777778,0.0005787037037037037
Jewish,gaza kata,2,22,1,0.00291005291005291,0.0005787037037037037
Jewish,han hyo,2,27,1,0.0035714285714285713,0.0005787037037037037
Jewish,harga minyak,2,20,1,0.0026455026455026454,0.0005787037037037037
Jewish,hasil pengeluaran,2,23,1,0.0030423280423280425,0.0005787037037037037
Jewish,hyo joo,2,27,1,0.0035714285714285713,0.0005787037037037037
Jewish,indonesia yang,2,39,1,0.005158730158730159,0.0005787037037037037
Jewish,ini merupakan,2,27,1,0.0035714285714285713,0.0005787037037037037
Jewish,ini terjadi,2,20,1,0.0026455026455026454,0.0005787037037037037
Jewish,israel jika,2,21,1,0.002777777777777778,0.0005787037037037037
Jewish,israel pools,2,39,1,0.005158730158730159,0.0005787037037037037
Jewish,israel tewas,2,28,1,0.003703703703703704,0.0005787037037037037
Jewish,ke negara,2,21,1,0.002777777777777778,0.0005787037037037037
Jewish,kesehatan di,2,20,1,0.0026455026455026454,0.0005787037037037037
Jewish,kesehatan gaza,2,21,1,0.002777777777777778,0.0005787037037037037
Jewish,kesehatan palestina,2,34,1,0.004497354497354497,0.0005787037037037037
Jewish,ketua umum,2,21,1,0.002777777777777778,0.0005787037037037037
Jewish,kiai thoifur,2,50,1,0.006613756613756613,0.0005787037037037037
Jewish,konflik antara,2,50,1,0.006613756613756613,0.0005787037037037037
Jewish,korban serangan,2,29,1,0.003835978835978836,0.0005787037037037037
Jewish,korban sipil,2,23,1,0.0030423280423280425,0.0005787037037037037
Jewish,lebih lanjut,2,34,1,0.004497354497354497,0.0005787037037037037
Jewish,mba taylor,2,25,1,0.0033068783068783067,0.0005787037037037037
Jewish,memberikan bantuan,2,24,1,0.0031746031746031746,0.0005787037037037037
Jewish,muhammad al,2,24,1,0.0031746031746031746,0.0005787037037037037
Jewish,o a,2,21,1,0.002777777777777778,0.0005787037037037037
Jewish,pada jumat,2,34,1,0.004497354497354497,0.0005787037037037037
Jewish,palestina juga,2,22,1,0.00291005291005291,0.0005787037037037037
Jewish,palestina pada,2,30,1,0.003968253968253968,0.0005787037037037037
Jewish,palestina telah,2,20,1,0.0026455026455026454,0.0005787037037037037
Jewish,palestina vs,2,23,1,0.0030423280423280425,0.0005787037037037037
Jewish,para pemimpin,2,32,1,0.004232804232804233,0.0005787037037037037
Jewish,pbb untuk,2,27,1,0.0035714285714285713,0.0005787037037037037
Jewish,pengeluaran israel,2,29,1,0.003835978835978836,0.0005787037037037037
Jewish,perang ini,2,21,1,0.002777777777777778,0.0005787037037037037
Jewish,perang melawan,2,20,1,0.0026455026455026454,0.0005787037037037037
Jewish,pools hari,2,25,1,0.0033068783068783067,0.0005787037037037037
Jewish,produk terafiliasi,2,23,1,0.0030423280423280425,0.0005787037037037037
Jewish,ratih syailendra,2,20,1,0.0026455026455026454,0.0005787037037037037
Jewish,sandera yang,2,26,1,0.0034391534391534392,0.0005787037037037037
Jewish,sebuah pernyataan,2,31,1,0.0041005291005291,0.0005787037037037037
Jewish,serangan balasan,2,25,1,0.0033068783068783067,0.0005787037037037037
Jewish,serangan yang,2,38,1,0.0050264550264550265,0.0005787037037037037
Jewish,seruan boikot,2,27,1,0.0035714285714285713,0.0005787037037037037
Jewish,spek voc,2,21,1,0.002777777777777778,0.0005787037037037037
Jewish,tempat tinggal,2,22,1,0.00291005291005291,0.0005787037037037037
Jewish,tempur israel,2,33,1,0.004365079365079365,0.0005787037037037037
Jewish,terafiliasi israel,2,28,1,0.003703703703703704,0.0005787037037037037
Jewish,terhadap hamas,2,26,1,0.0034391534391534392,0.0005787037037037037
Jewish,tewas di,2,32,1,0.004232804232804233,0.0005787037037037037
Jewish,udara dan,2,23,1,0.0030423280423280425,0.0005787037037037037
Jewish,untuk indonesia,2,24,1,0.0031746031746031746,0.0005787037037037037
Jewish,untuk menyerang,2,22,1,0.00291005291005291,0.0005787037037037037
Jewish,wilayah israel,2,39,1,0.005158730158730159,0.0005787037037037037
Jewish,yang dapat,2,25,1,0.0033068783068783067,0.0005787037037037037
Jewish,yang diduga,2,22,1,0.00291005291005291,0.0005787037037037037
Jewish,yang juga,2,20,1,0.0026455026455026454,0.0005787037037037037
Jewish,yang menewaskan,2,27,1,0.0035714285714285713,0.0005787037037037037
Jewish,000 warga,2,28,0,0.003703703703703704,0.0
Jewish,165 ribu,2,29,0,0.003835978835978836,0.0
Jewish,200 orang,2,21,0,0.002777777777777778,0.0
Jewish,afrika selatan,2,21,0,0.002777777777777778,0.0
Jewish,anies retweet,2,20,0,0.0026455026455026454,0.0
Jewish,antonio salazar,2,26,0,0.0034391534391534392,0.0
Jewish,brutal israel,2,22,0,0.00291005291005291,0.0
Jewish,centang biru,2,32,0,0.004232804232804233,0.0
Jewish,daerah kantong,2,23,0,0.0030423280423280425,0.0
Jewish,daftar produk,2,20,0,0.0026455026455026454,0.0
Jewish,dalam topik,2,26,0,0.0034391534391534392,0.0
Jewish,darat di,2,23,0,0.0030423280423280425,0.0
Jewish,di dekat,2,39,0,0.005158730158730159,0.0
Jewish,dini hari,2,27,0,0.0035714285714285713,0.0
Jewish,dukungan untuk,2,29,0,0.003835978835978836,0.0
Jewish,invasi darat,2,22,0,0.00291005291005291,0.0
Jewish,israel antonio,2,26,0,0.0034391534391534392,0.0
Jewish,israel selatan,2,20,0,0.0026455026455026454,0.0
Jewish,jelas melanggar,2,20,0,0.0026455026455026454,0.0
Jewish,joo hyuk,2,24,0,0.0031746031746031746,0.0
Jewish,jt posts,2,24,0,0.0031746031746031746,0.0
Jewish,kelompok perlawanan,2,20,0,0.0026455026455026454,0.0
Jewish,kepada palestina,2,28,0,0.003703703703703704,0.0
Jewish,kim jong,2,20,0,0.0026455026455026454,0.0
Jewish,link daftar,2,23,0,0.0030423280423280425,0.0
Jewish,memutuskan untuk,2,23,0,0.0030423280423280425,0.0
Jewish,menangkan rp,2,29,0,0.003835978835978836,0.0
Jewish,menurut laporan,2,23,0,0.0030423280423280425,0.0
Jewish,mer c,2,30,0,0.003968253968253968,0.0
Jewish,militan hamas,2,42,0,0.005555555555555556,0.0
Jewish,nam joo,2,25,0,0.0033068783068783067,0.0
Jewish,pada minggu,2,29,0,0.003835978835978836,0.0
Jewish,park jimin,2,24,0,0.0031746031746031746,0.0
Jewish,perlawanan palestina,2,34,0,0.004497354497354497,0.0
Jewish,politik dan,2,20,0,0.0026455026455026454,0.0
Jewish,populer israel,2,21,0,0.002777777777777778,0.0
Jewish,posts sedang,2,26,0,0.0034391534391534392,0.0
Jewish,prince mateen,2,20,0,0.0026455026455026454,0.0
Jewish,retweet untuk,2,29,0,0.003835978835978836,0.0
Jewish,ribu centang,2,29,0,0.003835978835978836,0.0
Jewish,rp 165,2,29,0,0.003835978835978836,0.0
Jewish,salazar rivro,2,26,0,0.0034391534391534392,0.0
Jewish,sedang tren,2,26,0,0.0034391534391534392,0.0
Jewish,sekitar rumah,2,24,0,0.0031746031746031746,0.0
Jewish,september 2023,2,22,0,0.00291005291005291,0.0
Jewish,serangan bom,2,30,0,0.003968253968253968,0.0
Jewish,shifa di,2,37,0,0.004894179894179894,0.0
Jewish,solusi dua,2,23,0,0.0030423280423280425,0.0
Jewish,topik indonesia,2,26,0,0.0034391534391534392,0.0
Jewish,tren dalam,2,26,0,0.0034391534391534392,0.0
Jewish,udara ke,2,20,0,0.0026455026455026454,0.0
Jewish,ulamankridukungganjar jkt48sayonaracrawl,2,21,0,0.002777777777777778,0.0
Jewish,untuk menangkan,2,29,0,0.003835978835978836,0.0
Jewish,yang berani,2,22,0,0.00291005291005291,0.0
Jewish,yang ditahan,2,22,0,0.00291005291005291,0.0
Kristen,orang kristen,2,67,20,0.0475177304964539,0.10869565217391304
Kristen,umat kristen,2,74,17,0.0524822695035461,0.09239130434782608
Kristen,kristen di,2,47,11,0.03333333333333333,0.059782608695652176
Kristen,di gaza,2,39,9,0.027659574468085105,0.04891304347826087
Kristen,agama kristen,2,79,8,0.05602836879432624,0.043478260869565216
Kristen,di indonesia,2,53,8,0.0375886524822695,0.043478260869565216
Kristen,kristen yang,2,36,7,0.02553191489361702,0.03804347826086957
Kristen,orang yang,2,43,7,0.03049645390070922,0.03804347826086957
Kristen,tidak ada,2,35,5,0.024822695035460994,0.02717391304347826
Kristen,umat katolik,2,40,5,0.028368794326241134,0.02717391304347826
Kristen,yang ada,2,24,4,0.01702127659574468,0.021739130434782608
Kristen,hari ini,2,48,3,0.03404255319148936,0.016304347826086956
Kristen,https t,2,54,3,0.03829787234042553,0.016304347826086956
Kristen,katolik dan,2,21,3,0.014893617021276596,0.016304347826086956
Kristen,orang orang,2,33,3,0.023404255319148935,0.016304347826086956
Kristen,saat ini,2,31,3,0.02198581560283688,0.016304347826086956
Kristen,salah satu,2,41,3,0.029078014184397163,0.016304347826086956
Kristen,t co,2,54,3,0.03829787234042553,0.016304347826086956
Kristen,yang beragama,2,26,3,0.018439716312056736,0.016304347826086956
Kristen,10 2023,2,24,2,0.01702127659574468,0.010869565217391304
Kristen,apa yang,2,23,2,0.016312056737588652,0.010869565217391304
Kristen,beragama kristen,2,43,2,0.03049645390070922,0.010869565217391304
Kristen,berasal dari,2,21,2,0.014893617021276596,0.010869565217391304
Kristen,di bawah,2,22,2,0.015602836879432624,0.010869565217391304
Kristen,di dunia,2,26,2,0.018439716312056736,0.010869565217391304
Kristen,di kota,2,23,2,0.016312056737588652,0.010869565217391304
Kristen,kali ini,2,22,2,0.015602836879432624,0.010869565217391304
Kristen,katolik di,2,44,2,0.031205673758865248,0.010869565217391304
Kristen,kristen dan,2,44,2,0.031205673758865248,0.010869565217391304
Kristen,kristen protestan,2,29,2,0.02056737588652482,0.010869565217391304
Kristen,selengkapnya di,2,21,2,0.014893617021276596,0.010869565217391304
Kristen,semua orang,2,24,2,0.01702127659574468,0.010869565217391304
Kristen,tuhan yesus,2,25,2,0.01773049645390071,0.010869565217391304
Kristen,ada di,2,25,1,0.01773049645390071,0.005434782608695652
Kristen,berada di,2,20,1,0.014184397163120567,0.005434782608695652
Kristen,dan katolik,2,21,1,0.014893617021276596,0.005434782608695652
Kristen,di gereja,2,58,1,0.04113475177304964,0.005434782608695652
Kristen,di universitas,2,34,1,0.024113475177304965,0.005434782608695652
Kristen,di wilayah,2,22,1,0.015602836879432624,0.005434782608695652
Kristen,ganjar pranowo,2,73,1,0.05177304964539007,0.005434782608695652
Kristen,gereja katolik,2,123,1,0.08723404255319149,0.005434782608695652
Kristen,hal ini,2,21,1,0.014893617021276596,0.005434782608695652
Kristen,katolik parahyangan,2,28,1,0.019858156028368795,0.005434782608695652
Kristen,kristen indonesia,2,37,1,0.02624113475177305,0.005434782608695652
Kristen,kristen katolik,2,20,1,0.014184397163120567,0.005434782608695652
Kristen,lebih dari,2,26,1,0.018439716312056736,0.005434782608695652
Kristen,luar biasa,2,21,1,0.014893617021276596,0.005434782608695652
Kristen,pada hari,2,20,1,0.014184397163120567,0.005434782608695652
Kristen,paus fransiskus,2,25,1,0.01773049645390071,0.005434782608695652
Kristen,renungan harian,2,30,1,0.02127659574468085,0.005434782608695652
Kristen,universitas katolik,2,51,1,0.036170212765957444,0.005434782608695652
Kristen,yang akan,2,31,1,0.02198581560283688,0.005434782608695652
Kristen,yang tidak,2,30,1,0.02127659574468085,0.005434782608695652
Kristen,yesus kristus,2,26,1,0.018439716312056736,0.005434782608695652
Kristen,00 wib,2,29,0,0.02056737588652482,0.0
Kristen,12 2023,2,28,0,0.019858156028368795,0.0
Kristen,agama katolik,2,26,0,0.018439716312056736,0.0
Kristen,dalam rangka,2,22,0,0.015602836879432624,0.0
Kristen,desember 2023,2,35,0,0.024822695035460994,0.0
Kristen,di dalam,2,25,0,0.01773049645390071,0.0
Kristen,gereja kristen,2,44,0,0.031205673758865248,0.0
Kristen,hal itu,2,21,0,0.014893617021276596,0.0
Kristen,januari 2024,2,34,0,0.024113475177304965,0.0
Kristen,jawa tengah,2,24,0,0.01702127659574468,0.0
Kristen,katolik indonesia,2,20,0,0.014184397163120567,0.0
Kristen,katolik santo,2,22,0,0.015602836879432624,0.0
Kristen,kristen maranatha,2,41,0,0.029078014184397163,0.0
Kristen,kuliah umum,2,26,0,0.018439716312056736,0.0
Kristen,natal 2023,2,23,0,0.016312056737588652,0.0
Kristen,oktober 2023,2,24,0,0.01702127659574468,0.0
Kristen,perayaan natal,2,35,0,0.024822695035460994,0.0
Kristen,tahun 2023,2,25,0,0.01773049645390071,0.0
Kristen,tahun baru,2,26,0,0.018439716312056736,0.0
Kristen,terima kasih,2,33,0,0.023404255319148935,0.0
Kristen,tidak bisa,2,24,0,0.01702127659574468,0.0
Kristen,umum di,2,20,0,0.014184397163120567,0.0
Kristen,universitas kristen,2,71,0,0.05035460992907802,0.0
Kristen,yang telah,2,26,0,0.018439716312056736,0.0
LGBTQ+,15 m,2,46,17,0.07666666666666666,0.05329153605015674
LGBTQ+,https t,2,38,8,0.06333333333333334,0.025078369905956112
LGBTQ+,t co,2,38,8,0.06333333333333334,0.025078369905956112
LGBTQ+,kami muak,2,30,6,0.05,0.018808777429467086
LGBTQ+,chris martin,2,34,5,0.056666666666666664,0.01567398119122257
LGBTQ+,fix you,2,36,5,0.06,0.01567398119122257
LGBTQ+,willy dozan,2,32,5,0.05333333333333334,0.01567398119122257
LGBTQ+,bu mega,2,25,4,0.041666666666666664,0.012539184952978056
LGBTQ+,no 3,2,35,4,0.058333333333333334,0.012539184952978056
LGBTQ+,la vida,2,26,3,0.043333333333333335,0.009404388714733543
LGBTQ+,viva la,2,26,3,0.043333333333333335,0.009404388714733543
LGBTQ+,my universe,2,28,2,0.04666666666666667,0.006269592476489028
Rohingya,imigran yaman,2,17,25,0.010685103708359522,0.1724137931034483
Rohingya,pengungsi rohingya,2,638,18,0.4010056568196103,0.12413793103448276
Rohingya,https t,2,185,14,0.11627906976744186,0.09655172413793103
Rohingya,t co,2,185,14,0.11627906976744186,0.09655172413793103
Rohingya,para pengungsi,2,231,8,0.1451917033312382,0.05517241379310345
Rohingya,kamp pengungsi,2,64,7,0.04022627278441232,0.04827586206896552
Rohingya,rumah sakit,2,54,7,0.0339409176618479,0.04827586206896552
Rohingya,di aceh,2,258,5,0.16216216216216217,0.034482758620689655
Rohingya,di gaza,2,57,5,0.035826524198617225,0.034482758620689655
Rohingya,di indonesia,2,113,5,0.071024512884978,0.034482758620689655
Rohingya,tidak ada,2,67,5,0.04211187932118165,0.034482758620689655
Rohingya,anak anak,2,64,4,0.04022627278441232,0.027586206896551724
Rohingya,bab sembarangan,2,22,4,0.013827781269641735,0.027586206896551724
Rohingya,dan tidak,2,23,4,0.014456316781898177,0.027586206896551724
Rohingya,imigran gelap,2,52,4,0.03268384663733501,0.027586206896551724
Rohingya,mereka adalah,2,30,4,0.018856065367693273,0.027586206896551724
Rohingya,pengungsi di,2,65,4,0.04085480829666876,0.027586206896551724
Rohingya,rohingya dari,2,47,4,0.0295411690760528,0.027586206896551724
Rohingya,rohingya di,2,275,4,0.17284726587052168,0.027586206896551724
Rohingya,aceh yang,2,73,3,0.0458830923947203,0.020689655172413793
Rohingya,asam sulfat,2,23,3,0.014456316781898177,0.020689655172413793
Rohingya,di kamp,2,41,3,0.025769956002514142,0.020689655172413793
Rohingya,di palestina,2,21,3,0.013199245757385292,0.020689655172413793
Rohingya,di sana,2,30,3,0.018856065367693273,0.020689655172413793
Rohingya,etnis rohingya,2,182,3,0.11439346323067254,0.020689655172413793
Rohingya,itu tidak,2,21,3,0.013199245757385292,0.020689655172413793
Rohingya,ke indonesia,2,102,3,0.06411062225015714,0.020689655172413793
Rohingya,ke negara,2,54,3,0.0339409176618479,0.020689655172413793
Rohingya,lebih dari,2,53,3,0.03331238214959145,0.020689655172413793
Rohingya,orang orang,2,60,3,0.03771213073538655,0.020689655172413793
Rohingya,pengungsi yang,2,60,3,0.03771213073538655,0.020689655172413793
Rohingya,rohingya itu,2,88,3,0.05531112507856694,0.020689655172413793
Rohingya,tiba di,2,54,3,0.0339409176618479,0.020689655172413793
Rohingya,yang dilakukan,2,41,3,0.025769956002514142,0.020689655172413793
Rohingya,di jalur,2,31,2,0.01948460087994972,0.013793103448275862
Rohingya,imigran rohingya,2,119,2,0.07479572595851666,0.013793103448275862
Rohingya,ini sudah,2,30,2,0.018856065367693273,0.013793103448275862
Rohingya,jalur gaza,2,41,2,0.025769956002514142,0.013793103448275862
Rohingya,orang rohingya,2,41,2,0.025769956002514142,0.013793103448275862
Rohingya,pengungsi itu,2,63,2,0.039597737272155875,0.013793103448275862
Rohingya,pengungsi palestina,2,42,2,0.026398491514770583,0.013793103448275862
Rohingya,rakyat aceh,2,43,2,0.02702702702702703,0.013793103448275862
Rohingya,ratusan pengungsi,2,31,2,0.01948460087994972,0.013793103448275862
Rohingya,rohingya yang,2,265,2,0.16656191074795726,0.013793103448275862
Rohingya,saat ini,2,128,2,0.08045254556882464,0.013793103448275862
Rohingya,salah satu,2,81,2,0.05091137649277184,0.013793103448275862
Rohingya,serangan udara,2,25,2,0.01571338780641106,0.013793103448275862
Rohingya,tidak bisa,2,72,2,0.04525455688246386,0.013793103448275862
Rohingya,unhcr dan,2,33,2,0.020741671904462602,0.013793103448275862
Rohingya,warga palestina,2,32,2,0.02011313639220616,0.013793103448275862
Rohingya,warga setempat,2,28,2,0.01759899434318039,0.013793103448275862
Rohingya,yang menjadi,2,24,2,0.01508485229415462,0.013793103448275862
Rohingya,yang tidak,2,55,2,0.034569453174104335,0.013793103448275862
Rohingya,1 2024,2,37,1,0.023255813953488372,0.006896551724137931
Rohingya,12 2023,2,165,1,0.10370835952231301,0.006896551724137931
Rohingya,2023 12,2,24,1,0.01508485229415462,0.006896551724137931
Rohingya,aceh dan,2,21,1,0.013199245757385292,0.006896551724137931
Rohingya,aceh yara,2,33,1,0.020741671904462602,0.006896551724137931
Rohingya,ada di,2,53,1,0.03331238214959145,0.006896551724137931
Rohingya,advokasi rakyat,2,33,1,0.020741671904462602,0.006896551724137931
Rohingya,aksi pengusiran,2,21,1,0.013199245757385292,0.006896551724137931
Rohingya,banda aceh,2,183,1,0.11502199874292897,0.006896551724137931
Rohingya,berada di,2,85,1,0.05342551854179761,0.006896551724137931
Rohingya,bertanggung jawab,2,30,1,0.018856065367693273,0.006896551724137931
Rohingya,datang ke,2,45,1,0.028284098051539912,0.006896551724137931
Rohingya,desember 2023,2,95,1,0.059710873664362035,0.006896551724137931
Rohingya,di https,2,46,1,0.028912633563796353,0.006896551724137931
Rohingya,di kawasan,2,20,1,0.01257071024512885,0.006896551724137931
Rohingya,di laut,2,26,1,0.016341923318667503,0.006896551724137931
Rohingya,di tempat,2,30,1,0.018856065367693273,0.006896551724137931
Rohingya,di wilayah,2,64,1,0.04022627278441232,0.006896551724137931
Rohingya,dilansir dari,2,22,1,0.013827781269641735,0.006896551724137931
Rohingya,ganjar pranowo,2,22,1,0.013827781269641735,0.006896551724137931
Rohingya,gelap rohingya,2,21,1,0.013199245757385292,0.006896551724137931
Rohingya,hal ini,2,36,1,0.02262727844123193,0.006896551724137931
Rohingya,hal tersebut,2,33,1,0.020741671904462602,0.006896551724137931
Rohingya,https www,2,60,1,0.03771213073538655,0.006896551724137931
Rohingya,indonesia untuk,2,30,1,0.018856065367693273,0.006896551724137931
Rohingya,ini tidak,2,21,1,0.013199245757385292,0.006896551724137931
Rohingya,itu adalah,2,20,1,0.01257071024512885,0.006896551724137931
Rohingya,kabupaten pidie,2,28,1,0.01759899434318039,0.006896551724137931
Rohingya,kalian guys,2,20,1,0.01257071024512885,0.006896551724137931
Rohingya,kedatangan pengungsi,2,49,1,0.030798240100565682,0.006896551724137931
Rohingya,ketua yara,2,27,1,0.01697045883092395,0.006896551724137931
Rohingya,kita harus,2,20,1,0.01257071024512885,0.006896551724137931
Rohingya,konvensi pengungsi,2,20,1,0.01257071024512885,0.006896551724137931
Rohingya,laki laki,2,38,1,0.023884349465744813,0.006896551724137931
Rohingya,luar negeri,2,24,1,0.01508485229415462,0.006896551724137931
Rohingya,mahasiswa di,2,20,1,0.01257071024512885,0.006896551724137931
Rohingya,mahfud md,2,42,1,0.026398491514770583,0.006896551724137931
Rohingya,masyarakat aceh,2,42,1,0.026398491514770583,0.006896551724137931
Rohingya,melakukan aksi,2,32,1,0.02011313639220616,0.006896551724137931
Rohingya,memberikan bantuan,2,21,1,0.013199245757385292,0.006896551724137931
Rohingya,menampung pengungsi,2,41,1,0.025769956002514142,0.006896551724137931
Rohingya,mereka datang,2,20,1,0.01257071024512885,0.006896551724137931
Rohingya,mereka di,2,21,1,0.013199245757385292,0.006896551724137931
Rohingya,mereka yang,2,28,1,0.01759899434318039,0.006896551724137931
Rohingya,negara indonesia,2,33,1,0.020741671904462602,0.006896551724137931
Rohingya,paksa pengungsi,2,24,1,0.01508485229415462,0.006896551724137931
Rohingya,para imigran,2,47,1,0.0295411690760528,0.006896551724137931
Rohingya,pengungsi ini,2,32,1,0.02011313639220616,0.006896551724137931
Rohingya,pengungsi tersebut,2,46,1,0.028912633563796353,0.006896551724137931
Rohingya,rohingya bisa,2,21,1,0.013199245757385292,0.006896551724137931
Rohingya,rohingya dan,2,41,1,0.025769956002514142,0.006896551724137931
Rohingya,rohingya ini,2,54,1,0.0339409176618479,0.006896551724137931
Rohingya,rohingya ke,2,97,1,0.06096794468887492,0.006896551724137931
Rohingya,rohingya masuk,2,22,1,0.013827781269641735,0.006896551724137931
Rohingya,rohingya tidak,2,28,1,0.01759899434318039,0.006896551724137931
Rohingya,safaruddin sh,2,24,1,0.01508485229415462,0.006896551724137931
Rohingya,selama ini,2,20,1,0.01257071024512885,0.006896551724137931
Rohingya,selengkapnya di,2,78,1,0.04902576995600252,0.006896551724137931
Rohingya,sementara di,2,39,1,0.02451288497800126,0.006896551724137931
Rohingya,serangan israel,2,29,1,0.018227529855436832,0.006896551724137931
Rohingya,tahun 2016,2,20,1,0.01257071024512885,0.006896551724137931
Rohingya,tampung pengungsi,2,21,1,0.013199245757385292,0.006896551724137931
Rohingya,tempat pengungsian,2,27,1,0.01697045883092395,0.006896551724137931
Rohingya,terhadap pengungsi,2,41,1,0.025769956002514142,0.006896551724137931
Rohingya,tidak memiliki,2,23,1,0.014456316781898177,0.006896551724137931
Rohingya,tribunnews com,2,27,1,0.01697045883092395,0.006896551724137931
Rohingya,warga aceh,2,40,1,0.0251414204902577,0.006896551724137931
Rohingya,warga rohingya,2,65,1,0.04085480829666876,0.006896551724137931
Rohingya,yang ada,2,35,1,0.02199874292897549,0.006896551724137931
Rohingya,yang berada,2,38,1,0.023884349465744813,0.006896551724137931
Rohingya,yang kini,2,29,1,0.018227529855436832,0.006896551724137931
Rohingya,yang lebih,2,24,1,0.01508485229415462,0.006896551724137931
Rohingya,yang saat,2,20,1,0.01257071024512885,0.006896551724137931
Rohingya,yara safaruddin,2,30,1,0.018856065367693273,0.006896551724137931
Rohingya,yayasan advokasi,2,33,1,0.020741671904462602,0.006896551724137931
Rohingya,10 12,2,21,0,0.013199245757385292,0.0
Rohingya,14 12,2,23,0,0.014456316781898177,0.0
Rohingya,15 12,2,27,0,0.01697045883092395,0.0
Rohingya,22 12,2,25,0,0.01571338780641106,0.0
Rohingya,27 12,2,44,0,0.02765556253928347,0.0
Rohingya,28 12,2,45,0,0.028284098051539912,0.0
Rohingya,aceh besar,2,62,0,0.03896920175989944,0.0
Rohingya,aceh bma,2,68,0,0.04274041483343809,0.0
Rohingya,aceh di,2,30,0,0.018856065367693273,0.0
Rohingya,aceh kombes,2,28,0,0.01759899434318039,0.0
Rohingya,aceh kompol,2,25,0,0.01571338780641106,0.0
Rohingya,aceh namun,2,21,0,0.013199245757385292,0.0
Rohingya,aceh pada,2,34,0,0.021370207416719043,0.0
Rohingya,aceh tidak,2,22,0,0.013827781269641735,0.0
Rohingya,aceh timur,2,44,0,0.02765556253928347,0.0
Rohingya,aceh untuk,2,31,0,0.01948460087994972,0.0
Rohingya,ada yang,2,34,0,0.021370207416719043,0.0
Rohingya,ajnn net,2,28,0,0.01759899434318039,0.0
Rohingya,aksi mahasiswa,2,20,0,0.01257071024512885,0.0
Rohingya,aksi penolakan,2,20,0,0.01257071024512885,0.0
Rohingya,baca selengkapnya,2,20,0,0.01257071024512885,0.0
Rohingya,bagi pengungsi,2,35,0,0.02199874292897549,0.0
Rohingya,balai meuseuraya,2,54,0,0.0339409176618479,0.0
Rohingya,balee meuseuraya,2,20,0,0.01257071024512885,0.0
Rohingya,bazar bangladesh,2,20,0,0.01257071024512885,0.0
Rohingya,belum ada,2,28,0,0.01759899434318039,0.0
Rohingya,berangkat dari,2,31,0,0.01948460087994972,0.0
Rohingya,berita selengkapnya,2,25,0,0.01571338780641106,0.0
Rohingya,berkoordinasi dengan,2,25,0,0.01571338780641106,0.0
Rohingya,bma banda,2,27,0,0.01697045883092395,0.0
Rohingya,commissioner for,2,23,0,0.014456316781898177,0.0
Rohingya,cox s,2,28,0,0.01759899434318039,0.0
Rohingya,dalam kasus,2,21,0,0.013199245757385292,0.0
Rohingya,dan keamanan,2,21,0,0.013199245757385292,0.0
Rohingya,dan sebagainya,2,20,0,0.01257071024512885,0.0
Rohingya,dari bangladesh,2,44,0,0.02765556253928347,0.0
Rohingya,dari hasil,2,21,0,0.013199245757385292,0.0
Rohingya,dari mereka,2,20,0,0.01257071024512885,0.0
Rohingya,dari pemerintah,2,23,0,0.014456316781898177,0.0
Rohingya,deli serdang,2,21,0,0.013199245757385292,0.0
Rohingya,di balai,2,42,0,0.026398491514770583,0.0
Rohingya,di banda,2,44,0,0.02765556253928347,0.0
Rohingya,di bangladesh,2,24,0,0.01508485229415462,0.0
Rohingya,di bawah,2,21,0,0.013199245757385292,0.0
Rohingya,di beberapa,2,28,0,0.01759899434318039,0.0
Rohingya,di bma,2,30,0,0.018856065367693273,0.0
Rohingya,di dalam,2,24,0,0.01508485229415462,0.0
Rohingya,di desa,2,28,0,0.01759899434318039,0.0
Rohingya,di eropa,2,23,0,0.014456316781898177,0.0
Rohingya,di gedung,2,47,0,0.0295411690760528,0.0
Rohingya,di kabupaten,2,32,0,0.02011313639220616,0.0
Rohingya,di kota,2,43,0,0.02702702702702703,0.0
Rohingya,di lokasi,2,25,0,0.01571338780641106,0.0
Rohingya,di media,2,21,0,0.013199245757385292,0.0
Rohingya,di myanmar,2,23,0,0.014456316781898177,0.0
Rohingya,di negara,2,24,0,0.01508485229415462,0.0
Rohingya,di pantai,2,31,0,0.01948460087994972,0.0
Rohingya,di perairan,2,30,0,0.018856065367693273,0.0
Rohingya,di pesisir,2,29,0,0.018227529855436832,0.0
Rohingya,di sini,2,29,0,0.018227529855436832,0.0
Rohingya,di tengah,2,22,0,0.013827781269641735,0.0
Rohingya,dikutip dari,2,48,0,0.03016970458830924,0.0
Rohingya,dilakukan oleh,2,22,0,0.013827781269641735,0.0
Rohingya,diri dari,2,20,0,0.01257071024512885,0.0
Rohingya,ditampung di,2,56,0,0.03519798868636078,0.0
Rohingya,ditempatkan di,2,24,0,0.01508485229415462,0.0
Rohingya,fakta indo,2,29,0,0.018227529855436832,0.0
Rohingya,for refugees,2,20,0,0.01257071024512885,0.0
Rohingya,gedung balai,2,21,0,0.013199245757385292,0.0
Rohingya,gubernur aceh,2,26,0,0.016341923318667503,0.0
Rohingya,hal itu,2,50,0,0.03142677561282212,0.0
Rohingya,hari ini,2,49,0,0.030798240100565682,0.0
Rohingya,high commissioner,2,23,0,0.014456316781898177,0.0
Rohingya,hukum dan,2,32,0,0.02011313639220616,0.0
Rohingya,imigran ilegal,2,20,0,0.01257071024512885,0.0
Rohingya,indonesia dengan,2,25,0,0.01571338780641106,0.0
Rohingya,ini masih,2,20,0,0.01257071024512885,0.0
Rohingya,januari 2024,2,40,0,0.0251414204902577,0.0
Rohingya,jawa timur,2,30,0,0.018856065367693273,0.0
Rohingya,juga harus,2,25,0,0.01571338780641106,0.0
Rohingya,juga tidak,2,29,0,0.018227529855436832,0.0
Rohingya,jumat 15,2,33,0,0.020741671904462602,0.0
Rohingya,jumat 22,2,27,0,0.01697045883092395,0.0
Rohingya,jumlah pengungsi,2,24,0,0.01508485229415462,0.0
Rohingya,jusuf kalla,2,28,0,0.01759899434318039,0.0
Rohingya,kabupaten aceh,2,24,0,0.01508485229415462,0.0
Rohingya,kamis 14,2,22,0,0.013827781269641735,0.0
Rohingya,kamis 28,2,46,0,0.028912633563796353,0.0
Rohingya,kantor imigrasi,2,24,0,0.01508485229415462,0.0
Rohingya,kanwil kemenkumham,2,30,0,0.018856065367693273,0.0
Rohingya,kapal kayu,2,21,0,0.013199245757385292,0.0
Rohingya,kapal yang,2,49,0,0.030798240100565682,0.0
Rohingya,karena itu,2,36,0,0.02262727844123193,0.0
Rohingya,ke aceh,2,79,0,0.049654305468258955,0.0
Rohingya,ke kantor,2,30,0,0.018856065367693273,0.0
Rohingya,ke lokasi,2,21,0,0.013199245757385292,0.0
Rohingya,ke tempat,2,25,0,0.01571338780641106,0.0
Rohingya,ke wilayah,2,20,0,0.01257071024512885,0.0
Rohingya,kejadian tersebut,2,27,0,0.01697045883092395,0.0
Rohingya,kemanusiaan yang,2,33,0,0.020741671904462602,0.0
Rohingya,kembali ke,2,29,0,0.018227529855436832,0.0
Rohingya,kemenkumham aceh,2,40,0,0.0251414204902577,0.0
Rohingya,kepada para,2,21,0,0.013199245757385292,0.0
Rohingya,kepada wartawan,2,20,0,0.01257071024512885,0.0
Rohingya,koordinator bidang,2,25,0,0.01571338780641106,0.0
Rohingya,kota banda,2,20,0,0.01257071024512885,0.0
Rohingya,lokasi penampungan,2,30,0,0.018856065367693273,0.0
Rohingya,mahasiswa yang,2,21,0,0.013199245757385292,0.0
Rohingya,masuk ke,2,53,0,0.03331238214959145,0.0
Rohingya,masyarakat indonesia,2,20,0,0.01257071024512885,0.0
Rohingya,masyarakat setempat,2,21,0,0.013199245757385292,0.0
Rohingya,media sosial,2,20,0,0.01257071024512885,0.0
Rohingya,meminta pemerintah,2,20,0,0.01257071024512885,0.0
Rohingya,mencari pekerjaan,2,21,0,0.013199245757385292,0.0
Rohingya,mendarat di,2,76,0,0.04776869893148963,0.0
Rohingya,mengatakan bahwa,2,25,0,0.01571338780641106,0.0
Rohingya,menteri koordinator,2,25,0,0.01571338780641106,0.0
Rohingya,mereka tidak,2,34,0,0.021370207416719043,0.0
Rohingya,meuseuraya aceh,2,67,0,0.04211187932118165,0.0
Rohingya,minggu 10,2,23,0,0.014456316781898177,0.0
Rohingya,namun karena,2,22,0,0.013827781269641735,0.0
Rohingya,nations high,2,25,0,0.01571338780641106,0.0
Rohingya,negara lain,2,31,0,0.01948460087994972,0.0
Rohingya,negara negara,2,45,0,0.028284098051539912,0.0
Rohingya,nusa tenggara,2,21,0,0.013199245757385292,0.0
Rohingya,oleh karena,2,20,0,0.01257071024512885,0.0
Rohingya,orang di,2,22,0,0.013827781269641735,0.0
Rohingya,orang pengungsi,2,25,0,0.01571338780641106,0.0
Rohingya,orang yang,2,63,0,0.039597737272155875,0.0
Rohingya,pada minggu,2,25,0,0.01571338780641106,0.0
Rohingya,pada rabu,2,31,0,0.01948460087994972,0.0
Rohingya,pada tahun,2,20,0,0.01257071024512885,0.0
Rohingya,pbb untuk,2,21,0,0.013199245757385292,0.0
Rohingya,pemerintah aceh,2,20,0,0.01257071024512885,0.0
Rohingya,pemerintah daerah,2,21,0,0.013199245757385292,0.0
Rohingya,pemerintah indonesia,2,39,0,0.02451288497800126,0.0
Rohingya,pemerintah pusat,2,44,0,0.02765556253928347,0.0
Rohingya,pemilu 2024,2,22,0,0.013827781269641735,0.0
Rohingya,penampungan sementara,2,50,0,0.03142677561282212,0.0
Rohingya,penanganan pengungsi,2,32,0,0.02011313639220616,0.0
Rohingya,pengungsi dari,2,29,0,0.018227529855436832,0.0
Rohingya,pengungsi etnis,2,20,0,0.01257071024512885,0.0
Rohingya,pengungsi rohingnya,2,27,0,0.01697045883092395,0.0
Rohingya,pengusiran paksa,2,20,0,0.01257071024512885,0.0
Rohingya,penyelundupan manusia,2,29,0,0.018227529855436832,0.0
Rohingya,perdagangan orang,2,22,0,0.013827781269641735,0.0
Rohingya,perempuan dan,2,25,0,0.01571338780641106,0.0
Rohingya,pesisir pantai,2,20,0,0.01257071024512885,0.0
Rohingya,pihak kepolisian,2,21,0,0.013199245757385292,0.0
Rohingya,pihak terkait,2,20,0,0.01257071024512885,0.0
Rohingya,polresta banda,2,52,0,0.03268384663733501,0.0
Rohingya,provinsi aceh,2,31,0,0.01948460087994972,0.0
Rohingya,rabu 20,2,21,0,0.013199245757385292,0.0
Rohingya,rabu 27,2,55,0,0.034569453174104335,0.0
Rohingya,rohingya aceh,2,34,0,0.021370207416719043,0.0
Rohingya,rohingya dengan,2,20,0,0.01257071024512885,0.0
Rohingya,rohingya kembali,2,20,0,0.01257071024512885,0.0
Rohingya,rohingya merupakan,2,20,0,0.01257071024512885,0.0
Rohingya,rohingya tersebut,2,41,0,0.025769956002514142,0.0
Rohingya,rohingya untuk,2,28,0,0.01759899434318039,0.0
Rohingya,s bazar,2,28,0,0.01759899434318039,0.0
Rohingya,saat itu,2,23,0,0.014456316781898177,0.0
Rohingya,saya juga,2,23,0,0.014456316781898177,0.0
Rohingya,selain itu,2,40,0,0.0251414204902577,0.0
Rohingya,sementara itu,2,25,0,0.01571338780641106,0.0
Rohingya,seorang pengungsi,2,21,0,0.013199245757385292,0.0
Rohingya,soal pengungsi,2,20,0,0.01257071024512885,0.0
Rohingya,sumatera utara,2,39,0,0.02451288497800126,0.0
Rohingya,sumber ajnn,2,30,0,0.018856065367693273,0.0
Rohingya,syiah kuala,2,30,0,0.018856065367693273,0.0
Rohingya,tanggung jawab,2,38,0,0.023884349465744813,0.0
Rohingya,tempat penampungan,2,59,0,0.03708359522313011,0.0
Rohingya,tempat yang,2,29,0,0.018227529855436832,0.0
Rohingya,tenggara timur,2,21,0,0.013199245757385292,0.0
Rohingya,terdiri dari,2,21,0,0.013199245757385292,0.0
Rohingya,terhadap para,2,28,0,0.01759899434318039,0.0
Rohingya,tidak dapat,2,24,0,0.01508485229415462,0.0
Rohingya,tindak pidana,2,26,0,0.016341923318667503,0.0
Rohingya,tinggal di,2,41,0,0.025769956002514142,0.0
Rohingya,united nations,2,26,0,0.016341923318667503,0.0
Rohingya,universitas syiah,2,29,0,0.018227529855436832,0.0
Rohingya,untuk menampung,2,24,0,0.01508485229415462,0.0
Rohingya,untuk mencari,2,30,0,0.018856065367693273,0.0
Rohingya,untuk pengungsi,2,36,0,0.02262727844123193,0.0
Rohingya,wakil presiden,2,21,0,0.013199245757385292,0.0
Rohingya,warga etnis,2,30,0,0.018856065367693273,0.0
Rohingya,warga negara,2,50,0,0.03142677561282212,0.0
Rohingya,wilayah aceh,2,20,0,0.01257071024512885,0.0
Rohingya,yang aman,2,22,0,0.013827781269641735,0.0
Rohingya,yang baru,2,20,0,0.01257071024512885,0.0
Rohingya,yang berisi,2,20,0,0.01257071024512885,0.0
Rohingya,yang ditampung,2,33,0,0.020741671904462602,0.0
Rohingya,yang juga,2,20,0,0.01257071024512885,0.0
Rohingya,yang masuk,2,27,0,0.01697045883092395,0.0
Rohingya,yang membawa,2,27,0,0.01697045883092395,0.0
Rohingya,yang mendarat,2,35,0,0.02199874292897549,0.0
Rohingya,yang paling,2,23,0,0.014456316781898177,0.0
Rohingya,yang sedang,2,23,0,0.014456316781898177,0.0
Rohingya,yang sudah,2,30,0,0.018856065367693273,0.0
Rohingya,yang telah,2,33,0,0.020741671904462602,0.0
Rohingya,yang terjadi,2,29,0,0.018227529855436832,0.0
Rohingya,yang tiba,2,21,0,0.013199245757385292,0.0
Syiah,kaum muslimin,2,8,26,0.01805869074492099,0.09774436090225563
Syiah,syi ah,2,15,25,0.033860045146726865,0.09398496240601503
Syiah,orang orang,2,14,23,0.03160270880361174,0.08646616541353383
Syiah,bid ah,2,5,22,0.011286681715575621,0.08270676691729323
Syiah,orang syiah,2,7,22,0.01580135440180587,0.08270676691729323
Syiah,nabi muhammad,2,6,20,0.013544018058690745,0.07518796992481203
Syiah,syiah rafidhah,2,8,20,0.01805869074492099,0.07518796992481203
Syiah,salah satu,2,26,13,0.05869074492099323,0.04887218045112782
Syiah,banda aceh,2,103,1,0.2325056433408578,0.0037593984962406013
Syiah,di aceh,2,23,1,0.05191873589164785,0.0037593984962406013
Syiah,di gedung,2,20,1,0.045146726862302484,0.0037593984962406013
Syiah,kota banda,2,30,1,0.06772009029345373,0.0037593984962406013
Syiah,saat ini,2,26,1,0.05869074492099323,0.0037593984962406013
Syiah,syiah kuala,2,213,1,0.48081264108352145,0.0037593984962406013
Syiah,universitas syiah,2,149,1,0.3363431151241535,0.0037593984962406013
Syiah,di banda,2,30,0,0.06772009029345373,0.0
Syiah,imigran rohingya,2,20,0,0.045146726862302484,0.0
Syiah,januari 2024,2,28,0,0.06320541760722348,0.0
Syiah,kec syiah,2,21,0,0.04740406320541761,0.0
Syiah,kuala banda,2,32,0,0.07223476297968397,0.0
Syiah,kuala kota,2,24,0,0.05417607223476298,0.0
Syiah,kuala usk,2,46,0,0.1038374717832957,0.0
Syiah,rumah sakit,2,20,0,0.045146726862302484,0.0
Syiah,universitassyiahkuala usk,2,20,0,0.045146726862302484,0.0
Tionghoa,tka china,2,140,21,0.02706359945872801,0.05223880597014925
Tionghoa,dari china,2,93,18,0.017977962497583606,0.04477611940298507
Tionghoa,di indonesia,2,111,16,0.021457568142277207,0.03980099502487562
Tionghoa,di china,2,291,11,0.05625362458921322,0.02736318407960199
Tionghoa,ke indonesia,2,34,9,0.006572588439976802,0.022388059701492536
Tionghoa,mata najwa,2,71,9,0.013725111154069205,0.022388059701492536
Tionghoa,anies baswedan,2,20,7,0.0038662284941040014,0.017412935323383085
Tionghoa,dari cina,2,28,7,0.005412719891745603,0.017412935323383085
Tionghoa,ganjar pranowo,2,44,7,0.008505702687028804,0.017412935323383085
Tionghoa,ke china,2,74,7,0.014305045428184806,0.017412935323383085
Tionghoa,kereta cepat,2,90,7,0.017398028223468007,0.017412935323383085
Tionghoa,chinese taipei,2,144,6,0.02783684515754881,0.014925373134328358
Tionghoa,hari ini,2,281,6,0.05432051034216122,0.014925373134328358
Tionghoa,for yoongi,2,27,5,0.005219408467040402,0.012437810945273632
Tionghoa,indomy for,2,28,5,0.005412719891745603,0.012437810945273632
Tionghoa,saat ini,2,54,5,0.010438816934080804,0.012437810945273632
Tionghoa,40 t,2,50,4,0.009665571235260004,0.009950248756218905
Tionghoa,asian games,2,214,4,0.04136864488691282,0.009950248756218905
Tionghoa,china dan,2,77,4,0.014884979702300407,0.009950248756218905
Tionghoa,china di,2,97,4,0.01875120819640441,0.009950248756218905
Tionghoa,china open,2,247,4,0.047747921902184416,0.009950248756218905
Tionghoa,china pada,2,27,4,0.005219408467040402,0.009950248756218905
Tionghoa,china taipei,2,102,4,0.019717765319930407,0.009950248756218905
Tionghoa,dan china,2,74,4,0.014305045428184806,0.009950248756218905
Tionghoa,di bio,2,69,4,0.013338488304658806,0.009950248756218905
Tionghoa,ios 17,2,40,4,0.007732456988208003,0.009950248756218905
Tionghoa,ke cina,2,25,4,0.004832785617630002,0.009950248756218905
Tionghoa,open 2023,2,232,4,0.04484825053160642,0.009950248756218905
Tionghoa,politik identitas,2,27,4,0.005219408467040402,0.009950248756218905
Tionghoa,presiden jokowi,2,28,4,0.005412719891745603,0.009950248756218905
Tionghoa,salah satu,2,58,4,0.011212062632901604,0.009950248756218905
Tionghoa,september 2023,2,371,4,0.07171853856562922,0.009950248756218905
Tionghoa,tante lina,2,40,4,0.007732456988208003,0.009950248756218905
Tionghoa,yang telah,2,46,4,0.008892325536439203,0.009950248756218905
Tionghoa,10 2023,2,53,3,0.010245505509375604,0.007462686567164179
Tionghoa,china itu,2,21,3,0.0040595399188092015,0.007462686567164179
Tionghoa,china pools,2,198,3,0.038275662091629616,0.007462686567164179
Tionghoa,etnis tionghoa,2,24,3,0.004639474192924802,0.007462686567164179
Tionghoa,indonesia di,2,41,3,0.007925768412913203,0.007462686567164179
Tionghoa,jakarta bandung,2,33,3,0.006379277015271603,0.007462686567164179
Tionghoa,jangan lupa,2,34,3,0.006572588439976802,0.007462686567164179
Tionghoa,ke babak,2,64,3,0.012371931181132804,0.007462686567164179
Tionghoa,lebih baik,2,23,3,0.004446162768219602,0.007462686567164179
Tionghoa,mulai dari,2,24,3,0.004639474192924802,0.007462686567164179
Tionghoa,prediksi china,2,212,3,0.04098202203750242,0.007462686567164179
Tionghoa,setiap hari,2,24,3,0.004639474192924802,0.007462686567164179
Tionghoa,tidak ada,2,43,3,0.008312391262323603,0.007462686567164179
Tionghoa,togel china,2,160,3,0.03092982795283201,0.007462686567164179
Tionghoa,u 23,2,59,3,0.011405374057606804,0.007462686567164179
Tionghoa,yang akan,2,54,3,0.010438816934080804,0.007462686567164179
Tionghoa,yang paling,2,21,3,0.0040595399188092015,0.007462686567164179
Tionghoa,yang tidak,2,28,3,0.005412719891745603,0.007462686567164179
Tionghoa,9 0,2,43,2,0.008312391262323603,0.004975124378109453
Tionghoa,ada di,2,28,2,0.005412719891745603,0.004975124378109453
Tionghoa,ada yang,2,39,2,0.007539145563502803,0.004975124378109453
Tionghoa,amazing incredible,2,39,2,0.007539145563502803,0.004975124378109453
Tionghoa,anak anak,2,30,2,0.005799342741156002,0.004975124378109453
Tionghoa,asal china,2,60,2,0.011598685482312004,0.004975124378109453
Tionghoa,awesome badminton,2,39,2,0.007539145563502803,0.004975124378109453
Tionghoa,badmintalk badmintoneurope,2,31,2,0.005992654165861202,0.004975124378109453
Tionghoa,badmintalk china,2,31,2,0.005992654165861202,0.004975124378109453
Tionghoa,badmintalk results,2,29,2,0.005606031316450802,0.004975124378109453
Tionghoa,badminton badmintonplayer,2,49,2,0.009472259810554804,0.004975124378109453
Tionghoa,badmintoneurope juara,2,31,2,0.005992654165861202,0.004975124378109453
Tionghoa,badmintonplayer love,2,35,2,0.006765899864682003,0.004975124378109453
Tionghoa,bagian dari,2,28,2,0.005412719891745603,0.004975124378109453
Tionghoa,berita selengkapnya,2,24,2,0.004639474192924802,0.004975124378109453
Tionghoa,brilliant amazing,2,40,2,0.007732456988208003,0.004975124378109453
Tionghoa,bulutangkis 羽毛球,2,48,2,0.009278948385849604,0.004975124378109453
Tionghoa,cepat indonesia,2,38,2,0.007345834138797603,0.004975124378109453
Tionghoa,cepat jakarta,2,45,2,0.008699014111734004,0.004975124378109453
Tionghoa,champion winner,2,40,2,0.007732456988208003,0.004975124378109453
Tionghoa,china hari,2,291,2,0.05625362458921322,0.004975124378109453
Tionghoa,china yang,2,77,2,0.014884979702300407,0.004975124378109453
Tionghoa,di beijing,2,21,2,0.0040595399188092015,0.004975124378109453
Tionghoa,di google,2,23,2,0.004446162768219602,0.004975124378109453
Tionghoa,dikutip dari,2,20,2,0.0038662284941040014,0.004975124378109453
Tionghoa,foto badmintalk,2,37,2,0.007152522714092403,0.004975124378109453
Tionghoa,games 2023,2,51,2,0.009858882659965203,0.004975124378109453
Tionghoa,ganjar paling,2,35,2,0.006765899864682003,0.004975124378109453
Tionghoa,incredible awesome,2,35,2,0.006765899864682003,0.004975124378109453
Tionghoa,indonesia akan,2,41,2,0.007925768412913203,0.004975124378109453
Tionghoa,indonesia bulutangkis,2,49,2,0.009472259810554804,0.004975124378109453
Tionghoa,indonesia china,2,54,2,0.010438816934080804,0.004975124378109453
Tionghoa,indonesia dan,2,25,2,0.004832785617630002,0.004975124378109453
Tionghoa,indonesia emas,2,30,2,0.005799342741156002,0.004975124378109453
Tionghoa,indonesia yang,2,26,2,0.005026097042335202,0.004975124378109453
Tionghoa,joko widodo,2,23,2,0.004446162768219602,0.004975124378109453
Tionghoa,juara champion,2,40,2,0.007732456988208003,0.004975124378109453
Tionghoa,kali ini,2,22,2,0.004252851343514402,0.004975124378109453
Tionghoa,kepada para,2,139,2,0.02687028803402281,0.004975124378109453
Tionghoa,klik link,2,68,2,0.013145176879953605,0.004975124378109453
Tionghoa,link di,2,56,2,0.010825439783491205,0.004975124378109453
Tionghoa,love indonesia,2,35,2,0.006765899864682003,0.004975124378109453
Tionghoa,luar negeri,2,39,2,0.007539145563502803,0.004975124378109453
Tionghoa,masa depan,2,28,2,0.005412719891745603,0.004975124378109453
Tionghoa,mba nana,2,35,2,0.006765899864682003,0.004975124378109453
Tionghoa,melaju ke,2,47,2,0.009085636961144403,0.004975124378109453
Tionghoa,negara yang,2,22,2,0.004252851343514402,0.004975124378109453
Tionghoa,of china,2,45,2,0.008699014111734004,0.004975124378109453
Tionghoa,oktober 2023,2,243,2,0.04697467620336362,0.004975124378109453
Tionghoa,orang yang,2,23,2,0.004446162768219602,0.004975124378109453
Tionghoa,pak prabowo,2,22,2,0.004252851343514402,0.004975124378109453
Tionghoa,paling solutif,2,35,2,0.006765899864682003,0.004975124378109453
Tionghoa,para pemenang,2,185,2,0.03576261357046202,0.004975124378109453
Tionghoa,pasaran china,2,195,2,0.03769572781751401,0.004975124378109453
Tionghoa,photo badmintalk,2,29,2,0.005606031316450802,0.004975124378109453
Tionghoa,pt kereta,2,34,2,0.006572588439976802,0.004975124378109453
Tionghoa,result togel,2,20,2,0.0038662284941040014,0.004975124378109453
Tionghoa,results update,2,31,2,0.005992654165861202,0.004975124378109453
Tionghoa,selamat kepada,2,308,2,0.05953991880920163,0.004975124378109453
Tionghoa,selengkapnya di,2,55,2,0.010632128358786004,0.004975124378109453
Tionghoa,tidak bisa,2,21,2,0.0040595399188092015,0.004975124378109453
Tionghoa,untuk indonesia,2,34,2,0.006572588439976802,0.004975124378109453
Tionghoa,update of,2,44,2,0.008505702687028804,0.004975124378109453
Tionghoa,vs china,2,35,2,0.006765899864682003,0.004975124378109453
Tionghoa,winner brilliant,2,40,2,0.007732456988208003,0.004975124378109453
Tionghoa,xi jinping,2,57,2,0.011018751208196405,0.004975124378109453
Tionghoa,yang bisa,2,21,2,0.0040595399188092015,0.004975124378109453
Tionghoa,yang lebih,2,22,2,0.004252851343514402,0.004975124378109453
Tionghoa,バドミントン 배드민턴,2,44,2,0.008505702687028804,0.004975124378109453
Tionghoa,羽毛球 バドミントン,2,44,2,0.008505702687028804,0.004975124378109453
Tionghoa,0 2,2,21,1,0.0040595399188092015,0.0024875621890547263
Tionghoa,0 chinese,2,25,1,0.004832785617630002,0.0024875621890547263
Tionghoa,00 wib,2,81,1,0.015658225401121207,0.0024875621890547263
Tionghoa,16 besar,2,55,1,0.010632128358786004,0.0024875621890547263
Tionghoa,2022 hangzhou,2,26,1,0.005026097042335202,0.0024875621890547263
Tionghoa,2023 hari,2,30,1,0.005799342741156002,0.0024875621890547263
Tionghoa,2023 link,2,26,1,0.005026097042335202,0.0024875621890547263
Tionghoa,2023 prize,2,151,1,0.02919002513048521,0.0024875621890547263
Tionghoa,2023 result,2,257,1,0.04968103614923642,0.0024875621890547263
Tionghoa,3 1,2,25,1,0.004832785617630002,0.0024875621890547263
Tionghoa,30 wib,2,27,1,0.005219408467040402,0.0024875621890547263
Tionghoa,9 2023,2,35,1,0.006765899864682003,0.0024875621890547263
Tionghoa,aladdin666 sexytogel,2,27,1,0.005219408467040402,0.0024875621890547263
Tionghoa,angka result,2,24,1,0.004639474192924802,0.0024875621890547263
Tionghoa,angkatogel angkajitu,2,25,1,0.004832785617630002,0.0024875621890547263
Tionghoa,apri fadia,2,22,1,0.004252851343514402,0.0024875621890547263
Tionghoa,apriyani rahayu,2,21,1,0.0040595399188092015,0.0024875621890547263
Tionghoa,asia u,2,29,1,0.005606031316450802,0.0024875621890547263
Tionghoa,babak 16,2,33,1,0.006379277015271603,0.0024875621890547263
Tionghoa,berada di,2,37,1,0.007152522714092403,0.0024875621890547263
Tionghoa,berikut adalah,2,20,1,0.0038662284941040014,0.0024875621890547263
Tionghoa,besar china,2,33,1,0.006379277015271603,0.0024875621890547263
Tionghoa,bocoranchina bocorantogelchina,2,26,1,0.005026097042335202,0.0024875621890547263
Tionghoa,cek profile,2,21,1,0.0040595399188092015,0.0024875621890547263
Tionghoa,china dengan,2,29,1,0.005606031316450802,0.0024875621890547263
Tionghoa,china kcic,2,31,1,0.005992654165861202,0.0024875621890547263
Tionghoa,china masters,2,40,1,0.007732456988208003,0.0024875621890547263
Tionghoa,china sabtu,2,20,1,0.0038662284941040014,0.0024875621890547263
Tionghoa,china telah,2,22,1,0.004252851343514402,0.0024875621890547263
Tionghoa,china untuk,2,49,1,0.009472259810554804,0.0024875621890547263
Tionghoa,chinapools togelchina,2,21,1,0.0040595399188092015,0.0024875621890547263
Tionghoa,dengan skor,2,24,1,0.004639474192924802,0.0024875621890547263
Tionghoa,di cina,2,27,1,0.005219408467040402,0.0024875621890547263
Tionghoa,di jakarta,2,41,1,0.007925768412913203,0.0024875621890547263
Tionghoa,eurotogel sobatgaming,2,28,1,0.005412719891745603,0.0024875621890547263
Tionghoa,games 2022,2,110,1,0.021264256717572007,0.0024875621890547263
Tionghoa,games hangzhou,2,39,1,0.007539145563502803,0.0024875621890547263
Tionghoa,group silakan,2,21,1,0.0040595399188092015,0.0024875621890547263
Tionghoa,hal ini,2,27,1,0.005219408467040402,0.0024875621890547263
Tionghoa,hari minggu,2,21,1,0.0040595399188092015,0.0024875621890547263
Tionghoa,hasil pengeluaran,2,277,1,0.05354726464334042,0.0024875621890547263
Tionghoa,hasil result,2,27,1,0.005219408467040402,0.0024875621890547263
Tionghoa,hong kong,2,38,1,0.007345834138797603,0.0024875621890547263
Tionghoa,https t,2,102,1,0.019717765319930407,0.0024875621890547263
Tionghoa,ikut no,2,21,1,0.0040595399188092015,0.0024875621890547263
Tionghoa,in china,2,48,1,0.009278948385849604,0.0024875621890547263
Tionghoa,indonesia untuk,2,21,1,0.0040595399188092015,0.0024875621890547263
Tionghoa,indonesia vs,2,38,1,0.007345834138797603,0.0024875621890547263
Tionghoa,ini merupakan,2,24,1,0.004639474192924802,0.0024875621890547263
Tionghoa,join group,2,33,1,0.006379277015271603,0.0024875621890547263
Tionghoa,korea selatan,2,60,1,0.011598685482312004,0.0024875621890547263
Tionghoa,korea utara,2,31,1,0.005992654165861202,0.0024875621890547263
Tionghoa,kualifikasi piala,2,29,1,0.005606031316450802,0.0024875621890547263
Tionghoa,lebih lanjut,2,20,1,0.0038662284941040014,0.0024875621890547263
Tionghoa,link daftar,2,38,1,0.007345834138797603,0.0024875621890547263
Tionghoa,live streaming,2,29,1,0.005606031316450802,0.0024875621890547263
Tionghoa,lolos ke,2,41,1,0.007925768412913203,0.0024875621890547263
Tionghoa,made in,2,44,1,0.008505702687028804,0.0024875621890547263
Tionghoa,mahar tetap,2,37,1,0.007152522714092403,0.0024875621890547263
Tionghoa,masters 2023,2,39,1,0.007539145563502803,0.0024875621890547263
Tionghoa,men s,2,35,1,0.006765899864682003,0.0024875621890547263
Tionghoa,negara negara,2,38,1,0.007345834138797603,0.0024875621890547263
Tionghoa,no mahar,2,28,1,0.005412719891745603,0.0024875621890547263
Tionghoa,november 2023,2,197,1,0.03808235066692441,0.0024875621890547263
Tionghoa,october 2023,2,50,1,0.009665571235260004,0.0024875621890547263
Tionghoa,pada babak,2,22,1,0.004252851343514402,0.0024875621890547263
Tionghoa,pada rabu,2,22,1,0.004252851343514402,0.0024875621890547263
Tionghoa,pada tahun,2,33,1,0.006379277015271603,0.0024875621890547263
Tionghoa,pemenang jackpot,2,65,1,0.012565242605838006,0.0024875621890547263
Tionghoa,pemerintah china,2,23,1,0.004446162768219602,0.0024875621890547263
Tionghoa,pengeluaran pasaran,2,77,1,0.014884979702300407,0.0024875621890547263
Tionghoa,pengeluaran togel,2,24,1,0.004639474192924802,0.0024875621890547263
Tionghoa,perempat final,2,29,1,0.005606031316450802,0.0024875621890547263
Tionghoa,piala asia,2,39,1,0.007539145563502803,0.0024875621890547263
Tionghoa,prediksi sendiri,2,58,1,0.011212062632901604,0.0024875621890547263
Tionghoa,prediksi togel,2,137,1,0.026483665184612412,0.0024875621890547263
Tionghoa,prediksichina prediksichinapools,2,33,1,0.006379277015271603,0.0024875621890547263
Tionghoa,prediksichina prediksitogelhariini,2,35,1,0.006765899864682003,0.0024875621890547263
Tionghoa,prediksichinapools prediksitogelchina,2,20,1,0.0038662284941040014,0.0024875621890547263
Tionghoa,prediksitogel prediksichina,2,56,1,0.010825439783491205,0.0024875621890547263
Tionghoa,prediksitogelhariini angkatogel,2,35,1,0.006765899864682003,0.0024875621890547263
Tionghoa,prize 1,2,179,1,0.03460274502223081,0.0024875621890547263
Tionghoa,prize 2,2,164,1,0.03170307365165281,0.0024875621890547263
Tionghoa,prize 3,2,164,1,0.03170307365165281,0.0024875621890547263
Tionghoa,result 2,2,52,1,0.010052194084670405,0.0024875621890547263
Tionghoa,result china,2,135,1,0.02609704233520201,0.0024875621890547263
Tionghoa,result pasaran,2,55,1,0.010632128358786004,0.0024875621890547263
Tionghoa,selain itu,2,25,1,0.004832785617630002,0.0024875621890547263
Tionghoa,sementara itu,2,26,1,0.005026097042335202,0.0024875621890547263
Tionghoa,sendiri ya,2,21,1,0.0040595399188092015,0.0024875621890547263
Tionghoa,sexytogel afctogel,2,27,1,0.005219408467040402,0.0024875621890547263
Tionghoa,shio ayam,2,36,1,0.0069592112893872024,0.0024875621890547263
Tionghoa,shio ular,2,85,1,0.016431471099942006,0.0024875621890547263
Tionghoa,silakan cek,2,24,1,0.004639474192924802,0.0024875621890547263
Tionghoa,silakan ikut,2,24,1,0.004639474192924802,0.0024875621890547263
Tionghoa,sobatgaming aladdin666,2,28,1,0.005412719891745603,0.0024875621890547263
Tionghoa,t co,2,102,1,0.019717765319930407,0.0024875621890547263
Tionghoa,tahun ini,2,32,1,0.006185965590566402,0.0024875621890547263
Tionghoa,terima kasih,2,25,1,0.004832785617630002,0.0024875621890547263
Tionghoa,tetap semangat,2,42,1,0.008119079837618403,0.0024875621890547263
Tionghoa,tetap utamakan,2,31,1,0.005992654165861202,0.0024875621890547263
Tionghoa,togel togelovers,2,22,1,0.004252851343514402,0.0024875621890547263
Tionghoa,togelchina prediksitogel,2,31,1,0.005992654165861202,0.0024875621890547263
Tionghoa,togeljitu togelchina,2,22,1,0.004252851343514402,0.0024875621890547263
Tionghoa,togelovers togeljitu,2,35,1,0.006765899864682003,0.0024875621890547263
Tionghoa,ular selamat,2,37,1,0.007152522714092403,0.0024875621890547263
Tionghoa,utamakan prediksi,2,62,1,0.011985308331722405,0.0024875621890547263
Tionghoa,victor china,2,39,1,0.007539145563502803,0.0024875621890547263
Tionghoa,wakil indonesia,2,31,1,0.005992654165861202,0.0024875621890547263
Tionghoa,women s,2,24,1,0.004639474192924802,0.0024875621890547263
Tionghoa,ya join,2,21,1,0.0040595399188092015,0.0024875621890547263
Tionghoa,yang ada,2,23,1,0.004446162768219602,0.0024875621890547263
Tionghoa,yang mau,2,28,1,0.005412719891745603,0.0024875621890547263
Tionghoa,yang sudah,2,32,1,0.006185965590566402,0.0024875621890547263
Tionghoa,0 1,2,27,0,0.005219408467040402,0.0
Tionghoa,09 2023,2,48,0,0.009278948385849604,0.0
Tionghoa,1 0,2,30,0,0.005799342741156002,0.0
Tionghoa,1 1,2,24,0,0.004639474192924802,0.0
Tionghoa,1 2,2,39,0,0.007539145563502803,0.0
Tionghoa,1 3,2,30,0,0.005799342741156002,0.0
Tionghoa,1 china,2,23,0,0.004446162768219602,0.0
Tionghoa,11 2023,2,28,0,0.005412719891745603,0.0
Tionghoa,16 00,2,25,0,0.004832785617630002,0.0
Tionghoa,19 21,2,23,0,0.004446162768219602,0.0
Tionghoa,19 september,2,21,0,0.0040595399188092015,0.0
Tionghoa,2 0,2,33,0,0.006379277015271603,0.0
Tionghoa,2 1,2,33,0,0.006379277015271603,0.0
Tionghoa,2 2,2,20,0,0.0038662284941040014,0.0
Tionghoa,2 3,2,40,0,0.007732456988208003,0.0
Tionghoa,2023 angka,2,64,0,0.012371931181132804,0.0
Tionghoa,2023 bbfs,2,47,0,0.009085636961144403,0.0
Tionghoa,2023 ini,2,20,0,0.0038662284941040014,0.0
Tionghoa,2023 r32,2,27,0,0.005219408467040402,0.0
Tionghoa,21 19,2,24,0,0.004639474192924802,0.0
Tionghoa,21 21,2,61,0,0.011791996907017205,0.0
Tionghoa,21 september,2,23,0,0.004446162768219602,0.0
Tionghoa,23 gratis,2,21,0,0.0040595399188092015,0.0
Tionghoa,26 september,2,21,0,0.0040595399188092015,0.0
Tionghoa,29 september,2,22,0,0.004252851343514402,0.0
Tionghoa,2d bb,2,30,0,0.005799342741156002,0.0
Tionghoa,3 0,2,36,0,0.0069592112893872024,0.0
Tionghoa,3 2,2,20,0,0.0038662284941040014,0.0
Tionghoa,3 4,2,22,0,0.004252851343514402,0.0
Tionghoa,3d bb,2,22,0,0.004252851343514402,0.0
Tionghoa,4 5,2,20,0,0.0038662284941040014,0.0
Tionghoa,4d bb,2,22,0,0.004252851343514402,0.0
Tionghoa,6 3,2,22,0,0.004252851343514402,0.0
Tionghoa,6 9,2,21,0,0.0040595399188092015,0.0
Tionghoa,adalah nomor,2,20,0,0.0038662284941040014,0.0
Tionghoa,adalah result,2,29,0,0.005606031316450802,0.0
Tionghoa,ag22 sport,2,20,0,0.0038662284941040014,0.0
Tionghoa,ajang asian,2,25,0,0.004832785617630002,0.0
Tionghoa,akan berlangsung,2,21,0,0.0040595399188092015,0.0
Tionghoa,amerika serikat,2,54,0,0.010438816934080804,0.0
Tionghoa,angka main,2,66,0,0.012758554030543205,0.0
Tionghoa,angka twins,2,62,0,0.011985308331722405,0.0
Tionghoa,angkajitu inatogel,2,21,0,0.0040595399188092015,0.0
Tionghoa,anjing selamat,2,23,0,0.004446162768219602,0.0
Tionghoa,asiangames badmintalkasiangames2022,2,20,0,0.0038662284941040014,0.0
Tionghoa,asiangames2022 china,2,23,0,0.004446162768219602,0.0
Tionghoa,atau klik,2,20,0,0.0038662284941040014,0.0
Tionghoa,atlet indonesia,2,21,0,0.0040595399188092015,0.0
Tionghoa,babi selamat,2,23,0,0.004446162768219602,0.0
Tionghoa,baca selengkapnya,2,35,0,0.006765899864682003,0.0
Tionghoa,badmintalkasiangames2022 ag22,2,20,0,0.0038662284941040014,0.0
Tionghoa,bagi yang,2,39,0,0.007539145563502803,0.0
Tionghoa,bandartogelonline togel,2,22,0,0.004252851343514402,0.0
Tionghoa,batu bara,2,22,0,0.004252851343514402,0.0
Tionghoa,bebas 2d,2,53,0,0.010245505509375604,0.0
Tionghoa,berikut ini,2,22,0,0.004252851343514402,0.0
Tionghoa,bulu tangkis,2,23,0,0.004446162768219602,0.0
Tionghoa,bwf world,2,20,0,0.0038662284941040014,0.0
Tionghoa,china akan,2,24,0,0.004639474192924802,0.0
Tionghoa,china cn,2,22,0,0.004252851343514402,0.0
Tionghoa,china dalam,2,24,0,0.004639474192924802,0.0
Tionghoa,china indonesia,2,32,0,0.006185965590566402,0.0
Tionghoa,china ini,2,32,0,0.006185965590566402,0.0
Tionghoa,china jumat,2,21,0,0.0040595399188092015,0.0
Tionghoa,china kamis,2,22,0,0.004252851343514402,0.0
Tionghoa,china li,2,22,0,0.004252851343514402,0.0
Tionghoa,china night,2,86,0,0.016624782524647205,0.0
Tionghoa,china rabu,2,23,0,0.004446162768219602,0.0
Tionghoa,china selatan,2,47,0,0.009085636961144403,0.0
Tionghoa,china timur,2,32,0,0.006185965590566402,0.0
Tionghoa,china xi,2,22,0,0.004252851343514402,0.0
Tionghoa,chinese food,2,35,0,0.006765899864682003,0.0
Tionghoa,chinese new,2,48,0,0.009278948385849604,0.0
Tionghoa,cina selatan,2,33,0,0.006379277015271603,0.0
Tionghoa,cn tanggal,2,20,0,0.0038662284941040014,0.0
Tionghoa,collegelife china,2,32,0,0.006185965590566402,0.0
Tionghoa,colok bebas,2,75,0,0.014498356852890006,0.0
Tionghoa,daftarkampoengtoto kampungtoto,2,25,0,0.004832785617630002,0.0
Tionghoa,dengan china,2,38,0,0.007345834138797603,0.0
Tionghoa,desember 2023,2,21,0,0.0040595399188092015,0.0
Tionghoa,di asian,2,35,0,0.006765899864682003,0.0
Tionghoa,di babak,2,50,0,0.009665571235260004,0.0
Tionghoa,di bawah,2,25,0,0.004832785617630002,0.0
Tionghoa,di dunia,2,35,0,0.006765899864682003,0.0
Tionghoa,di hangzhou,2,21,0,0.0040595399188092015,0.0
Tionghoa,di kawasan,2,20,0,0.0038662284941040014,0.0
Tionghoa,di laut,2,46,0,0.008892325536439203,0.0
Tionghoa,di mana,2,25,0,0.004832785617630002,0.0
Tionghoa,di tahun,2,25,0,0.004832785617630002,0.0
Tionghoa,drama china,2,49,0,0.009472259810554804,0.0
Tionghoa,ekonomi china,2,22,0,0.004252851343514402,0.0
Tionghoa,emas jakarta,2,27,0,0.005219408467040402,0.0
Tionghoa,fancy collegelife,2,32,0,0.006185965590566402,0.0
Tionghoa,fikri bagas,2,24,0,0.004639474192924802,0.0
Tionghoa,form wd,2,20,0,0.0038662284941040014,0.0
Tionghoa,foryou terdepan,2,28,0,0.005412719891745603,0.0
Tionghoa,fyp viral,2,28,0,0.005412719891745603,0.0
Tionghoa,gameonline popular,2,28,0,0.005412719891745603,0.0
Tionghoa,games ke,2,21,0,0.0040595399188092015,0.0
Tionghoa,gaming gameonline,2,28,0,0.005412719891745603,0.0
Tionghoa,ganda putra,2,21,0,0.0040595399188092015,0.0
Tionghoa,gratis tanpa,2,23,0,0.004446162768219602,0.0
Tionghoa,hangzhou 2022,2,45,0,0.008699014111734004,0.0
Tionghoa,hangzhou asiangames2022,2,20,0,0.0038662284941040014,0.0
Tionghoa,hangzhou china,2,27,0,0.005219408467040402,0.0
Tionghoa,hangzhou2022 hangzhou,2,24,0,0.004639474192924802,0.0
Tionghoa,hari jumat,2,28,0,0.005412719891745603,0.0
Tionghoa,hari kamis,2,35,0,0.006765899864682003,0.0
Tionghoa,hari rabu,2,31,0,0.005992654165861202,0.0
Tionghoa,hari sabtu,2,29,0,0.005606031316450802,0.0
Tionghoa,hari selasa,2,32,0,0.006185965590566402,0.0
Tionghoa,hari senin,2,28,0,0.005412719891745603,0.0
Tionghoa,harimau selamat,2,26,0,0.005026097042335202,0.0
Tionghoa,hasil china,2,20,0,0.0038662284941040014,0.0
Tionghoa,hasil untuk,2,20,0,0.0038662284941040014,0.0
Tionghoa,hukum toto,2,22,0,0.004252851343514402,0.0
Tionghoa,ibu kota,2,23,0,0.004446162768219602,0.0
Tionghoa,indonesia u,2,38,0,0.007345834138797603,0.0
Tionghoa,indonesia zhejiang,2,21,0,0.0040595399188092015,0.0
Tionghoa,inforesult resulthariini,2,20,0,0.0038662284941040014,0.0
Tionghoa,ini adalah,2,78,0,0.015078291127005606,0.0
Tionghoa,internasional adadikompas,2,29,0,0.005606031316450802,0.0
Tionghoa,isi form,2,22,0,0.004252851343514402,0.0
Tionghoa,jackpot jppaus,2,28,0,0.005412719891745603,0.0
Tionghoa,jakarta aceh,2,23,0,0.004446162768219602,0.0
Tionghoa,januari 2024,2,37,0,0.007152522714092403,0.0
Tionghoa,jayagaming nagaslot,2,30,0,0.005799342741156002,0.0
Tionghoa,jonatan christie,2,26,0,0.005026097042335202,0.0
Tionghoa,jp china,2,22,0,0.004252851343514402,0.0
Tionghoa,jp paus,2,29,0,0.005606031316450802,0.0
Tionghoa,jp silakan,2,20,0,0.0038662284941040014,0.0
Tionghoa,jppaus nomorsatu,2,28,0,0.005412719891745603,0.0
Tionghoa,kalah dari,2,22,0,0.004252851343514402,0.0
Tionghoa,kamis 21,2,26,0,0.005026097042335202,0.0
Tionghoa,kamis 28,2,21,0,0.0040595399188092015,0.0
Tionghoa,kampoengtoto daftarkampoengtoto,2,25,0,0.004832785617630002,0.0
Tionghoa,kampoengtoto yang,2,25,0,0.004832785617630002,0.0
Tionghoa,kampungtoto kampongtoto,2,24,0,0.004639474192924802,0.0
Tionghoa,kapal api,2,30,0,0.005799342741156002,0.0
Tionghoa,ke 19,2,20,0,0.0038662284941040014,0.0
Tionghoa,kelinci selamat,2,34,0,0.006572588439976802,0.0
Tionghoa,kembali ke,2,22,0,0.004252851343514402,0.0
Tionghoa,kepada pemenang,2,149,0,0.02880340228107481,0.0
Tionghoa,kerbau selamat,2,38,0,0.007345834138797603,0.0
Tionghoa,kerja sama,2,56,0,0.010825439783491205,0.0
Tionghoa,kode syair,2,20,0,0.0038662284941040014,0.0
Tionghoa,laut china,2,49,0,0.009472259810554804,0.0
Tionghoa,laut cina,2,34,0,0.006572588439976802,0.0
Tionghoa,lebih dari,2,32,0,0.006185965590566402,0.0
Tionghoa,li ning,2,26,0,0.005026097042335202,0.0
Tionghoa,like comment,2,26,0,0.005026097042335202,0.0
Tionghoa,medali asian,2,26,0,0.005026097042335202,0.0
Tionghoa,medali emas,2,45,0,0.008699014111734004,0.0
Tionghoa,medali perak,2,26,0,0.005026097042335202,0.0
Tionghoa,medali perunggu,2,23,0,0.004446162768219602,0.0
Tionghoa,media sosial,2,23,0,0.004446162768219602,0.0
Tionghoa,member kampoengtoto,2,25,0,0.004832785617630002,0.0
Tionghoa,member yang,2,25,0,0.004832785617630002,0.0
Tionghoa,menara4d bandartogelonline,2,22,0,0.004252851343514402,0.0
Tionghoa,naga selamat,2,33,0,0.006379277015271603,0.0
Tionghoa,new year,2,51,0,0.009858882659965203,0.0
Tionghoa,nomorsatu fyp,2,28,0,0.005412719891745603,0.0
Tionghoa,pada hari,2,28,0,0.005412719891745603,0.0
Tionghoa,pada kamis,2,22,0,0.004252851343514402,0.0
Tionghoa,parade fancy,2,32,0,0.006185965590566402,0.0
Tionghoa,pemenang jp,2,50,0,0.009665571235260004,0.0
Tionghoa,pemenang salam,2,134,0,0.02590373091049681,0.0
Tionghoa,pengeluaran china,2,182,0,0.035182679296346414,0.0
Tionghoa,perak dan,2,23,0,0.004446162768219602,0.0
Tionghoa,perdana menteri,2,21,0,0.0040595399188092015,0.0
Tionghoa,perolehan medali,2,32,0,0.006185965590566402,0.0
Tionghoa,pertumbuhan ekonomi,2,21,0,0.0040595399188092015,0.0
Tionghoa,pm china,2,29,0,0.005606031316450802,0.0
Tionghoa,pools hari,2,34,0,0.006572588439976802,0.0
Tionghoa,popular seru,2,28,0,0.005412719891745603,0.0
Tionghoa,prediksi angka,2,25,0,0.004832785617630002,0.0
Tionghoa,prediksi hukum,2,22,0,0.004252851343514402,0.0
Tionghoa,presiden china,2,25,0,0.004832785617630002,0.0
Tionghoa,provinsi zhejiang,2,22,0,0.004252851343514402,0.0
Tionghoa,proyek kereta,2,20,0,0.0038662284941040014,0.0
Tionghoa,putra indonesia,2,27,0,0.005219408467040402,0.0
Tionghoa,rafael struick,2,29,0,0.005606031316450802,0.0
Tionghoa,result 1,2,53,0,0.010245505509375604,0.0
Tionghoa,result 3,2,57,0,0.011018751208196405,0.0
Tionghoa,result score,2,20,0,0.0038662284941040014,0.0
Tionghoa,rezekibaru indonesia,2,27,0,0.005219408467040402,0.0
Tionghoa,sahh shio,2,25,0,0.004832785617630002,0.0
Tionghoa,salam jackpot,2,47,0,0.009085636961144403,0.0
Tionghoa,salam jp,2,161,0,0.03112313937753721,0.0
Tionghoa,selalu utamakan,2,21,0,0.0040595399188092015,0.0
Tionghoa,selamat bagi,2,23,0,0.004446162768219602,0.0
Tionghoa,selamat para,2,40,0,0.007732456988208003,0.0
Tionghoa,selamat untuk,2,87,0,0.01681809394935241,0.0
Tionghoa,semakin banyak,2,20,0,0.0038662284941040014,0.0
Tionghoa,semangat untuk,2,20,0,0.0038662284941040014,0.0
Tionghoa,seru rezekibaru,2,27,0,0.005219408467040402,0.0
Tionghoa,shio anjing,2,44,0,0.008505702687028804,0.0
Tionghoa,shio babi,2,74,0,0.014305045428184806,0.0
Tionghoa,shio harimau,2,64,0,0.012371931181132804,0.0
Tionghoa,shio kambing,2,45,0,0.008699014111734004,0.0
Tionghoa,shio kelinci,2,71,0,0.013725111154069205,0.0
Tionghoa,shio kerbau,2,70,0,0.013531799729364006,0.0
Tionghoa,shio kuda,2,44,0,0.008505702687028804,0.0
Tionghoa,shio monyet,2,26,0,0.005026097042335202,0.0
Tionghoa,shio naga,2,60,0,0.011598685482312004,0.0
Tionghoa,shio tikus,2,45,0,0.008699014111734004,0.0
Tionghoa,silakan isi,2,20,0,0.0038662284941040014,0.0
Tionghoa,sport multisportevent,2,23,0,0.004446162768219602,0.0
Tionghoa,syair china,2,27,0,0.005219408467040402,0.0
Tionghoa,tahun lalu,2,24,0,0.004639474192924802,0.0
Tionghoa,tanpa mahar,2,26,0,0.005026097042335202,0.0
Tionghoa,telah jp,2,28,0,0.005412719891745603,0.0
Tionghoa,terdepan tranding,2,28,0,0.005412719891745603,0.0
Tionghoa,tetap ups,2,27,0,0.005219408467040402,0.0
Tionghoa,timnas indonesia,2,52,0,0.010052194084670405,0.0
Tionghoa,timur pada,2,21,0,0.0040595399188092015,0.0
Tionghoa,tionghoa di,2,26,0,0.005026097042335202,0.0
Tionghoa,togel togelchina,2,35,0,0.006765899864682003,0.0
Tionghoa,togel4d togelterbaik,2,28,0,0.005412719891745603,0.0
Tionghoa,togelakurat togel4d,2,29,0,0.005606031316450802,0.0
Tionghoa,togelchina togelindonesia,2,27,0,0.005219408467040402,0.0
Tionghoa,togelchina togelonline,2,27,0,0.005219408467040402,0.0
Tionghoa,togelindonesia togelterpercaya,2,23,0,0.004446162768219602,0.0
Tionghoa,togeljitu prediksitogel,2,20,0,0.0038662284941040014,0.0
Tionghoa,togeljitu togelakurat,2,29,0,0.005606031316450802,0.0
Tionghoa,togelonline togelchina,2,27,0,0.005219408467040402,0.0
Tionghoa,togelterbaik togelhariini,2,23,0,0.004446162768219602,0.0
Tionghoa,togelterpercaya togeljitu,2,29,0,0.005606031316450802,0.0
Tionghoa,top 2d,2,62,0,0.011985308331722405,0.0
Tionghoa,top 3d,2,60,0,0.011598685482312004,0.0
Tionghoa,top 4d,2,44,0,0.008505702687028804,0.0
Tionghoa,totolotre jackpot,2,28,0,0.005412719891745603,0.0
Tionghoa,tranding gaming,2,28,0,0.005412719891745603,0.0
Tionghoa,tuan rumah,2,49,0,0.009472259810554804,0.0
Tionghoa,tunggal putra,2,22,0,0.004252851343514402,0.0
Tionghoa,u 24,2,22,0,0.004252851343514402,0.0
Tionghoa,umur 22,2,23,0,0.004446162768219602,0.0
Tionghoa,untuk china,2,35,0,0.006765899864682003,0.0
Tionghoa,untuk member,2,35,0,0.006765899864682003,0.0
Tionghoa,untuk pasaran,2,43,0,0.008312391262323603,0.0
Tionghoa,viral foryou,2,28,0,0.005412719891745603,0.0
Tionghoa,world tour,2,20,0,0.0038662284941040014,0.0
Tionghoa,yang jackpot,2,23,0,0.004446162768219602,0.0
Tionghoa,yang jp,2,41,0,0.007925768412913203,0.0
Tionghoa,ybni kapal,2,22,0,0.004252851343514402,0.0
Tionghoa,zhejiang asiangames,2,20,0,0.0038662284941040014,0.0
Tionghoa,zhejiang china,2,22,0,0.004252851343514402,0.0
UNKNOWN,orang yang,2,35,13,0.017703591299949417,0.045454545454545456
UNKNOWN,anies baswedan,2,83,11,0.041982802225594334,0.038461538461538464
UNKNOWN,di indonesia,2,62,7,0.03136064744562468,0.024475524475524476
UNKNOWN,ganjar mahfud,2,31,7,0.01568032372281234,0.024475524475524476
UNKNOWN,pilpres 2024,2,27,6,0.013657056145675266,0.02097902097902098
UNKNOWN,tidak ada,2,29,6,0.014668689934243804,0.02097902097902098
UNKNOWN,orang orang,2,21,5,0.010622154779969651,0.017482517482517484
UNKNOWN,dalam video,2,29,4,0.014668689934243804,0.013986013986013986
UNKNOWN,ganjar pranowo,2,65,4,0.032878098128477494,0.013986013986013986
UNKNOWN,mahfud md,2,63,4,0.03186646433990895,0.013986013986013986
UNKNOWN,video ini,2,30,4,0.015174506828528073,0.013986013986013986
UNKNOWN,cak imin,2,27,1,0.013657056145675266,0.0034965034965034965
UNKNOWN,yang akan,2,21,1,0.010622154779969651,0.0034965034965034965
UNKNOWN,akun facebook,2,39,0,0.019726858877086494,0.0
UNKNOWN,akun whatsapp,2,22,0,0.01112797167425392,0.0
UNKNOWN,benar klaim,2,49,0,0.024785027819929185,0.0
UNKNOWN,berbagi hadiah,2,20,0,0.010116337885685382,0.0
UNKNOWN,cek fakta,2,69,0,0.03490136570561457,0.0
UNKNOWN,fakta debat,2,39,0,0.019726858877086494,0.0
UNKNOWN,gibran sebut,2,24,0,0.012139605462822459,0.0
UNKNOWN,hadiah melalui,2,20,0,0.010116337885685382,0.0
UNKNOWN,masyaallah alhamdulillah,2,20,0,0.010116337885685382,0.0
UNKNOWN,melalui akun,2,22,0,0.01112797167425392,0.0
UNKNOWN,sebagian benar,2,30,0,0.015174506828528073,0.0
