subset,token,label,document_count,document_rate,log_odds
unanimous,shio,0,707,0.030507011866235167,4.490253307352409
unanimous,result,0,547,0.02360302049622438,4.226782294066045
unanimous,september,0,532,0.02295577130528587,4.19834006868715
unanimous,prediksi,0,457,0.019719525350593313,4.043227320298639
unanimous,senin,0,418,0.01803667745415318,3.952412134661986
unanimous,togel,0,410,0.017691477885652642,3.9327597029361723
unanimous,pemenang,0,379,0.016353829557713053,3.8528775875606596
unanimous,jp,0,346,0.014929881337648328,3.7604592654652933
unanimous,kesehatan,0,281,0.012125134843581445,3.5498657466683583
unanimous,28,0,277,0.011952535059331176,3.5353795330848254
unanimous,asian,0,253,0.010916936353829558,3.4438748682190816
unanimous,pools,0,249,0.010744336569579288,3.427795474566852
unanimous,games,0,245,0.010571736785329019,3.4114590512372764
unanimous,kuala,0,230,0.009924487594390506,3.347759029717173
unanimous,nasional,0,224,0.009665587918015103,3.321122419464231
unanimous,pasaran,0,224,0.009665587918015103,3.321122419464231
unanimous,tolol,1,34,0.02402826855123675,3.291925669613641
unanimous,jackpot,0,208,0.008975188781014025,3.2464888742051343
unanimous,2d,0,201,0.008673139158576051,3.2120344822971987
unanimous,prize,0,189,0.008155339805825243,3.1501119435712477
unanimous,pesek,1,32,0.022614840989399292,3.141725914003022
unanimous,kecamatan,0,182,0.007853290183387271,3.112168611860174
unanimous,wahabi,1,31,0.021908127208480566,3.1097508271148815
unanimous,prediksitogel,0,176,0.007594390507011866,3.0784784059406975
unanimous,togelonline,0,175,0.007551240560949299,3.07275309421239
unanimous,whatsapp,0,175,0.007551240560949299,3.07275309421239
unanimous,kadrun,1,23,0.01625441696113074,3.0504476983925777
unanimous,sesat,1,25,0.0176678445229682,3.0308225046360042
unanimous,laknatullah,1,50,0.0353356890459364,3.002230381848967
unanimous,juara,0,162,0.006990291262135922,2.995227007640269
unanimous,prediksichina,0,161,0.0069471413160733545,2.9890106967212406
unanimous,memberi,0,150,0.006472491909385114,2.9179907928864997
unanimous,order,0,148,0.006386192017259979,2.904525810492263
unanimous,togelchina,0,143,0.006170442286947141,2.8700587793284886
unanimous,ujarnya,0,140,0.006040992448759439,2.8488009906518426
unanimous,bangladesh,0,139,0.005997842502696872,2.841614692825165
unanimous,joo,0,139,0.005997842502696872,2.841614692825165
unanimous,21,0,411,0.01773462783171521,2.835917718763424
unanimous,final,0,137,0.005911542610571737,2.827087193694733
unanimous,penolakan,0,135,0.005825242718446602,2.8123481094684104
unanimous,lengkap,0,133,0.005738942826321467,2.7973911470843844
unanimous,hadir,0,129,0.005566343042071198,2.7667969731739244
unanimous,temukan,0,129,0.005566343042071198,2.7667969731739244
unanimous,4d,0,128,0.00552319309600863,2.759001606774425
unanimous,fyp,0,126,0.005436893203883495,2.743228237063924
unanimous,hangzhou,0,123,0.0053074433656957925,2.719096938766635
unanimous,bali,0,121,0.005221143473570658,2.702683290756442
unanimous,badminton,0,120,0.005177993527508091,2.694375406367396
unanimous,full,0,120,0.005177993527508091,2.694375406367396
unanimous,join,0,119,0.005134843581445523,2.6859986521503685
unanimous,togeljitu,0,116,0.005005393743257821,2.660443447096891
unanimous,pengeluaran,0,335,0.014455231930960086,2.628397684096297
unanimous,200,0,112,0.0048327939590075515,2.6253319464799234
unanimous,mendesak,0,111,0.004789644012944984,2.6163599581220183
unanimous,pertemuan,0,111,0.004789644012944984,2.6163599581220183
unanimous,bid,1,17,0.012014134275618375,2.600936858227252
unanimous,32,0,109,0.004703344120819849,2.5981732068904333
unanimous,informasi,0,323,0.013937432578209277,2.591449597046439
unanimous,keterangan,0,108,0.004660194174757282,2.588955478639703
unanimous,bank,0,107,0.004617044228694714,2.579652803131529
unanimous,dimulai,0,107,0.004617044228694714,2.579652803131529
unanimous,perjalanan,0,107,0.004617044228694714,2.579652803131529
unanimous,minat,0,105,0.004530744336569579,2.560786213926464
unanimous,night,0,105,0.004530744336569579,2.560786213926464
unanimous,dajjal,1,22,0.015547703180212015,2.5391500591219667
unanimous,joko,0,102,0.004401294498381877,2.5318080318493714
unanimous,lowongan,0,102,0.004401294498381877,2.5318080318493714
unanimous,sebesar,0,102,0.004401294498381877,2.5318080318493714
unanimous,tempodunia,0,102,0.004401294498381877,2.5318080318493714
unanimous,korea,0,303,0.013074433656957929,2.5267572985793203
unanimous,hubungi,0,101,0.00435814455231931,2.521960692929826
unanimous,naga,0,101,0.00435814455231931,2.521960692929826
unanimous,beritaterkini,0,99,0.004271844660194175,2.5019728666010366
unanimous,neraka,1,19,0.01342756183745583,2.5012738082012893
unanimous,kualifikasi,0,98,0.004228694714131607,2.491828437425636
unanimous,colok,0,97,0.00418554476806904,2.4815809359401824
unanimous,pemeriksaan,0,97,0.00418554476806904,2.4815809359401824
unanimous,usai,0,288,0.012427184466019418,2.4754151795988455
unanimous,jaya,0,96,0.004142394822006472,2.47122823684763
unanimous,ular,0,96,0.004142394822006472,2.47122823684763
unanimous,angkajitu,0,95,0.004099244875943905,2.4607681484330417
unanimous,ayam,0,95,0.004099244875943905,2.4607681484330417
unanimous,balai,0,95,0.004099244875943905,2.4607681484330417
unanimous,medali,0,94,0.004056094929881337,2.4501984097669176
unanimous,usk,0,94,0.004056094929881337,2.4501984097669176
unanimous,banda,0,274,0.011823085221143474,2.42505985400248
unanimous,lokasi,0,273,0.011779935275080906,2.4213665506061295
unanimous,04,0,91,0.003926645091693636,2.417807581772834
unanimous,asean,0,91,0.003926645091693636,2.417807581772834
unanimous,sunnah,1,24,0.01696113074204947,2.4125196689046327
unanimous,titik,0,90,0.003883495145631068,2.4067751420252588
unanimous,dewan,0,89,0.0038403451995685004,2.395620600304591
unanimous,jadwal,0,89,0.0038403451995685004,2.395620600304591
unanimous,and,0,264,0.011391585760517799,2.3875132870352545
unanimous,berisi,0,88,0.003797195253505933,2.384341212618288
unanimous,forum,0,88,0.003797195253505933,2.384341212618288
unanimous,kartu,0,87,0.0037540453074433656,2.3729341414246536
unanimous,daftar,0,260,0.01121898597626753,2.372100327352992
unanimous,chinaopen2023,0,86,0.003710895361380798,2.3613964513314945
unanimous,kepolisian,0,86,0.003710895361380798,2.3613964513314945
unanimous,tulis,0,86,0.003710895361380798,2.3613964513314945
unanimous,biadab,1,38,0.02685512367491166,2.3518109306670127
unanimous,adadikompas,0,85,0.003667745415318231,2.349725104544684
unanimous,contact,0,85,0.003667745415318231,2.349725104544684
unanimous,meningkatkan,0,85,0.003667745415318231,2.349725104544684
unanimous,utamakan,0,85,0.003667745415318231,2.349725104544684
unanimous,mendorong,0,84,0.0036245954692556634,2.3379169560489763
unanimous,prediksitogelhariini,0,84,0.0036245954692556634,2.3379169560489763
unanimous,twins,0,84,0.0036245954692556634,2.3379169560489763
unanimous,desember,0,250,0.010787486515641856,2.3325200960207333
unanimous,bbfs,0,83,0.003581445523193096,2.3259687485019445
unanimous,bulutangkis,0,83,0.003581445523193096,2.3259687485019445
unanimous,duta,0,83,0.003581445523193096,2.3259687485019445
unanimous,sumatera,0,83,0.003581445523193096,2.3259687485019445
unanimous,kerbau,0,82,0.0035382955771305286,2.3138771068203017
unanimous,sunni,1,18,0.012720848056537103,2.3071594996116893
unanimous,2023,0,2969,0.12811218985976267,2.302972420481197
unanimous,energi,0,81,0.003495145631067961,2.3016385324360984
unanimous,loker,0,81,0.003495145631067961,2.3016385324360984
unanimous,size,0,81,0.003495145631067961,2.3016385324360984
unanimous,prediksijitu,0,80,0.003451995685005394,2.289249397198334
unanimous,sektor,0,80,0.003451995685005394,2.289249397198334
unanimous,v,0,80,0.003451995685005394,2.289249397198334
unanimous,januari,0,237,0.01022653721682848,2.2786619055312918
unanimous,asiangames2022,0,79,0.0034088457389428264,2.2767059368933964
unanimous,bb,0,79,0.0034088457389428264,2.2767059368933964
unanimous,koordinator,0,79,0.0034088457389428264,2.2767059368933964
unanimous,meuseuraya,0,79,0.0034088457389428264,2.2767059368933964
unanimous,penggunaan,0,79,0.0034088457389428264,2.2767059368933964
unanimous,sambut,0,79,0.0034088457389428264,2.2767059368933964
unanimous,taiwan,0,79,0.0034088457389428264,2.2767059368933964
unanimous,november,0,391,0.016871628910463864,2.2736832014947193
unanimous,center,0,78,0.003365695792880259,2.264004244355362
unanimous,paus,0,78,0.003365695792880259,2.264004244355362
unanimous,polresta,0,78,0.003365695792880259,2.264004244355362
unanimous,slotonline,0,78,0.003365695792880259,2.264004244355362
unanimous,tai,1,12,0.008480565371024734,2.2608957384461164
unanimous,150,0,77,0.0033225458468176916,2.2511402621346237
unanimous,beijing,0,77,0.0033225458468176916,2.2511402621346237
unanimous,harimau,0,77,0.0033225458468176916,2.2511402621346237
unanimous,perdagangan,0,77,0.0033225458468176916,2.2511402621346237
unanimous,fikri,0,76,0.003279395900755124,2.238109774690407
unanimous,indah,0,76,0.003279395900755124,2.238109774690407
unanimous,j,0,75,0.003236245954692557,2.224908400069599
unanimous,2022,0,224,0.009665587918015103,2.2218034169857885
unanimous,angkatogel,0,74,0.0031930960086299894,2.2115315810307834
unanimous,ditampung,0,74,0.0031930960086299894,2.2115315810307834
unanimous,jungkook,0,74,0.0031930960086299894,2.2115315810307834
unanimous,perdana,0,221,0.0095361380798274,2.208219597419447
unanimous,universitas,0,366,0.015792880258899675,2.206599571758448
unanimous,bma,0,73,0.003149946062567422,2.197974575568495
unanimous,food,0,73,0.003149946062567422,2.197974575568495
unanimous,kunjungan,0,73,0.003149946062567422,2.197974575568495
unanimous,smk,0,73,0.003149946062567422,2.197974575568495
unanimous,timnasday,0,73,0.003149946062567422,2.197974575568495
unanimous,selengkapnya,0,643,0.027745415318230854,2.1925388875228866
unanimous,cariberitaditvone,0,72,0.0031067961165048546,2.18423244678839
unanimous,chat,0,72,0.0031067961165048546,2.18423244678839
unanimous,chinapools,0,72,0.0031067961165048546,2.18423244678839
unanimous,dini,0,72,0.0031067961165048546,2.18423244678839
unanimous,dokumen,0,72,0.0031067961165048546,2.18423244678839
unanimous,made,0,72,0.0031067961165048546,2.18423244678839
unanimous,nasi,0,72,0.0031067961165048546,2.18423244678839
unanimous,penanganan,0,72,0.0031067961165048546,2.18423244678839
unanimous,widodo,0,72,0.0031067961165048546,2.18423244678839
unanimous,kamis,0,497,0.02144552319309601,2.18077643303551
unanimous,muslimin,1,23,0.01625441696113074,2.171605864142301
unanimous,comment,0,71,0.0030636461704422868,2.1703000520792397
unanimous,daniel,0,71,0.0030636461704422868,2.1703000520792397
unanimous,siti,0,71,0.0030636461704422868,2.1703000520792397
unanimous,staf,0,71,0.0030636461704422868,2.1703000520792397
unanimous,stay,0,71,0.0030636461704422868,2.1703000520792397
unanimous,togelterpercaya,0,71,0.0030636461704422868,2.1703000520792397
unanimous,33,0,70,0.0030204962243797194,2.156172031522315
unanimous,bencana,0,70,0.0030204962243797194,2.156172031522315
unanimous,digital,0,70,0.0030204962243797194,2.156172031522315
unanimous,keliru,0,70,0.0030204962243797194,2.156172031522315
unanimous,membutuhkan,0,70,0.0030204962243797194,2.156172031522315
unanimous,pribadi,0,70,0.0030204962243797194,2.156172031522315
unanimous,pribumi,1,18,0.012720848056537103,2.1551374386937585
unanimous,berbagi,0,69,0.002977346278317152,2.1418427954727894
unanimous,lee,0,69,0.002977346278317152,2.1418427954727894
unanimous,li,0,69,0.002977346278317152,2.1418427954727894
unanimous,detikcom,0,68,0.0029341963322545845,2.1273065112411467
unanimous,industri,0,68,0.0029341963322545845,2.1273065112411467
unanimous,melaju,0,68,0.0029341963322545845,2.1273065112411467
unanimous,menilai,0,68,0.0029341963322545845,2.1273065112411467
unanimous,nur,0,68,0.0029341963322545845,2.1273065112411467
unanimous,please,0,68,0.0029341963322545845,2.1273065112411467
unanimous,44,0,67,0.002891046386192017,2.1125570887951866
unanimous,akses,0,67,0.002891046386192017,2.1125570887951866
unanimous,bandartogelonline,0,67,0.002891046386192017,2.1125570887951866
unanimous,ganda,0,67,0.002891046386192017,2.1125570887951866
unanimous,hindia,0,67,0.002891046386192017,2.1125570887951866
unanimous,semarang,0,67,0.002891046386192017,2.1125570887951866
unanimous,tindak,0,67,0.002891046386192017,2.1125570887951866
unanimous,00,0,331,0.014282632146709816,2.1046955877548217
unanimous,pukul,0,199,0.008586839266450918,2.10265328551377
unanimous,han,0,66,0.0028478964401294497,2.097588165394896
unanimous,iskandar,0,66,0.0028478964401294497,2.097588165394896
unanimous,minyak,0,66,0.0028478964401294497,2.097588165394896
unanimous,tunggal,0,66,0.0028478964401294497,2.097588165394896
unanimous,victor,0,66,0.0028478964401294497,2.097588165394896
unanimous,09,0,198,0.00854368932038835,2.097584627528438
unanimous,dibuka,0,65,0.0028047464940668823,2.0823930890631663
unanimous,istimewa,0,65,0.0028047464940668823,2.0823930890631663
unanimous,kehadiran,0,65,0.0028047464940668823,2.0823930890631663
unanimous,more,0,65,0.0028047464940668823,2.0823930890631663
unanimous,normal,0,65,0.0028047464940668823,2.0823930890631663
unanimous,persatuan,0,65,0.0028047464940668823,2.0823930890631663
unanimous,terupdate,0,65,0.0028047464940668823,2.0823930890631663
unanimous,9,0,577,0.0248975188781014,2.0814004819369547
unanimous,bwf,0,64,0.002761596548004315,2.066964900784885
unanimous,net,0,64,0.002761596548004315,2.066964900784885
unanimous,pendaftaran,0,64,0.002761596548004315,2.066964900784885
unanimous,29,0,190,0.00819848975188781,2.056099615879104
unanimous,harian,0,63,0.0027184466019417475,2.0512963153151653
unanimous,konferensi,0,63,0.0027184466019417475,2.0512963153151653
unanimous,mahar,0,63,0.0027184466019417475,2.0512963153151653
unanimous,menanggapi,0,63,0.0027184466019417475,2.0512963153151653
unanimous,peningkatan,0,63,0.0027184466019417475,2.0512963153151653
unanimous,penyelundupan,0,63,0.0027184466019417475,2.0512963153151653
unanimous,pratama,0,63,0.0027184466019417475,2.0512963153151653
unanimous,red,0,63,0.0027184466019417475,2.0512963153151653
unanimous,sahh,0,63,0.0027184466019417475,2.0512963153151653
unanimous,set,0,63,0.0027184466019417475,2.0512963153151653
unanimous,羽毛球,0,63,0.0027184466019417475,2.0512963153151653
unanimous,배드민턴,0,63,0.0027184466019417475,2.0512963153151653
unanimous,diketahui,0,189,0.008155339805825243,2.0507929410928054
unanimous,program,0,188,0.008112189859762675,2.0454584206089463
unanimous,38,0,62,0.00267529665587918,2.0353797004642376
unanimous,credit,0,62,0.00267529665587918,2.0353797004642376
unanimous,entertainment,0,62,0.00267529665587918,2.0353797004642376
unanimous,kambing,0,62,0.00267529665587918,2.0353797004642376
unanimous,memanas,0,62,0.00267529665587918,2.0353797004642376
unanimous,membahas,0,62,0.00267529665587918,2.0353797004642376
unanimous,menambahkan,0,62,0.00267529665587918,2.0353797004642376
unanimous,riau,0,62,0.00267529665587918,2.0353797004642376
unanimous,segini,0,62,0.00267529665587918,2.0353797004642376
unanimous,streaming,0,62,0.00267529665587918,2.0353797004642376
unanimous,terdiri,0,62,0.00267529665587918,2.0353797004642376
unanimous,tersedia,0,62,0.00267529665587918,2.0353797004642376
unanimous,24,0,308,0.013290183387270766,2.0317833210744127
unanimous,sabtu,0,429,0.018511326860841424,2.0308086695598213
unanimous,terkait,0,429,0.018511326860841424,2.0308086695598213
unanimous,55,0,61,0.0026321467098166127,2.019207054711556
unanimous,arif,0,61,0.0026321467098166127,2.019207054711556
unanimous,dibaca,0,61,0.0026321467098166127,2.019207054711556
unanimous,gaming,0,61,0.0026321467098166127,2.019207054711556
unanimous,melayani,0,61,0.0026321467098166127,2.019207054711556
unanimous,menyusul,0,61,0.0026321467098166127,2.019207054711556
unanimous,paket,0,61,0.0026321467098166127,2.019207054711556
unanimous,park,0,61,0.0026321467098166127,2.019207054711556
unanimous,prof,0,61,0.0026321467098166127,2.019207054711556
unanimous,resultchina,0,61,0.0026321467098166127,2.019207054711556
unanimous,tayang,0,61,0.0026321467098166127,2.019207054711556
unanimous,vietnam,0,61,0.0026321467098166127,2.019207054711556
unanimous,penting,0,183,0.007896440129449837,2.0183575953512296
unanimous,bodoh,1,24,0.01696113074204947,2.01085303449004
unanimous,provinsi,0,181,0.007810140237324703,2.0073116004581
unanimous,kelakuan,1,11,0.0077738515901060075,2.0060035942138046
unanimous,fitnah,1,19,0.01342756183745583,2.0049229762130167
unanimous,kafir,1,15,0.01060070671378092,2.004678926652115
unanimous,42,0,60,0.0025889967637540453,2.0027699829847587
unanimous,60,0,60,0.0025889967637540453,2.0027699829847587
unanimous,cabang,0,60,0.0025889967637540453,2.0027699829847587
unanimous,diskon,0,60,0.0025889967637540453,2.0027699829847587
unanimous,fakultas,0,60,0.0025889967637540453,2.0027699829847587
unanimous,polres,0,60,0.0025889967637540453,2.0027699829847587
unanimous,sekretaris,0,60,0.0025889967637540453,2.0027699829847587
unanimous,paman,1,10,0.007067137809187279,1.9960844907112019
unanimous,39,0,59,0.002545846817691478,1.9860596704199418
unanimous,ajnn,0,59,0.002545846817691478,1.9860596704199418
unanimous,badmintalk,0,59,0.002545846817691478,1.9860596704199418
unanimous,dibutuhkan,0,59,0.002545846817691478,1.9860596704199418
unanimous,ina,0,59,0.002545846817691478,1.9860596704199418
unanimous,kec,0,59,0.002545846817691478,1.9860596704199418
unanimous,komitmen,0,59,0.002545846817691478,1.9860596704199418
unanimous,maksimal,0,59,0.002545846817691478,1.9860596704199418
unanimous,memulai,0,59,0.002545846817691478,1.9860596704199418
unanimous,newsone,0,59,0.002545846817691478,1.9860596704199418
unanimous,tanda,0,59,0.002545846817691478,1.9860596704199418
unanimous,バドミントン,0,59,0.002545846817691478,1.9860596704199418
unanimous,syiah,1,151,0.10671378091872792,1.984432832161853
unanimous,angka,0,293,0.012642934196332254,1.9812833792687066
unanimous,agus,0,58,0.0025026968716289105,1.9690668538979168
unanimous,perwakilan,0,58,0.0025026968716289105,1.9690668538979168
unanimous,rohani,0,58,0.0025026968716289105,1.9690668538979168
unanimous,tenggara,0,58,0.0025026968716289105,1.9690668538979168
unanimous,tour,0,58,0.0025026968716289105,1.9690668538979168
unanimous,yogyakarta,0,58,0.0025026968716289105,1.9690668538979168
unanimous,world,0,174,0.007508090614886731,1.9676763140999098
unanimous,sejumlah,0,289,0.012470334412081984,1.967386246215896
unanimous,asiangames,0,57,0.002459546925566343,1.9517817911263504
unanimous,ditempatkan,0,57,0.002459546925566343,1.9517817911263504
unanimous,official,0,57,0.002459546925566343,1.9517817911263504
unanimous,operator,0,57,0.002459546925566343,1.9517817911263504
unanimous,original,0,57,0.002459546925566343,1.9517817911263504
unanimous,siswi,0,57,0.002459546925566343,1.9517817911263504
unanimous,tanggapan,0,57,0.002459546925566343,1.9517817911263504
unanimous,tersangka,0,57,0.002459546925566343,1.9517817911263504
unanimous,ah,1,42,0.029681978798586573,1.950811162577116
unanimous,setan,1,17,0.012014134275618375,1.94243222988258
unanimous,msh,1,9,0.0063604240282685515,1.9388180974578173
unanimous,bidang,0,169,0.007292340884573895,1.9383871457733386
unanimous,google,0,169,0.007292340884573895,1.9383871457733386
unanimous,43,0,56,0.0024163969795037757,1.9341942270094108
unanimous,bosku,0,56,0.0024163969795037757,1.9341942270094108
unanimous,chen,0,56,0.0024163969795037757,1.9341942270094108
unanimous,city,0,56,0.0024163969795037757,1.9341942270094108
unanimous,foryou,0,56,0.0024163969795037757,1.9341942270094108
unanimous,indonesian,0,56,0.0024163969795037757,1.9341942270094108
unanimous,kesepakatan,0,56,0.0024163969795037757,1.9341942270094108
unanimous,kombes,0,56,0.0024163969795037757,1.9341942270094108
unanimous,kristus,0,56,0.0024163969795037757,1.9341942270094108
unanimous,menangani,0,56,0.0024163969795037757,1.9341942270094108
unanimous,pertumbuhan,0,56,0.0024163969795037757,1.9341942270094108
unanimous,terdepan,0,56,0.0024163969795037757,1.9341942270094108
unanimous,kaum,1,54,0.03816254416961131,1.9328525275828992
unanimous,live,0,168,0.007249190938511327,1.9324265037128618
unanimous,etika,1,16,0.011307420494699646,1.9323561361105521
unanimous,anggota,0,276,0.011909385113268608,1.9208739109790505
unanimous,pencalonan,1,8,0.005653710247349823,1.9200585296280686
unanimous,news,0,384,0.01656957928802589,1.918154345055751
unanimous,oktober,0,705,0.030420711974110032,1.9181362881222286
unanimous,anime,0,55,0.0023732470334412083,1.9162933570142417
unanimous,antaranya,0,55,0.0023732470334412083,1.9162933570142417
unanimous,beroperasi,0,55,0.0023732470334412083,1.9162933570142417
unanimous,el,0,55,0.0023732470334412083,1.9162933570142417
unanimous,humas,0,55,0.0023732470334412083,1.9162933570142417
unanimous,lahan,0,55,0.0023732470334412083,1.9162933570142417
unanimous,lowongankerja,0,55,0.0023732470334412083,1.9162933570142417
unanimous,mengunjungi,0,55,0.0023732470334412083,1.9162933570142417
unanimous,owner,0,55,0.0023732470334412083,1.9162933570142417
unanimous,pelayanan,0,55,0.0023732470334412083,1.9162933570142417
unanimous,peluang,0,55,0.0023732470334412083,1.9162933570142417
unanimous,polda,0,55,0.0023732470334412083,1.9162933570142417
unanimous,bebas,0,165,0.007119741100323625,1.914331564974503
unanimous,menyampaikan,0,165,0.007119741100323625,1.914331564974503
unanimous,putri,0,165,0.007119741100323625,1.914331564974503
unanimous,kebiadaban,1,12,0.008480565371024734,1.9108332210629828
unanimous,tiga,0,273,0.011779935275080906,1.9098337132321621
unanimous,balasan,0,54,0.002330097087378641,1.8980677872065952
unanimous,festival,0,54,0.002330097087378641,1.8980677872065952
unanimous,kunci,0,54,0.002330097087378641,1.8980677872065952
unanimous,match,0,54,0.002330097087378641,1.8980677872065952
unanimous,memicu,0,54,0.002330097087378641,1.8980677872065952
unanimous,music,0,54,0.002330097087378641,1.8980677872065952
unanimous,peserta,0,54,0.002330097087378641,1.8980677872065952
unanimous,siswa,0,54,0.002330097087378641,1.8980677872065952
unanimous,ucap,0,54,0.002330097087378641,1.8980677872065952
unanimous,versi,0,54,0.002330097087378641,1.8980677872065952
unanimous,gratis,0,162,0.006990291262135922,1.895908005161827
unanimous,nazi,1,11,0.0077738515901060075,1.8946483638725036
unanimous,israelterorrist,1,14,0.009893992932862191,1.8808344111415825
unanimous,diperkirakan,0,53,0.0022869471413160735,1.8795054905854454
unanimous,gugur,0,53,0.0022869471413160735,1.8795054905854454
unanimous,jt,0,53,0.0022869471413160735,1.8795054905854454
unanimous,konfirmasi,0,53,0.0022869471413160735,1.8795054905854454
unanimous,pengembangan,0,53,0.0022869471413160735,1.8795054905854454
unanimous,tampil,0,53,0.0022869471413160735,1.8795054905854454
unanimous,tangerang,0,53,0.0022869471413160735,1.8795054905854454
unanimous,togelakurat,0,53,0.0022869471413160735,1.8795054905854454
unanimous,togelhariini,0,53,0.0022869471413160735,1.8795054905854454
unanimous,togelovers,0,53,0.0022869471413160735,1.8795054905854454
unanimous,الله,1,10,0.007067137809187279,1.8758105948337105
unanimous,situasi,0,157,0.006774541531823085,1.8644382214761244
unanimous,165,0,52,0.002243797195253506,1.8605937592975328
unanimous,85,0,52,0.002243797195253506,1.8605937592975328
unanimous,ajang,0,52,0.002243797195253506,1.8605937592975328
unanimous,andi,0,52,0.002243797195253506,1.8605937592975328
unanimous,asasi,0,52,0.002243797195253506,1.8605937592975328
unanimous,dibandingkan,0,52,0.002243797195253506,1.8605937592975328
unanimous,fajar,0,52,0.002243797195253506,1.8605937592975328
unanimous,mendatang,0,52,0.002243797195253506,1.8605937592975328
unanimous,rekaman,0,52,0.002243797195253506,1.8605937592975328
unanimous,27,0,259,0.011175836030204962,1.8566776937584444
unanimous,kantor,0,259,0.011175836030204962,1.8566776937584444
unanimous,kegiatan,0,155,0.00668824163969795,1.851571611969487
unanimous,3d,0,154,0.006645091693635383,1.845076538088452
unanimous,agresi,0,154,0.006645091693635383,1.845076538088452
unanimous,22,0,357,0.01540453074433657,1.8441619672178522
unanimous,aniesmuhaimin2024,0,51,0.0022006472491909383,1.8413191522563364
unanimous,badmintonplayer,0,51,0.0022006472491909383,1.8413191522563364
unanimous,bandarjudi,0,51,0.0022006472491909383,1.8413191522563364
unanimous,diboikot,0,51,0.0022006472491909383,1.8413191522563364
unanimous,diklaim,0,51,0.0022006472491909383,1.8413191522563364
unanimous,halo,0,51,0.0022006472491909383,1.8413191522563364
unanimous,high,0,51,0.0022006472491909383,1.8413191522563364
unanimous,hijau,0,51,0.0022006472491909383,1.8413191522563364
unanimous,kemenkumham,0,51,0.0022006472491909383,1.8413191522563364
unanimous,kritik,0,51,0.0022006472491909383,1.8413191522563364
unanimous,masters,0,51,0.0022006472491909383,1.8413191522563364
unanimous,perak,0,51,0.0022006472491909383,1.8413191522563364
unanimous,po,0,51,0.0022006472491909383,1.8413191522563364
unanimous,terowongan,0,51,0.0022006472491909383,1.8413191522563364
unanimous,truk,0,51,0.0022006472491909383,1.8413191522563364
unanimous,zhejiang,0,51,0.0022006472491909383,1.8413191522563364
unanimous,kpd,1,8,0.005653710247349823,1.826881730263659
unanimous,pki,1,8,0.005653710247349823,1.826881730263659
unanimous,group,0,151,0.0065156418554476805,1.8253377622217606
unanimous,ujar,0,151,0.0065156418554476805,1.8253377622217606
unanimous,49,0,50,0.002157497303128371,1.8216674376247102
unanimous,arhan,0,50,0.002157497303128371,1.8216674376247102
unanimous,cnnindonesia,0,50,0.002157497303128371,1.8216674376247102
unanimous,fuji,0,50,0.002157497303128371,1.8216674376247102
unanimous,mengutip,0,50,0.002157497303128371,1.8216674376247102
unanimous,nyesel,0,50,0.002157497303128371,1.8216674376247102
unanimous,penganiayaan,0,50,0.002157497303128371,1.8216674376247102
unanimous,saputra,0,50,0.002157497303128371,1.8216674376247102
unanimous,tertinggi,0,50,0.002157497303128371,1.8216674376247102
unanimous,tvonenews,0,50,0.002157497303128371,1.8216674376247102
unanimous,winner,0,50,0.002157497303128371,1.8216674376247102
unanimous,follow,0,349,0.01505933117583603,1.8211796354801035
unanimous,16,0,446,0.01924487594390507,1.818351331989497
unanimous,pemahaman,1,9,0.0063604240282685515,1.813525376065482
unanimous,83,0,49,0.0021143473570658035,1.8016235295446876
unanimous,bagas,0,49,0.0021143473570658035,1.8016235295446876
unanimous,bakso,0,49,0.0021143473570658035,1.8016235295446876
unanimous,berperan,0,49,0.0021143473570658035,1.8016235295446876
unanimous,champion,0,49,0.0021143473570658035,1.8016235295446876
unanimous,community,0,49,0.0021143473570658035,1.8016235295446876
unanimous,delapan,0,49,0.0021143473570658035,1.8016235295446876
unanimous,menekankan,0,49,0.0021143473570658035,1.8016235295446876
unanimous,now,0,49,0.0021143473570658035,1.8016235295446876
unanimous,nurul,0,49,0.0021143473570658035,1.8016235295446876
unanimous,rohingnya,0,49,0.0021143473570658035,1.8016235295446876
unanimous,togelindonesia,0,49,0.0021143473570658035,1.8016235295446876
unanimous,twin,0,49,0.0021143473570658035,1.8016235295446876
unanimous,un,0,49,0.0021143473570658035,1.8016235295446876
unanimous,lanjut,0,245,0.010571736785329019,1.8006072113848666
unanimous,30,0,341,0.014714131607335491,1.7976733443686543
unanimous,bani,1,11,0.0077738515901060075,1.7944352932873433
unanimous,salaf,1,7,0.0049469964664310955,1.7941851593714806
unanimous,penampungan,0,146,0.006299892125134844,1.791560429323516
unanimous,photo,0,146,0.006299892125134844,1.791560429323516
unanimous,tv,0,146,0.006299892125134844,1.791560429323516
unanimous,tinggalkan,1,8,0.005653710247349823,1.7833534273767362
unanimous,adat,0,48,0.002071197411003236,1.7811714184098635
unanimous,adi,0,48,0.002071197411003236,1.7811714184098635
unanimous,afp,0,48,0.002071197411003236,1.7811714184098635
unanimous,amazing,0,48,0.002071197411003236,1.7811714184098635
unanimous,baesuzy,0,48,0.002071197411003236,1.7811714184098635
unanimous,ben,0,48,0.002071197411003236,1.7811714184098635
unanimous,cape,0,48,0.002071197411003236,1.7811714184098635
unanimous,diselenggarakan,0,48,0.002071197411003236,1.7811714184098635
unanimous,drone,0,48,0.002071197411003236,1.7811714184098635
unanimous,gresik,0,48,0.002071197411003236,1.7811714184098635
unanimous,imigrasi,0,48,0.002071197411003236,1.7811714184098635
unanimous,inews,0,48,0.002071197411003236,1.7811714184098635
unanimous,keluaranchina,0,48,0.002071197411003236,1.7811714184098635
unanimous,marsudi,0,48,0.002071197411003236,1.7811714184098635
unanimous,menyelesaikan,0,48,0.002071197411003236,1.7811714184098635
unanimous,pasokan,0,48,0.002071197411003236,1.7811714184098635
unanimous,penempatan,0,48,0.002071197411003236,1.7811714184098635
unanimous,produsen,0,48,0.002071197411003236,1.7811714184098635
unanimous,senyum,0,48,0.002071197411003236,1.7811714184098635
unanimous,situstogel,0,48,0.002071197411003236,1.7811714184098635
unanimous,sport,0,48,0.002071197411003236,1.7811714184098635
unanimous,tembus,0,48,0.002071197411003236,1.7811714184098635
unanimous,terpercaya,0,48,0.002071197411003236,1.7811714184098635
unanimous,tes,0,48,0.002071197411003236,1.7811714184098635
unanimous,ngaku,1,9,0.0063604240282685515,1.775015898693403
unanimous,sempat,0,143,0.006170442286947141,1.7707397768500461
unanimous,info,0,424,0.01829557713052859,1.7668565003971965
unanimous,r,0,142,0.0061272923408845735,1.7637033253906755
unanimous,52,0,47,0.0020280474649406687,1.760294093872978
unanimous,evakuasi,0,47,0.0020280474649406687,1.760294093872978
unanimous,irwan,0,47,0.0020280474649406687,1.760294093872978
unanimous,jatinangor,0,47,0.0020280474649406687,1.760294093872978
unanimous,men,0,47,0.0020280474649406687,1.760294093872978
unanimous,mengingat,0,47,0.0020280474649406687,1.760294093872978
unanimous,menikah,0,47,0.0020280474649406687,1.760294093872978
unanimous,menyediakan,0,47,0.0020280474649406687,1.760294093872978
unanimous,newsupdate,0,47,0.0020280474649406687,1.760294093872978
unanimous,pembukaan,0,47,0.0020280474649406687,1.760294093872978
unanimous,rangkaian,0,47,0.0020280474649406687,1.760294093872978
unanimous,rekomendasi,0,47,0.0020280474649406687,1.760294093872978
unanimous,sabang,0,47,0.0020280474649406687,1.760294093872978
unanimous,skor,0,47,0.0020280474649406687,1.760294093872978
unanimous,topik,0,47,0.0020280474649406687,1.760294093872978
unanimous,resmi,0,234,0.010097087378640776,1.7542862566315487
unanimous,kekuasaan,1,14,0.009893992932862191,1.7522371404168118
unanimous,pihaknya,0,140,0.006040992448759439,1.7494819881734005
unanimous,س,1,7,0.0049469964664310955,1.7465139231656355
unanimous,jumat,0,415,0.01790722761596548,1.7450316088482531
unanimous,ajaran,1,18,0.012720848056537103,1.744210321581479
unanimous,beriman,1,8,0.005653710247349823,1.7416375381634455
unanimous,41,0,46,0.0019848975188781013,1.738973459661062
unanimous,66,0,46,0.0019848975188781013,1.738973459661062
unanimous,78,0,46,0.0019848975188781013,1.738973459661062
unanimous,afrika,0,46,0.0019848975188781013,1.738973459661062
unanimous,asiangames2023,0,46,0.0019848975188781013,1.738973459661062
unanimous,atlet,0,46,0.0019848975188781013,1.738973459661062
unanimous,beritasatu,0,46,0.0019848975188781013,1.738973459661062
unanimous,deklarasi,0,46,0.0019848975188781013,1.738973459661062
unanimous,dwi,0,46,0.0019848975188781013,1.738973459661062
unanimous,halloween,0,46,0.0019848975188781013,1.738973459661062
unanimous,idn,0,46,0.0019848975188781013,1.738973459661062
unanimous,ikan,0,46,0.0019848975188781013,1.738973459661062
unanimous,judul,0,46,0.0019848975188781013,1.738973459661062
unanimous,jusuf,0,46,0.0019848975188781013,1.738973459661062
unanimous,ketegangan,0,46,0.0019848975188781013,1.738973459661062
unanimous,ktt,0,46,0.0019848975188781013,1.738973459661062
unanimous,masyaallah,0,46,0.0019848975188781013,1.738973459661062
unanimous,pemindahan,0,46,0.0019848975188781013,1.738973459661062
unanimous,permasalahan,0,46,0.0019848975188781013,1.738973459661062
unanimous,pln,0,46,0.0019848975188781013,1.738973459661062
unanimous,prediksichinapools,0,46,0.0019848975188781013,1.738973459661062
unanimous,puncak,0,46,0.0019848975188781013,1.738973459661062
unanimous,rekening,0,46,0.0019848975188781013,1.738973459661062
unanimous,sarapan,0,46,0.0019848975188781013,1.738973459661062
unanimous,uzbekistan,0,46,0.0019848975188781013,1.738973459661062
unanimous,tukang,1,9,0.0063604240282685515,1.7379314286027485
unanimous,komunis,1,11,0.0077738515901060075,1.7327909829352517
unanimous,bagus,0,137,0.005911542610571737,1.7277681912162908
unanimous,meski,0,137,0.005911542610571737,1.7277681912162908
unanimous,kabupaten,0,227,0.009795037756202805,1.7236758297749517
unanimous,bogor,0,45,0.001941747572815534,1.7171902391292753
unanimous,diharapkan,0,45,0.001941747572815534,1.7171902391292753
unanimous,feni,0,45,0.001941747572815534,1.7171902391292753
unanimous,kesulitan,0,45,0.001941747572815534,1.7171902391292753
unanimous,kiky,0,45,0.001941747572815534,1.7171902391292753
unanimous,memenangkan,0,45,0.001941747572815534,1.7171902391292753
unanimous,nam,0,45,0.001941747572815534,1.7171902391292753
unanimous,ntt,0,45,0.001941747572815534,1.7171902391292753
unanimous,pemesanan,0,45,0.001941747572815534,1.7171902391292753
unanimous,pengamanan,0,45,0.001941747572815534,1.7171902391292753
unanimous,premium,0,45,0.001941747572815534,1.7171902391292753
unanimous,r32,0,45,0.001941747572815534,1.7171902391292753
unanimous,sari,0,45,0.001941747572815534,1.7171902391292753
unanimous,semifinal,0,45,0.001941747572815534,1.7171902391292753
unanimous,togelslot,0,45,0.001941747572815534,1.7171902391292753
unanimous,toto,0,45,0.001941747572815534,1.7171902391292753
unanimous,win,0,45,0.001941747572815534,1.7171902391292753
unanimous,yusuf,0,45,0.001941747572815534,1.7171902391292753
unanimous,31,0,135,0.005825242718446602,1.7130291069899684
unanimous,drama,0,135,0.005825242718446602,1.7130291069899684
unanimous,langkah,0,135,0.005825242718446602,1.7130291069899684
unanimous,pt,0,134,0.005782092772384034,1.705578264818041
unanimous,thailand,0,134,0.005782092772384034,1.705578264818041
unanimous,ayat,1,13,0.009187279151943463,1.7044995873183697
unanimous,anak2,1,12,0.008480565371024734,1.7039164913588993
unanimous,berkuasa,1,10,0.007067137809187279,1.7027517712793283
unanimous,sallam,1,7,0.0049469964664310955,1.7010083600070711
unanimous,anjing,1,34,0.02402826855123675,1.6976332508592786
unanimous,achmad,0,44,0.0018985976267529665,1.6949238703182734
unanimous,berdampak,0,44,0.0018985976267529665,1.6949238703182734
unanimous,cup,0,44,0.0018985976267529665,1.6949238703182734
unanimous,ginting,0,44,0.0018985976267529665,1.6949238703182734
unanimous,hasilnya,0,44,0.0018985976267529665,1.6949238703182734
unanimous,hidupnya,0,44,0.0018985976267529665,1.6949238703182734
unanimous,idntimes,0,44,0.0018985976267529665,1.6949238703182734
unanimous,memperingatkan,0,44,0.0018985976267529665,1.6949238703182734
unanimous,prediksitogelchina,0,44,0.0018985976267529665,1.6949238703182734
unanimous,respons,0,44,0.0018985976267529665,1.6949238703182734
unanimous,santo,0,44,0.0018985976267529665,1.6949238703182734
unanimous,setiawan,0,44,0.0018985976267529665,1.6949238703182734
unanimous,transfer,0,44,0.0018985976267529665,1.6949238703182734
unanimous,diduga,0,219,0.009449838187702266,1.6875292779856124
unanimous,link,0,561,0.024207119741100323,1.6834533353830872
unanimous,per,0,131,0.0056526429341963325,1.6828907260124524
unanimous,otak,1,21,0.014840989399293287,1.678558847783077
unanimous,disampaikan,0,130,0.005609492988133765,1.6752137077965585
unanimous,seru,0,130,0.005609492988133765,1.6752137077965585
unanimous,teknologi,0,130,0.005609492988133765,1.6752137077965585
unanimous,dibantu,0,43,0.001855447680690399,1.6721523890833527
unanimous,keluarganya,0,43,0.001855447680690399,1.6721523890833527
unanimous,ketik,0,43,0.001855447680690399,1.6721523890833527
unanimous,kong,0,43,0.001855447680690399,1.6721523890833527
unanimous,kulit,0,43,0.001855447680690399,1.6721523890833527
unanimous,lokerjakarta,0,43,0.001855447680690399,1.6721523890833527
unanimous,ly,0,43,0.001855447680690399,1.6721523890833527
unanimous,pegawai,0,43,0.001855447680690399,1.6721523890833527
unanimous,personel,0,43,0.001855447680690399,1.6721523890833527
unanimous,pertanian,0,43,0.001855447680690399,1.6721523890833527
unanimous,popular,0,43,0.001855447680690399,1.6721523890833527
unanimous,pusing,0,43,0.001855447680690399,1.6721523890833527
unanimous,tenang,0,43,0.001855447680690399,1.6721523890833527
unanimous,terungkap,0,43,0.001855447680690399,1.6721523890833527
unanimous,washington,0,43,0.001855447680690399,1.6721523890833527
unanimous,sesungguhnya,1,18,0.012720848056537103,1.671934021040574
unanimous,wahai,1,10,0.007067137809187279,1.6714560200323896
unanimous,kereta,0,129,0.005566343042071198,1.6674779706954823
unanimous,bkn,1,6,0.004240282685512367,1.6503745924930673
unanimous,hadits,1,6,0.004240282685512367,1.6503745924930673
unanimous,berkoordinasi,0,42,0.0018122977346278317,1.6488522986304868
unanimous,brilliant,0,42,0.0018122977346278317,1.6488522986304868
unanimous,cv,0,42,0.0018122977346278317,1.6488522986304868
unanimous,freeport,0,42,0.0018122977346278317,1.6488522986304868
unanimous,hangzhou2022,0,42,0.0018122977346278317,1.6488522986304868
unanimous,hoaks,0,42,0.0018122977346278317,1.6488522986304868
unanimous,jasa,0,42,0.0018122977346278317,1.6488522986304868
unanimous,jppaus,0,42,0.0018122977346278317,1.6488522986304868
unanimous,kanwil,0,42,0.0018122977346278317,1.6488522986304868
unanimous,khawatir,0,42,0.0018122977346278317,1.6488522986304868
unanimous,lintas,0,42,0.0018122977346278317,1.6488522986304868
unanimous,lomba,0,42,0.0018122977346278317,1.6488522986304868
unanimous,mandiri,0,42,0.0018122977346278317,1.6488522986304868
unanimous,maranatha,0,42,0.0018122977346278317,1.6488522986304868
unanimous,memaksa,0,42,0.0018122977346278317,1.6488522986304868
unanimous,mengatasi,0,42,0.0018122977346278317,1.6488522986304868
unanimous,mengungkap,0,42,0.0018122977346278317,1.6488522986304868
unanimous,our,0,42,0.0018122977346278317,1.6488522986304868
unanimous,part,0,42,0.0018122977346278317,1.6488522986304868
unanimous,pembayaran,0,42,0.0018122977346278317,1.6488522986304868
unanimous,penyebab,0,42,0.0018122977346278317,1.6488522986304868
unanimous,poster,0,42,0.0018122977346278317,1.6488522986304868
unanimous,rights,0,42,0.0018122977346278317,1.6488522986304868
unanimous,terbang,0,42,0.0018122977346278317,1.6488522986304868
unanimous,termurah,0,42,0.0018122977346278317,1.6488522986304868
unanimous,wang,0,42,0.0018122977346278317,1.6488522986304868
unanimous,wijaya,0,42,0.0018122977346278317,1.6488522986304868
unanimous,chinese,0,377,0.016267529665587917,1.6474513963017239
unanimous,nkri,1,16,0.011307420494699646,1.6472815977653934
unanimous,katolik,0,538,0.023214670981661273,1.6406125280573503
unanimous,kementerian,0,208,0.008975188781014025,1.6356370343527247
unanimous,alaihi,1,9,0.0063604240282685515,1.6342611432332481
unanimous,moral,1,13,0.009187279151943463,1.6329109440760792
unanimous,open,0,370,0.015965480043149946,1.6284272817315169
unanimous,piala,0,124,0.00535059331175836,1.6278858763088622
unanimous,timnas,0,124,0.00535059331175836,1.6278858763088622
unanimous,88,0,41,0.0017691477885652643,1.6249984235167736
unanimous,awesome,0,41,0.0017691477885652643,1.6249984235167736
unanimous,bit,0,41,0.0017691477885652643,1.6249984235167736
unanimous,cctv,0,41,0.0017691477885652643,1.6249984235167736
unanimous,gameonline,0,41,0.0017691477885652643,1.6249984235167736
unanimous,jelasnya,0,41,0.0017691477885652643,1.6249984235167736
unanimous,jitu,0,41,0.0017691477885652643,1.6249984235167736
unanimous,ketinggalan,0,41,0.0017691477885652643,1.6249984235167736
unanimous,livedrawchina,0,41,0.0017691477885652643,1.6249984235167736
unanimous,meeting,0,41,0.0017691477885652643,1.6249984235167736
unanimous,nomorsatu,0,41,0.0017691477885652643,1.6249984235167736
unanimous,note,0,41,0.0017691477885652643,1.6249984235167736
unanimous,nyatakan,0,41,0.0017691477885652643,1.6249984235167736
unanimous,paris,0,41,0.0017691477885652643,1.6249984235167736
unanimous,pemilih,0,41,0.0017691477885652643,1.6249984235167736
unanimous,penjualan,0,41,0.0017691477885652643,1.6249984235167736
unanimous,polsek,0,41,0.0017691477885652643,1.6249984235167736
unanimous,tercatat,0,41,0.0017691477885652643,1.6249984235167736
unanimous,totolotre,0,41,0.0017691477885652643,1.6249984235167736
unanimous,tranding,0,41,0.0017691477885652643,1.6249984235167736
unanimous,transaksi,0,41,0.0017691477885652643,1.6249984235167736
unanimous,tumbuh,0,41,0.0017691477885652643,1.6249984235167736
unanimous,of,0,368,0.01587918015102481,1.622926854327032
unanimous,12,0,843,0.03637540453074434,1.6205347395931378
unanimous,buzzer,1,11,0.0077738515901060075,1.619822631677487
unanimous,terlibat,0,123,0.0053074433656957925,1.619777936288193
unanimous,putra,0,204,0.008802588996763753,1.6160918246227547
unanimous,anis,1,7,0.0049469964664310955,1.6157641679068575
unanimous,shallallahu,1,7,0.0049469964664310955,1.6157641679068575
unanimous,aliran,1,10,0.007067137809187279,1.6116503642439683
unanimous,pantai,0,121,0.005221143473570658,1.6033642882779997
unanimous,papua,0,121,0.005221143473570658,1.6033642882779997
unanimous,dlm,1,23,0.01625441696113074,1.6025254901052117
unanimous,و,1,9,0.0063604240282685515,1.6019570751390209
unanimous,180,0,40,0.001725997842502697,1.6005637458410624
unanimous,2020,0,40,0.001725997842502697,1.6005637458410624
unanimous,59,0,40,0.001725997842502697,1.6005637458410624
unanimous,72,0,40,0.001725997842502697,1.6005637458410624
unanimous,800,0,40,0.001725997842502697,1.6005637458410624
unanimous,alami,0,40,0.001725997842502697,1.6005637458410624
unanimous,antonio,0,40,0.001725997842502697,1.6005637458410624
unanimous,bahrain,0,40,0.001725997842502697,1.6005637458410624
unanimous,berupaya,0,40,0.001725997842502697,1.6005637458410624
unanimous,bonus,0,40,0.001725997842502697,1.6005637458410624
unanimous,cod,0,40,0.001725997842502697,1.6005637458410624
unanimous,dicolok,0,40,0.001725997842502697,1.6005637458410624
unanimous,ditetapkan,0,40,0.001725997842502697,1.6005637458410624
unanimous,email,0,40,0.001725997842502697,1.6005637458410624
unanimous,hidayat,0,40,0.001725997842502697,1.6005637458410624
unanimous,incredible,0,40,0.001725997842502697,1.6005637458410624
unanimous,jawapos,0,40,0.001725997842502697,1.6005637458410624
unanimous,pengawasan,0,40,0.001725997842502697,1.6005637458410624
unanimous,perserikatan,0,40,0.001725997842502697,1.6005637458410624
unanimous,profile,0,40,0.001725997842502697,1.6005637458410624
unanimous,rafael,0,40,0.001725997842502697,1.6005637458410624
unanimous,rank,0,40,0.001725997842502697,1.6005637458410624
unanimous,rezekibaru,0,40,0.001725997842502697,1.6005637458410624
unanimous,rian,0,40,0.001725997842502697,1.6005637458410624
unanimous,sayap,0,40,0.001725997842502697,1.6005637458410624
unanimous,tantangan,0,40,0.001725997842502697,1.6005637458410624
unanimous,unggulan,0,40,0.001725997842502697,1.6005637458410624
unanimous,kuburan,1,11,0.0077738515901060075,1.5934621044129205
unanimous,perkara,1,11,0.0077738515901060075,1.5934621044129205
unanimous,penguasa,1,8,0.005653710247349823,1.5902337785300227
unanimous,bio,0,277,0.011952535059331176,1.587347742498154
unanimous,menyebutkan,0,119,0.005134843581445523,1.5866796496719262
unanimous,zionis,1,214,0.15123674911660778,1.5781135841833263
unanimous,zionist,1,14,0.009893992932862191,1.5756120343888977
unanimous,ayu,0,39,0.0016828478964401295,1.575519220952374
unanimous,bagikan,0,39,0.0016828478964401295,1.575519220952374
unanimous,bni,0,39,0.0016828478964401295,1.575519220952374
unanimous,datachina,0,39,0.0016828478964401295,1.575519220952374
unanimous,ditutup,0,39,0.0016828478964401295,1.575519220952374
unanimous,dok,0,39,0.0016828478964401295,1.575519220952374
unanimous,erick,0,39,0.0016828478964401295,1.575519220952374
unanimous,hype,0,39,0.0016828478964401295,1.575519220952374
unanimous,hyuk,0,39,0.0016828478964401295,1.575519220952374
unanimous,ide,0,39,0.0016828478964401295,1.575519220952374
unanimous,jo,0,39,0.0016828478964401295,1.575519220952374
unanimous,keempat,0,39,0.0016828478964401295,1.575519220952374
unanimous,kompol,0,39,0.0016828478964401295,1.575519220952374
unanimous,mempertahankan,0,39,0.0016828478964401295,1.575519220952374
unanimous,mencakup,0,39,0.0016828478964401295,1.575519220952374
unanimous,menetapkan,0,39,0.0016828478964401295,1.575519220952374
unanimous,mengubah,0,39,0.0016828478964401295,1.575519220952374
unanimous,menyoroti,0,39,0.0016828478964401295,1.575519220952374
unanimous,pentingnya,0,39,0.0016828478964401295,1.575519220952374
unanimous,peperangan,0,39,0.0016828478964401295,1.575519220952374
unanimous,pesisir,0,39,0.0016828478964401295,1.575519220952374
unanimous,rahayu,0,39,0.0016828478964401295,1.575519220952374
unanimous,rutin,0,39,0.0016828478964401295,1.575519220952374
unanimous,sederajat,0,39,0.0016828478964401295,1.575519220952374
unanimous,single,0,39,0.0016828478964401295,1.575519220952374
unanimous,sobatgaming,0,39,0.0016828478964401295,1.575519220952374
unanimous,tajam,0,39,0.0016828478964401295,1.575519220952374
unanimous,tempo,0,39,0.0016828478964401295,1.575519220952374
unanimous,ter,0,39,0.0016828478964401295,1.575519220952374
unanimous,universe,0,39,0.0016828478964401295,1.575519220952374
unanimous,university,0,39,0.0016828478964401295,1.575519220952374
unanimous,zona,0,39,0.0016828478964401295,1.575519220952374
unanimous,zoom,0,39,0.0016828478964401295,1.575519220952374
unanimous,3,0,1393,0.06010787486515642,1.5753811457615363
unanimous,wib,0,348,0.015016181229773462,1.5662478526273536
unanimous,2024,0,725,0.03128371089536138,1.5653607370103475
unanimous,nyerang,1,6,0.004240282685512367,1.557197793128658
unanimous,pembela,1,6,0.004240282685512367,1.557197793128658
unanimous,seakan,1,6,0.004240282685512367,1.557197793128658
unanimous,cerdas,1,12,0.008480565371024734,1.5552371445348652
unanimous,tdk,1,28,0.019787985865724382,1.5510142417635522
unanimous,tag,0,191,0.008241639697950378,1.5498458991938497
unanimous,0813,0,38,0.001639697950377562,1.5498335695238852
unanimous,54,0,38,0.001639697950377562,1.5498335695238852
unanimous,adik,0,38,0.001639697950377562,1.5498335695238852
unanimous,apple,0,38,0.001639697950377562,1.5498335695238852
unanimous,bocoranchina,0,38,0.001639697950377562,1.5498335695238852
unanimous,bri,0,38,0.001639697950377562,1.5498335695238852
unanimous,court,0,38,0.001639697950377562,1.5498335695238852
unanimous,diversityisbeautiful,0,38,0.001639697950377562,1.5498335695238852
unanimous,edi,0,38,0.001639697950377562,1.5498335695238852
unanimous,import,0,38,0.001639697950377562,1.5498335695238852
unanimous,jeda,0,38,0.001639697950377562,1.5498335695238852
unanimous,karakter,0,38,0.001639697950377562,1.5498335695238852
unanimous,life,0,38,0.001639697950377562,1.5498335695238852
unanimous,mark,0,38,0.001639697950377562,1.5498335695238852
unanimous,meter,0,38,0.001639697950377562,1.5498335695238852
unanimous,mewujudkan,0,38,0.001639697950377562,1.5498335695238852
unanimous,next,0,38,0.001639697950377562,1.5498335695238852
unanimous,parade,0,38,0.001639697950377562,1.5498335695238852
unanimous,pernyataannya,0,38,0.001639697950377562,1.5498335695238852
unanimous,putin,0,38,0.001639697950377562,1.5498335695238852
unanimous,ramli,0,38,0.001639697950377562,1.5498335695238852
unanimous,resulttogel,0,38,0.001639697950377562,1.5498335695238852
unanimous,rilis,0,38,0.001639697950377562,1.5498335695238852
unanimous,round,0,38,0.001639697950377562,1.5498335695238852
unanimous,sahabatganjar,0,38,0.001639697950377562,1.5498335695238852
unanimous,sertifikat,0,38,0.001639697950377562,1.5498335695238852
unanimous,telepon,0,38,0.001639697950377562,1.5498335695238852
unanimous,togelsydney,0,38,0.001639697950377562,1.5498335695238852
unanimous,togelterbaik,0,38,0.001639697950377562,1.5498335695238852
unanimous,tokopedia,0,38,0.001639697950377562,1.5498335695238852
unanimous,tri,0,38,0.001639697950377562,1.5498335695238852
unanimous,unilever,0,38,0.001639697950377562,1.5498335695238852
unanimous,viva,0,38,0.001639697950377562,1.5498335695238852
unanimous,minggu,0,565,0.024379719525350594,1.546918183194034
unanimous,0,0,341,0.014714131607335491,1.5456507007606963
unanimous,top,0,190,0.00819848975188781,1.5445667785051365
unanimous,foto,0,637,0.027486515641855447,1.5440782365293027
unanimous,pasar,0,114,0.004919093851132686,1.543721266218564
unanimous,18,0,340,0.014670981661272923,1.542674354915501
unanimous,berdosa,1,7,0.0049469964664310955,1.5372061612426569
unanimous,sah,0,113,0.0048759439050701184,1.5349059187720318
unanimous,kejam,1,12,0.008480565371024734,1.5324656632999447
unanimous,ekonomi,0,262,0.011305285868392665,1.5311230410623673
unanimous,jihad,1,10,0.007067137809187279,1.528139109669472
unanimous,11,0,698,0.03011866235167206,1.526232920161505
unanimous,menyebabkan,0,112,0.0048327939590075515,1.5260129440014814
unanimous,69,0,37,0.0015965480043149947,1.5234730422593186
unanimous,apresiasi,0,37,0.0015965480043149947,1.5234730422593186
unanimous,bandartogel,0,37,0.0015965480043149947,1.5234730422593186
unanimous,beritausk,0,37,0.0015965480043149947,1.5234730422593186
unanimous,credits,0,37,0.0015965480043149947,1.5234730422593186
unanimous,fadia,0,37,0.0015965480043149947,1.5234730422593186
unanimous,fortune,0,37,0.0015965480043149947,1.5234730422593186
unanimous,fransiskus,0,37,0.0015965480043149947,1.5234730422593186
unanimous,inatogel,0,37,0.0015965480043149947,1.5234730422593186
unanimous,ismail,0,37,0.0015965480043149947,1.5234730422593186
unanimous,jarak,0,37,0.0015965480043149947,1.5234730422593186
unanimous,jet,0,37,0.0015965480043149947,1.5234730422593186
unanimous,keluarantogel,0,37,0.0015965480043149947,1.5234730422593186
unanimous,klasemen,0,37,0.0015965480043149947,1.5234730422593186
unanimous,lamaran,0,37,0.0015965480043149947,1.5234730422593186
unanimous,lhokseumawe,0,37,0.0015965480043149947,1.5234730422593186
unanimous,mcdonald,0,37,0.0015965480043149947,1.5234730422593186
unanimous,menko,0,37,0.0015965480043149947,1.5234730422593186
unanimous,perunggu,0,37,0.0015965480043149947,1.5234730422593186
unanimous,pungkasnya,0,37,0.0015965480043149947,1.5234730422593186
unanimous,s1,0,37,0.0015965480043149947,1.5234730422593186
unanimous,sanksi,0,37,0.0015965480043149947,1.5234730422593186
unanimous,sebagainya,0,37,0.0015965480043149947,1.5234730422593186
unanimous,senilai,0,37,0.0015965480043149947,1.5234730422593186
unanimous,seputar,0,37,0.0015965480043149947,1.5234730422593186
unanimous,struick,0,37,0.0015965480043149947,1.5234730422593186
unanimous,susi,0,37,0.0015965480043149947,1.5234730422593186
unanimous,taylor,0,37,0.0015965480043149947,1.5234730422593186
unanimous,teknik,0,37,0.0015965480043149947,1.5234730422593186
unanimous,ups,0,37,0.0015965480043149947,1.5234730422593186
unanimous,vaksin,0,37,0.0015965480043149947,1.5234730422593186
unanimous,yuk,0,186,0.00802588996763754,1.5231718154089788
unanimous,swt,1,8,0.005653710247349823,1.5223247760390897
unanimous,08,0,111,0.004789644012944984,1.5170409556435762
unanimous,reuters,0,111,0.004789644012944984,1.5170409556435762
unanimous,selatan,0,403,0.01738942826321467,1.5138189792946644
unanimous,s,0,547,0.02360302049622438,1.5137745757283076
unanimous,posting,1,6,0.004240282685512367,1.513669490241735
unanimous,zionisme,1,6,0.004240282685512367,1.513669490241735
unanimous,jumlah,0,257,0.011089536138079828,1.5116734909681404
unanimous,etik,1,7,0.0049469964664310955,1.5001216911520026
unanimous,palestinegenocide,1,7,0.0049469964664310955,1.5001216911520026
unanimous,sok,1,7,0.0049469964664310955,1.5001216911520026
unanimous,slot,0,109,0.004703344120819849,1.4988542044119912
unanimous,135,0,36,0.0015533980582524273,1.496401152792003
unanimous,2024menangtotal,0,36,0.0015533980582524273,1.496401152792003
unanimous,63,0,36,0.0015533980582524273,1.496401152792003
unanimous,berbasis,0,36,0.0015533980582524273,1.496401152792003
unanimous,beritaviral,0,36,0.0015533980582524273,1.496401152792003
unanimous,ganjarpresiden,0,36,0.0015533980582524273,1.496401152792003
unanimous,hangat,0,36,0.0015533980582524273,1.496401152792003
unanimous,icha,0,36,0.0015533980582524273,1.496401152792003
unanimous,kalla,0,36,0.0015533980582524273,1.496401152792003
unanimous,kantong,0,36,0.0015533980582524273,1.496401152792003
unanimous,kuning,0,36,0.0015533980582524273,1.496401152792003
unanimous,livecasino,0,36,0.0015533980582524273,1.496401152792003
unanimous,mei,0,36,0.0015533980582524273,1.496401152792003
unanimous,ms,0,36,0.0015533980582524273,1.496401152792003
unanimous,panasnya,0,36,0.0015533980582524273,1.496401152792003
unanimous,pelaksanaan,0,36,0.0015533980582524273,1.496401152792003
unanimous,pendek,0,36,0.0015533980582524273,1.496401152792003
unanimous,reserved,0,36,0.0015533980582524273,1.496401152792003
unanimous,resulthariini,0,36,0.0015533980582524273,1.496401152792003
unanimous,snack,0,36,0.0015533980582524273,1.496401152792003
unanimous,tas,0,36,0.0015533980582524273,1.496401152792003
unanimous,transportasi,0,36,0.0015533980582524273,1.496401152792003
unanimous,tribun,0,36,0.0015533980582524273,1.496401152792003
unanimous,turnamen,0,36,0.0015533980582524273,1.496401152792003
unanimous,unjuk,0,36,0.0015533980582524273,1.496401152792003
unanimous,wei,0,36,0.0015533980582524273,1.496401152792003
unanimous,50,0,180,0.007766990291262136,1.4902103994374352
unanimous,asia,0,180,0.007766990291262136,1.4902103994374352
unanimous,pertandingan,0,108,0.004660194174757282,1.4896364761612608
unanimous,tanggal,0,251,0.010830636461704422,1.487834997429021
unanimous,proses,0,179,0.007723840345199569,1.484611343769205
unanimous,aslinya,1,5,0.0035335689045936395,1.4826112879420175
unanimous,terbaru,0,249,0.010744336569579288,1.4797636839801804
unanimous,daerah,0,247,0.010658036677454153,1.4716281193067287
unanimous,2018,0,35,0.0015102481121898597,1.4685783734731659
unanimous,65,0,35,0.0015102481121898597,1.4685783734731659
unanimous,67,0,35,0.0015102481121898597,1.4685783734731659
unanimous,77,0,35,0.0015102481121898597,1.4685783734731659
unanimous,adakami,0,35,0.0015102481121898597,1.4685783734731659
unanimous,arenagacor,0,35,0.0015102481121898597,1.4685783734731659
unanimous,awards,0,35,0.0015102481121898597,1.4685783734731659
unanimous,bambang,0,35,0.0015102481121898597,1.4685783734731659
unanimous,bayu,0,35,0.0015102481121898597,1.4685783734731659
unanimous,bbtogel,0,35,0.0015102481121898597,1.4685783734731659
unanimous,berpengalaman,0,35,0.0015102481121898597,1.4685783734731659
unanimous,bsi,0,35,0.0015102481121898597,1.4685783734731659
unanimous,democratizeinformation,0,35,0.0015102481121898597,1.4685783734731659
unanimous,dihadiri,0,35,0.0015102481121898597,1.4685783734731659
unanimous,diutamakan,0,35,0.0015102481121898597,1.4685783734731659
unanimous,duniaku_com,0,35,0.0015102481121898597,1.4685783734731659
unanimous,finansial,0,35,0.0015102481121898597,1.4685783734731659
unanimous,gempuran,0,35,0.0015102481121898597,1.4685783734731659
unanimous,harinya,0,35,0.0015102481121898597,1.4685783734731659
unanimous,ilustrasi,0,35,0.0015102481121898597,1.4685783734731659
unanimous,indra,0,35,0.0015102481121898597,1.4685783734731659
unanimous,jabalia,0,35,0.0015102481121898597,1.4685783734731659
unanimous,jasmani,0,35,0.0015102481121898597,1.4685783734731659
unanimous,jayagaming,0,35,0.0015102481121898597,1.4685783734731659
unanimous,ji,0,35,0.0015102481121898597,1.4685783734731659
unanimous,junior,0,35,0.0015102481121898597,1.4685783734731659
unanimous,kapolresta,0,35,0.0015102481121898597,1.4685783734731659
unanimous,karyawan,0,35,0.0015102481121898597,1.4685783734731659
unanimous,kg,0,35,0.0015102481121898597,1.4685783734731659
unanimous,kurniawan,0,35,0.0015102481121898597,1.4685783734731659
unanimous,lantai,0,35,0.0015102481121898597,1.4685783734731659
unanimous,mengumpulkan,0,35,0.0015102481121898597,1.4685783734731659
unanimous,menikmati,0,35,0.0015102481121898597,1.4685783734731659
unanimous,nagaslot,0,35,0.0015102481121898597,1.4685783734731659
unanimous,ongkir,0,35,0.0015102481121898597,1.4685783734731659
unanimous,penghargaan,0,35,0.0015102481121898597,1.4685783734731659
unanimous,perolehan,0,35,0.0015102481121898597,1.4685783734731659
unanimous,popbela_com,0,35,0.0015102481121898597,1.4685783734731659
unanimous,popmama_com,0,35,0.0015102481121898597,1.4685783734731659
unanimous,prince,0,35,0.0015102481121898597,1.4685783734731659
unanimous,rektor,0,35,0.0015102481121898597,1.4685783734731659
unanimous,respective,0,35,0.0015102481121898597,1.4685783734731659
unanimous,sekjen,0,35,0.0015102481121898597,1.4685783734731659
unanimous,slotgacorhariini,0,35,0.0015102481121898597,1.4685783734731659
unanimous,spesial,0,35,0.0015102481121898597,1.4685783734731659
unanimous,togelcasino,0,35,0.0015102481121898597,1.4685783734731659
unanimous,ungkapnya,0,35,0.0015102481121898597,1.4685783734731659
unanimous,yanto,0,35,0.0015102481121898597,1.4685783734731659
unanimous,yummy,0,35,0.0015102481121898597,1.4685783734731659
unanimous,jakarta,0,521,0.022481121898597627,1.4639730545404837
unanimous,pengungsian,0,105,0.004530744336569579,1.4614672114480216
unanimous,sukses,0,105,0.004530744336569579,1.4614672114480216
unanimous,mujahidin,1,8,0.005653710247349823,1.458724956697924
unanimous,01,0,104,0.004487594390507012,1.4518999854783485
unanimous,yayasan,0,104,0.004487594390507012,1.4518999854783485
unanimous,dgn,1,47,0.033215547703180213,1.448229707019001
unanimous,89,0,34,0.0014670981661272923,1.4399617876848223
unanimous,ana,0,34,0.0014670981661272923,1.4399617876848223
unanimous,beragam,0,34,0.0014670981661272923,1.4399617876848223
unanimous,berpotensi,0,34,0.0014670981661272923,1.4399617876848223
unanimous,centang,0,34,0.0014670981661272923,1.4399617876848223
unanimous,detail,0,34,0.0014670981661272923,1.4399617876848223
unanimous,didampingi,0,34,0.0014670981661272923,1.4399617876848223
unanimous,dragon,0,34,0.0014670981661272923,1.4399617876848223
unanimous,fashion,0,34,0.0014670981661272923,1.4399617876848223
unanimous,jalurgaza,0,34,0.0014670981661272923,1.4399617876848223
unanimous,ledakan,0,34,0.0014670981661272923,1.4399617876848223
unanimous,leo,0,34,0.0014670981661272923,1.4399617876848223
unanimous,mama,0,34,0.0014670981661272923,1.4399617876848223
unanimous,market,0,34,0.0014670981661272923,1.4399617876848223
unanimous,memantau,0,34,0.0014670981661272923,1.4399617876848223
unanimous,menembak,0,34,0.0014670981661272923,1.4399617876848223
unanimous,menghantam,0,34,0.0014670981661272923,1.4399617876848223
unanimous,nations,0,34,0.0014670981661272923,1.4399617876848223
unanimous,oki,0,34,0.0014670981661272923,1.4399617876848223
unanimous,parahyangan,0,34,0.0014670981661272923,1.4399617876848223
unanimous,partner,0,34,0.0014670981661272923,1.4399617876848223
unanimous,penyelidikan,0,34,0.0014670981661272923,1.4399617876848223
unanimous,perempat,0,34,0.0014670981661272923,1.4399617876848223
unanimous,regional,0,34,0.0014670981661272923,1.4399617876848223
unanimous,sdm,0,34,0.0014670981661272923,1.4399617876848223
unanimous,seharian,0,34,0.0014670981661272923,1.4399617876848223
unanimous,selebrasi,0,34,0.0014670981661272923,1.4399617876848223
unanimous,semalam,0,34,0.0014670981661272923,1.4399617876848223
unanimous,sepakbola,0,34,0.0014670981661272923,1.4399617876848223
unanimous,tanjung,0,34,0.0014670981661272923,1.4399617876848223
unanimous,togelhongkong,0,34,0.0014670981661272923,1.4399617876848223
unanimous,tusuk,0,34,0.0014670981661272923,1.4399617876848223
unanimous,yaman,1,38,0.02685512367491166,1.439738816640775
unanimous,situs,0,171,0.007378640776699029,1.4386715839176751
unanimous,sekolah,0,239,0.010312837108953614,1.4384221042598822
unanimous,bukannya,1,5,0.0035335689045936395,1.4349400517361721
unanimous,dijajah,1,5,0.0035335689045936395,1.4349400517361721
unanimous,pendukungnya,1,5,0.0035335689045936395,1.4349400517361721
unanimous,com,0,439,0.0189428263214671,1.4330990091274936
unanimous,desa,0,170,0.007335490830636462,1.4327801452241171
unanimous,lagu,0,102,0.004401294498381877,1.4324890293709291
unanimous,memastikan,0,102,0.004401294498381877,1.4324890293709291
unanimous,aceh,0,765,0.03300970873786408,1.4283339482586621
unanimous,data,0,169,0.007292340884573895,1.4268543083993712
unanimous,kemarin,0,169,0.007292340884573895,1.4268543083993712
unanimous,pria,0,169,0.007292340884573895,1.4268543083993712
unanimous,via,0,236,0.010183387270765912,1.4256861080009278
unanimous,kitab,1,14,0.009893992932862191,1.425453772807235
unanimous,07,0,101,0.00435814455231931,1.422641690451384
unanimous,komunikasi,0,101,0.00435814455231931,1.422641690451384
unanimous,new,0,168,0.007249190938511327,1.4208936663388945
unanimous,pihak,0,365,0.01574973031283711,1.4132414821448354
unanimous,china,0,3953,0.17057173678532903,1.4131403393059463
unanimous,or,0,100,0.004314994606256742,1.4126972825239201
unanimous,slotgacor,0,100,0.004314994606256742,1.4126972825239201
unanimous,137,0,33,0.0014239482200647249,1.4105046910015542
unanimous,84,0,33,0.0014239482200647249,1.4105046910015542
unanimous,asep,0,33,0.0014239482200647249,1.4105046910015542
unanimous,bazar,0,33,0.0014239482200647249,1.4105046910015542
unanimous,cn,0,33,0.0014239482200647249,1.4105046910015542
unanimous,collegelife,0,33,0.0014239482200647249,1.4105046910015542
unanimous,cox,0,33,0.0014239482200647249,1.4105046910015542
unanimous,dirilis,0,33,0.0014239482200647249,1.4105046910015542
unanimous,doubles,0,33,0.0014239482200647249,1.4105046910015542
unanimous,iron,0,33,0.0014239482200647249,1.4105046910015542
unanimous,jurusan,0,33,0.0014239482200647249,1.4105046910015542
unanimous,kapolsek,0,33,0.0014239482200647249,1.4105046910015542
unanimous,keunggulan,0,33,0.0014239482200647249,1.4105046910015542
unanimous,meluas,0,33,0.0014239482200647249,1.4105046910015542
unanimous,menampilkan,0,33,0.0014239482200647249,1.4105046910015542
unanimous,menawarkan,0,33,0.0014239482200647249,1.4105046910015542
unanimous,mendatangi,0,33,0.0014239482200647249,1.4105046910015542
unanimous,mer,0,33,0.0014239482200647249,1.4105046910015542
unanimous,merespons,0,33,0.0014239482200647249,1.4105046910015542
unanimous,nusa,0,33,0.0014239482200647249,1.4105046910015542
unanimous,operasional,0,33,0.0014239482200647249,1.4105046910015542
unanimous,palembang,0,33,0.0014239482200647249,1.4105046910015542
unanimous,pembelian,0,33,0.0014239482200647249,1.4105046910015542
unanimous,pembicaraan,0,33,0.0014239482200647249,1.4105046910015542
unanimous,penderitaan,0,33,0.0014239482200647249,1.4105046910015542
unanimous,removal,0,33,0.0014239482200647249,1.4105046910015542
unanimous,sedikitnya,0,33,0.0014239482200647249,1.4105046910015542
unanimous,sudirman,0,33,0.0014239482200647249,1.4105046910015542
unanimous,sungai,0,33,0.0014239482200647249,1.4105046910015542
unanimous,tembakan,0,33,0.0014239482200647249,1.4105046910015542
unanimous,thohir,0,33,0.0014239482200647249,1.4105046910015542
unanimous,undangan,0,33,0.0014239482200647249,1.4105046910015542
unanimous,upacara,0,33,0.0014239482200647249,1.4105046910015542
unanimous,well,0,33,0.0014239482200647249,1.4105046910015542
unanimous,young,0,33,0.0014239482200647249,1.4105046910015542
unanimous,yu,0,33,0.0014239482200647249,1.4105046910015542
unanimous,yahudi,1,152,0.10742049469964664,1.406722177388205
unanimous,klik,0,297,0.012815533980582524,1.4057921919988938
unanimous,source,0,165,0.007119741100323625,1.4027987276005356
unanimous,muak,1,10,0.007067137809187279,1.402759853298304
unanimous,kampus,0,99,0.004271844660194175,1.402653864122594
unanimous,pendukung,1,27,0.019081272084805655,1.4012600365576475
unanimous,artikel,0,164,0.007076591154261057,1.3966946455119786
unanimous,hanyalah,1,7,0.0049469964664310955,1.396451405782502
unanimous,opini,1,7,0.0049469964664310955,1.396451405782502
unanimous,bebaskan,1,6,0.004240282685512367,1.3933955943642438
unanimous,kim,0,98,0.004228694714131607,1.392509434947194
unanimous,selanjutnya,0,98,0.004228694714131607,1.392509434947194
unanimous,hasil,0,676,0.02916936353829558,1.3924572150705796
unanimous,nabi,1,35,0.024734982332155476,1.389991347588855
unanimous,dendam,1,5,0.0035335689045936395,1.389434488577608
unanimous,bela,1,30,0.02120141342756184,1.3890673673583085
unanimous,muka,1,13,0.009187279151943463,1.3887699761451902
unanimous,love,0,162,0.006990291262135922,1.3843751677878593
unanimous,benci,1,11,0.0077738515901060075,1.3830015800638278
unanimous,mkmk,1,11,0.0077738515901060075,1.3830015800638278
unanimous,app,0,97,0.00418554476806904,1.38226193346174
unanimous,murah,0,97,0.00418554476806904,1.38226193346174
unanimous,toko,0,97,0.00418554476806904,1.38226193346174
unanimous,trending,0,97,0.00418554476806904,1.38226193346174
unanimous,2014,0,32,0.0013807982740021575,1.380156131896401
unanimous,73,0,32,0.0013807982740021575,1.380156131896401
unanimous,badmintoneurope,0,32,0.0013807982740021575,1.380156131896401
unanimous,chinamasters2023,0,32,0.0013807982740021575,1.380156131896401
unanimous,dikonfirmasi,0,32,0.0013807982740021575,1.380156131896401
unanimous,fancy,0,32,0.0013807982740021575,1.380156131896401
unanimous,kemenag,0,32,0.0013807982740021575,1.380156131896401
unanimous,ketentuan,0,32,0.0013807982740021575,1.380156131896401
unanimous,memindahkan,0,32,0.0013807982740021575,1.380156131896401
unanimous,menjabat,0,32,0.0013807982740021575,1.380156131896401
unanimous,mewakili,0,32,0.0013807982740021575,1.380156131896401
unanimous,project,0,32,0.0013807982740021575,1.380156131896401
unanimous,rizky,0,32,0.0013807982740021575,1.380156131896401
unanimous,rp1,0,32,0.0013807982740021575,1.380156131896401
unanimous,skala,0,32,0.0013807982740021575,1.380156131896401
unanimous,south,0,32,0.0013807982740021575,1.380156131896401
unanimous,suaramillennial,0,32,0.0013807982740021575,1.380156131896401
unanimous,taman,0,32,0.0013807982740021575,1.380156131896401
unanimous,tenda,0,32,0.0013807982740021575,1.380156131896401
unanimous,tradisional,0,32,0.0013807982740021575,1.380156131896401
unanimous,trend,0,32,0.0013807982740021575,1.380156131896401
unanimous,willy,0,32,0.0013807982740021575,1.380156131896401
unanimous,zhang,0,32,0.0013807982740021575,1.380156131896401
unanimous,mati,1,42,0.029681978798586573,1.3773086718853276
unanimous,teroris,1,37,0.026148409893992933,1.3738451843571793
unanimous,diberikan,0,96,0.004142394822006472,1.3719092343691877
unanimous,tribunnews,0,96,0.004142394822006472,1.3719092343691877
unanimous,online,0,160,0.006903991370010788,1.371904206852221
unanimous,seolah,1,8,0.005653710247349823,1.370302715121159
unanimous,pendidikan,0,223,0.009622437971952535,1.3685827665609964
unanimous,makanya,1,12,0.008480565371024734,1.366795774320685
unanimous,propaganda,1,12,0.008480565371024734,1.366795774320685
unanimous,membunuh,1,20,0.014134275618374558,1.3664056669483908
unanimous,cucu,1,7,0.0049469964664310955,1.3641473376882747
unanimous,م,1,7,0.0049469964664310955,1.3641473376882747
unanimous,ي,1,7,0.0049469964664310955,1.3641473376882747
unanimous,jepang,0,222,0.009579288025889967,1.3640548868239821
unanimous,cawapres,1,46,0.03250883392226148,1.3636643210098651
unanimous,rabu,0,472,0.020366774541531824,1.3631409371017285
unanimous,area,0,95,0.004099244875943905,1.3614491459545994
unanimous,joe,0,95,0.004099244875943905,1.3614491459545994
unanimous,konten,0,95,0.004099244875943905,1.3614491459545994
unanimous,shifa,0,95,0.004099244875943905,1.3614491459545994
unanimous,kembali,0,469,0.02023732470334412,1.3566393593291592
unanimous,duluan,1,6,0.004240282685512367,1.3563111242735892
unanimous,keji,1,6,0.004240282685512367,1.3563111242735892
unanimous,nenek,1,6,0.004240282685512367,1.3563111242735892
unanimous,penjajah,1,40,0.028268551236749116,1.3561193622814118
unanimous,selasa,0,345,0.01488673139158576,1.3560914411198863
unanimous,kabar,0,157,0.006774541531823085,1.3529053841021568
unanimous,menghadiri,0,94,0.004056094929881337,1.3508794072884753
unanimous,sandera,0,94,0.004056094929881337,1.3508794072884753
unanimous,silakan,0,94,0.004056094929881337,1.3508794072884753
unanimous,kebencian,1,9,0.0063604240282685515,1.3502537099474208
unanimous,56,0,31,0.00133764832793959,1.3488603806494623
unanimous,79,0,31,0.00133764832793959,1.3488603806494623
unanimous,81,0,31,0.00133764832793959,1.3488603806494623
unanimous,86,0,31,0.00133764832793959,1.3488603806494623
unanimous,ahad,0,31,0.00133764832793959,1.3488603806494623
unanimous,belom,0,31,0.00133764832793959,1.3488603806494623
unanimous,box,0,31,0.00133764832793959,1.3488603806494623
unanimous,capai,0,31,0.00133764832793959,1.3488603806494623
unanimous,depok,0,31,0.00133764832793959,1.3488603806494623
unanimous,dipungut,0,31,0.00133764832793959,1.3488603806494623
unanimous,edukasi,0,31,0.00133764832793959,1.3488603806494623
unanimous,episode,0,31,0.00133764832793959,1.3488603806494623
unanimous,eurotogel,0,31,0.00133764832793959,1.3488603806494623
unanimous,herman,0,31,0.00133764832793959,1.3488603806494623
unanimous,inovasi,0,31,0.00133764832793959,1.3488603806494623
unanimous,kapolres,0,31,0.00133764832793959,1.3488603806494623
unanimous,kebudayaan,0,31,0.00133764832793959,1.3488603806494623
unanimous,kenaikan,0,31,0.00133764832793959,1.3488603806494623
unanimous,kepritogel,0,31,0.00133764832793959,1.3488603806494623
unanimous,lama2,0,31,0.00133764832793959,1.3488603806494623
unanimous,laman,0,31,0.00133764832793959,1.3488603806494623
unanimous,likeforlike,0,31,0.00133764832793959,1.3488603806494623
unanimous,melukai,0,31,0.00133764832793959,1.3488603806494623
unanimous,memeriksa,0,31,0.00133764832793959,1.3488603806494623
unanimous,memperlihatkan,0,31,0.00133764832793959,1.3488603806494623
unanimous,mengkritik,0,31,0.00133764832793959,1.3488603806494623
unanimous,menyiapkan,0,31,0.00133764832793959,1.3488603806494623
unanimous,onana,0,31,0.00133764832793959,1.3488603806494623
unanimous,pengurus,0,31,0.00133764832793959,1.3488603806494623
unanimous,ra,0,31,0.00133764832793959,1.3488603806494623
unanimous,review,0,31,0.00133764832793959,1.3488603806494623
unanimous,seller,0,31,0.00133764832793959,1.3488603806494623
unanimous,sembilan,0,31,0.00133764832793959,1.3488603806494623
unanimous,silam,0,31,0.00133764832793959,1.3488603806494623
unanimous,silaturahmi,0,31,0.00133764832793959,1.3488603806494623
unanimous,start,0,31,0.00133764832793959,1.3488603806494623
unanimous,stok,0,31,0.00133764832793959,1.3488603806494623
unanimous,terdampak,0,31,0.00133764832793959,1.3488603806494623
unanimous,tipe,0,31,0.00133764832793959,1.3488603806494623
unanimous,togel4d,0,31,0.00133764832793959,1.3488603806494623
unanimous,ttg,0,31,0.00133764832793959,1.3488603806494623
unanimous,yaaa,0,31,0.00133764832793959,1.3488603806494623
unanimous,yi,0,31,0.00133764832793959,1.3488603806494623
unanimous,sekutunya,1,5,0.0035335689045936395,1.3459061856906849
unanimous,instagram,0,279,0.012038834951456311,1.342593804079023
unanimous,wakil,0,279,0.012038834951456311,1.342593804079023
unanimous,contoh,1,8,0.005653710247349823,1.342479935802322
unanimous,tulisan,1,8,0.005653710247349823,1.342479935802322
unanimous,babi,1,25,0.0176678445229682,1.3423375311564105
unanimous,membangun,0,93,0.00401294498381877,1.3401976852813158
unanimous,meningkat,0,93,0.00401294498381877,1.3401976852813158
unanimous,pasangan,0,154,0.006645091693635383,1.3335437007144844
unanimous,buang,1,7,0.0049469964664310955,1.332851586441336
unanimous,ngerti,1,7,0.0049469964664310955,1.332851586441336
unanimous,hp,0,92,0.003969795037756203,1.3294015715798209
unanimous,sulit,0,92,0.003969795037756203,1.3294015715798209
unanimous,menerus,1,6,0.004240282685512367,1.3205498413950216
unanimous,percaya,1,26,0.018374558303886925,1.3197968942311131
unanimous,angkatan,0,91,0.003926645091693636,1.3184885792943917
unanimous,majelis,0,91,0.003926645091693636,1.3184885792943917
unanimous,58,0,30,0.0012944983818770227,1.316556312555235
unanimous,68,0,30,0.0012944983818770227,1.316556312555235
unanimous,aziz,0,30,0.0012944983818770227,1.316556312555235
unanimous,bekerjasama,0,30,0.0012944983818770227,1.316556312555235
unanimous,berkunjung,0,30,0.0012944983818770227,1.316556312555235
unanimous,bersiap,0,30,0.0012944983818770227,1.316556312555235
unanimous,bertempat,0,30,0.0012944983818770227,1.316556312555235
unanimous,beruntung,0,30,0.0012944983818770227,1.316556312555235
unanimous,buruan,0,30,0.0012944983818770227,1.316556312555235
unanimous,can,0,30,0.0012944983818770227,1.316556312555235
unanimous,chinaopen,0,30,0.0012944983818770227,1.316556312555235
unanimous,david,0,30,0.0012944983818770227,1.316556312555235
unanimous,des,0,30,0.0012944983818770227,1.316556312555235
unanimous,desain,0,30,0.0012944983818770227,1.316556312555235
unanimous,dibenarkan,0,30,0.0012944983818770227,1.316556312555235
unanimous,eko,0,30,0.0012944983818770227,1.316556312555235
unanimous,fajri,0,30,0.0012944983818770227,1.316556312555235
unanimous,fresh,0,30,0.0012944983818770227,1.316556312555235
unanimous,gabungan,0,30,0.0012944983818770227,1.316556312555235
unanimous,ganjaruntuksemua,0,30,0.0012944983818770227,1.316556312555235
unanimous,iii,0,30,0.0012944983818770227,1.316556312555235
unanimous,jajaran,0,30,0.0012944983818770227,1.316556312555235
unanimous,kapasitas,0,30,0.0012944983818770227,1.316556312555235
unanimous,kusuma,0,30,0.0012944983818770227,1.316556312555235
unanimous,lelah,0,30,0.0012944983818770227,1.316556312555235
unanimous,lokertangerang,0,30,0.0012944983818770227,1.316556312555235
unanimous,materi,0,30,0.0012944983818770227,1.316556312555235
unanimous,mengangkut,0,30,0.0012944983818770227,1.316556312555235
unanimous,menjalin,0,30,0.0012944983818770227,1.316556312555235
unanimous,mia,0,30,0.0012944983818770227,1.316556312555235
unanimous,nyak,0,30,0.0012944983818770227,1.316556312555235
unanimous,panik,0,30,0.0012944983818770227,1.316556312555235
unanimous,pengamat,0,30,0.0012944983818770227,1.316556312555235
unanimous,penipuan,0,30,0.0012944983818770227,1.316556312555235
unanimous,power,0,30,0.0012944983818770227,1.316556312555235
unanimous,rt,0,30,0.0012944983818770227,1.316556312555235
unanimous,sepak,0,30,0.0012944983818770227,1.316556312555235
unanimous,street,0,30,0.0012944983818770227,1.316556312555235
unanimous,tercapai,0,30,0.0012944983818770227,1.316556312555235
unanimous,tergila,0,30,0.0012944983818770227,1.316556312555235
unanimous,terpisah,0,30,0.0012944983818770227,1.316556312555235
unanimous,tewaskan,0,30,0.0012944983818770227,1.316556312555235
unanimous,togelhk,0,30,0.0012944983818770227,1.316556312555235
unanimous,togelsgp,0,30,0.0012944983818770227,1.316556312555235
unanimous,u20,0,30,0.0012944983818770227,1.316556312555235
unanimous,voli,0,30,0.0012944983818770227,1.316556312555235
unanimous,ʟɪɴᴋ,0,30,0.0012944983818770227,1.316556312555235
unanimous,dosa,1,8,0.005653710247349823,1.3154080463350064
unanimous,www,0,211,0.009104638619201726,1.312873668750824
unanimous,kebutuhan,0,90,0.003883495145631068,1.3074561395468167
unanimous,terdapat,0,90,0.003883495145631068,1.3074561395468167
unanimous,kasar,1,5,0.0035335689045936395,1.3041902964773944
unanimous,kesel,1,5,0.0035335689045936395,1.3041902964773944
unanimous,umumnya,1,5,0.0035335689045936395,1.3041902964773944
unanimous,yak,1,5,0.0035335689045936395,1.3041902964773944
unanimous,akal,1,9,0.0063604240282685515,1.3019651571579964
unanimous,sekitar,0,385,0.016612729234088457,1.2996302652097702
unanimous,menuntut,0,89,0.0038403451995685004,1.2963015978261485
unanimous,cek,0,325,0.014023732470334413,1.2955856219312285
unanimous,tersebut,0,1234,0.0532470334412082,1.2945244809498242
unanimous,raya,0,148,0.006386192017259979,1.2936739706398535
unanimous,klaim,0,207,0.008932038834951457,1.2936058432137103
unanimous,israhell,1,17,0.012014134275618375,1.2907247165059572
unanimous,dilansir,0,147,0.006343042071197411,1.2868737627817959
unanimous,mahasiswa,0,322,0.013894282632146709,1.286195016980347
unanimous,maha,1,6,0.004240282685512367,1.2860204631810193
unanimous,berjalan,0,88,0.003797195253505933,1.2850222101398459
unanimous,ditemukan,0,88,0.003797195253505933,1.2850222101398459
unanimous,pemain,0,88,0.003797195253505933,1.2850222101398459
unanimous,promo,0,88,0.003797195253505933,1.2850222101398459
unanimous,ungkap,0,88,0.003797195253505933,1.2850222101398459
unanimous,aladdin666,0,29,0.0012513484358144553,1.2831766882783047
unanimous,apri,0,29,0.0012513484358144553,1.2831766882783047
unanimous,arief,0,29,0.0012513484358144553,1.2831766882783047
unanimous,bimbingan,0,29,0.0012513484358144553,1.2831766882783047
unanimous,ceo,0,29,0.0012513484358144553,1.2831766882783047
unanimous,citra,0,29,0.0012513484358144553,1.2831766882783047
unanimous,diizinkan,0,29,0.0012513484358144553,1.2831766882783047
unanimous,diperlukan,0,29,0.0012513484358144553,1.2831766882783047
unanimous,esports,0,29,0.0012513484358144553,1.2831766882783047
unanimous,gold,0,29,0.0012513484358144553,1.2831766882783047
unanimous,hendra,0,29,0.0012513484358144553,1.2831766882783047
unanimous,ir,0,29,0.0012513484358144553,1.2831766882783047
unanimous,iwan,0,29,0.0012513484358144553,1.2831766882783047
unanimous,jago,0,29,0.0012513484358144553,1.2831766882783047
unanimous,jkt48sayonaracrawl,0,29,0.0012513484358144553,1.2831766882783047
unanimous,kendali,0,29,0.0012513484358144553,1.2831766882783047
unanimous,kolaborasi,0,29,0.0012513484358144553,1.2831766882783047
unanimous,le,0,29,0.0012513484358144553,1.2831766882783047
unanimous,likeforlikes,0,29,0.0012513484358144553,1.2831766882783047
unanimous,membentuk,0,29,0.0012513484358144553,1.2831766882783047
unanimous,memfasilitasi,0,29,0.0012513484358144553,1.2831766882783047
unanimous,menangtotal,0,29,0.0012513484358144553,1.2831766882783047
unanimous,mengepung,0,29,0.0012513484358144553,1.2831766882783047
unanimous,menuturkan,0,29,0.0012513484358144553,1.2831766882783047
unanimous,muh,0,29,0.0012513484358144553,1.2831766882783047
unanimous,onic,0,29,0.0012513484358144553,1.2831766882783047
unanimous,pelatihan,0,29,0.0012513484358144553,1.2831766882783047
unanimous,posts,0,29,0.0012513484358144553,1.2831766882783047
unanimous,reaksi,0,29,0.0012513484358144553,1.2831766882783047
unanimous,rekam,0,29,0.0012513484358144553,1.2831766882783047
unanimous,ringan,0,29,0.0012513484358144553,1.2831766882783047
unanimous,seri,0,29,0.0012513484358144553,1.2831766882783047
unanimous,shanghai,0,29,0.0012513484358144553,1.2831766882783047
unanimous,sila,0,29,0.0012513484358144553,1.2831766882783047
unanimous,singapore,0,29,0.0012513484358144553,1.2831766882783047
unanimous,special,0,29,0.0012513484358144553,1.2831766882783047
unanimous,sports,0,29,0.0012513484358144553,1.2831766882783047
unanimous,suasana,0,29,0.0012513484358144553,1.2831766882783047
unanimous,survei,0,29,0.0012513484358144553,1.2831766882783047
unanimous,terbanyak,0,29,0.0012513484358144553,1.2831766882783047
unanimous,teuku,0,29,0.0012513484358144553,1.2831766882783047
unanimous,tgk,0,29,0.0012513484358144553,1.2831766882783047
unanimous,timor,0,29,0.0012513484358144553,1.2831766882783047
unanimous,tutur,0,29,0.0012513484358144553,1.2831766882783047
unanimous,wisata,0,29,0.0012513484358144553,1.2831766882783047
unanimous,waras,1,11,0.0077738515901060075,1.2827019146392729
unanimous,posisi,0,146,0.006299892125134844,1.2800275919495485
unanimous,surabaya,0,146,0.006299892125134844,1.2800275919495485
unanimous,25,0,262,0.011305285868392665,1.2791003974544093
unanimous,putusan,1,12,0.008480565371024734,1.2756077424918675
unanimous,membantai,1,7,0.0049469964664310955,1.2730459306529147
unanimous,rasulullah,1,10,0.007067137809187279,1.2704407335189272
unanimous,tim,0,316,0.013635382955771306,1.2671526149442232
unanimous,cewe,1,14,0.009893992932862191,1.2646784751383986
unanimous,bs,1,8,0.005653710247349823,1.263361867641951
unanimous,sbg,1,8,0.005653710247349823,1.263361867641951
unanimous,lu,1,46,0.03250883392226148,1.2626664671962768
unanimous,berlanjut,0,86,0.003710895361380798,1.2620774488530522
unanimous,dampak,0,86,0.003710895361380798,1.2620774488530522
unanimous,day,0,86,0.003710895361380798,1.2620774488530522
unanimous,hadiah,0,86,0.003710895361380798,1.2620774488530522
unanimous,produksi,0,86,0.003710895361380798,1.2620774488530522
unanimous,lo,1,26,0.018374558303886925,1.2616258901342134
unanimous,internasional,0,483,0.020841423948220066,1.2607657590101413
unanimous,17,0,370,0.015965480043149946,1.2592845644668227
unanimous,tanyakanrl,1,6,0.004240282685512367,1.2526408389040886
unanimous,aksi,0,311,0.013419633225458468,1.2510100080611277
unanimous,militan,0,85,0.003667745415318231,1.2504061020662416
unanimous,xi,0,85,0.003667745415318231,1.2504061020662416
unanimous,orang2,1,14,0.009893992932862191,1.249929052692439
unanimous,2013,0,28,0.0012081984897518879,1.2486473100643023
unanimous,57,0,28,0.0012081984897518879,1.2486473100643023
unanimous,76,0,28,0.0012081984897518879,1.2486473100643023
unanimous,95,0,28,0.0012081984897518879,1.2486473100643023
unanimous,adam,0,28,0.0012081984897518879,1.2486473100643023
unanimous,afctogel,0,28,0.0012081984897518879,1.2486473100643023
unanimous,album,0,28,0.0012081984897518879,1.2486473100643023
unanimous,anadolu,0,28,0.0012081984897518879,1.2486473100643023
unanimous,bara,0,28,0.0012081984897518879,1.2486473100643023
unanimous,bentrokan,0,28,0.0012081984897518879,1.2486473100643023
unanimous,berujung,0,28,0.0012081984897518879,1.2486473100643023
unanimous,cepet,0,28,0.0012081984897518879,1.2486473100643023
unanimous,cuy,0,28,0.0012081984897518879,1.2486473100643023
unanimous,dijamin,0,28,0.0012081984897518879,1.2486473100643023
unanimous,dozan,0,28,0.0012081984897518879,1.2486473100643023
unanimous,fase,0,28,0.0012081984897518879,1.2486473100643023
unanimous,halim,0,28,0.0012081984897518879,1.2486473100643023
unanimous,harum,0,28,0.0012081984897518879,1.2486473100643023
unanimous,have,0,28,0.0012081984897518879,1.2486473100643023
unanimous,huawei,0,28,0.0012081984897518879,1.2486473100643023
unanimous,hyo,0,28,0.0012081984897518879,1.2486473100643023
unanimous,information,0,28,0.0012081984897518879,1.2486473100643023
unanimous,irene,0,28,0.0012081984897518879,1.2486473100643023
unanimous,jagoan,0,28,0.0012081984897518879,1.2486473100643023
unanimous,jajan,0,28,0.0012081984897518879,1.2486473100643023
unanimous,jantung,0,28,0.0012081984897518879,1.2486473100643023
unanimous,jonatan,0,28,0.0012081984897518879,1.2486473100643023
unanimous,kamera,0,28,0.0012081984897518879,1.2486473100643023
unanimous,kemajuan,0,28,0.0012081984897518879,1.2486473100643023
unanimous,kiki,0,28,0.0012081984897518879,1.2486473100643023
unanimous,lokerjabodetabek,0,28,0.0012081984897518879,1.2486473100643023
unanimous,melewati,0,28,0.0012081984897518879,1.2486473100643023
unanimous,menempatkan,0,28,0.0012081984897518879,1.2486473100643023
unanimous,menentukan,0,28,0.0012081984897518879,1.2486473100643023
unanimous,menerapkan,0,28,0.0012081984897518879,1.2486473100643023
unanimous,mengangkat,0,28,0.0012081984897518879,1.2486473100643023
unanimous,menyesuaikan,0,28,0.0012081984897518879,1.2486473100643023
unanimous,mr,0,28,0.0012081984897518879,1.2486473100643023
unanimous,ok,0,28,0.0012081984897518879,1.2486473100643023
unanimous,penurunan,0,28,0.0012081984897518879,1.2486473100643023
unanimous,perilaku,0,28,0.0012081984897518879,1.2486473100643023
unanimous,promosi,0,28,0.0012081984897518879,1.2486473100643023
unanimous,pujian,0,28,0.0012081984897518879,1.2486473100643023
unanimous,rahman,0,28,0.0012081984897518879,1.2486473100643023
unanimous,reskrim,0,28,0.0012081984897518879,1.2486473100643023
unanimous,ridwan,0,28,0.0012081984897518879,1.2486473100643023
unanimous,rizal,0,28,0.0012081984897518879,1.2486473100643023
unanimous,semalem,0,28,0.0012081984897518879,1.2486473100643023
unanimous,sesi,0,28,0.0012081984897518879,1.2486473100643023
unanimous,sexytogel,0,28,0.0012081984897518879,1.2486473100643023
unanimous,singkat,0,28,0.0012081984897518879,1.2486473100643023
unanimous,tangkis,0,28,0.0012081984897518879,1.2486473100643023
unanimous,terdekat,0,28,0.0012081984897518879,1.2486473100643023
unanimous,terulang,0,28,0.0012081984897518879,1.2486473100643023
unanimous,tulang,0,28,0.0012081984897518879,1.2486473100643023
unanimous,u23,0,28,0.0012081984897518879,1.2486473100643023
unanimous,ucapnya,0,28,0.0012081984897518879,1.2486473100643023
unanimous,will,0,28,0.0012081984897518879,1.2486473100643023
unanimous,heran,1,11,0.0077738515901060075,1.2452278867302107
unanimous,mirip,1,7,0.0049469964664310955,1.2444293448645714
unanimous,digelar,0,84,0.0036245954692556634,1.2385979535705338
unanimous,kelinci,0,84,0.0036245954692556634,1.2385979535705338
unanimous,ktp,0,84,0.0036245954692556634,1.2385979535705338
unanimous,memutuskan,0,84,0.0036245954692556634,1.2385979535705338
unanimous,sri,0,84,0.0036245954692556634,1.2385979535705338
unanimous,bersalah,1,8,0.005653710247349823,1.2383173427532626
unanimous,merusak,1,8,0.005653710247349823,1.2383173427532626
unanimous,biaya,0,140,0.006040992448759439,1.2379491507994331
unanimous,myanmar,0,140,0.006040992448759439,1.2379491507994331
unanimous,hancurkan,1,9,0.0063604240282685515,1.233627216659208
unanimous,oh,1,9,0.0063604240282685515,1.233627216659208
unanimous,membom,1,4,0.0028268551236749115,1.233560639022528
unanimous,paulus,1,4,0.0028268551236749115,1.233560639022528
unanimous,politisi,1,4,0.0028268551236749115,1.233560639022528
unanimous,syaikh,1,4,0.0028268551236749115,1.233560639022528
unanimous,warna,0,195,0.008414239482200648,1.233512564734126
unanimous,facebook,0,139,0.005997842502696872,1.2307628529727555
unanimous,taipei,0,249,0.010744336569579288,1.2277410403722224
unanimous,usman,1,11,0.0077738515901060075,1.227002316922564
unanimous,awalnya,0,83,0.003581445523193096,1.2266497460235022
unanimous,izin,0,83,0.003581445523193096,1.2266497460235022
unanimous,peran,0,83,0.003581445523193096,1.2266497460235022
unanimous,times,0,83,0.003581445523193096,1.2266497460235022
unanimous,unit,0,83,0.003581445523193096,1.2266497460235022
unanimous,walaupun,0,83,0.003581445523193096,1.2266497460235022
unanimous,alih,1,5,0.0035335689045936395,1.2256322898131937
unanimous,solusi,0,138,0.005954692556634304,1.2235251689088045
unanimous,ketua,0,302,0.013031283710895361,1.2212984014513453
unanimous,ceasefirenow,1,6,0.004240282685512367,1.2203367708098614
unanimous,sahabat,1,21,0.014840989399293287,1.2153607992515092
unanimous,beri,0,82,0.0035382955771305286,1.2145581043418594
unanimous,aditya,0,27,0.0011650485436893205,1.2128860271857345
unanimous,arifin,0,27,0.0011650485436893205,1.2128860271857345
unanimous,badmintonindonesia,0,27,0.0011650485436893205,1.2128860271857345
unanimous,bentar,0,27,0.0011650485436893205,1.2128860271857345
unanimous,berpartisipasi,0,27,0.0011650485436893205,1.2128860271857345
unanimous,bertanding,0,27,0.0011650485436893205,1.2128860271857345
unanimous,business,0,27,0.0011650485436893205,1.2128860271857345
unanimous,christie,0,27,0.0011650485436893205,1.2128860271857345
unanimous,close,0,27,0.0011650485436893205,1.2128860271857345
unanimous,cr,0,27,0.0011650485436893205,1.2128860271857345
unanimous,dafatoto,0,27,0.0011650485436893205,1.2128860271857345
unanimous,date,0,27,0.0011650485436893205,1.2128860271857345
unanimous,deli,0,27,0.0011650485436893205,1.2128860271857345
unanimous,dian,0,27,0.0011650485436893205,1.2128860271857345
unanimous,dimas,0,27,0.0011650485436893205,1.2128860271857345
unanimous,dior,0,27,0.0011650485436893205,1.2128860271857345
unanimous,disambut,0,27,0.0011650485436893205,1.2128860271857345
unanimous,east,0,27,0.0011650485436893205,1.2128860271857345
unanimous,elemen,0,27,0.0011650485436893205,1.2128860271857345
unanimous,fatih,0,27,0.0011650485436893205,1.2128860271857345
unanimous,form,0,27,0.0011650485436893205,1.2128860271857345
unanimous,get,0,27,0.0011650485436893205,1.2128860271857345
unanimous,hadiri,0,27,0.0011650485436893205,1.2128860271857345
unanimous,hsbc,0,27,0.0011650485436893205,1.2128860271857345
unanimous,independen,0,27,0.0011650485436893205,1.2128860271857345
unanimous,iom,0,27,0.0011650485436893205,1.2128860271857345
unanimous,iqbal,0,27,0.0011650485436893205,1.2128860271857345
unanimous,kepedulian,0,27,0.0011650485436893205,1.2128860271857345
unanimous,kontrak,0,27,0.0011650485436893205,1.2128860271857345
unanimous,kretek,0,27,0.0011650485436893205,1.2128860271857345
unanimous,lestari,0,27,0.0011650485436893205,1.2128860271857345
unanimous,libur,0,27,0.0011650485436893205,1.2128860271857345
unanimous,lokerbekasi,0,27,0.0011650485436893205,1.2128860271857345
unanimous,lokerbogor,0,27,0.0011650485436893205,1.2128860271857345
unanimous,mbahtoto,0,27,0.0011650485436893205,1.2128860271857345
unanimous,menduga,0,27,0.0011650485436893205,1.2128860271857345
unanimous,menyesalkan,0,27,0.0011650485436893205,1.2128860271857345
unanimous,misterius,0,27,0.0011650485436893205,1.2128860271857345
unanimous,mlbb,0,27,0.0011650485436893205,1.2128860271857345
unanimous,pangan,0,27,0.0011650485436893205,1.2128860271857345
unanimous,peneliti,0,27,0.0011650485436893205,1.2128860271857345
unanimous,petani,0,27,0.0011650485436893205,1.2128860271857345
unanimous,qory,0,27,0.0011650485436893205,1.2128860271857345
unanimous,radio,0,27,0.0011650485436893205,1.2128860271857345
unanimous,rcti,0,27,0.0011650485436893205,1.2128860271857345
unanimous,rekan,0,27,0.0011650485436893205,1.2128860271857345
unanimous,salma,0,27,0.0011650485436893205,1.2128860271857345
unanimous,santoso,0,27,0.0011650485436893205,1.2128860271857345
unanimous,sindonews,0,27,0.0011650485436893205,1.2128860271857345
unanimous,spek,0,27,0.0011650485436893205,1.2128860271857345
unanimous,taipe,0,27,0.0011650485436893205,1.2128860271857345
unanimous,tentera,0,27,0.0011650485436893205,1.2128860271857345
unanimous,tergabung,0,27,0.0011650485436893205,1.2128860271857345
unanimous,tips,0,27,0.0011650485436893205,1.2128860271857345
unanimous,uji,0,27,0.0011650485436893205,1.2128860271857345
unanimous,vagabond,0,27,0.0011650485436893205,1.2128860271857345
unanimous,wawancara,0,27,0.0011650485436893205,1.2128860271857345
unanimous,wujud,0,27,0.0011650485436893205,1.2128860271857345
unanimous,yani,0,27,0.0011650485436893205,1.2128860271857345
unanimous,serikat,0,245,0.010571736785329019,1.2114046170426467
unanimous,nu,1,10,0.007067137809187279,1.2102929996724545
unanimous,dijadikan,1,11,0.0077738515901060075,1.2091014469273949
unanimous,itulah,1,11,0.0077738515901060075,1.2091014469273949
unanimous,id,0,298,0.012858683926645091,1.2078121972467493
unanimous,laporan,0,190,0.00819848975188781,1.2073868277708744
unanimous,13,0,351,0.015145631067961166,1.2058080454851001
unanimous,19,0,351,0.015145631067961166,1.2058080454851001
unanimous,03,0,81,0.003495145631067961,1.202319529957656
unanimous,super,0,81,0.003495145631067961,1.202319529957656
unanimous,bernama,0,135,0.005825242718446602,1.2014962696160008
unanimous,menteri,0,455,0.019633225458468177,1.1998770335823978
unanimous,dg,1,20,0.014134275618374558,1.1959940864305139
unanimous,mui,0,134,0.005782092772384034,1.1940454274440737
unanimous,store,0,134,0.005782092772384034,1.1940454274440737
unanimous,kau,1,16,0.011307420494699646,1.1939982502426247
unanimous,keturunan,1,15,0.01060070671378092,1.1935004522023136
unanimous,tiba,0,187,0.008069039913700109,1.1913829700660892
unanimous,ri,0,293,0.012642934196332254,1.1907013722128423
unanimous,menjadikan,1,9,0.0063604240282685515,1.1905233619155051
unanimous,kunjungi,0,80,0.003451995685005394,1.1899303947198918
unanimous,ruang,0,80,0.003451995685005394,1.1899303947198918
unanimous,hobi,1,7,0.0049469964664310955,1.1895346760784185
unanimous,umar,1,7,0.0049469964664310955,1.1895346760784185
unanimous,ه,1,7,0.0049469964664310955,1.1895346760784185
unanimous,mrk,1,6,0.004240282685512367,1.1890410195629226
unanimous,utk,1,23,0.01625441696113074,1.1889778638833624
unanimous,adu,1,5,0.0035335689045936395,1.1885478197225392
unanimous,ngakak,1,5,0.0035335689045936395,1.1885478197225392
unanimous,ع,1,5,0.0035335689045936395,1.1885478197225392
unanimous,jelek,1,4,0.0028268551236749115,1.1880550758639639
unanimous,keliatan,1,4,0.0028268551236749115,1.1880550758639639
unanimous,kepikiran,1,4,0.0028268551236749115,1.1880550758639639
unanimous,menyerah,1,4,0.0028268551236749115,1.1880550758639639
unanimous,sombong,1,4,0.0028268551236749115,1.1880550758639639
unanimous,ح,1,4,0.0028268551236749115,1.1880550758639639
unanimous,kedatangan,0,132,0.0056957928802588995,1.1789770776908306
unanimous,bunuh,1,13,0.009187279151943463,1.1777568219182855
unanimous,perayaan,0,79,0.0034088457389428264,1.177386934414954
unanimous,pidana,0,79,0.0034088457389428264,1.177386934414954
unanimous,2015,0,26,0.001121898597626753,1.1758015570950802
unanimous,apriyani,0,26,0.001121898597626753,1.1758015570950802
unanimous,bocorantogelchina,0,26,0.001121898597626753,1.1758015570950802
unanimous,breakingnews,0,26,0.001121898597626753,1.1758015570950802
unanimous,burung,0,26,0.001121898597626753,1.1758015570950802
unanimous,chang,0,26,0.001121898597626753,1.1758015570950802
unanimous,deni,0,26,0.001121898597626753,1.1758015570950802
unanimous,denpasar,0,26,0.001121898597626753,1.1758015570950802
unanimous,development,0,26,0.001121898597626753,1.1758015570950802
unanimous,ditulis,0,26,0.001121898597626753,1.1758015570950802
unanimous,fact,0,26,0.001121898597626753,1.1758015570950802
unanimous,fitri,0,26,0.001121898597626753,1.1758015570950802
unanimous,gerejakatolik,0,26,0.001121898597626753,1.1758015570950802
unanimous,getty,0,26,0.001121898597626753,1.1758015570950802
unanimous,grand,0,26,0.001121898597626753,1.1758015570950802
unanimous,heri,0,26,0.001121898597626753,1.1758015570950802
unanimous,hongkong,0,26,0.001121898597626753,1.1758015570950802
unanimous,infografik,0,26,0.001121898597626753,1.1758015570950802
unanimous,italia,0,26,0.001121898597626753,1.1758015570950802
unanimous,jaminan,0,26,0.001121898597626753,1.1758015570950802
unanimous,jawabarat,0,26,0.001121898597626753,1.1758015570950802
unanimous,kanada,0,26,0.001121898597626753,1.1758015570950802
unanimous,kelurahan,0,26,0.001121898597626753,1.1758015570950802
unanimous,kinerja,0,26,0.001121898597626753,1.1758015570950802
unanimous,king,0,26,0.001121898597626753,1.1758015570950802
unanimous,kontra,0,26,0.001121898597626753,1.1758015570950802
unanimous,kpop,0,26,0.001121898597626753,1.1758015570950802
unanimous,kupang,0,26,0.001121898597626753,1.1758015570950802
unanimous,lamar,0,26,0.001121898597626753,1.1758015570950802
unanimous,latihan,0,26,0.001121898597626753,1.1758015570950802
unanimous,lokerindonesia,0,26,0.001121898597626753,1.1758015570950802
unanimous,manfaat,0,26,0.001121898597626753,1.1758015570950802
unanimous,memperluas,0,26,0.001121898597626753,1.1758015570950802
unanimous,merinding,0,26,0.001121898597626753,1.1758015570950802
unanimous,mini,0,26,0.001121898597626753,1.1758015570950802
unanimous,misa,0,26,0.001121898597626753,1.1758015570950802
unanimous,mulus,0,26,0.001121898597626753,1.1758015570950802
unanimous,palang,0,26,0.001121898597626753,1.1758015570950802
unanimous,penampilan,0,26,0.001121898597626753,1.1758015570950802
unanimous,pengepungan,0,26,0.001121898597626753,1.1758015570950802
unanimous,perahu,0,26,0.001121898597626753,1.1758015570950802
unanimous,perut,0,26,0.001121898597626753,1.1758015570950802
unanimous,ponsel,0,26,0.001121898597626753,1.1758015570950802
unanimous,pragmaticplay,0,26,0.001121898597626753,1.1758015570950802
unanimous,prediksiakurat,0,26,0.001121898597626753,1.1758015570950802
unanimous,prediksihk,0,26,0.001121898597626753,1.1758015570950802
unanimous,raih,0,26,0.001121898597626753,1.1758015570950802
unanimous,rehan,0,26,0.001121898597626753,1.1758015570950802
unanimous,rivro,0,26,0.001121898597626753,1.1758015570950802
unanimous,roma,0,26,0.001121898597626753,1.1758015570950802
unanimous,rugi,0,26,0.001121898597626753,1.1758015570950802
unanimous,salazar,0,26,0.001121898597626753,1.1758015570950802
unanimous,salmasalsabil,0,26,0.001121898597626753,1.1758015570950802
unanimous,sarana,0,26,0.001121898597626753,1.1758015570950802
unanimous,sea,0,26,0.001121898597626753,1.1758015570950802
unanimous,sogotogel,0,26,0.001121898597626753,1.1758015570950802
unanimous,tertera,0,26,0.001121898597626753,1.1758015570950802
unanimous,tuturnya,0,26,0.001121898597626753,1.1758015570950802
unanimous,urus,0,26,0.001121898597626753,1.1758015570950802
unanimous,vida,0,26,0.001121898597626753,1.1758015570950802
unanimous,wati,0,26,0.001121898597626753,1.1758015570950802
unanimous,yunus,0,26,0.001121898597626753,1.1758015570950802
unanimous,û,0,26,0.001121898597626753,1.1758015570950802
unanimous,rezim,1,11,0.0077738515901060075,1.1742288200388888
unanimous,luar,0,392,0.016914778856526428,1.1741222352504423
unanimous,konstitusi,1,10,0.007067137809187279,1.1721066613433453
unanimous,yg,1,307,0.21696113074204948,1.1710018100126487
unanimous,qur,1,9,0.0063604240282685515,1.1696460373786197
unanimous,malaysia,0,183,0.007896440129449837,1.1696448072430004
unanimous,5,0,794,0.034261057173678534,1.1654675530031469
unanimous,darurat,0,78,0.003365695792880259,1.16468524187692
unanimous,melanjutkan,0,78,0.003365695792880259,1.16468524187692
unanimous,sebut,0,337,0.014541531823085221,1.1645506566075539
unanimous,global,0,130,0.005609492988133765,1.163680870422591
unanimous,hrs,1,7,0.0049469964664310955,1.1631741488138518
unanimous,berhasil,0,285,0.012297734627831715,1.162716210991821
unanimous,jahat,1,12,0.008480565371024734,1.160424632833333
unanimous,sdh,1,12,0.008480565371024734,1.160424632833333
unanimous,sosial,0,335,0.014455231930960086,1.1585195351154156
unanimous,anwar,1,10,0.007067137809187279,1.1535443647221957
unanimous,menyesatkan,1,5,0.0035335689045936395,1.1527865368439716
unanimous,pusat,0,231,0.009967637540453074,1.152077189091979
unanimous,bareng,0,77,0.0033225458468176916,1.1518212596561817
unanimous,cb,0,77,0.0033225458468176916,1.1518212596561817
unanimous,ditangkap,0,77,0.0033225458468176916,1.1518212596561817
unanimous,muhaimin,0,77,0.0033225458468176916,1.1518212596561817
unanimous,kapal,0,281,0.012125134843581445,1.1484318997600844
unanimous,menghadapi,0,128,0.00552319309600863,1.148149766922015
unanimous,terlihat,0,128,0.00552319309600863,1.148149766922015
unanimous,islam,1,87,0.06148409893992933,1.1477576906952258
unanimous,nomor,0,230,0.009924487594390506,1.1477045955225436
unanimous,menegaskan,0,179,0.007723840345199569,1.1474313930349431
unanimous,7,0,681,0.029385113268608414,1.1465920892224006
unanimous,dipenuhi,1,4,0.0028268551236749115,1.1445267729770408
unanimous,lgsg,1,4,0.0028268551236749115,1.1445267729770408
unanimous,maksudnya,1,4,0.0028268551236749115,1.1445267729770408
unanimous,meresahkan,1,4,0.0028268551236749115,1.1445267729770408
unanimous,nasrani,1,4,0.0028268551236749115,1.1445267729770408
unanimous,allah,1,89,0.06289752650176679,1.1442626284359378
unanimous,40,0,178,0.007680690399137001,1.1418013023936096
unanimous,kasus,0,228,0.009838187702265373,1.1389027841582833
unanimous,menggelar,0,76,0.003279395900755124,1.1387907722119646
unanimous,motor,0,76,0.003279395900755124,1.1387907722119646
unanimous,jaman,1,7,0.0049469964664310955,1.137488497385363
unanimous,pendeta,1,7,0.0049469964664310955,1.137488497385363
unanimous,2006,0,25,0.0010787486515641855,1.1372920797230013
unanimous,87,0,25,0.0010787486515641855,1.1372920797230013
unanimous,auto,0,25,0.0010787486515641855,1.1372920797230013
unanimous,awak,0,25,0.0010787486515641855,1.1372920797230013
unanimous,bca,0,25,0.0010787486515641855,1.1372920797230013
unanimous,berinisial,0,25,0.0010787486515641855,1.1372920797230013
unanimous,beritadunia,0,25,0.0010787486515641855,1.1372920797230013
unanimous,bisniscom,0,25,0.0010787486515641855,1.1372920797230013
unanimous,blinken,0,25,0.0010787486515641855,1.1372920797230013
unanimous,bocorantogel,0,25,0.0010787486515641855,1.1372920797230013
unanimous,chicken,0,25,0.0010787486515641855,1.1372920797230013
unanimous,comeback,0,25,0.0010787486515641855,1.1372920797230013
unanimous,cut,0,25,0.0010787486515641855,1.1372920797230013
unanimous,dada,0,25,0.0010787486515641855,1.1372920797230013
unanimous,daftarkampoengtoto,0,25,0.0010787486515641855,1.1372920797230013
unanimous,dance,0,25,0.0010787486515641855,1.1372920797230013
unanimous,demam,0,25,0.0010787486515641855,1.1372920797230013
unanimous,dengerin,0,25,0.0010787486515641855,1.1372920797230013
unanimous,dilancarkan,0,25,0.0010787486515641855,1.1372920797230013
unanimous,ditambah,0,25,0.0010787486515641855,1.1372920797230013
unanimous,diungkapkan,0,25,0.0010787486515641855,1.1372920797230013
unanimous,draw,0,25,0.0010787486515641855,1.1372920797230013
unanimous,enggan,0,25,0.0010787486515641855,1.1372920797230013
unanimous,flokitoto,0,25,0.0010787486515641855,1.1372920797230013
unanimous,gazapalestina,0,25,0.0010787486515641855,1.1372920797230013
unanimous,gr,0,25,0.0010787486515641855,1.1372920797230013
unanimous,infoterkini,0,25,0.0010787486515641855,1.1372920797230013
unanimous,interview,0,25,0.0010787486515641855,1.1372920797230013
unanimous,job,0,25,0.0010787486515641855,1.1372920797230013
unanimous,kampoengtoto,0,25,0.0010787486515641855,1.1372920797230013
unanimous,kampungtoto,0,25,0.0010787486515641855,1.1372920797230013
unanimous,kewajiban,0,25,0.0010787486515641855,1.1372920797230013
unanimous,ki,0,25,0.0010787486515641855,1.1372920797230013
unanimous,konsumsi,0,25,0.0010787486515641855,1.1372920797230013
unanimous,liburan,0,25,0.0010787486515641855,1.1372920797230013
unanimous,lokercikarang,0,25,0.0010787486515641855,1.1372920797230013
unanimous,memungkinkan,0,25,0.0010787486515641855,1.1372920797230013
unanimous,menara4d,0,25,0.0010787486515641855,1.1372920797230013
unanimous,menyinggung,0,25,0.0010787486515641855,1.1372920797230013
unanimous,meriah,0,25,0.0010787486515641855,1.1372920797230013
unanimous,ngantuk,0,25,0.0010787486515641855,1.1372920797230013
unanimous,pastor,0,25,0.0010787486515641855,1.1372920797230013
unanimous,pembentukan,0,25,0.0010787486515641855,1.1372920797230013
unanimous,penyelesaian,0,25,0.0010787486515641855,1.1372920797230013
unanimous,perekonomian,0,25,0.0010787486515641855,1.1372920797230013
unanimous,permukiman,0,25,0.0010787486515641855,1.1372920797230013
unanimous,poltar,0,25,0.0010787486515641855,1.1372920797230013
unanimous,putaran,0,25,0.0010787486515641855,1.1372920797230013
unanimous,r16,0,25,0.0010787486515641855,1.1372920797230013
unanimous,ragu,0,25,0.0010787486515641855,1.1372920797230013
unanimous,rajin,0,25,0.0010787486515641855,1.1372920797230013
unanimous,rambut,0,25,0.0010787486515641855,1.1372920797230013
unanimous,safe,0,25,0.0010787486515641855,1.1372920797230013
unanimous,serdang,0,25,0.0010787486515641855,1.1372920797230013
unanimous,siaran,0,25,0.0010787486515641855,1.1372920797230013
unanimous,silver,0,25,0.0010787486515641855,1.1372920797230013
unanimous,stock,0,25,0.0010787486515641855,1.1372920797230013
unanimous,su,0,25,0.0010787486515641855,1.1372920797230013
unanimous,tampaknya,0,25,0.0010787486515641855,1.1372920797230013
unanimous,tata,0,25,0.0010787486515641855,1.1372920797230013
unanimous,unrwa,0,25,0.0010787486515641855,1.1372920797230013
unanimous,warung,0,25,0.0010787486515641855,1.1372920797230013
unanimous,ws,0,25,0.0010787486515641855,1.1372920797230013
unanimous,mengenai,0,177,0.007637540453074434,1.1361398280474626
unanimous,pembunuhan,1,10,0.007067137809187279,1.135318794914549
unanimous,klo,1,29,0.02049469964664311,1.1344804594472744
unanimous,000,0,524,0.02261057173678533,1.1312372071355072
unanimous,10,0,1056,0.045566343042071196,1.1307402575875407
unanimous,penjahat,1,6,0.004240282685512367,1.1292353637745014
unanimous,4,0,669,0.028867313915857604,1.1282936817226545
unanimous,menurutnya,0,75,0.003236245954692557,1.1255893975911564
unanimous,jgn,1,11,0.0077738515901060075,1.1240886192252497
unanimous,pd,1,11,0.0077738515901060075,1.1240886192252497
unanimous,acara,0,174,0.007508090614886731,1.1189635259916804
unanimous,kondisi,0,223,0.009622437971952535,1.1165601229530384
unanimous,sebanyak,0,223,0.009622437971952535,1.1165601229530384
unanimous,c,0,124,0.00535059331175836,1.1163530389348946
unanimous,solidaritas,0,74,0.0031930960086299894,1.1122125785523413
unanimous,berada,0,319,0.013764832793959007,1.10895458770503
unanimous,bisu,0,123,0.0053074433656957925,1.1082450989142256
unanimous,loh,0,123,0.0053074433656957925,1.1082450989142256
unanimous,krn,1,25,0.0176678445229682,1.1080303707770953
unanimous,bapa,1,4,0.0028268551236749115,1.10281088376375
unanimous,iki,1,4,0.0028268551236749115,1.10281088376375
unanimous,patut,1,4,0.0028268551236749115,1.10281088376375
unanimous,babak,0,171,0.007378640776699029,1.1014916331834133
unanimous,niat,1,6,0.004240282685512367,1.100618777986158
unanimous,diam,1,14,0.009893992932862191,1.1005296270401892
unanimous,musuh,1,12,0.008480565371024734,1.1000830223770715
unanimous,bener2,1,8,0.005653710247349823,1.099907628933263
unanimous,mengingatkan,0,73,0.003149946062567422,1.098655573090053
unanimous,meraih,0,73,0.003149946062567422,1.098655573090053
unanimous,tel,0,73,0.003149946062567422,1.098655573090053
unanimous,110,0,24,0.001035598705501618,1.0972435504308795
unanimous,91,0,24,0.001035598705501618,1.0972435504308795
unanimous,adek,0,24,0.001035598705501618,1.0972435504308795
unanimous,akbp,0,24,0.001035598705501618,1.0972435504308795
unanimous,atasi,0,24,0.001035598705501618,1.0972435504308795
unanimous,beregu,0,24,0.001035598705501618,1.0972435504308795
unanimous,berkomunikasi,0,24,0.001035598705501618,1.0972435504308795
unanimous,bilateral,0,24,0.001035598705501618,1.0972435504308795
unanimous,catat,0,24,0.001035598705501618,1.0972435504308795
unanimous,cedera,0,24,0.001035598705501618,1.0972435504308795
unanimous,chan,0,24,0.001035598705501618,1.0972435504308795
unanimous,commissioner,0,24,0.001035598705501618,1.0972435504308795
unanimous,dibagikan,0,24,0.001035598705501618,1.0972435504308795
unanimous,dihancurkan,0,24,0.001035598705501618,1.0972435504308795
unanimous,dimulainya,0,24,0.001035598705501618,1.0972435504308795
unanimous,diturunkan,0,24,0.001035598705501618,1.0972435504308795
unanimous,diumumkan,0,24,0.001035598705501618,1.0972435504308795
unanimous,edy,0,24,0.001035598705501618,1.0972435504308795
unanimous,efektif,0,24,0.001035598705501618,1.0972435504308795
unanimous,elektronik,0,24,0.001035598705501618,1.0972435504308795
unanimous,expo,0,24,0.001035598705501618,1.0972435504308795
unanimous,fadillah,0,24,0.001035598705501618,1.0972435504308795
unanimous,faktor,0,24,0.001035598705501618,1.0972435504308795
unanimous,fan,0,24,0.001035598705501618,1.0972435504308795
unanimous,fe,0,24,0.001035598705501618,1.0972435504308795
unanimous,iklan,0,24,0.001035598705501618,1.0972435504308795
unanimous,inabadminton,0,24,0.001035598705501618,1.0972435504308795
unanimous,infeksi,0,24,0.001035598705501618,1.0972435504308795
unanimous,institut,0,24,0.001035598705501618,1.0972435504308795
unanimous,jae,0,24,0.001035598705501618,1.0972435504308795
unanimous,jangka,0,24,0.001035598705501618,1.0972435504308795
unanimous,jong,0,24,0.001035598705501618,1.0972435504308795
unanimous,jordan,0,24,0.001035598705501618,1.0972435504308795
unanimous,kampongtoto,0,24,0.001035598705501618,1.0972435504308795
unanimous,kekhawatiran,0,24,0.001035598705501618,1.0972435504308795
unanimous,kerabat,0,24,0.001035598705501618,1.0972435504308795
unanimous,keuskupan,0,24,0.001035598705501618,1.0972435504308795
unanimous,konsultasi,0,24,0.001035598705501618,1.0972435504308795
unanimous,konvoi,0,24,0.001035598705501618,1.0972435504308795
unanimous,lampung,0,24,0.001035598705501618,1.0972435504308795
unanimous,legends,0,24,0.001035598705501618,1.0972435504308795
unanimous,logistik,0,24,0.001035598705501618,1.0972435504308795
unanimous,lokerbandung,0,24,0.001035598705501618,1.0972435504308795
unanimous,manapun,0,24,0.001035598705501618,1.0972435504308795
unanimous,menandatangani,0,24,0.001035598705501618,1.0972435504308795
unanimous,mengerahkan,0,24,0.001035598705501618,1.0972435504308795
unanimous,mengerti,0,24,0.001035598705501618,1.0972435504308795
unanimous,meningkatnya,0,24,0.001035598705501618,1.0972435504308795
unanimous,opung,0,24,0.001035598705501618,1.0972435504308795
unanimous,pbs,0,24,0.001035598705501618,1.0972435504308795
unanimous,pilihanku,0,24,0.001035598705501618,1.0972435504308795
unanimous,pmi,0,24,0.001035598705501618,1.0972435504308795
unanimous,prediksisgp,0,24,0.001035598705501618,1.0972435504308795
unanimous,qf,0,24,0.001035598705501618,1.0972435504308795
unanimous,rayuan,0,24,0.001035598705501618,1.0972435504308795
unanimous,resah,0,24,0.001035598705501618,1.0972435504308795
unanimous,road,0,24,0.001035598705501618,1.0972435504308795
unanimous,romo,0,24,0.001035598705501618,1.0972435504308795
unanimous,ruf,0,24,0.001035598705501618,1.0972435504308795
unanimous,satuan,0,24,0.001035598705501618,1.0972435504308795
unanimous,score,0,24,0.001035598705501618,1.0972435504308795
unanimous,segitu,0,24,0.001035598705501618,1.0972435504308795
unanimous,sepenuh,0,24,0.001035598705501618,1.0972435504308795
unanimous,shihab,0,24,0.001035598705501618,1.0972435504308795
unanimous,sugeng,0,24,0.001035598705501618,1.0972435504308795
unanimous,surakarta,0,24,0.001035598705501618,1.0972435504308795
unanimous,susu,0,24,0.001035598705501618,1.0972435504308795
unanimous,syukur,0,24,0.001035598705501618,1.0972435504308795
unanimous,tertua,0,24,0.001035598705501618,1.0972435504308795
unanimous,voc,0,24,0.001035598705501618,1.0972435504308795
unanimous,wahid,0,24,0.001035598705501618,1.0972435504308795
unanimous,wendy,0,24,0.001035598705501618,1.0972435504308795
unanimous,widya,0,24,0.001035598705501618,1.0972435504308795
unanimous,ybni,0,24,0.001035598705501618,1.0972435504308795
unanimous,yuan,0,24,0.001035598705501618,1.0972435504308795
unanimous,23,0,459,0.019805825242718445,1.0968599594466566
unanimous,bulan,0,361,0.015577130528586839,1.0904880306581557
unanimous,gatau,1,7,0.0049469964664310955,1.0880092948209636
unanimous,gazagenocide,1,7,0.0049469964664310955,1.0880092948209636
unanimous,keberadaan,0,72,0.0031067961165048546,1.0849134443099475
unanimous,anggap,1,5,0.0035335689045936395,1.0848775343530388
unanimous,bumn,1,5,0.0035335689045936395,1.0848775343530388
unanimous,ibnu,1,5,0.0035335689045936395,1.0848775343530388
unanimous,kelak,1,5,0.0035335689045936395,1.0848775343530388
unanimous,ب,1,5,0.0035335689045936395,1.0848775343530388
unanimous,ن,1,5,0.0035335689045936395,1.0848775343530388
unanimous,jam,0,406,0.017518878101402374,1.0839109254063617
unanimous,berdasarkan,0,168,0.007249190938511327,1.0837137156046326
unanimous,admin,0,120,0.005177993527508091,1.0835235665149863
unanimous,kuliah,0,120,0.005177993527508091,1.0835235665149863
unanimous,play,0,120,0.005177993527508091,1.0835235665149863
unanimous,duit,1,10,0.007067137809187279,1.0825452980308738
unanimous,menghancurkan,1,16,0.011307420494699646,1.0791547830046633
unanimous,serang,0,167,0.00720604099244876,1.077717853934076
unanimous,ketiga,0,119,0.005134843581445523,1.0751468122979588
unanimous,menjelaskan,0,119,0.005134843581445523,1.0751468122979588
unanimous,roket,0,119,0.005134843581445523,1.0751468122979588
unanimous,golongan,1,6,0.004240282685512367,1.072795998667321
unanimous,dugaan,0,71,0.0030636461704422868,1.0709810496007974
unanimous,enam,0,71,0.0030636461704422868,1.0709810496007974
unanimous,from,0,71,0.0030636461704422868,1.0709810496007974
unanimous,game,0,71,0.0030636461704422868,1.0709810496007974
unanimous,ganteng,0,71,0.0030636461704422868,1.0709810496007974
unanimous,japan,0,71,0.0030636461704422868,1.0709810496007974
unanimous,obat,0,71,0.0030636461704422868,1.0709810496007974
unanimous,olahraga,0,71,0.0030636461704422868,1.0709810496007974
unanimous,mendapatkan,0,260,0.01121898597626753,1.06998548292316
unanimous,the,0,491,0.021186623516720605,1.0647979219114254
unanimous,perbuatan,1,7,0.0049469964664310955,1.0641554197072505
unanimous,asy,1,4,0.0028268551236749115,1.0627623544716285
unanimous,dibanding,1,4,0.0028268551236749115,1.0627623544716285
unanimous,memperingati,1,4,0.0028268551236749115,1.0627623544716285
unanimous,د,1,4,0.0028268551236749115,1.0627623544716285
unanimous,pernyataan,0,211,0.009104638619201726,1.060851025142866
unanimous,keren,0,164,0.007076591154261057,1.059514694777717
unanimous,mending,1,8,0.005653710247349823,1.0577096701844615
unanimous,ilegal,1,16,0.011307420494699646,1.057676947296009
unanimous,bersedia,0,70,0.0030204962243797194,1.056853029043873
unanimous,urusan,0,70,0.0030204962243797194,1.056853029043873
unanimous,pemerintah,0,578,0.02494066882416397,1.0558397384548468
unanimous,aldi,0,23,0.0009924487594390506,1.055527661217589
unanimous,andika,0,23,0.0009924487594390506,1.055527661217589
unanimous,andy,0,23,0.0009924487594390506,1.055527661217589
unanimous,armada,0,23,0.0009924487594390506,1.055527661217589
unanimous,armando,0,23,0.0009924487594390506,1.055527661217589
unanimous,asumsico,0,23,0.0009924487594390506,1.055527661217589
unanimous,aulia,0,23,0.0009924487594390506,1.055527661217589
unanimous,back,0,23,0.0009924487594390506,1.055527661217589
unanimous,bakteri,0,23,0.0009924487594390506,1.055527661217589
unanimous,bandar,0,23,0.0009924487594390506,1.055527661217589
unanimous,basement,0,23,0.0009924487594390506,1.055527661217589
unanimous,berjumlah,0,23,0.0009924487594390506,1.055527661217589
unanimous,bimas,0,23,0.0009924487594390506,1.055527661217589
unanimous,buntut,0,23,0.0009924487594390506,1.055527661217589
unanimous,cabor,0,23,0.0009924487594390506,1.055527661217589
unanimous,dede,0,23,0.0009924487594390506,1.055527661217589
unanimous,denmark,0,23,0.0009924487594390506,1.055527661217589
unanimous,deretan,0,23,0.0009924487594390506,1.055527661217589
unanimous,dibikin,0,23,0.0009924487594390506,1.055527661217589
unanimous,diluncurkan,0,23,0.0009924487594390506,1.055527661217589
unanimous,ditinggal,0,23,0.0009924487594390506,1.055527661217589
unanimous,emyu,0,23,0.0009924487594390506,1.055527661217589
unanimous,fc,0,23,0.0009924487594390506,1.055527661217589
unanimous,fitria,0,23,0.0009924487594390506,1.055527661217589
unanimous,flash,0,23,0.0009924487594390506,1.055527661217589
unanimous,gregoria,0,23,0.0009924487594390506,1.055527661217589
unanimous,images,0,23,0.0009924487594390506,1.055527661217589
unanimous,instalike,0,23,0.0009924487594390506,1.055527661217589
unanimous,jhon,0,23,0.0009924487594390506,1.055527661217589
unanimous,jojo,0,23,0.0009924487594390506,1.055527661217589
unanimous,kab,0,23,0.0009924487594390506,1.055527661217589
unanimous,kacamata,0,23,0.0009924487594390506,1.055527661217589
unanimous,karawang,0,23,0.0009924487594390506,1.055527661217589
unanimous,kategori,0,23,0.0009924487594390506,1.055527661217589
unanimous,kebebasan,0,23,0.0009924487594390506,1.055527661217589
unanimous,keluhan,0,23,0.0009924487594390506,1.055527661217589
unanimous,kemiskinan,0,23,0.0009924487594390506,1.055527661217589
unanimous,kuliner,0,23,0.0009924487594390506,1.055527661217589
unanimous,kumparancom,0,23,0.0009924487594390506,1.055527661217589
unanimous,lancarkan,0,23,0.0009924487594390506,1.055527661217589
unanimous,leste,0,23,0.0009924487594390506,1.055527661217589
unanimous,lok,0,23,0.0009924487594390506,1.055527661217589
unanimous,marzuki,0,23,0.0009924487594390506,1.055527661217589
unanimous,mengembangkan,0,23,0.0009924487594390506,1.055527661217589
unanimous,mengizinkan,0,23,0.0009924487594390506,1.055527661217589
unanimous,mengundang,0,23,0.0009924487594390506,1.055527661217589
unanimous,menulis,0,23,0.0009924487594390506,1.055527661217589
unanimous,merk,0,23,0.0009924487594390506,1.055527661217589
unanimous,messi,0,23,0.0009924487594390506,1.055527661217589
unanimous,middle,0,23,0.0009924487594390506,1.055527661217589
unanimous,minuman,0,23,0.0009924487594390506,1.055527661217589
unanimous,mula,0,23,0.0009924487594390506,1.055527661217589
unanimous,multisportevent,0,23,0.0009924487594390506,1.055527661217589
unanimous,mutiara,0,23,0.0009924487594390506,1.055527661217589
unanimous,naufal,0,23,0.0009924487594390506,1.055527661217589
unanimous,ng,0,23,0.0009924487594390506,1.055527661217589
unanimous,npc,0,23,0.0009924487594390506,1.055527661217589
unanimous,pahlawan,0,23,0.0009924487594390506,1.055527661217589
unanimous,patung,0,23,0.0009924487594390506,1.055527661217589
unanimous,pedas,0,23,0.0009924487594390506,1.055527661217589
unanimous,pendemo,0,23,0.0009924487594390506,1.055527661217589
unanimous,penerimaan,0,23,0.0009924487594390506,1.055527661217589
unanimous,pengunjung,0,23,0.0009924487594390506,1.055527661217589
unanimous,penjabat,0,23,0.0009924487594390506,1.055527661217589
unanimous,person,0,23,0.0009924487594390506,1.055527661217589
unanimous,pneumonia,0,23,0.0009924487594390506,1.055527661217589
unanimous,point,0,23,0.0009924487594390506,1.055527661217589
unanimous,pr,0,23,0.0009924487594390506,1.055527661217589
unanimous,profesi,0,23,0.0009924487594390506,1.055527661217589
unanimous,psi,0,23,0.0009924487594390506,1.055527661217589
unanimous,putuskan,0,23,0.0009924487594390506,1.055527661217589
unanimous,read,0,23,0.0009924487594390506,1.055527661217589
unanimous,ridho,0,23,0.0009924487594390506,1.055527661217589
unanimous,riski,0,23,0.0009924487594390506,1.055527661217589
unanimous,satpol,0,23,0.0009924487594390506,1.055527661217589
unanimous,semester,0,23,0.0009924487594390506,1.055527661217589
unanimous,sender,0,23,0.0009924487594390506,1.055527661217589
unanimous,seo,0,23,0.0009924487594390506,1.055527661217589
unanimous,show,0,23,0.0009924487594390506,1.055527661217589
unanimous,soon,0,23,0.0009924487594390506,1.055527661217589
unanimous,stadium,0,23,0.0009924487594390506,1.055527661217589
unanimous,strong,0,23,0.0009924487594390506,1.055527661217589
unanimous,syariah,0,23,0.0009924487594390506,1.055527661217589
unanimous,temuan,0,23,0.0009924487594390506,1.055527661217589
unanimous,test,0,23,0.0009924487594390506,1.055527661217589
unanimous,thanks,0,23,0.0009924487594390506,1.055527661217589
unanimous,tulungagung,0,23,0.0009924487594390506,1.055527661217589
unanimous,wawan,0,23,0.0009924487594390506,1.055527661217589
unanimous,yong,0,23,0.0009924487594390506,1.055527661217589
unanimous,6,0,532,0.02295577130528587,1.0550443947503443
unanimous,bersikap,1,5,0.0035335689045936395,1.0525734662588113
unanimous,menjajah,1,5,0.0035335689045936395,1.0525734662588113
unanimous,idf,1,19,0.01342756183745583,1.0517434188164458
unanimous,berita,0,619,0.026709816612729233,1.0484561012893818
unanimous,meminta,0,300,0.012944983818770227,1.0468141397994997
unanimous,keamanan,0,208,0.008975188781014025,1.0464344400105046
unanimous,sebaliknya,1,6,0.004240282685512367,1.0457241092000051
unanimous,umum,0,299,0.01290183387270766,1.0434370894437317
unanimous,desak,0,69,0.002977346278317152,1.042523792994347
unanimous,jateng,0,69,0.002977346278317152,1.042523792994347
unanimous,kemungkinan,0,69,0.002977346278317152,1.042523792994347
unanimous,kopi,0,69,0.002977346278317152,1.042523792994347
unanimous,etnis,0,253,0.010916936353829558,1.0424410213108077
unanimous,adanya,0,207,0.008932038834951457,1.041583199605752
unanimous,menampung,0,115,0.004962243797195253,1.0409274990661357
unanimous,emas,0,160,0.006903991370010788,1.034724256117959
unanimous,kebanyakan,1,9,0.0063604240282685515,1.0345240987742412
unanimous,rp,0,251,0.010830636461704422,1.034432941107419
unanimous,aisyah,1,3,0.0021201413427561835,1.0292092316204153
unanimous,bak,1,3,0.0021201413427561835,1.0292092316204153
unanimous,dn,1,3,0.0021201413427561835,1.0292092316204153
unanimous,palestinewillbefree,1,3,0.0021201413427561835,1.0292092316204153
unanimous,petunjuk,1,3,0.0021201413427561835,1.0292092316204153
unanimous,produknya,1,3,0.0021201413427561835,1.0292092316204153
unanimous,ap,0,68,0.0029341963322545845,1.0279875087627042
unanimous,do,0,68,0.0029341963322545845,1.0279875087627042
unanimous,united,0,68,0.0029341963322545845,1.0279875087627042
unanimous,trus,1,15,0.01060070671378092,1.0268331325641034
unanimous,aqsha,1,4,0.0028268551236749115,1.0242528770995494
unanimous,kerjanya,1,4,0.0028268551236749115,1.0242528770995494
unanimous,nafsu,1,4,0.0028268551236749115,1.0242528770995494
unanimous,pantas,1,4,0.0028268551236749115,1.0242528770995494
unanimous,teguh,1,4,0.0028268551236749115,1.0242528770995494
unanimous,virus,1,4,0.0028268551236749115,1.0242528770995494
unanimous,yohanes,1,4,0.0028268551236749115,1.0242528770995494
unanimous,menewaskan,0,113,0.0048759439050701184,1.0233730813980642
unanimous,story,0,113,0.0048759439050701184,1.0233730813980642
unanimous,menarik,0,203,0.008759439050701187,1.0219437284248798
unanimous,imigran,1,43,0.0303886925795053,1.0214626581424344
unanimous,dki,1,5,0.0035335689045936395,1.0212777150118726
unanimous,ibunya,1,5,0.0035335689045936395,1.0212777150118726
unanimous,cacat,1,63,0.04452296819787986,1.020887763620815
unanimous,kenapa,1,45,0.03180212014134275,1.0187878388450418
unanimous,diberi,1,8,0.005653710247349823,1.0172136509696148
unanimous,pintu,1,9,0.0063604240282685515,1.0166232287790724
unanimous,knp,1,11,0.0077738515901060075,1.0159891626956592
unanimous,bersatu,1,15,0.01060070671378092,1.0159201402786744
unanimous,pekan,0,112,0.0048327939590075515,1.0144801066275138
unanimous,aviv,0,67,0.002891046386192017,1.0132380863167445
unanimous,gelombang,0,67,0.002891046386192017,1.0132380863167445
unanimous,jinping,0,67,0.002891046386192017,1.0132380863167445
unanimous,permintaan,0,67,0.002891046386192017,1.0132380863167445
unanimous,poin,0,67,0.002891046386192017,1.0132380863167445
unanimous,ramai,0,67,0.002891046386192017,1.0132380863167445
unanimous,repost,0,67,0.002891046386192017,1.0132380863167445
unanimous,tema,0,67,0.002891046386192017,1.0132380863167445
unanimous,0821,0,22,0.0009492988133764832,1.011999358330666
unanimous,130,0,22,0.0009492988133764832,1.011999358330666
unanimous,2010,0,22,0.0009492988133764832,1.011999358330666
unanimous,ahyeon,0,22,0.0009492988133764832,1.011999358330666
unanimous,anto,0,22,0.0009492988133764832,1.011999358330666
unanimous,arus,0,22,0.0009492988133764832,1.011999358330666
unanimous,audio,0,22,0.0009492988133764832,1.011999358330666
unanimous,aula,0,22,0.0009492988133764832,1.011999358330666
unanimous,balee,0,22,0.0009492988133764832,1.011999358330666
unanimous,bayangin,0,22,0.0009492988133764832,1.011999358330666
unanimous,berdatangan,0,22,0.0009492988133764832,1.011999358330666
unanimous,bertugas,0,22,0.0009492988133764832,1.011999358330666
unanimous,bocor,0,22,0.0009492988133764832,1.011999358330666
unanimous,bronze,0,22,0.0009492988133764832,1.011999358330666
unanimous,class,0,22,0.0009492988133764832,1.011999358330666
unanimous,club,0,22,0.0009492988133764832,1.011999358330666
unanimous,diperiksa,0,22,0.0009492988133764832,1.011999358330666
unanimous,dirumah,0,22,0.0009492988133764832,1.011999358330666
unanimous,disabilitas,0,22,0.0009492988133764832,1.011999358330666
unanimous,disinformasi,0,22,0.0009492988133764832,1.011999358330666
unanimous,dokumentasi,0,22,0.0009492988133764832,1.011999358330666
unanimous,eka,0,22,0.0009492988133764832,1.011999358330666
unanimous,friday,0,22,0.0009492988133764832,1.011999358330666
unanimous,galaxy,0,22,0.0009492988133764832,1.011999358330666
unanimous,goodstats,0,22,0.0009492988133764832,1.011999358330666
unanimous,haji,0,22,0.0009492988133764832,1.011999358330666
unanimous,he,0,22,0.0009492988133764832,1.011999358330666
unanimous,hi,0,22,0.0009492988133764832,1.011999358330666
unanimous,hyung,0,22,0.0009492988133764832,1.011999358330666
unanimous,idntimesworldnews,0,22,0.0009492988133764832,1.011999358330666
unanimous,ilham,0,22,0.0009492988133764832,1.011999358330666
unanimous,indozone,0,22,0.0009492988133764832,1.011999358330666
unanimous,jawaposcom,0,22,0.0009492988133764832,1.011999358330666
unanimous,jawapostv,0,22,0.0009492988133764832,1.011999358330666
unanimous,jembatan,0,22,0.0009492988133764832,1.011999358330666
unanimous,john,0,22,0.0009492988133764832,1.011999358330666
unanimous,kebahagiaan,0,22,0.0009492988133764832,1.011999358330666
unanimous,kedamaian,0,22,0.0009492988133764832,1.011999358330666
unanimous,kompascom,0,22,0.0009492988133764832,1.011999358330666
unanimous,koranjawapos,0,22,0.0009492988133764832,1.011999358330666
unanimous,lay,0,22,0.0009492988133764832,1.011999358330666
unanimous,lebar,0,22,0.0009492988133764832,1.011999358330666
unanimous,lisa,0,22,0.0009492988133764832,1.011999358330666
unanimous,lokerkarawang,0,22,0.0009492988133764832,1.011999358330666
unanimous,lokersmk,0,22,0.0009492988133764832,1.011999358330666
unanimous,luncurkan,0,22,0.0009492988133764832,1.011999358330666
unanimous,makeup,0,22,0.0009492988133764832,1.011999358330666
unanimous,masalahnya,0,22,0.0009492988133764832,1.011999358330666
unanimous,may,0,22,0.0009492988133764832,1.011999358330666
unanimous,mbah,0,22,0.0009492988133764832,1.011999358330666
unanimous,melintas,0,22,0.0009492988133764832,1.011999358330666
unanimous,membakar,0,22,0.0009492988133764832,1.011999358330666
unanimous,memberkati,0,22,0.0009492988133764832,1.011999358330666
unanimous,menara,0,22,0.0009492988133764832,1.011999358330666
unanimous,menerimanya,0,22,0.0009492988133764832,1.011999358330666
unanimous,menghadirkan,0,22,0.0009492988133764832,1.011999358330666
unanimous,menghubungi,0,22,0.0009492988133764832,1.011999358330666
unanimous,menyukai,0,22,0.0009492988133764832,1.011999358330666
unanimous,merapat,0,22,0.0009492988133764832,1.011999358330666
unanimous,mogok,0,22,0.0009492988133764832,1.011999358330666
unanimous,mohammed,0,22,0.0009492988133764832,1.011999358330666
unanimous,mongolia,0,22,0.0009492988133764832,1.011999358330666
unanimous,nasution,0,22,0.0009492988133764832,1.011999358330666
unanimous,nation,0,22,0.0009492988133764832,1.011999358330666
unanimous,neng,0,22,0.0009492988133764832,1.011999358330666
unanimous,nyatanya,0,22,0.0009492988133764832,1.011999358330666
unanimous,paroki,0,22,0.0009492988133764832,1.011999358330666
unanimous,patah,0,22,0.0009492988133764832,1.011999358330666
unanimous,peace,0,22,0.0009492988133764832,1.011999358330666
unanimous,perancis,0,22,0.0009492988133764832,1.011999358330666
unanimous,perangkat,0,22,0.0009492988133764832,1.011999358330666
unanimous,pontianak,0,22,0.0009492988133764832,1.011999358330666
unanimous,potong,0,22,0.0009492988133764832,1.011999358330666
unanimous,prinsip,0,22,0.0009492988133764832,1.011999358330666
unanimous,q,0,22,0.0009492988133764832,1.011999358330666
unanimous,ratih,0,22,0.0009492988133764832,1.011999358330666
unanimous,republic,0,22,0.0009492988133764832,1.011999358330666
unanimous,request,0,22,0.0009492988133764832,1.011999358330666
unanimous,risiko,0,22,0.0009492988133764832,1.011999358330666
unanimous,sananta,0,22,0.0009492988133764832,1.011999358330666
unanimous,shesar,0,22,0.0009492988133764832,1.011999358330666
unanimous,silva,0,22,0.0009492988133764832,1.011999358330666
unanimous,sosialisasi,0,22,0.0009492988133764832,1.011999358330666
unanimous,spotlight,0,22,0.0009492988133764832,1.011999358330666
unanimous,stabil,0,22,0.0009492988133764832,1.011999358330666
unanimous,statistik,0,22,0.0009492988133764832,1.011999358330666
unanimous,ucapkan,0,22,0.0009492988133764832,1.011999358330666
unanimous,ujaran,0,22,0.0009492988133764832,1.011999358330666
unanimous,ukraine,0,22,0.0009492988133764832,1.011999358330666
unanimous,universitassyiahkuala,0,22,0.0009492988133764832,1.011999358330666
unanimous,usd,0,22,0.0009492988133764832,1.011999358330666
unanimous,usulan,0,22,0.0009492988133764832,1.011999358330666
unanimous,van,0,22,0.0009492988133764832,1.011999358330666
unanimous,visa,0,22,0.0009492988133764832,1.011999358330666
unanimous,wabah,0,22,0.0009492988133764832,1.011999358330666
unanimous,wapres,0,22,0.0009492988133764832,1.011999358330666
unanimous,yadi,0,22,0.0009492988133764832,1.011999358330666
unanimous,8,0,549,0.023689320388349516,1.0031274606243274
unanimous,2,0,1477,0.06373247033441208,1.0030741568910255
unanimous,26,0,155,0.00668824163969795,1.0028588238612577
unanimous,15,0,505,0.021790722761596548,1.0018178507972042
unanimous,mulu,1,11,0.0077738515901060075,1.0014528784640164
unanimous,truncated,1,10,0.007067137809187279,1.0003158366136253
unanimous,australia,0,66,0.0028478964401294497,0.998269162916454
unanimous,gacor,0,66,0.0028478964401294497,0.998269162916454
unanimous,ii,0,66,0.0028478964401294497,0.998269162916454
unanimous,penulis,0,66,0.0028478964401294497,0.998269162916454
unanimous,rangka,0,66,0.0028478964401294497,0.998269162916454
unanimous,tiket,0,66,0.0028478964401294497,0.998269162916454
unanimous,memakai,1,8,0.005653710247349823,0.9975619363379886
unanimous,quran,1,8,0.005653710247349823,0.9975619363379886
unanimous,allahu,1,7,0.0049469964664310955,0.9958174792084618
unanimous,tante,1,7,0.0049469964664310955,0.9958174792084618
unanimous,alkitab,1,6,0.004240282685512367,0.9936779305069497
unanimous,belah,1,6,0.004240282685512367,0.9936779305069497
unanimous,surga,1,6,0.004240282685512367,0.9936779305069497
unanimous,beribadah,1,5,0.0035335689045936395,0.9909291559067198
unanimous,lgbt,1,39,0.02756183745583039,0.990052828606827
unanimous,bin,1,18,0.012720848056537103,0.9894908909164506
unanimous,muslim,1,50,0.0353356890459364,0.9889228712210733
unanimous,sebelumnya,0,283,0.012211434735706581,0.9878356318384954
unanimous,alquran,1,4,0.0028268551236749115,0.987168407008895
unanimous,cok,1,4,0.0028268551236749115,0.987168407008895
unanimous,hatinya,1,4,0.0028268551236749115,0.987168407008895
unanimous,hr,1,4,0.0028268551236749115,0.987168407008895
unanimous,sholat,1,4,0.0028268551236749115,0.987168407008895
unanimous,wafat,1,4,0.0028268551236749115,0.987168407008895
unanimous,ر,1,4,0.0028268551236749115,0.987168407008895
unanimous,berlangsung,0,196,0.008457389428263214,0.9866354891110277
unanimous,upaya,0,196,0.008457389428263214,0.9866354891110277
unanimous,37,0,65,0.0028047464940668823,0.9830740865847243
unanimous,event,0,65,0.0028047464940668823,0.9830740865847243
unanimous,kakak,0,65,0.0028047464940668823,0.9830740865847243
unanimous,makassar,0,65,0.0028047464940668823,0.9830740865847243
unanimous,october,0,65,0.0028047464940668823,0.9830740865847243
unanimous,cuman,1,9,0.0063604240282685515,0.9817506018905664
unanimous,sungguh,1,9,0.0063604240282685515,0.9817506018905664
unanimous,bangett,1,3,0.0021201413427561835,0.9815379954145699
unanimous,influencer,1,3,0.0021201413427561835,0.9815379954145699
unanimous,kudu,1,3,0.0021201413427561835,0.9815379954145699
unanimous,menyebarkan,1,3,0.0021201413427561835,0.9815379954145699
unanimous,my,0,108,0.004660194174757282,0.9781036387872932
unanimous,odgj,0,237,0.01022653721682848,0.9765470611014601
unanimous,ratusan,0,237,0.01022653721682848,0.9765470611014601
unanimous,dikutip,0,194,0.00837108953613808,0.9763181905518529
unanimous,kekejaman,1,12,0.008480565371024734,0.9762492714835942
unanimous,banyaknya,1,7,0.0049469964664310955,0.9740342586766751
unanimous,manusia,1,51,0.03604240282685512,0.9712930330496771
unanimous,gencatan,0,150,0.006472491909385114,0.9699590022998281
unanimous,ganjarpranowo,0,107,0.004617044228694714,0.9688009632791196
unanimous,pertempuran,0,107,0.004617044228694714,0.9688009632791196
unanimous,selesai,0,107,0.004617044228694714,0.9688009632791196
unanimous,fans,1,6,0.004240282685512367,0.9686334056182614
unanimous,bola,0,64,0.002761596548004315,0.9676458983064427
unanimous,gal,0,64,0.002761596548004315,0.9676458983064427
unanimous,line,0,64,0.002761596548004315,0.9676458983064427
unanimous,memenuhi,0,64,0.002761596548004315,0.9676458983064427
unanimous,pos,0,64,0.002761596548004315,0.9676458983064427
unanimous,ta,0,64,0.002761596548004315,0.9676458983064427
unanimous,140,0,21,0.0009061488673139158,0.9664937951721015
unanimous,160,0,21,0.0009061488673139158,0.9664937951721015
unanimous,170,0,21,0.0009061488673139158,0.9664937951721015
unanimous,afc,0,21,0.0009061488673139158,0.9664937951721015
unanimous,afghanistan,0,21,0.0009061488673139158,0.9664937951721015
unanimous,akademisi,0,21,0.0009061488673139158,0.9664937951721015
unanimous,anna,0,21,0.0009061488673139158,0.9664937951721015
unanimous,antaranewscom,0,21,0.0009061488673139158,0.9664937951721015
unanimous,anton,0,21,0.0009061488673139158,0.9664937951721015
unanimous,aspirasi,0,21,0.0009061488673139158,0.9664937951721015
unanimous,banten,0,21,0.0009061488673139158,0.9664937951721015
unanimous,belt,0,21,0.0009061488673139158,0.9664937951721015
unanimous,berlayar,0,21,0.0009061488673139158,0.9664937951721015
unanimous,berpendapat,0,21,0.0009061488673139158,0.9664937951721015
unanimous,bolivia,0,21,0.0009061488673139158,0.9664937951721015
unanimous,boru,0,21,0.0009061488673139158,0.9664937951721015
unanimous,boss,0,21,0.0009061488673139158,0.9664937951721015
unanimous,brunei,0,21,0.0009061488673139158,0.9664937951721015
unanimous,cabut,0,21,0.0009061488673139158,0.9664937951721015
unanimous,case,0,21,0.0009061488673139158,0.9664937951721015
unanimous,cetak,0,21,0.0009061488673139158,0.9664937951721015
unanimous,cny,0,21,0.0009061488673139158,0.9664937951721015
unanimous,commerce,0,21,0.0009061488673139158,0.9664937951721015
unanimous,cuaca,0,21,0.0009061488673139158,0.9664937951721015
unanimous,dikelola,0,21,0.0009061488673139158,0.9664937951721015
unanimous,direktorat,0,21,0.0009061488673139158,0.9664937951721015
unanimous,disney,0,21,0.0009061488673139158,0.9664937951721015
unanimous,domisili,0,21,0.0009061488673139158,0.9664937951721015
unanimous,durian,0,21,0.0009061488673139158,0.9664937951721015
unanimous,elite,0,21,0.0009061488673139158,0.9664937951721015
unanimous,erupsi,0,21,0.0009061488673139158,0.9664937951721015
unanimous,fair,0,21,0.0009061488673139158,0.9664937951721015
unanimous,gading,0,21,0.0009061488673139158,0.9664937951721015
unanimous,garuda,0,21,0.0009061488673139158,0.9664937951721015
unanimous,gea,0,21,0.0009061488673139158,0.9664937951721015
unanimous,here,0,21,0.0009061488673139158,0.9664937951721015
unanimous,hijrah,0,21,0.0009061488673139158,0.9664937951721015
unanimous,hiring,0,21,0.0009061488673139158,0.9664937951721015
unanimous,ho,0,21,0.0009061488673139158,0.9664937951721015
unanimous,hot,0,21,0.0009061488673139158,0.9664937951721015
unanimous,imlek,0,21,0.0009061488673139158,0.9664937951721015
unanimous,inforesult,0,21,0.0009061488673139158,0.9664937951721015
unanimous,inisiatif,0,21,0.0009061488673139158,0.9664937951721015
unanimous,instastory,0,21,0.0009061488673139158,0.9664937951721015
unanimous,intan,0,21,0.0009061488673139158,0.9664937951721015
unanimous,juni,0,21,0.0009061488673139158,0.9664937951721015
unanimous,just,0,21,0.0009061488673139158,0.9664937951721015
unanimous,kaka,0,21,0.0009061488673139158,0.9664937951721015
unanimous,keberangkatan,0,21,0.0009061488673139158,0.9664937951721015
unanimous,kebetulan,0,21,0.0009061488673139158,0.9664937951721015
unanimous,kekayaan,0,21,0.0009061488673139158,0.9664937951721015
unanimous,kemanusian,0,21,0.0009061488673139158,0.9664937951721015
unanimous,kemlu,0,21,0.0009061488673139158,0.9664937951721015
unanimous,kerasa,0,21,0.0009061488673139158,0.9664937951721015
unanimous,koleksi,0,21,0.0009061488673139158,0.9664937951721015
unanimous,lipat,0,21,0.0009061488673139158,0.9664937951721015
unanimous,long,0,21,0.0009061488673139158,0.9664937951721015
unanimous,melebihi,0,21,0.0009061488673139158,0.9664937951721015
unanimous,memandang,0,21,0.0009061488673139158,0.9664937951721015
unanimous,mendampingi,0,21,0.0009061488673139158,0.9664937951721015
unanimous,menerbitkan,0,21,0.0009061488673139158,0.9664937951721015
unanimous,mengisi,0,21,0.0009061488673139158,0.9664937951721015
unanimous,mengusulkan,0,21,0.0009061488673139158,0.9664937951721015
unanimous,menkopolhukam,0,21,0.0009061488673139158,0.9664937951721015
unanimous,menyikapi,0,21,0.0009061488673139158,0.9664937951721015
unanimous,mode,0,21,0.0009061488673139158,0.9664937951721015
unanimous,nestle,0,21,0.0009061488673139158,0.9664937951721015
unanimous,ngamuk,0,21,0.0009061488673139158,0.9664937951721015
unanimous,ngaruh,0,21,0.0009061488673139158,0.9664937951721015
unanimous,offline,0,21,0.0009061488673139158,0.9664937951721015
unanimous,okezone,0,21,0.0009061488673139158,0.9664937951721015
unanimous,pasuruan,0,21,0.0009061488673139158,0.9664937951721015
unanimous,peluncuran,0,21,0.0009061488673139158,0.9664937951721015
unanimous,pembuatan,0,21,0.0009061488673139158,0.9664937951721015
unanimous,pemulihan,0,21,0.0009061488673139158,0.9664937951721015
unanimous,penerbangan,0,21,0.0009061488673139158,0.9664937951721015
unanimous,penyelenggaraan,0,21,0.0009061488673139158,0.9664937951721015
unanimous,pgsoft,0,21,0.0009061488673139158,0.9664937951721015
unanimous,pratiwi,0,21,0.0009061488673139158,0.9664937951721015
unanimous,ps,0,21,0.0009061488673139158,0.9664937951721015
unanimous,raihan,0,21,0.0009061488673139158,0.9664937951721015
unanimous,ram,0,21,0.0009061488673139158,0.9664937951721015
unanimous,ramah,0,21,0.0009061488673139158,0.9664937951721015
unanimous,research,0,21,0.0009061488673139158,0.9664937951721015
unanimous,rudi,0,21,0.0009061488673139158,0.9664937951721015
unanimous,samuel,0,21,0.0009061488673139158,0.9664937951721015
unanimous,san,0,21,0.0009061488673139158,0.9664937951721015
unanimous,satelit,0,21,0.0009061488673139158,0.9664937951721015
unanimous,scan,0,21,0.0009061488673139158,0.9664937951721015
unanimous,sejarahnya,0,21,0.0009061488673139158,0.9664937951721015
unanimous,semi,0,21,0.0009061488673139158,0.9664937951721015
unanimous,seni,0,21,0.0009061488673139158,0.9664937951721015
unanimous,seniman,0,21,0.0009061488673139158,0.9664937951721015
unanimous,serangkaian,0,21,0.0009061488673139158,0.9664937951721015
unanimous,shenzhen,0,21,0.0009061488673139158,0.9664937951721015
unanimous,sinaga,0,21,0.0009061488673139158,0.9664937951721015
unanimous,suga,0,21,0.0009061488673139158,0.9664937951721015
unanimous,suhu,0,21,0.0009061488673139158,0.9664937951721015
unanimous,svt,0,21,0.0009061488673139158,0.9664937951721015
unanimous,taufanalaqsa,0,21,0.0009061488673139158,0.9664937951721015
unanimous,tegasnya,0,21,0.0009061488673139158,0.9664937951721015
unanimous,terasa,0,21,0.0009061488673139158,0.9664937951721015
unanimous,tipis,0,21,0.0009061488673139158,0.9664937951721015
unanimous,togelchinapools,0,21,0.0009061488673139158,0.9664937951721015
unanimous,transisi,0,21,0.0009061488673139158,0.9664937951721015
unanimous,uin,0,21,0.0009061488673139158,0.9664937951721015
unanimous,urutan,0,21,0.0009061488673139158,0.9664937951721015
unanimous,videoberita,0,21,0.0009061488673139158,0.9664937951721015
unanimous,welcome,0,21,0.0009061488673139158,0.9664937951721015
unanimous,wes,0,21,0.0009061488673139158,0.9664937951721015
unanimous,westandwithpalestine,0,21,0.0009061488673139158,0.9664937951721015
unanimous,won,0,21,0.0009061488673139158,0.9664937951721015
unanimous,woy,0,21,0.0009061488673139158,0.9664937951721015
unanimous,wts,0,21,0.0009061488673139158,0.9664937951721015
unanimous,xd,0,21,0.0009061488673139158,0.9664937951721015
unanimous,sumber,0,529,0.022826321467098166,0.9651683229505538
unanimous,ngga,1,9,0.0063604240282685515,0.9647577853685414
unanimous,bumi,1,18,0.012720848056537103,0.9632723650700334
unanimous,mk,1,18,0.012720848056537103,0.9632723650700334
unanimous,benjamin,0,149,0.006429341963322546,0.9632488817746033
unanimous,merah,0,149,0.006429341963322546,0.9632488817746033
unanimous,konsep,1,5,0.0035335689045936395,0.9614720592234515
unanimous,02,0,106,0.004573894282632147,0.9594117526446543
unanimous,empat,0,106,0.004573894282632147,0.9594117526446543
unanimous,pembantaian,1,13,0.009187279151943463,0.9553382286147482
unanimous,usir,1,10,0.007067137809187279,0.9540239865338945
unanimous,kota,0,605,0.02610571736785329,0.9528052613044186
unanimous,impor,0,63,0.0027184466019417475,0.9519773128367232
unanimous,komisi,0,63,0.0027184466019417475,0.9519773128367232
unanimous,laga,0,63,0.0027184466019417475,0.9519773128367232
unanimous,momen,0,63,0.0027184466019417475,0.9519773128367232
unanimous,entah,1,4,0.0028268551236749115,0.9514071241303272
unanimous,kajian,1,4,0.0028268551236749115,0.9514071241303272
unanimous,masi,1,4,0.0028268551236749115,0.9514071241303272
unanimous,menyebar,1,4,0.0028268551236749115,0.9514071241303272
unanimous,modern,1,4,0.0028268551236749115,0.9514071241303272
unanimous,tawanan,1,4,0.0028268551236749115,0.9514071241303272
unanimous,asli,1,17,0.012014134275618375,0.9510706952773351
unanimous,miliar,0,105,0.004530744336569579,0.9499343740740543
unanimous,tahu,1,29,0.02049469964664311,0.9481257398305932
unanimous,lainnya,0,520,0.02243797195253506,0.9476277125078272
unanimous,vs,0,354,0.015275080906148868,0.9447541894197331
unanimous,ingat,1,8,0.005653710247349823,0.9408133013877299
unanimous,memberikan,0,433,0.018683926645091695,0.9366742297074885
unanimous,2019,0,62,0.00267529665587918,0.9360606979857955
unanimous,dilaksanakan,0,62,0.00267529665587918,0.9360606979857955
unanimous,massa,0,62,0.00267529665587918,0.9360606979857955
unanimous,nana,0,62,0.00267529665587918,0.9360606979857955
unanimous,smp,0,62,0.00267529665587918,0.9360606979857955
unanimous,web,0,62,0.00267529665587918,0.9360606979857955
unanimous,jadinya,1,3,0.0021201413427561835,0.9360324322560057
unanimous,lbh,1,3,0.0021201413427561835,0.9360324322560057
unanimous,stand,1,3,0.0021201413427561835,0.9360324322560057
unanimous,kenyataan,1,5,0.0035335689045936395,0.9328554734351081
unanimous,tsb,1,5,0.0035335689045936395,0.9328554734351081
unanimous,kehidupan,0,103,0.0044444444444444444,0.9307083468251819
unanimous,mendarat,0,103,0.0044444444444444444,0.9307083468251819
unanimous,meskipun,0,144,0.006213592233009709,0.929014878948056
unanimous,org,1,38,0.02685512367491166,0.927143117159487
unanimous,pilih,1,12,0.008480565371024734,0.9257510011821198
unanimous,hoax,1,10,0.007067137809187279,0.9243056406876443
unanimous,bilang,1,26,0.018374558303886925,0.9218354523431658
unanimous,berani,1,21,0.014840989399293287,0.9202103820178038
unanimous,belakangan,0,61,0.0026321467098166127,0.9198880522331138
unanimous,biru,0,61,0.0026321467098166127,0.9198880522331138
unanimous,jl,0,61,0.0026321467098166127,0.9198880522331138
unanimous,147,0,20,0.0008629989212513484,0.9188225589662564
unanimous,2004,0,20,0.0008629989212513484,0.9188225589662564
unanimous,240,0,20,0.0008629989212513484,0.9188225589662564
unanimous,93,0,20,0.0008629989212513484,0.9188225589662564
unanimous,abadi,0,20,0.0008629989212513484,0.9188225589662564
unanimous,ag22,0,20,0.0008629989212513484,0.9188225589662564
unanimous,agency,0,20,0.0008629989212513484,0.9188225589662564
unanimous,aji,0,20,0.0008629989212513484,0.9188225589662564
unanimous,ananda,0,20,0.0008629989212513484,0.9188225589662564
unanimous,angkasa,0,20,0.0008629989212513484,0.9188225589662564
unanimous,arahan,0,20,0.0008629989212513484,0.9188225589662564
unanimous,ardi,0,20,0.0008629989212513484,0.9188225589662564
unanimous,badmintalkasiangames2022,0,20,0.0008629989212513484,0.9188225589662564
unanimous,beauty,0,20,0.0008629989212513484,0.9188225589662564
unanimous,berkas,0,20,0.0008629989212513484,0.9188225589662564
unanimous,bersifat,0,20,0.0008629989212513484,0.9188225589662564
unanimous,betah,0,20,0.0008629989212513484,0.9188225589662564
unanimous,bocil,0,20,0.0008629989212513484,0.9188225589662564
unanimous,bungkus,0,20,0.0008629989212513484,0.9188225589662564
unanimous,buset,0,20,0.0008629989212513484,0.9188225589662564
unanimous,cirebon,0,20,0.0008629989212513484,0.9188225589662564
unanimous,dejan,0,20,0.0008629989212513484,0.9188225589662564
unanimous,diadakan,0,20,0.0008629989212513484,0.9188225589662564
unanimous,diberitakan,0,20,0.0008629989212513484,0.9188225589662564
unanimous,didapat,0,20,0.0008629989212513484,0.9188225589662564
unanimous,dipastikan,0,20,0.0008629989212513484,0.9188225589662564
unanimous,disiarkan,0,20,0.0008629989212513484,0.9188225589662564
unanimous,donat,0,20,0.0008629989212513484,0.9188225589662564
unanimous,dorong,0,20,0.0008629989212513484,0.9188225589662564
unanimous,drakor,0,20,0.0008629989212513484,0.9188225589662564
unanimous,elektabilitas,0,20,0.0008629989212513484,0.9188225589662564
unanimous,en,0,20,0.0008629989212513484,0.9188225589662564
unanimous,friends,0,20,0.0008629989212513484,0.9188225589662564
unanimous,fun,0,20,0.0008629989212513484,0.9188225589662564
unanimous,fypシ,0,20,0.0008629989212513484,0.9188225589662564
unanimous,ganjarpresiden2024,0,20,0.0008629989212513484,0.9188225589662564
unanimous,gnfi,0,20,0.0008629989212513484,0.9188225589662564
unanimous,goal,0,20,0.0008629989212513484,0.9188225589662564
unanimous,graduate,0,20,0.0008629989212513484,0.9188225589662564
unanimous,guyss,0,20,0.0008629989212513484,0.9188225589662564
unanimous,hardnews_viral,0,20,0.0008629989212513484,0.9188225589662564
unanimous,hd,0,20,0.0008629989212513484,0.9188225589662564
unanimous,idi,0,20,0.0008629989212513484,0.9188225589662564
unanimous,idr,0,20,0.0008629989212513484,0.9188225589662564
unanimous,iri,0,20,0.0008629989212513484,0.9188225589662564
unanimous,istirahat,0,20,0.0008629989212513484,0.9188225589662564
unanimous,istrinya,0,20,0.0008629989212513484,0.9188225589662564
unanimous,jongdae,0,20,0.0008629989212513484,0.9188225589662564
unanimous,jun,0,20,0.0008629989212513484,0.9188225589662564
unanimous,kapolda,0,20,0.0008629989212513484,0.9188225589662564
unanimous,katadatacoid,0,20,0.0008629989212513484,0.9188225589662564
unanimous,kegagalan,0,20,0.0008629989212513484,0.9188225589662564
unanimous,kejadiannya,0,20,0.0008629989212513484,0.9188225589662564
unanimous,kepastian,0,20,0.0008629989212513484,0.9188225589662564
unanimous,kolonel,0,20,0.0008629989212513484,0.9188225589662564
unanimous,komisioner,0,20,0.0008629989212513484,0.9188225589662564
unanimous,liu,0,20,0.0008629989212513484,0.9188225589662564
unanimous,london,0,20,0.0008629989212513484,0.9188225589662564
unanimous,madrid,0,20,0.0008629989212513484,0.9188225589662564
unanimous,magang,0,20,0.0008629989212513484,0.9188225589662564
unanimous,mar,0,20,0.0008629989212513484,0.9188225589662564
unanimous,megumi,0,20,0.0008629989212513484,0.9188225589662564
unanimous,melintasi,0,20,0.0008629989212513484,0.9188225589662564
unanimous,mendengarkan,0,20,0.0008629989212513484,0.9188225589662564
unanimous,menemui,0,20,0.0008629989212513484,0.9188225589662564
unanimous,mengganti,0,20,0.0008629989212513484,0.9188225589662564
unanimous,menyumbangkan,0,20,0.0008629989212513484,0.9188225589662564
unanimous,merespon,0,20,0.0008629989212513484,0.9188225589662564
unanimous,miliki,0,20,0.0008629989212513484,0.9188225589662564
unanimous,miss,0,20,0.0008629989212513484,0.9188225589662564
unanimous,mv,0,20,0.0008629989212513484,0.9188225589662564
unanimous,niam,0,20,0.0008629989212513484,0.9188225589662564
unanimous,nikel,0,20,0.0008629989212513484,0.9188225589662564
unanimous,nova,0,20,0.0008629989212513484,0.9188225589662564
unanimous,obatan,0,20,0.0008629989212513484,0.9188225589662564
unanimous,oppo,0,20,0.0008629989212513484,0.9188225589662564
unanimous,pc,0,20,0.0008629989212513484,0.9188225589662564
unanimous,pelatih,0,20,0.0008629989212513484,0.9188225589662564
unanimous,pembinaan,0,20,0.0008629989212513484,0.9188225589662564
unanimous,pengukuhan,0,20,0.0008629989212513484,0.9188225589662564
unanimous,petrus,0,20,0.0008629989212513484,0.9188225589662564
unanimous,posted,0,20,0.0008629989212513484,0.9188225589662564
unanimous,potongan,0,20,0.0008629989212513484,0.9188225589662564
unanimous,profil,0,20,0.0008629989212513484,0.9188225589662564
unanimous,protection,0,20,0.0008629989212513484,0.9188225589662564
unanimous,pulsa,0,20,0.0008629989212513484,0.9188225589662564
unanimous,raksasa,0,20,0.0008629989212513484,0.9188225589662564
unanimous,recep,0,20,0.0008629989212513484,0.9188225589662564
unanimous,reza,0,20,0.0008629989212513484,0.9188225589662564
unanimous,roy,0,20,0.0008629989212513484,0.9188225589662564
unanimous,s23,0,20,0.0008629989212513484,0.9188225589662564
unanimous,sakti,0,20,0.0008629989212513484,0.9188225589662564
unanimous,senja,0,20,0.0008629989212513484,0.9188225589662564
unanimous,sepeda,0,20,0.0008629989212513484,0.9188225589662564
unanimous,shopeeid,0,20,0.0008629989212513484,0.9188225589662564
unanimous,studio,0,20,0.0008629989212513484,0.9188225589662564
unanimous,style,0,20,0.0008629989212513484,0.9188225589662564
unanimous,syailendra,0,20,0.0008629989212513484,0.9188225589662564
unanimous,tawaran,0,20,0.0008629989212513484,0.9188225589662564
unanimous,tayyip,0,20,0.0008629989212513484,0.9188225589662564
unanimous,tbtb,0,20,0.0008629989212513484,0.9188225589662564
unanimous,ten,0,20,0.0008629989212513484,0.9188225589662564
unanimous,terhenti,0,20,0.0008629989212513484,0.9188225589662564
unanimous,terjebak,0,20,0.0008629989212513484,0.9188225589662564
unanimous,thomas,0,20,0.0008629989212513484,0.9188225589662564
unanimous,togelsingapore,0,20,0.0008629989212513484,0.9188225589662564
unanimous,tsunami,0,20,0.0008629989212513484,0.9188225589662564
unanimous,tulus,0,20,0.0008629989212513484,0.9188225589662564
unanimous,turis,0,20,0.0008629989212513484,0.9188225589662564
unanimous,ulamankridukungganjar,0,20,0.0008629989212513484,0.9188225589662564
unanimous,utm_medium,0,20,0.0008629989212513484,0.9188225589662564
unanimous,viralvideos,0,20,0.0008629989212513484,0.9188225589662564
unanimous,wayan,0,20,0.0008629989212513484,0.9188225589662564
unanimous,weh,0,20,0.0008629989212513484,0.9188225589662564
unanimous,wo,0,20,0.0008629989212513484,0.9188225589662564
unanimous,wr,0,20,0.0008629989212513484,0.9188225589662564
unanimous,yo,0,20,0.0008629989212513484,0.9188225589662564
unanimous,zakat,0,20,0.0008629989212513484,0.9188225589662564
unanimous,zheng,0,20,0.0008629989212513484,0.9188225589662564
unanimous,ταιρει,0,20,0.0008629989212513484,0.9188225589662564
unanimous,umat,1,50,0.0353356890459364,0.9173348724125764
unanimous,barisan,1,4,0.0028268551236749115,0.9168777459163251
unanimous,gamau,1,4,0.0028268551236749115,0.9168777459163251
unanimous,suruh,1,4,0.0028268551236749115,0.9168777459163251
unanimous,ye,1,4,0.0028268551236749115,0.9168777459163251
unanimous,padahal,1,37,0.026148409893992933,0.9161795130575612
unanimous,malah,1,42,0.029681978798586573,0.9121742584276962
unanimous,support,1,7,0.0049469964664310955,0.9113841887930493
unanimous,juru,0,101,0.00435814455231931,0.9111088530774163
unanimous,unhcr,0,222,0.009579288025889967,0.9106528305023797
unanimous,bayi,1,11,0.0077738515901060075,0.9051858992463989
unanimous,emg,1,11,0.0077738515901060075,0.9051858992463989
unanimous,berlindung,1,5,0.0035335689045936395,0.9050326941162711
unanimous,keyakinan,1,5,0.0035335689045936395,0.9050326941162711
unanimous,kuasa,1,5,0.0035335689045936395,0.9050326941162711
unanimous,perasaan,1,5,0.0035335689045936395,0.9050326941162711
unanimous,hasan,0,60,0.0025889967637540453,0.9034509805063164
unanimous,jazeera,0,60,0.0025889967637540453,0.9034509805063164
unanimous,positif,0,60,0.0025889967637540453,0.9034509805063164
unanimous,retno,0,60,0.0025889967637540453,0.9034509805063164
unanimous,sc,0,60,0.0025889967637540453,0.9034509805063164
unanimous,mengungkapkan,0,100,0.004314994606256742,0.9011644451499528
unanimous,menyerukan,0,100,0.004314994606256742,0.9011644451499528
unanimous,persen,0,100,0.004314994606256742,0.9011644451499528
unanimous,o,0,140,0.006040992448759439,0.9007692000651711
unanimous,paham,1,16,0.011307420494699646,0.9005678246170766
unanimous,melalui,0,457,0.019719525350593313,0.8999316463618334
unanimous,baca,0,495,0.021359223300970873,0.897302301809663
unanimous,irak,1,6,0.004240282685512367,0.8970447623759711
unanimous,selamat,0,727,0.03137001078748652,0.8953043961972197
unanimous,utara,0,337,0.014541531823085221,0.8948667194725527
unanimous,belajar,0,139,0.005997842502696872,0.8935829022384937
unanimous,ditembak,1,3,0.0021201413427561835,0.8925041293690827
unanimous,gaza_genocide,1,3,0.0021201413427561835,0.8925041293690827
unanimous,melayu,1,3,0.0021201413427561835,0.8925041293690827
unanimous,murid,1,3,0.0021201413427561835,0.8925041293690827
unanimous,rasul,1,3,0.0021201413427561835,0.8925041293690827
unanimous,kejahatan,1,22,0.015547703180212015,0.8910475786624776
unanimous,imam,1,13,0.009187279151943463,0.8872557513865981
unanimous,diplomatik,0,59,0.002545846817691478,0.8867406679414995
unanimous,kiai,0,59,0.002545846817691478,0.8867406679414995
unanimous,pengiriman,0,59,0.002545846817691478,0.8867406679414995
unanimous,tampak,0,59,0.002545846817691478,0.8867406679414995
unanimous,viral,0,451,0.019460625674217906,0.8864660674287265
unanimous,f,0,138,0.005954692556634304,0.8863452181745426
unanimous,harga,0,373,0.01609492988133765,0.8858603758419749
unanimous,masyarakat,0,605,0.02610571736785329,0.8854001109010666
unanimous,kalangan,1,9,0.0063604240282685515,0.8838525550035982
unanimous,zaman,1,9,0.0063604240282685515,0.8838525550035982
unanimous,sifat,1,4,0.0028268551236749115,0.8834981216393946
unanimous,tahan,1,4,0.0028268551236749115,0.8834981216393946
unanimous,menyebut,0,216,0.009320388349514564,0.8830549124532744
unanimous,apakah,1,29,0.02049469964664311,0.8812091684789481
unanimous,bersih,0,98,0.004228694714131607,0.8809765975732265
unanimous,luka,0,137,0.005911542610571737,0.8790554031080614
unanimous,ber,1,5,0.0035335689045936395,0.8779608046489552
unanimous,hutan,1,5,0.0035335689045936395,0.8779608046489552
unanimous,rela,1,5,0.0035335689045936395,0.8779608046489552
unanimous,sekutu,1,5,0.0035335689045936395,0.8779608046489552
unanimous,merupakan,0,447,0.019288025889967638,0.8773912263019384
unanimous,1,0,1744,0.07525350593311758,0.8743548553849428
unanimous,sekalian,1,6,0.004240282685512367,0.8742732811410504
unanimous,hubungan,0,175,0.007551240560949299,0.8726986600177605
unanimous,melainkan,1,7,0.0049469964664310955,0.8716885660814008
unanimous,45,0,97,0.00418554476806904,0.8707290960877726
unanimous,download,0,97,0.00418554476806904,0.8707290960877726
unanimous,panjang,0,97,0.00418554476806904,0.8707290960877726
unanimous,aamiin,1,8,0.005653710247349823,0.8698142346964083
unanimous,bella,0,58,0.0025026968716289105,0.8697478514194745
unanimous,dikirim,0,58,0.0025026968716289105,0.8697478514194745
unanimous,gampong,0,58,0.0025026968716289105,0.8697478514194745
unanimous,kualitas,0,58,0.0025026968716289105,0.8697478514194745
unanimous,musik,0,58,0.0025026968716289105,0.8697478514194745
unanimous,perairan,0,58,0.0025026968716289105,0.8697478514194745
unanimous,periode,0,58,0.0025026968716289105,0.8697478514194745
unanimous,gak,1,84,0.059363957597173146,0.867839823340073
unanimous,gedung,0,174,0.007508090614886731,0.8669408823837225
unanimous,sumpah,1,11,0.0077738515901060075,0.8665897370434096
unanimous,mengapa,1,12,0.008480565371024734,0.8659930822867234
unanimous,20,0,441,0.019029126213592235,0.8636287577243791
unanimous,laut,0,250,0.010787486515641856,0.8626419470398519
unanimous,relawan,0,96,0.004142394822006472,0.8603763969952202
unanimous,gitu,1,22,0.015547703180212015,0.8585695234457046
unanimous,bersama,0,513,0.022135922330097087,0.856105126257974
unanimous,ekspor,0,57,0.002459546925566343,0.8524627886479084
unanimous,mengucapkan,0,57,0.002459546925566343,0.8524627886479084
unanimous,musim,0,57,0.002459546925566343,0.8524627886479084
unanimous,pidie,0,57,0.002459546925566343,0.8524627886479084
unanimous,puan,0,57,0.002459546925566343,0.8524627886479084
unanimous,janji,1,7,0.0049469964664310955,0.8524139590402041
unanimous,faktanya,1,6,0.004240282685512367,0.8520069123300485
unanimous,dengar,1,4,0.0028268551236749115,0.8511940535451672
unanimous,enggak,1,4,0.0028268551236749115,0.8511940535451672
unanimous,org2,1,4,0.0028268551236749115,0.8511940535451672
unanimous,sibuk,1,4,0.0028268551236749115,0.8511940535451672
unanimous,atasan,1,3,0.0021201413427561835,0.850788240155792
unanimous,berdua,1,3,0.0021201413427561835,0.850788240155792
unanimous,berkah,1,3,0.0021201413427561835,0.850788240155792
unanimous,dituduh,1,3,0.0021201413427561835,0.850788240155792
unanimous,harta,1,3,0.0021201413427561835,0.850788240155792
unanimous,injil,1,3,0.0021201413427561835,0.850788240155792
unanimous,kesejahteraan,1,3,0.0021201413427561835,0.850788240155792
unanimous,reporter,1,3,0.0021201413427561835,0.850788240155792
unanimous,sapi,1,3,0.0021201413427561835,0.850788240155792
unanimous,ك,1,3,0.0021201413427561835,0.850788240155792
unanimous,bukan,1,100,0.0706713780918728,0.8504786050814077
unanimous,abdul,0,95,0.004099244875943905,0.849916308580632
unanimous,memasuki,0,95,0.004099244875943905,0.849916308580632
unanimous,sistem,0,95,0.004099244875943905,0.849916308580632
unanimous,terima,0,209,0.00901833872707659,0.8498832661525585
unanimous,darat,0,171,0.007378640776699029,0.8494689895754552
unanimous,e,0,171,0.007378640776699029,0.8494689895754552
unanimous,turut,0,133,0.005738942826321467,0.849359356497713
unanimous,gila,0,3732,0.16103559870550163,0.8487113008545983
unanimous,jg,1,17,0.012014134275618375,0.8483337146327183
unanimous,tengah,0,434,0.01872707659115426,0.8473388276907946
unanimous,melihat,1,34,0.02402826855123675,0.8469604135484663
unanimous,ketemu,1,11,0.0077738515901060075,0.8416571415007076
unanimous,14,0,357,0.01540453074433657,0.8413763020160406
unanimous,saat,0,1195,0.05156418554476807,0.8395405211381023
unanimous,35,0,94,0.004056094929881337,0.8393465699145077
unanimous,lolos,0,94,0.004056094929881337,0.8393465699145077
unanimous,bingung,1,9,0.0063604240282685515,0.8382603669932964
unanimous,panas,0,169,0.007292340884573895,0.8376517140571512
unanimous,abu,1,20,0.014134275618374558,0.8369226864779271
unanimous,bismillah,1,8,0.005653710247349823,0.8361111056095663
unanimous,membawa,0,206,0.008888888888888889,0.835329322681341
unanimous,semangat,0,206,0.008888888888888889,0.835329322681341
unanimous,47,0,56,0.0024163969795037757,0.8348752245309685
unanimous,happy,0,56,0.0024163969795037757,0.8348752245309685
unanimous,terlebih,0,56,0.0024163969795037757,0.8348752245309685
unanimous,brigade,1,7,0.0049469964664310955,0.8335022277522917
unanimous,waspada,1,7,0.0049469964664310955,0.8335022277522917
unanimous,berkata,1,12,0.008480565371024734,0.8317689333136271
unanimous,bertanggung,0,93,0.00401294498381877,0.8286648479073484
unanimous,natal,0,93,0.00401294498381877,0.8286648479073484
unanimous,tepat,0,93,0.00401294498381877,0.8286648479073484
unanimous,sd,0,130,0.005609492988133765,0.8265009196883292
unanimous,mereka,1,209,0.14770318021201415,0.8259161971902401
unanimous,jabatan,1,5,0.0035335689045936395,0.8259146259558998
unanimous,membalas,1,5,0.0035335689045936395,0.8259146259558998
unanimous,tersebar,1,5,0.0035335689045936395,0.8259146259558998
unanimous,wilayah,0,570,0.02459546925566343,0.8243092215927873
unanimous,mencapai,0,203,0.008759439050701187,0.8205643157112354
unanimous,dukungan,0,313,0.013505933117583604,0.820050263891429
unanimous,habib,1,4,0.0028268551236749115,0.8198983022982285
unanimous,kasian,1,4,0.0028268551236749115,0.8198983022982285
unanimous,ngeliat,1,4,0.0028268551236749115,0.8198983022982285
unanimous,dikasih,1,8,0.005653710247349823,0.8196740338827689
unanimous,beserta,0,55,0.0023732470334412083,0.8169743545357996
unanimous,cpns,0,55,0.0023732470334412083,0.8169743545357996
unanimous,dibawah,0,55,0.0023732470334412083,0.8169743545357996
unanimous,dijual,0,55,0.0023732470334412083,0.8169743545357996
unanimous,fix,0,55,0.0023732470334412083,0.8169743545357996
unanimous,na,0,55,0.0023732470334412083,0.8169743545357996
unanimous,ngasih,0,55,0.0023732470334412083,0.8169743545357996
unanimous,peringkat,0,55,0.0023732470334412083,0.8169743545357996
unanimous,pp,0,55,0.0023732470334412083,0.8169743545357996
unanimous,tampung,0,55,0.0023732470334412083,0.8169743545357996
unanimous,ulang,0,55,0.0023732470334412083,0.8169743545357996
unanimous,unpar,0,55,0.0023732470334412083,0.8169743545357996
unanimous,kini,0,311,0.013419633225458468,0.8135627663750766
unanimous,malam,0,383,0.01652642934196332,0.8119259405313619
unanimous,pembangunan,0,128,0.00552319309600863,0.8109698161877532
unanimous,terbuka,0,128,0.00552319309600863,0.8109698161877532
unanimous,asalnya,1,3,0.0021201413427561835,0.8107397108636704
unanimous,berdarah,1,3,0.0021201413427561835,0.8107397108636704
unanimous,chindo,1,3,0.0021201413427561835,0.8107397108636704
unanimous,dibantai,1,3,0.0021201413427561835,0.8107397108636704
unanimous,first,1,3,0.0021201413427561835,0.8107397108636704
unanimous,freepalestinenow,1,3,0.0021201413427561835,0.8107397108636704
unanimous,indomy,1,3,0.0021201413427561835,0.8107397108636704
unanimous,mendirikan,1,3,0.0021201413427561835,0.8107397108636704
unanimous,menghasilkan,1,3,0.0021201413427561835,0.8107397108636704
unanimous,nge,1,3,0.0021201413427561835,0.8107397108636704
unanimous,pangeran,1,3,0.0021201413427561835,0.8107397108636704
unanimous,reruntuhan,1,3,0.0021201413427561835,0.8107397108636704
unanimous,sedunia,1,3,0.0021201413427561835,0.8107397108636704
unanimous,sulfat,1,3,0.0021201413427561835,0.8107397108636704
unanimous,tangkap,1,3,0.0021201413427561835,0.8107397108636704
unanimous,teman,0,201,0.008673139158576051,0.810600635388925
unanimous,jalur,0,633,0.02731391585760518,0.809056936099678
unanimous,membela,1,14,0.009893992932862191,0.8069719714365214
unanimous,300,0,91,0.003926645091693636,0.8069557419204243
unanimous,berakhir,0,91,0.003926645091693636,0.8069557419204243
unanimous,ham,1,11,0.0077738515901060075,0.8053787178878294
unanimous,maaf,1,11,0.0077738515901060075,0.8053787178878294
unanimous,lebanon,0,127,0.005480043149946063,0.803113888738353
unanimous,abad,1,5,0.0035335689045936395,0.8008701010672116
unanimous,emosi,1,5,0.0035335689045936395,0.8008701010672116
unanimous,koalisi,1,5,0.0035335689045936395,0.8008701010672116
unanimous,membenarkan,1,5,0.0035335689045936395,0.8008701010672116
unanimous,merayakan,1,5,0.0035335689045936395,0.8008701010672116
unanimous,minum,1,5,0.0035335689045936395,0.8008701010672116
unanimous,tp,1,33,0.023321554770318022,0.8004865159795785
unanimous,ade,0,54,0.002330097087378641,0.7987487847281528
unanimous,dipimpin,0,54,0.002330097087378641,0.7987487847281528
unanimous,gadot,0,54,0.002330097087378641,0.7987487847281528
unanimous,kampung,0,54,0.002330097087378641,0.7987487847281528
unanimous,kk,0,54,0.002330097087378641,0.7987487847281528
unanimous,martin,0,54,0.002330097087378641,0.7987487847281528
unanimous,menghindari,0,54,0.002330097087378641,0.7987487847281528
unanimous,menunggu,0,54,0.002330097087378641,0.7987487847281528
unanimous,otoritas,0,54,0.002330097087378641,0.7987487847281528
unanimous,ton,0,54,0.002330097087378641,0.7987487847281528
unanimous,yordania,0,54,0.002330097087378641,0.7987487847281528
unanimous,mengatakan,0,697,0.030075512405609493,0.7984978577083484
unanimous,ulama,1,18,0.012720848056537103,0.7966286184721915
unanimous,menemukan,0,90,0.003883495145631068,0.7959233021728492
unanimous,in,0,376,0.01622437971952535,0.7931972955455485
unanimous,dapat,0,588,0.025372168284789644,0.7929349198488207
unanimous,dakwah,1,4,0.0028268551236749115,0.7895497431930756
unanimous,bantu,0,161,0.0069471413160733545,0.7889562625266111
unanimous,serangan,0,1173,0.050614886731391584,0.7889379476085806
unanimous,belanda,1,6,0.004240282685512367,0.7880257330494603
unanimous,utama,0,196,0.008457389428263214,0.7852560763973836
unanimous,shopee,0,89,0.0038403451995685004,0.7847687604521812
unanimous,akibat,0,408,0.017605177993527506,0.7844921660331777
unanimous,si,1,40,0.028268551236749116,0.7837700032604346
unanimous,maju,1,13,0.009187279151943463,0.7831026402296059
unanimous,mendapat,0,160,0.006903991370010788,0.7827016125100008
unanimous,kalo,1,68,0.0480565371024735,0.782469166523332
unanimous,bunga,0,53,0.0022869471413160735,0.7801864881070032
unanimous,dilihat,0,53,0.0022869471413160735,0.7801864881070032
unanimous,koordinasi,0,53,0.0022869471413160735,0.7801864881070032
unanimous,mobile,0,53,0.0022869471413160735,0.7801864881070032
unanimous,studi,0,53,0.0022869471413160735,0.7801864881070032
unanimous,undang,0,53,0.0022869471413160735,0.7801864881070032
unanimous,dr,1,31,0.021908127208480566,0.7788245934859166
unanimous,betapa,1,5,0.0035335689045936395,0.7764354233915004
unanimous,dibom,1,5,0.0035335689045936395,0.7764354233915004
unanimous,larangan,1,5,0.0035335689045936395,0.7764354233915004
unanimous,ا,1,5,0.0035335689045936395,0.7764354233915004
unanimous,pm,0,159,0.00686084142394822,0.7764081441286741
unanimous,badan,0,229,0.00988133764832794,0.7741704647412456
unanimous,06,0,88,0.003797195253505933,0.7734893727658784
unanimous,twitter,1,13,0.009187279151943463,0.7732553013100607
unanimous,hari,0,1816,0.07836030204962244,0.7728098397362414
unanimous,berbuat,1,3,0.0021201413427561835,0.7722302334915913
unanimous,kaga,1,3,0.0021201413427561835,0.7722302334915913
unanimous,kelaparan,1,3,0.0021201413427561835,0.7722302334915913
unanimous,lampu,1,3,0.0021201413427561835,0.7722302334915913
unanimous,lesbian,1,3,0.0021201413427561835,0.7722302334915913
unanimous,wkwkw,1,3,0.0021201413427561835,0.7722302334915913
unanimous,wna,1,3,0.0021201413427561835,0.7722302334915913
unanimous,min,0,123,0.0053074433656957925,0.7710651481799636
unanimous,sayang,0,123,0.0053074433656957925,0.7710651481799636
unanimous,kayak,1,20,0.014134275618374558,0.7704577849844969
unanimous,kalau,1,71,0.05017667844522968,0.767144577381684
unanimous,gay,1,26,0.018374558303886925,0.7668326063020083
unanimous,mayoritas,1,13,0.009187279151943463,0.7635031464818405
unanimous,sadar,1,10,0.007067137809187279,0.7623627547304567
unanimous,international,0,87,0.0037540453074433656,0.762082301572244
unanimous,m,0,399,0.017216828478964403,0.7618187947316002
unanimous,anggaran,0,52,0.002243797195253506,0.7612747568190906
unanimous,de,0,52,0.002243797195253506,0.7612747568190906
unanimous,filipina,0,52,0.002243797195253506,0.7612747568190906
unanimous,social,0,52,0.002243797195253506,0.7612747568190906
unanimous,subianto,0,52,0.002243797195253506,0.7612747568190906
unanimous,sumut,0,52,0.002243797195253506,0.7612747568190906
unanimous,aja,1,109,0.07703180212014134,0.7607633935097154
unanimous,aing,1,4,0.0028268551236749115,0.7600926465098072
unanimous,bung,1,4,0.0028268551236749115,0.7600926465098072
unanimous,cindo,1,4,0.0028268551236749115,0.7600926465098072
unanimous,mencintai,1,4,0.0028268551236749115,0.7600926465098072
unanimous,pemukiman,1,4,0.0028268551236749115,0.7600926465098072
unanimous,simak,0,191,0.008241639697950378,0.7592638921379858
unanimous,to,0,260,0.01121898597626753,0.7584116114936968
unanimous,update,0,260,0.01121898597626753,0.7584116114936968
unanimous,h,0,156,0.006731391585760518,0.7572898991007588
unanimous,usia,0,156,0.006731391585760518,0.7572898991007588
unanimous,ngomong,1,8,0.005653710247349823,0.7564879995311585
unanimous,baru,0,1004,0.04332254584681769,0.7558298266448106
unanimous,saksi,0,121,0.005221143473570658,0.7546515001697702
unanimous,kecuali,1,9,0.0063604240282685515,0.7528428802199881
unanimous,mahkamah,1,9,0.0063604240282685515,0.7528428802199881
unanimous,ambulans,1,5,0.0035335689045936395,0.7525815482777872
unanimous,hadapi,1,5,0.0035335689045936395,0.7525815482777872
unanimous,menolong,1,5,0.0035335689045936395,0.7525815482777872
unanimous,tpi,1,5,0.0035335689045936395,0.7525815482777872
unanimous,ustadz,1,5,0.0035335689045936395,0.7525815482777872
unanimous,cnn,0,86,0.003710895361380798,0.7505446114790847
unanimous,target,0,86,0.003710895361380798,0.7505446114790847
unanimous,menurut,0,462,0.01993527508090615,0.7492537685511498
unanimous,kena,1,17,0.012014134275618375,0.7476861668478997
unanimous,ar,1,6,0.004240282685512367,0.7475297138346136
unanimous,ganjar,0,895,0.038619201725997844,0.7454696022500327
unanimous,houthi,1,7,0.0049469964664310955,0.7439408644398203
unanimous,pikir,1,7,0.0049469964664310955,0.7439408644398203
unanimous,99,0,51,0.0022006472491909383,0.742000149777894
unanimous,good,0,51,0.0022006472491909383,0.742000149777894
unanimous,hadid,0,51,0.0022006472491909383,0.742000149777894
unanimous,kalimantan,0,51,0.0022006472491909383,0.742000149777894
unanimous,persiapan,0,51,0.0022006472491909383,0.742000149777894
unanimous,pikiran,0,51,0.0022006472491909383,0.742000149777894
unanimous,unggul,0,51,0.0022006472491909383,0.742000149777894
unanimous,melanggar,1,8,0.005653710247349823,0.7412929231994287
unanimous,antara,0,558,0.024077669902912623,0.739285324658332
unanimous,dibawa,0,85,0.003667745415318231,0.7388732646922741
unanimous,jenderal,0,85,0.003667745415318231,0.7388732646922741
unanimous,500,0,187,0.008069039913700109,0.7379809137444867
unanimous,cm,0,119,0.005134843581445523,0.7379668615636968
unanimous,dokter,0,119,0.005134843581445523,0.7379668615636968
unanimous,ahmadiyah,1,12,0.008480565371024734,0.7355610961925817
unanimous,abi,1,3,0.0021201413427561835,0.735145763400937
unanimous,gada,1,3,0.0021201413427561835,0.735145763400937
unanimous,hadapan,1,3,0.0021201413427561835,0.735145763400937
unanimous,im,1,3,0.0021201413427561835,0.735145763400937
unanimous,maroko,1,3,0.0021201413427561835,0.735145763400937
unanimous,mengurangi,1,3,0.0021201413427561835,0.735145763400937
unanimous,oke,1,3,0.0021201413427561835,0.735145763400937
unanimous,strategi,1,3,0.0021201413427561835,0.735145763400937
unanimous,temannya,1,3,0.0021201413427561835,0.735145763400937
unanimous,pasti,1,29,0.02049469964664311,0.7330995869178827
unanimous,kok,1,28,0.019787985865724382,0.7329517254899138
unanimous,mari,0,186,0.00802588996763754,0.7325898083531147
unanimous,memerintahkan,1,4,0.0028268551236749115,0.7314760607214638
unanimous,muhamad,1,4,0.0028268551236749115,0.7314760607214638
unanimous,bahan,0,152,0.006558791801510248,0.7312247345431638
unanimous,pengakuan,1,5,0.0035335689045936395,0.7292814578249212
unanimous,berikut,0,185,0.007982740021574973,0.7271699541440435
unanimous,konflik,0,452,0.019503775620280474,0.7269548048259605
unanimous,ل,1,7,0.0049469964664310955,0.7269480479177953
unanimous,bom,1,26,0.018374558303886925,0.723164773285392
unanimous,au,0,50,0.002157497303128371,0.7223484351462679
unanimous,bertahan,0,50,0.002157497303128371,0.7223484351462679
unanimous,bupati,0,50,0.002157497303128371,0.7223484351462679
unanimous,elon,0,50,0.002157497303128371,0.7223484351462679
unanimous,hong,0,50,0.002157497303128371,0.7223484351462679
unanimous,insiden,0,50,0.002157497303128371,0.7223484351462679
unanimous,melibatkan,0,50,0.002157497303128371,0.7223484351462679
unanimous,ngelunjak,0,50,0.002157497303128371,0.7223484351462679
unanimous,potensi,0,50,0.002157497303128371,0.7223484351462679
unanimous,terancam,0,50,0.002157497303128371,0.7223484351462679
unanimous,tuduhan,0,50,0.002157497303128371,0.7223484351462679
unanimous,wd,0,50,0.002157497303128371,0.7223484351462679
unanimous,member,0,117,0.005048543689320388,0.721002084103733
unanimous,nilai,0,117,0.005048543689320388,0.721002084103733
unanimous,pengungsi,0,1032,0.04453074433656958,0.7175458429319099
unanimous,hancur,1,12,0.008480565371024734,0.7153732486158555
unanimous,ribu,0,216,0.009320388349514564,0.7152916079022245
unanimous,aplikasi,0,83,0.003581445523193096,0.7151169086495346
unanimous,ready,0,83,0.003581445523193096,0.7151169086495346
unanimous,bisnis,0,116,0.005005393743257821,0.7124116565102194
unanimous,kejadian,0,149,0.006429341963322546,0.7112262381666451
unanimous,surat,0,182,0.007853290183387271,0.7107347649519002
unanimous,sering,1,16,0.011307420494699646,0.7104842099785418
unanimous,tanya,1,7,0.0049469964664310955,0.7102377353529783
unanimous,tuhan,1,27,0.019081272084805655,0.709977425889903
unanimous,aneh,1,6,0.004240282685512367,0.7086033921617909
unanimous,juta,0,312,0.013462783171521036,0.7048752670088099
unanimous,nya,1,85,0.06007067137809187,0.7046263796998942
unanimous,kelahiran,1,4,0.0028268551236749115,0.7036532814026268
unanimous,perintah,1,4,0.0028268551236749115,0.7036532814026268
unanimous,sembarangan,1,4,0.0028268551236749115,0.7036532814026268
unanimous,halaman,0,82,0.0035382955771305286,0.7030252669678919
unanimous,75,0,49,0.0021143473570658035,0.7023045270662456
unanimous,diminta,0,49,0.0021143473570658035,0.7023045270662456
unanimous,fahmi,0,49,0.0021143473570658035,0.7023045270662456
unanimous,ios,0,49,0.0021143473570658035,0.7023045270662456
unanimous,kayu,0,49,0.0021143473570658035,0.7023045270662456
unanimous,platform,0,49,0.0021143473570658035,0.7023045270662456
unanimous,tunggu,0,49,0.0021143473570658035,0.7023045270662456
unanimous,proyek,1,9,0.0063604240282685515,0.6996771936538595
unanimous,blok,1,3,0.0021201413427561835,0.6993844805223692
unanimous,gaya,1,3,0.0021201413427561835,0.6993844805223692
unanimous,giliran,1,3,0.0021201413427561835,0.6993844805223692
unanimous,kritis,1,3,0.0021201413427561835,0.6993844805223692
unanimous,pahala,1,3,0.0021201413427561835,0.6993844805223692
unanimous,pakaian,1,3,0.0021201413427561835,0.6993844805223692
unanimous,bekerja,0,147,0.006343042071197411,0.697671168439576
unanimous,inggris,0,147,0.006343042071197411,0.697671168439576
unanimous,gini,1,21,0.014840989399293287,0.6976686072372756
unanimous,nonton,0,212,0.009147788565264294,0.6964688441768019
unanimous,anti,1,16,0.011307420494699646,0.695527247594516
unanimous,telah,0,1197,0.051650485436893205,0.694581645001715
unanimous,menyatakan,0,244,0.010528586839266451,0.6943260854917497
unanimous,eh,1,11,0.0077738515901060075,0.6930972641698883
unanimous,akhirat,1,2,0.0014134275618374558,0.6920292808861533
unanimous,dahsyat,1,2,0.0014134275618374558,0.6920292808861533
unanimous,dateng,1,2,0.0014134275618374558,0.6920292808861533
unanimous,dipaksa,1,2,0.0014134275618374558,0.6920292808861533
unanimous,freepalestina,1,2,0.0014134275618374558,0.6920292808861533
unanimous,kurangnya,1,2,0.0014134275618374558,0.6920292808861533
unanimous,marga,1,2,0.0014134275618374558,0.6920292808861533
unanimous,pandang,1,2,0.0014134275618374558,0.6920292808861533
unanimous,riset,1,2,0.0014134275618374558,0.6920292808861533
unanimous,sam,1,2,0.0014134275618374558,0.6920292808861533
unanimous,savegaza,1,2,0.0014134275618374558,0.6920292808861533
unanimous,simatupang,1,2,0.0014134275618374558,0.6920292808861533
unanimous,syam,1,2,0.0014134275618374558,0.6920292808861533
unanimous,telat,1,2,0.0014134275618374558,0.6920292808861533
unanimous,freepalestine,1,39,0.02756183745583039,0.6910614905461057
unanimous,capek,0,81,0.003495145631067961,0.6907866925836884
unanimous,gelar,0,81,0.003495145631067961,0.6907866925836884
unanimous,triliun,0,81,0.003495145631067961,0.6907866925836884
unanimous,with,0,81,0.003495145631067961,0.6907866925836884
unanimous,bagian,0,275,0.011866235167206042,0.6891778017454371
unanimous,kaya,1,22,0.015547703180212015,0.6883030921388826
unanimous,bakar,1,12,0.008480565371024734,0.6858293469406265
unanimous,beda,1,12,0.008480565371024734,0.6858293469406265
unanimous,gara2,1,5,0.0035335689045936395,0.6842436077789986
unanimous,kemana,1,5,0.0035335689045936395,0.6842436077789986
unanimous,grup,0,145,0.006256742179072276,0.6839322341377783
unanimous,namun,0,528,0.022783171521035598,0.6827479838158228
unanimous,agustus,0,48,0.002071197411003236,0.6818524159314212
unanimous,mantap,0,48,0.002071197411003236,0.6818524159314212
unanimous,pol,0,48,0.002071197411003236,0.6818524159314212
unanimous,series,0,48,0.002071197411003236,0.6818524159314212
unanimous,stasiun,0,48,0.002071197411003236,0.6818524159314212
unanimous,thoifur,0,48,0.002071197411003236,0.6818524159314212
unanimous,sementara,0,464,0.020021574973031284,0.6814845963156708
unanimous,pertama,0,432,0.018640776699029128,0.6808696090551222
unanimous,go,0,80,0.003451995685005394,0.6783975573459244
unanimous,membantu,0,240,0.010355987055016181,0.6776564487851136
unanimous,disana,1,7,0.0049469964664310955,0.6776280178734994
unanimous,lari,1,7,0.0049469964664310955,0.6776280178734994
unanimous,menimbulkan,1,7,0.0049469964664310955,0.6776280178734994
unanimous,stop,1,7,0.0049469964664310955,0.6776280178734994
unanimous,kalian,1,47,0.033215547703180213,0.6774484171633975
unanimous,fasilitas,0,112,0.0048327939590075515,0.677300155893252
unanimous,mantan,0,112,0.0048327939590075515,0.677300155893252
unanimous,polisi,0,208,0.008975188781014025,0.6772917227458105
unanimous,dilaporkan,0,144,0.006213592233009709,0.6769922353400979
unanimous,masuknya,1,4,0.0028268551236749115,0.676581391935311
unanimous,tetangga,1,4,0.0028268551236749115,0.676581391935311
unanimous,kedua,0,303,0.013074433656957929,0.6752588452692792
unanimous,yesus,1,14,0.009893992932862191,0.6745522731771435
unanimous,siap,0,271,0.011693635382955772,0.6743776591038986
unanimous,pula,1,9,0.0063604240282685515,0.674111518895087
unanimous,total,0,239,0.010312837108953614,0.6734461765088167
unanimous,tahun,0,1112,0.047982740021574974,0.6733534105017269
unanimous,biasa,0,207,0.008932038834951457,0.6724404823410581
unanimous,timur,0,365,0.01574973031283711,0.6713796551163037
unanimous,pbb,0,333,0.014368932038834952,0.6700378836660116
unanimous,sebuah,0,427,0.01842502696871629,0.669021752189866
unanimous,suci,1,8,0.005653710247349823,0.6685810365150853
unanimous,tapi,1,110,0.07773851590106007,0.6685121174271098
unanimous,kek,1,26,0.018374558303886925,0.667708349457287
unanimous,lah,1,29,0.02049469964664311,0.6663985849026653
unanimous,batu,0,79,0.0034088457389428264,0.6658540970409865
unanimous,direktur,0,79,0.0034088457389428264,0.6658540970409865
unanimous,cinta,0,174,0.007508090614886731,0.6655614696700782
unanimous,bakalan,1,3,0.0021201413427561835,0.664855102308367
unanimous,gt,1,3,0.0021201413427561835,0.664855102308367
unanimous,hormat,1,3,0.0021201413427561835,0.664855102308367
unanimous,menghapus,1,3,0.0021201413427561835,0.664855102308367
unanimous,okt,1,3,0.0021201413427561835,0.664855102308367
unanimous,pasalnya,1,3,0.0021201413427561835,0.664855102308367
unanimous,pura,1,3,0.0021201413427561835,0.664855102308367
unanimous,wajar,1,3,0.0021201413427561835,0.664855102308367
unanimous,saudara,1,19,0.01342756183745583,0.6634247978434241
unanimous,baswedan,0,142,0.0061272923408845735,0.662967893674488
unanimous,putih,0,142,0.0061272923408845735,0.662967893674488
unanimous,hingga,0,641,0.027659115426105718,0.6615896037171174
unanimous,bergerak,0,47,0.0020280474649406687,0.6609750913945358
unanimous,best,0,47,0.0020280474649406687,0.6609750913945358
unanimous,diamankan,0,47,0.0020280474649406687,0.6609750913945358
unanimous,ibrahim,0,47,0.0020280474649406687,0.6609750913945358
unanimous,infografis,0,47,0.0020280474649406687,0.6609750913945358
unanimous,kian,0,47,0.0020280474649406687,0.6609750913945358
unanimous,only,0,47,0.0020280474649406687,0.6609750913945358
unanimous,persyaratan,0,47,0.0020280474649406687,0.6609750913945358
unanimous,scarlett,0,47,0.0020280474649406687,0.6609750913945358
unanimous,ukuran,0,47,0.0020280474649406687,0.6609750913945358
unanimous,memang,1,30,0.02120141342756184,0.6608762745907983
unanimous,dirinya,0,110,0.004746494066882417,0.6592757418591783
unanimous,melaporkan,0,110,0.004746494066882417,0.6592757418591783
unanimous,akhir,0,204,0.008802588996763753,0.6577465130158406
unanimous,ama,1,8,0.005653710247349823,0.6546486418059351
unanimous,beredar,0,78,0.003365695792880259,0.6531524045029524
unanimous,dapatkan,0,78,0.003365695792880259,0.6531524045029524
unanimous,daya,0,78,0.003365695792880259,0.6531524045029524
unanimous,syarat,0,78,0.003365695792880259,0.6531524045029524
unanimous,membabi,1,6,0.004240282685512367,0.652903794445082
unanimous,asam,1,4,0.0028268551236749115,0.6502208646707444
unanimous,ataupun,1,4,0.0028268551236749115,0.6502208646707444
unanimous,bekas,1,4,0.0028268551236749115,0.6502208646707444
unanimous,cewek,1,4,0.0028268551236749115,0.6502208646707444
unanimous,state,1,4,0.0028268551236749115,0.6502208646707444
unanimous,saja,1,47,0.033215547703180213,0.6499366317615578
unanimous,tanah,1,38,0.02685512367491166,0.6493679497837662
unanimous,jelas,1,30,0.02120141342756184,0.6492948434768763
unanimous,supaya,1,9,0.0063604240282685515,0.6491789233523851
unanimous,kata,0,845,0.03646170442286947,0.6480127344277421
unanimous,for,0,264,0.011391585760517799,0.6479512009193719
unanimous,tentara,1,46,0.03250883392226148,0.6478646204325109
unanimous,menerima,0,202,0.00871628910463862,0.647831363463569
unanimous,sedangkan,1,12,0.008480565371024734,0.6477367304866887
unanimous,indonesia,0,2952,0.12737864077669903,0.6476213475130371
unanimous,cak,1,7,0.0049469964664310955,0.6460428175528521
unanimous,mana,1,46,0.03250883392226148,0.6453515678690174
unanimous,liat,1,27,0.019081272084805655,0.6443657923942016
unanimous,amir,1,2,0.0014134275618374558,0.6443580446803081
unanimous,bangkrut,1,2,0.0014134275618374558,0.6443580446803081
unanimous,bo,1,2,0.0014134275618374558,0.6443580446803081
unanimous,eks,1,2,0.0014134275618374558,0.6443580446803081
unanimous,hamba,1,2,0.0014134275618374558,0.6443580446803081
unanimous,israelterrorism,1,2,0.0014134275618374558,0.6443580446803081
unanimous,jalanan,1,2,0.0014134275618374558,0.6443580446803081
unanimous,keberhasilan,1,2,0.0014134275618374558,0.6443580446803081
unanimous,kering,1,2,0.0014134275618374558,0.6443580446803081
unanimous,kursi,1,2,0.0014134275618374558,0.6443580446803081
unanimous,matahari,1,2,0.0014134275618374558,0.6443580446803081
unanimous,menetap,1,2,0.0014134275618374558,0.6443580446803081
unanimous,pasir,1,2,0.0014134275618374558,0.6443580446803081
unanimous,prayforpalestine,1,2,0.0014134275618374558,0.6443580446803081
unanimous,profesional,1,2,0.0014134275618374558,0.6443580446803081
unanimous,roti,1,2,0.0014134275618374558,0.6443580446803081
unanimous,capres,1,24,0.01696113074204947,0.6432548260605097
unanimous,senang,1,5,0.0035335689045936395,0.6411397530352958
unanimous,bertemu,0,108,0.004660194174757282,0.6409236880530313
unanimous,laki,0,108,0.004660194174757282,0.6409236880530313
unanimous,lima,0,108,0.004660194174757282,0.6409236880530313
unanimous,kebijakan,0,77,0.0033225458468176916,0.6402884222822139
unanimous,700,0,46,0.0019848975188781013,0.6396544571826198
unanimous,batam,0,46,0.0019848975188781013,0.6396544571826198
unanimous,beras,0,46,0.0019848975188781013,0.6396544571826198
unanimous,catatan,0,46,0.0019848975188781013,0.6396544571826198
unanimous,garis,0,46,0.0019848975188781013,0.6396544571826198
unanimous,serambinews,0,46,0.0019848975188781013,0.6396544571826198
unanimous,sejak,0,505,0.021790722761596548,0.6372381676710835
unanimous,mu,1,9,0.0063604240282685515,0.6369403489681815
unanimous,iya,1,10,0.007067137809187279,0.6338045701559567
unanimous,wa,0,472,0.020366774541531824,0.6315079411025282
unanimous,anj,1,3,0.0021201413427561835,0.6314754780314363
unanimous,bertanya,1,3,0.0021201413427561835,0.6314754780314363
unanimous,diantara,1,3,0.0021201413427561835,0.6314754780314363
unanimous,gilanya,1,3,0.0021201413427561835,0.6314754780314363
unanimous,insyaallah,1,3,0.0021201413427561835,0.6314754780314363
unanimous,jualan,1,3,0.0021201413427561835,0.6314754780314363
unanimous,kecelakaan,1,3,0.0021201413427561835,0.6314754780314363
unanimous,membiarkan,1,3,0.0021201413427561835,0.6314754780314363
unanimous,nunggu,1,3,0.0021201413427561835,0.6314754780314363
unanimous,sengit,1,3,0.0021201413427561835,0.6314754780314363
unanimous,yaallah,1,3,0.0021201413427561835,0.6314754780314363
unanimous,mengikuti,1,11,0.0077738515901060075,0.6312793889344431
unanimous,100,0,229,0.00988133764832794,0.6303598978628323
unanimous,on,0,168,0.007249190938511327,0.6303116592830302
unanimous,cuma,1,34,0.02402826855123675,0.6290099654966022
unanimous,kan,1,35,0.024734982332155476,0.6287855977373068
unanimous,cantik,0,76,0.003279395900755124,0.6272579348379971
unanimous,mesin,0,76,0.003279395900755124,0.6272579348379971
unanimous,pers,0,76,0.003279395900755124,0.6272579348379971
unanimous,tanggung,0,76,0.003279395900755124,0.6272579348379971
unanimous,nah,1,9,0.0063604240282685515,0.624848707286539
unanimous,ikn,1,4,0.0028268551236749115,0.6245352132422555
unanimous,netral,1,4,0.0028268551236749115,0.6245352132422555
unanimous,rame,1,4,0.0028268551236749115,0.6245352132422555
unanimous,rumahnya,1,4,0.0028268551236749115,0.6245352132422555
unanimous,tb,1,4,0.0028268551236749115,0.6245352132422555
unanimous,operasi,0,167,0.00720604099244876,0.6243157976124736
unanimous,sekali,1,22,0.015547703180212015,0.6203544594080589
unanimous,amin,0,136,0.005868392664509169,0.6196900523568243
unanimous,kemerdekaan,0,136,0.005868392664509169,0.6196900523568243
unanimous,abang,0,45,0.001941747572815534,0.617871236650833
unanimous,antaranews,0,45,0.001941747572815534,0.617871236650833
unanimous,art,0,45,0.001941747572815534,0.617871236650833
unanimous,diambil,0,45,0.001941747572815534,0.617871236650833
unanimous,lepas,0,45,0.001941747572815534,0.617871236650833
unanimous,mengganggu,0,45,0.001941747572815534,0.617871236650833
unanimous,merilis,0,45,0.001941747572815534,0.617871236650833
unanimous,om,0,45,0.001941747572815534,0.617871236650833
unanimous,viralindonesia,0,45,0.001941747572815534,0.617871236650833
unanimous,terbunuh,1,6,0.004240282685512367,0.6174153603329734
unanimous,buatan,1,7,0.0049469964664310955,0.615419552942841
unanimous,imin,1,7,0.0049469964664310955,0.615419552942841
unanimous,mental,1,7,0.0049469964664310955,0.615419552942841
unanimous,perhatian,0,75,0.003236245954692557,0.6140565602171891
unanimous,detik,0,105,0.004530744336569579,0.6127544233397925
unanimous,sesuai,0,225,0.009708737864077669,0.6126027239731519
unanimous,karna,1,14,0.009893992932862191,0.610438590759661
unanimous,setelah,0,756,0.03262135922330097,0.6097563598770844
unanimous,suka,1,31,0.021908127208480566,0.6082457050346513
unanimous,b,0,194,0.00837108953613808,0.6071754732871588
unanimous,tuh,1,26,0.018374558303886925,0.6066045782781484
unanimous,emang,1,33,0.023321554770318022,0.6055497421868112
unanimous,dasar,1,12,0.008480565371024734,0.6020575871382945
unanimous,marah,1,8,0.005653710247349823,0.6007713139039181
unanimous,tingkat,0,74,0.0031930960086299894,0.6006797411783739
unanimous,usaha,0,74,0.0031930960086299894,0.6006797411783739
unanimous,komen,1,6,0.004240282685512367,0.6001302975614071
unanimous,menentang,1,6,0.004240282685512367,0.6001302975614071
unanimous,menguasai,1,6,0.004240282685512367,0.6001302975614071
unanimous,oknum,1,5,0.0035335689045936395,0.5998103173635861
unanimous,nanya,1,4,0.0028268551236749115,0.5994906883535672
unanimous,agen,1,3,0.0021201413427561835,0.5991714099372091
unanimous,bersuara,1,3,0.0021201413427561835,0.5991714099372091
unanimous,liga,1,3,0.0021201413427561835,0.5991714099372091
unanimous,menhan,1,3,0.0021201413427561835,0.5991714099372091
unanimous,penjelasan,1,3,0.0021201413427561835,0.5991714099372091
unanimous,sulaiman,1,3,0.0021201413427561835,0.5991714099372091
unanimous,terpilih,1,3,0.0021201413427561835,0.5991714099372091
unanimous,belapalestina,1,2,0.0014134275618374558,0.5988524815217438
unanimous,cover,1,2,0.0014134275618374558,0.5988524815217438
unanimous,hmm,1,2,0.0014134275618374558,0.5988524815217438
unanimous,kiko,1,2,0.0014134275618374558,0.5988524815217438
unanimous,manusiawi,1,2,0.0014134275618374558,0.5988524815217438
unanimous,minoritas,1,2,0.0014134275618374558,0.5988524815217438
unanimous,niki,1,2,0.0014134275618374558,0.5988524815217438
unanimous,umumkan,1,2,0.0014134275618374558,0.5988524815217438
unanimous,wan,1,2,0.0014134275618374558,0.5988524815217438
unanimous,bandung,0,192,0.008284789644012944,0.5967524412217524
unanimous,perusahaan,0,192,0.008284789644012944,0.5967524412217524
unanimous,lg,1,15,0.01060070671378092,0.5958397236850945
unanimous,aktivitas,0,44,0.0018985976267529665,0.595604867839831
unanimous,black,0,44,0.0018985976267529665,0.595604867839831
unanimous,cnbc,0,44,0.0018985976267529665,0.595604867839831
unanimous,disebabkan,0,44,0.0018985976267529665,0.595604867839831
unanimous,editor,0,44,0.0018985976267529665,0.595604867839831
unanimous,jk,0,44,0.0018985976267529665,0.595604867839831
unanimous,kamar,0,44,0.0018985976267529665,0.595604867839831
unanimous,kemaren,0,44,0.0018985976267529665,0.595604867839831
unanimous,man,0,44,0.0018985976267529665,0.595604867839831
unanimous,manis,0,44,0.0018985976267529665,0.595604867839831
unanimous,mengirim,0,44,0.0018985976267529665,0.595604867839831
unanimous,mengirimkan,0,44,0.0018985976267529665,0.595604867839831
unanimous,negatif,0,44,0.0018985976267529665,0.595604867839831
unanimous,peta,0,44,0.0018985976267529665,0.595604867839831
unanimous,pondok,0,44,0.0018985976267529665,0.595604867839831
unanimous,unik,0,44,0.0018985976267529665,0.595604867839831
unanimous,pranowo,0,280,0.012081984897518877,0.5954458906039967
unanimous,makin,1,26,0.018374558303886925,0.5939736167693982
unanimous,bangun,0,103,0.0044444444444444444,0.59352839609092
unanimous,bantuan,0,367,0.015836030204962243,0.5928305176617666
unanimous,tewas,0,367,0.015836030204962243,0.5928305176617666
unanimous,inilah,1,11,0.0077738515901060075,0.5920766859800151
unanimous,apa,1,93,0.0657243816254417,0.5882514995577955
unanimous,daripada,1,8,0.005653710247349823,0.5877408264597013
unanimous,palsu,1,8,0.005653710247349823,0.5877408264597013
unanimous,pdip,1,8,0.005653710247349823,0.5877408264597013
unanimous,gojo,0,73,0.003149946062567422,0.5871227357160855
unanimous,melarang,0,73,0.003149946062567422,0.5871227357160855
unanimous,ditolak,1,7,0.0049469964664310955,0.5857012070965907
unanimous,besok,0,102,0.004401294498381877,0.5837762412626998
unanimous,paksa,0,102,0.004401294498381877,0.5837762412626998
unanimous,kebenaran,1,6,0.004240282685512367,0.5831374810393821
unanimous,lucu,1,6,0.004240282685512367,0.5831374810393821
unanimous,ngapain,1,6,0.004240282685512367,0.5831374810393821
unanimous,sebelah,1,6,0.004240282685512367,0.5831374810393821
unanimous,pertahanan,0,160,0.006903991370010788,0.5813221997963567
unanimous,maka,1,32,0.022614840989399292,0.5812422839617873
unanimous,ahli,1,10,0.007067137809187279,0.5803839150811607
unanimous,genosida,1,18,0.012720848056537103,0.5800838270903976
unanimous,apalagi,1,14,0.009893992932862191,0.5798444168492008
unanimous,jd,1,14,0.009893992932862191,0.5798444168492008
unanimous,bentuk,0,188,0.008112189859762675,0.5755802716280648
unanimous,kirim,0,159,0.00686084142394822,0.5750287314150299
unanimous,tadi,0,159,0.00686084142394822,0.5750287314150299
unanimous,istri,1,8,0.005653710247349823,0.5748768442389628
unanimous,rempang,1,8,0.005653710247349823,0.5748768442389628
unanimous,pejabat,0,130,0.005609492988133765,0.5744782760803712
unanimous,sma,0,130,0.005609492988133765,0.5744782760803712
unanimous,menit,0,101,0.00435814455231931,0.5739289023431545
unanimous,70,0,72,0.0031067961165048546,0.5733806069359803
unanimous,aktif,0,72,0.0031067961165048546,0.5733806069359803
unanimous,belakang,0,72,0.0031067961165048546,0.5733806069359803
unanimous,bermain,0,72,0.0031067961165048546,0.5733806069359803
unanimous,melaksanakan,0,72,0.0031067961165048546,0.5733806069359803
unanimous,terutama,1,11,0.0077738515901060075,0.5730320814397418
unanimous,120,0,43,0.001855447680690399,0.5728333866049106
unanimous,februari,0,43,0.001855447680690399,0.5728333866049106
unanimous,gemoy,0,43,0.001855447680690399,0.5728333866049106
unanimous,hadi,0,43,0.001855447680690399,0.5728333866049106
unanimous,hukumnya,0,43,0.001855447680690399,0.5728333866049106
unanimous,jawaban,0,43,0.001855447680690399,0.5728333866049106
unanimous,menyetujui,0,43,0.001855447680690399,0.5728333866049106
unanimous,mohammad,0,43,0.001855447680690399,0.5728333866049106
unanimous,nego,0,43,0.001855447680690399,0.5728333866049106
unanimous,rahmat,0,43,0.001855447680690399,0.5728333866049106
unanimous,st,0,43,0.001855447680690399,0.5728333866049106
unanimous,as,0,474,0.02045307443365696,0.572585265517448
unanimous,terakhir,0,245,0.010571736785329019,0.5725779626429514
unanimous,n,1,17,0.012014134275618375,0.5722036457590844
unanimous,diserang,1,7,0.0049469964664310955,0.5711649228649478
unanimous,mohon,1,7,0.0049469964664310955,0.5711649228649478
unanimous,pake,1,19,0.01342756183745583,0.5704447623598269
unanimous,ba,1,3,0.0021201413427561835,0.5678756586902703
unanimous,istilah,1,3,0.0021201413427561835,0.5678756586902703
unanimous,jdi,1,3,0.0021201413427561835,0.5678756586902703
unanimous,kriminal,1,3,0.0021201413427561835,0.5678756586902703
unanimous,rakyatnya,1,3,0.0021201413427561835,0.5678756586902703
unanimous,gibran,1,43,0.0303886925795053,0.5664802976375876
unanimous,berubah,1,6,0.004240282685512367,0.5664271684745651
unanimous,mengklaim,1,6,0.004240282685512367,0.5664271684745651
unanimous,sipil,1,31,0.021908127208480566,0.5662646647762287
unanimous,salam,0,329,0.014196332254584682,0.5661127533939875
unanimous,hizbullah,0,100,0.004314994606256742,0.563984494415691
unanimous,website,0,100,0.004314994606256742,0.563984494415691
unanimous,pada,0,2136,0.092168284789644,0.561794279374469
unanimous,dpt,1,5,0.0035335689045936395,0.5601146946519376
unanimous,pasca,1,5,0.0035335689045936395,0.5601146946519376
unanimous,ia,0,440,0.018985976267529667,0.559972157611375
unanimous,agak,0,71,0.0030636461704422868,0.5594482122268299
unanimous,wni,0,71,0.0030636461704422868,0.5594482122268299
unanimous,ni,1,21,0.014840989399293287,0.5591184982550803
unanimous,agama,1,39,0.02756183745583039,0.5579911466193239
unanimous,memilih,1,14,0.009893992932862191,0.5574910773821316
unanimous,iman,1,7,0.0049469964664310955,0.556835686815422
unanimous,wkwkwk,1,7,0.0049469964664310955,0.556835686815422
unanimous,abbas,1,2,0.0014134275618374558,0.5553241786348209
unanimous,freepalastine,1,2,0.0014134275618374558,0.5553241786348209
unanimous,freepalestinefromzionist,1,2,0.0014134275618374558,0.5553241786348209
unanimous,ganjarmahfud,1,2,0.0014134275618374558,0.5553241786348209
unanimous,ialah,1,2,0.0014134275618374558,0.5553241786348209
unanimous,laporkan,1,2,0.0014134275618374558,0.5553241786348209
unanimous,maharani,1,2,0.0014134275618374558,0.5553241786348209
unanimous,melahirkan,1,2,0.0014134275618374558,0.5553241786348209
unanimous,memohon,1,2,0.0014134275618374558,0.5553241786348209
unanimous,sempurna,1,2,0.0014134275618374558,0.5553241786348209
unanimous,serba,1,2,0.0014134275618374558,0.5553241786348209
unanimous,tercinta,1,2,0.0014134275618374558,0.5553241786348209
unanimous,teror,1,2,0.0014134275618374558,0.5553241786348209
unanimous,wacana,1,2,0.0014134275618374558,0.5553241786348209
unanimous,datang,0,269,0.011607335490830636,0.5549602276111223
unanimous,setempat,0,184,0.007939590075512405,0.5539577357453167
unanimous,arah,0,99,0.004271844660194175,0.5539410760143647
unanimous,breaking,0,99,0.004271844660194175,0.5539410760143647
unanimous,punya,1,47,0.033215547703180213,0.5533748149975958
unanimous,teriak,1,4,0.0028268551236749115,0.5512021355641429
unanimous,organisasi,0,127,0.005480043149946063,0.5510912451303948
unanimous,ac,0,42,0.0018122977346278317,0.5495332961520445
unanimous,berkualitas,0,42,0.0018122977346278317,0.5495332961520445
unanimous,berkumpul,0,42,0.0018122977346278317,0.5495332961520445
unanimous,dewi,0,42,0.0018122977346278317,0.5495332961520445
unanimous,don,0,42,0.0018122977346278317,0.5495332961520445
unanimous,kawan,0,42,0.0018122977346278317,0.5495332961520445
unanimous,ning,0,42,0.0018122977346278317,0.5495332961520445
unanimous,pacar,0,42,0.0018122977346278317,0.5495332961520445
unanimous,pandangan,0,42,0.0018122977346278317,0.5495332961520445
unanimous,patroli,0,42,0.0018122977346278317,0.5495332961520445
unanimous,renungan,0,42,0.0018122977346278317,0.5495332961520445
unanimous,resolusi,0,42,0.0018122977346278317,0.5495332961520445
unanimous,rupiah,0,42,0.0018122977346278317,0.5495332961520445
unanimous,walau,0,42,0.0018122977346278317,0.5495332961520445
unanimous,us,0,155,0.00668824163969795,0.5494567675396552
unanimous,dukung,1,35,0.024734982332155476,0.5479731302099715
unanimous,sana,1,17,0.012014134275618375,0.5477125119775273
unanimous,terbatas,0,70,0.0030204962243797194,0.5453201916699055
unanimous,mudah,1,11,0.0077738515901060075,0.5451224670463722
unanimous,berjuang,1,9,0.0063604240282685515,0.5440423137632243
unanimous,gubernur,0,126,0.005436893203883495,0.5431738028692943
unanimous,kalah,0,154,0.006645091693635383,0.5429616936586201
unanimous,hati,1,32,0.022614840989399292,0.5415608524233178
unanimous,sebenarnya,1,12,0.008480565371024734,0.5413908814678494
unanimous,hal,0,624,0.026925566343042072,0.5394530057117102
unanimous,uang,0,209,0.00901833872707659,0.5383093947230954
unanimous,angkat,1,3,0.0021201413427561835,0.5375270995851176
unanimous,gaes,1,3,0.0021201413427561835,0.5375270995851176
unanimous,pakistan,1,3,0.0021201413427561835,0.5375270995851176
unanimous,shani,1,3,0.0021201413427561835,0.5375270995851176
unanimous,tahanan,1,3,0.0021201413427561835,0.5375270995851176
unanimous,yoongi,1,3,0.0021201413427561835,0.5375270995851176
unanimous,tinggal,0,264,0.011391585760517799,0.5360148337252135
unanimous,kuat,1,18,0.012720848056537103,0.5338827191866434
unanimous,jutaan,1,6,0.004240282685512367,0.533817450995086
unanimous,petugas,0,97,0.00418554476806904,0.5335491453535107
unanimous,sejarah,1,19,0.01342756183745583,0.5322979422089807
unanimous,jiwa,0,180,0.007766990291262136,0.5318650878305212
unanimous,segala,1,16,0.011307420494699646,0.5314127787396226
unanimous,udah,1,64,0.045229681978798585,0.5312166925258079
unanimous,agung,0,69,0.002977346278317152,0.5309909556203796
unanimous,biasanya,0,69,0.002977346278317152,0.5309909556203796
unanimous,mempunyai,0,69,0.002977346278317152,0.5309909556203796
unanimous,tuan,0,69,0.002977346278317152,0.5309909556203796
unanimous,year,0,69,0.002977346278317152,0.5309909556203796
unanimous,semoga,1,35,0.024734982332155476,0.5301916621949004
unanimous,palestine,1,38,0.02685512367491166,0.5289119735891179
unanimous,yah,1,7,0.0049469964664310955,0.5287752715493472
unanimous,beradab,1,4,0.0028268551236749115,0.5279020451112769
unanimous,isinya,1,4,0.0028268551236749115,0.5279020451112769
unanimous,jin,1,4,0.0028268551236749115,0.5279020451112769
unanimous,nyata,1,11,0.0077738515901060075,0.5269357158147873
unanimous,chris,0,41,0.0017691477885652643,0.5256794210383313
unanimous,imbas,0,41,0.0017691477885652643,0.5256794210383313
unanimous,kalahkan,0,41,0.0017691477885652643,0.5256794210383313
unanimous,kedokteran,0,41,0.0017691477885652643,0.5256794210383313
unanimous,layar,0,41,0.0017691477885652643,0.5256794210383313
unanimous,mencatat,0,41,0.0017691477885652643,0.5256794210383313
unanimous,pancasila,0,41,0.0017691477885652643,0.5256794210383313
unanimous,tepatnya,0,41,0.0017691477885652643,0.5256794210383313
unanimous,tujuh,0,41,0.0017691477885652643,0.5256794210383313
unanimous,india,0,151,0.0065156418554476805,0.523222917791929
unanimous,tegas,0,151,0.0065156418554476805,0.523222917791929
unanimous,publik,0,96,0.004142394822006472,0.5231964462609584
unanimous,sepanjang,0,96,0.004142394822006472,0.5231964462609584
unanimous,amat,1,5,0.0035335689045936395,0.5219283563228284
unanimous,miskin,1,5,0.0035335689045936395,0.5219283563228284
unanimous,minimal,0,123,0.0053074433656957925,0.5190425045720055
unanimous,blm,1,6,0.004240282685512367,0.5179008361441585
unanimous,kepala,0,259,0.011175836030204962,0.5167120778223708
unanimous,dinas,0,68,0.0029341963322545845,0.5164546713887368
unanimous,karya,0,68,0.0029341963322545845,0.5164546713887368
unanimous,so,0,68,0.0029341963322545845,0.5164546713887368
unanimous,status,0,68,0.0029341963322545845,0.5164546713887368
unanimous,pernah,1,47,0.033215547703180213,0.5158256884051569
unanimous,untuk,0,3560,0.15361380798274002,0.5153709108579791
unanimous,generasi,1,7,0.0049469964664310955,0.515033142769242
unanimous,selama,0,555,0.02394822006472492,0.5138399221534355
unanimous,assalamualaikum,1,2,0.0014134275618374558,0.5136082894215301
unanimous,baja,1,2,0.0014134275618374558,0.5136082894215301
unanimous,berpihak,1,2,0.0014134275618374558,0.5136082894215301
unanimous,caption,1,2,0.0014134275618374558,0.5136082894215301
unanimous,doi,1,2,0.0014134275618374558,0.5136082894215301
unanimous,ekor,1,2,0.0014134275618374558,0.5136082894215301
unanimous,galang,1,2,0.0014134275618374558,0.5136082894215301
unanimous,hidayah,1,2,0.0014134275618374558,0.5136082894215301
unanimous,kakek,1,2,0.0014134275618374558,0.5136082894215301
unanimous,kontroversi,1,2,0.0014134275618374558,0.5136082894215301
unanimous,memboikot,1,2,0.0014134275618374558,0.5136082894215301
unanimous,menembus,1,2,0.0014134275618374558,0.5136082894215301
unanimous,qs,1,2,0.0014134275618374558,0.5136082894215301
unanimous,reply,1,2,0.0014134275618374558,0.5136082894215301
unanimous,sa,1,2,0.0014134275618374558,0.5136082894215301
unanimous,tragedi,1,2,0.0014134275618374558,0.5136082894215301
unanimous,tweet,1,2,0.0014134275618374558,0.5136082894215301
unanimous,ال,1,2,0.0014134275618374558,0.5136082894215301
unanimous,peristiwa,0,95,0.004099244875943905,0.5127363578463701
unanimous,perubahan,1,9,0.0063604240282685515,0.5113007680287251
unanimous,bang,0,122,0.0052642934196332255,0.5108690001865753
unanimous,buat,1,60,0.04240282685512368,0.5107593535489736
unanimous,bendera,1,10,0.007067137809187279,0.5100519652511992
unanimous,biden,0,149,0.006429341963322546,0.509846825453001
unanimous,amal,1,3,0.0021201413427561835,0.5080700029018491
unanimous,bersembunyi,1,3,0.0021201413427561835,0.5080700029018491
unanimous,ha,1,3,0.0021201413427561835,0.5080700029018491
unanimous,inget,1,3,0.0021201413427561835,0.5080700029018491
unanimous,jenazah,1,3,0.0021201413427561835,0.5080700029018491
unanimous,liputan,1,3,0.0021201413427561835,0.5080700029018491
unanimous,menutup,1,3,0.0021201413427561835,0.5080700029018491
unanimous,pengetahuan,1,3,0.0021201413427561835,0.5080700029018491
unanimous,perawatan,1,3,0.0021201413427561835,0.5080700029018491
unanimous,remaja,1,3,0.0021201413427561835,0.5080700029018491
unanimous,sekedar,1,3,0.0021201413427561835,0.5080700029018491
unanimous,tolong,1,13,0.009187279151943463,0.5076721860750476
unanimous,udara,0,283,0.012211434735706581,0.5054206313690285
unanimous,pdhl,1,4,0.0028268551236749115,0.5051305638763564
unanimous,perempuan,0,229,0.00988133764832794,0.5044865276062444
unanimous,duduk,1,5,0.0035335689045936395,0.5033660597016788
unanimous,all,0,148,0.006386192017259979,0.5030919635839894
unanimous,calon,0,121,0.005221143473570658,0.5026288565618122
unanimous,se,0,121,0.005221143473570658,0.5026288565618122
unanimous,kisah,0,94,0.004056094929881337,0.5021666191802459
unanimous,aparat,0,67,0.002891046386192017,0.5017052489427771
unanimous,ikuti,0,67,0.002891046386192017,0.5017052489427771
unanimous,bacapres,0,40,0.001725997842502697,0.5012447433626201
unanimous,demokrat,0,40,0.001725997842502697,0.5012447433626201
unanimous,kamuharustau,0,40,0.001725997842502697,0.5012447433626201
unanimous,kompleks,0,40,0.001725997842502697,0.5012447433626201
unanimous,mahal,0,40,0.001725997842502697,0.5012447433626201
unanimous,membayar,0,40,0.001725997842502697,0.5012447433626201
unanimous,mirna,0,40,0.001725997842502697,0.5012447433626201
unanimous,save,0,40,0.001725997842502697,0.5012447433626201
unanimous,serupa,0,40,0.001725997842502697,0.5012447433626201
unanimous,syair,0,40,0.001725997842502697,0.5012447433626201
unanimous,tautan,0,40,0.001725997842502697,0.5012447433626201
unanimous,dilarang,1,8,0.005653710247349823,0.5009641325453488
unanimous,sinting,1,10,0.007067137809187279,0.5003931639720001
unanimous,belum,0,520,0.02243797195253506,0.4979418808296758
unanimous,menjadi,0,1096,0.047292340884573895,0.49762559301949555
unanimous,soal,0,413,0.017820927723840346,0.4955323612028449
unanimous,kesempatan,0,120,0.005177993527508091,0.49432097217276644
unanimous,yakni,0,120,0.005177993527508091,0.49432097217276644
unanimous,udh,1,24,0.01696113074204947,0.4933531132212132
unanimous,rs,0,253,0.010916936353829558,0.4930574124305985
unanimous,dll,1,12,0.008480565371024734,0.4921412300979765
unanimous,dapet,0,93,0.00401294498381877,0.4914848971730865
unanimous,mau,1,93,0.0657243816254417,0.4896036975459154
unanimous,sore,0,146,0.006299892125134844,0.48944558489368434
unanimous,pagi,0,331,0.014282632146709816,0.4881578939890135
unanimous,qassam,1,7,0.0049469964664310955,0.4880993182681383
unanimous,terjadi,0,541,0.023344120819848976,0.48769566333109887
unanimous,kenal,0,66,0.0028478964401294497,0.48673632554248647
unanimous,keuangan,0,66,0.0028478964401294497,0.48673632554248647
unanimous,one,0,66,0.0028478964401294497,0.48673632554248647
unanimous,pekerja,0,66,0.0028478964401294497,0.48673632554248647
unanimous,mengalami,0,225,0.009708737864077669,0.48672935371656395
unanimous,balik,1,14,0.009893992932862191,0.48635613213162726
unanimous,kemanusiaan,0,383,0.01652642934196332,0.4863025285265672
unanimous,damai,0,119,0.005134843581445523,0.48594421795573883
unanimous,film,0,119,0.005134843581445523,0.48594421795573883
unanimous,puluhan,0,119,0.005134843581445523,0.48594421795573883
unanimous,demo,1,5,0.0035335689045936395,0.485140489894032
unanimous,sebagaimana,1,5,0.0035335689045936395,0.485140489894032
unanimous,benar,1,27,0.019081272084805655,0.4839437447639181
unanimous,sy,1,4,0.0028268551236749115,0.4828641950653544
unanimous,alhamdulillah,1,11,0.0077738515901060075,0.48285222683991463
unanimous,pun,0,460,0.019848975188781013,0.48246469757024335
unanimous,dalam,0,2404,0.10373247033441209,0.48168302645248795
unanimous,alam,0,92,0.003969795037756203,0.48068878347159144
unanimous,savepalestine,1,9,0.0063604240282685515,0.47958921894085316
unanimous,berpikir,1,3,0.0021201413427561835,0.47945341711350575
unanimous,hukuman,1,3,0.0021201413427561835,0.47945341711350575
unanimous,kaget,1,3,0.0021201413427561835,0.47945341711350575
unanimous,ketat,1,3,0.0021201413427561835,0.47945341711350575
unanimous,menjatuhkan,1,3,0.0021201413427561835,0.47945341711350575
unanimous,merasakan,1,3,0.0021201413427561835,0.47945341711350575
unanimous,merebut,1,3,0.0021201413427561835,0.47945341711350575
unanimous,merek,1,3,0.0021201413427561835,0.47945341711350575
unanimous,pengikut,1,3,0.0021201413427561835,0.47945341711350575
unanimous,puji,1,3,0.0021201413427561835,0.47945341711350575
unanimous,ucapan,1,3,0.0021201413427561835,0.47945341711350575
unanimous,sama,1,108,0.07632508833922262,0.4785401940550347
unanimous,we,0,118,0.005091693635382956,0.47749743638258185
unanimous,ada,1,218,0.15406360424028268,0.4770349642069662
unanimous,2021,0,39,0.0016828478964401295,0.47620021847393196
unanimous,appstore,0,39,0.0016828478964401295,0.47620021847393196
unanimous,bengkulu,0,39,0.0016828478964401295,0.47620021847393196
unanimous,bet,0,39,0.0016828478964401295,0.47620021847393196
unanimous,dp,0,39,0.0016828478964401295,0.47620021847393196
unanimous,goreng,0,39,0.0016828478964401295,0.47620021847393196
unanimous,jln,0,39,0.0016828478964401295,0.47620021847393196
unanimous,kecam,0,39,0.0016828478964401295,0.47620021847393196
unanimous,kepemimpinan,0,39,0.0016828478964401295,0.47620021847393196
unanimous,kiri,0,39,0.0016828478964401295,0.47620021847393196
unanimous,lengkapnya,0,39,0.0016828478964401295,0.47620021847393196
unanimous,mengejutkan,0,39,0.0016828478964401295,0.47620021847393196
unanimous,nov,0,39,0.0016828478964401295,0.47620021847393196
unanimous,rafah,0,39,0.0016828478964401295,0.47620021847393196
unanimous,yara,0,39,0.0016828478964401295,0.47620021847393196
unanimous,york,0,39,0.0016828478964401295,0.47620021847393196
unanimous,indo,0,170,0.007335490830636462,0.47443483361720307
unanimous,2x,1,2,0.0014134275618374558,0.47355976012940865
unanimous,daging,1,2,0.0014134275618374558,0.47355976012940865
unanimous,darul,1,2,0.0014134275618374558,0.47355976012940865
unanimous,holocaust,1,2,0.0014134275618374558,0.47355976012940865
unanimous,kedaulatan,1,2,0.0014134275618374558,0.47355976012940865
unanimous,mak,1,2,0.0014134275618374558,0.47355976012940865
unanimous,mossad,1,2,0.0014134275618374558,0.47355976012940865
unanimous,pemikiran,1,2,0.0014134275618374558,0.47355976012940865
unanimous,perhatikan,1,2,0.0014134275618374558,0.47355976012940865
unanimous,republika,1,2,0.0014134275618374558,0.47355976012940865
unanimous,sederhana,1,2,0.0014134275618374558,0.47355976012940865
unanimous,tentaranya,1,2,0.0014134275618374558,0.47355976012940865
unanimous,ali,1,10,0.007067137809187279,0.4719593487972614
unanimous,tokoh,1,10,0.007067137809187279,0.4719593487972614
unanimous,alat,0,65,0.0028047464940668823,0.4715412492107567
unanimous,gara,0,65,0.0028047464940668823,0.4715412492107567
unanimous,populer,0,65,0.0028047464940668823,0.4715412492107567
unanimous,hukum,1,49,0.03462897526501767,0.471174933041964
unanimous,militer,0,506,0.021833872707659116,0.47005855582598327
unanimous,jalan,0,325,0.014023732470334413,0.4696299352212844
unanimous,rakyat,1,49,0.03462897526501767,0.4691814899010154
unanimous,dekat,0,195,0.008414239482200648,0.4685366369830604
unanimous,terbaik,0,195,0.008414239482200648,0.4685366369830604
unanimous,saw,1,8,0.005653710247349823,0.46594694716967133
unanimous,buruh,1,4,0.0028268551236749115,0.46108097453356756
unanimous,hakim,1,4,0.0028268551236749115,0.46108097453356756
unanimous,saham,1,4,0.0028268551236749115,0.46108097453356756
unanimous,setara,1,4,0.0028268551236749115,0.46108097453356756
unanimous,teh,1,4,0.0028268551236749115,0.46108097453356756
unanimous,tni,0,116,0.005005393743257821,0.4603890129022614
unanimous,serta,0,450,0.019417475728155338,0.4600697877570838
unanimous,atas,0,755,0.0325782092772384,0.459796385528874
unanimous,80,0,64,0.002761596548004315,0.45611306093247517
unanimous,dinilai,0,64,0.002761596548004315,0.45611306093247517
unanimous,korupsi,0,64,0.002761596548004315,0.45611306093247517
unanimous,menlu,0,64,0.002761596548004315,0.45611306093247517
unanimous,diterima,0,115,0.004962243797195253,0.4517249047239158
unanimous,investasi,0,115,0.004962243797195253,0.4517249047239158
unanimous,alasannya,1,3,0.0021201413427561835,0.4516306377946688
unanimous,bantah,1,3,0.0021201413427561835,0.4516306377946688
unanimous,berdaya,1,3,0.0021201413427561835,0.4516306377946688
unanimous,disuruh,1,3,0.0021201413427561835,0.4516306377946688
unanimous,gaada,1,3,0.0021201413427561835,0.4516306377946688
unanimous,ketakutan,1,3,0.0021201413427561835,0.4516306377946688
unanimous,mayat,1,3,0.0021201413427561835,0.4516306377946688
unanimous,menjelang,1,3,0.0021201413427561835,0.4516306377946688
unanimous,pekanbaru,1,3,0.0021201413427561835,0.4516306377946688
unanimous,74,0,38,0.001639697950377562,0.45051456704544307
unanimous,berikutnya,0,38,0.001639697950377562,0.45051456704544307
unanimous,berminat,0,38,0.001639697950377562,0.45051456704544307
unanimous,dipindahkan,0,38,0.001639697950377562,0.45051456704544307
unanimous,efek,0,38,0.001639697950377562,0.45051456704544307
unanimous,jabar,0,38,0.001639697950377562,0.45051456704544307
unanimous,jr,0,38,0.001639697950377562,0.45051456704544307
unanimous,kalinya,0,38,0.001639697950377562,0.45051456704544307
unanimous,kesalahan,0,38,0.001639697950377562,0.45051456704544307
unanimous,lulusan,0,38,0.001639697950377562,0.45051456704544307
unanimous,mimin,0,38,0.001639697950377562,0.45051456704544307
unanimous,off,0,38,0.001639697950377562,0.45051456704544307
unanimous,pelabuhan,0,38,0.001639697950377562,0.45051456704544307
unanimous,pengadilan,0,38,0.001639697950377562,0.45051456704544307
unanimous,restoran,0,38,0.001639697950377562,0.45051456704544307
unanimous,sampaikan,0,38,0.001639697950377562,0.45051456704544307
unanimous,semangka,0,38,0.001639697950377562,0.45051456704544307
unanimous,seminggu,0,38,0.001639697950377562,0.45051456704544307
unanimous,serukan,0,38,0.001639697950377562,0.45051456704544307
unanimous,shia,0,38,0.001639697950377562,0.45051456704544307
unanimous,spotify,0,38,0.001639697950377562,0.45051456704544307
unanimous,tambahnya,0,38,0.001639697950377562,0.45051456704544307
unanimous,tubuh,1,5,0.0035335689045936395,0.44965205578192335
unanimous,berarti,1,11,0.0077738515901060075,0.4489202675694095
unanimous,memiliki,0,369,0.015922330097087378,0.44849959953452223
unanimous,siang,0,242,0.010442286947141315,0.4482155370321763
unanimous,tionghoa,0,140,0.006040992448759439,0.44736714374356895
unanimous,deh,1,16,0.011307420494699646,0.4466706572206292
unanimous,besar,0,845,0.03646170442286947,0.44632272691888253
unanimous,rumah,0,820,0.035382955771305284,0.4462179656424836
unanimous,an,1,19,0.01342756183745583,0.4452101092172712
unanimous,enak,1,10,0.007067137809187279,0.4443046194829409
unanimous,terbukti,1,8,0.005653710247349823,0.44326048828973413
unanimous,pengalaman,0,114,0.004919093851132686,0.44298583450237644
unanimous,susah,0,114,0.004919093851132686,0.44298583450237644
unanimous,arab,1,29,0.02049469964664311,0.44254496060454795
unanimous,mengetahui,1,6,0.004240282685512367,0.44189064021817737
unanimous,sengaja,1,6,0.004240282685512367,0.44189064021817737
unanimous,bagi,0,692,0.029859762675296657,0.44156455429706215
unanimous,budi,0,63,0.0027184466019417475,0.4404444754627556
unanimous,kode,0,63,0.0027184466019417475,0.4404444754627556
unanimous,kuda,0,63,0.0027184466019417475,0.4404444754627556
unanimous,cepat,0,240,0.010355987055016181,0.4398467113343675
unanimous,ko,1,4,0.0028268551236749115,0.4397603403216515
unanimous,langit,1,4,0.0028268551236749115,0.4397603403216515
unanimous,lantaran,1,4,0.0028268551236749115,0.4397603403216515
unanimous,mencegah,1,4,0.0028268551236749115,0.4397603403216515
unanimous,rata,1,4,0.0028268551236749115,0.4397603403216515
unanimous,ai,0,88,0.003797195253505933,0.43630942203161643
unanimous,berhenti,0,88,0.003797195253505933,0.43630942203161643
unanimous,malang,0,88,0.003797195253505933,0.43630942203161643
unanimous,republik,0,88,0.003797195253505933,0.43630942203161643
unanimous,sesama,1,7,0.0049469964664310955,0.43630178144434084
unanimous,ampun,1,2,0.0014134275618374558,0.4350502827573295
unanimous,budek,1,2,0.0014134275618374558,0.4350502827573295
unanimous,ft,1,2,0.0014134275618374558,0.4350502827573295
unanimous,gerbang,1,2,0.0014134275618374558,0.4350502827573295
unanimous,hahaha,1,2,0.0014134275618374558,0.4350502827573295
unanimous,istana,1,2,0.0014134275618374558,0.4350502827573295
unanimous,menghormati,1,2,0.0014134275618374558,0.4350502827573295
unanimous,pdi,1,2,0.0014134275618374558,0.4350502827573295
unanimous,penindasan,1,2,0.0014134275618374558,0.4350502827573295
unanimous,permanen,1,2,0.0014134275618374558,0.4350502827573295
unanimous,santri,1,2,0.0014134275618374558,0.4350502827573295
unanimous,ke,0,3140,0.1354908306364617,0.43440612275236185
unanimous,kompas,0,138,0.005954692556634304,0.4329431618529403
unanimous,share,0,138,0.005954692556634304,0.4329431618529403
unanimous,dianggap,1,11,0.0077738515901060075,0.4323722395556008
unanimous,me,1,11,0.0077738515901060075,0.4323722395556008
unanimous,ikutan,1,5,0.0035335689045936395,0.4323669930103571
unanimous,khusus,0,163,0.007033441208198489,0.4322082984485506
unanimous,iran,1,23,0.01625441696113074,0.4306629464448811
unanimous,presiden,0,635,0.02740021574973031,0.43008334200525705
unanimous,hidup,1,29,0.02049469964664311,0.42965122154934393
unanimous,terlalu,1,9,0.0063604240282685515,0.4288567628586571
unanimous,depan,0,312,0.013462783171521036,0.42830318917907517
unanimous,berikan,1,6,0.004240282685512367,0.42735435598653454
unanimous,kira,1,6,0.004240282685512367,0.42735435598653454
unanimous,keputusan,0,137,0.005911542610571737,0.42565334678645916
unanimous,up,0,137,0.005911542610571737,0.42565334678645916
unanimous,cerita,0,112,0.0048327939590075515,0.4252775122852938
unanimous,perlawanan,0,112,0.0048327939590075515,0.4252775122852938
unanimous,identitas,0,87,0.0037540453074433656,0.4249023508379821
unanimous,amanah,1,3,0.0021201413427561835,0.4245587483273529
unanimous,kosong,1,3,0.0021201413427561835,0.4245587483273529
unanimous,memutus,1,3,0.0021201413427561835,0.4245587483273529
unanimous,monyet,1,3,0.0021201413427561835,0.4245587483273529
unanimous,seiring,1,3,0.0021201413427561835,0.4245587483273529
unanimous,sekelompok,1,3,0.0021201413427561835,0.4245587483273529
unanimous,syuhada,1,3,0.0021201413427561835,0.4245587483273529
unanimous,adil,0,62,0.00267529665587918,0.42452786061182796
unanimous,rusak,0,62,0.00267529665587918,0.42452786061182796
unanimous,seseorang,0,62,0.00267529665587918,0.42452786061182796
unanimous,61,0,37,0.0015965480043149947,0.4241540397808763
unanimous,bos,0,37,0.0015965480043149947,0.4241540397808763
unanimous,bukanlah,0,37,0.0015965480043149947,0.4241540397808763
unanimous,cita,0,37,0.0015965480043149947,0.4241540397808763
unanimous,dewa,0,37,0.0015965480043149947,0.4241540397808763
unanimous,dihentikan,0,37,0.0015965480043149947,0.4241540397808763
unanimous,firman,0,37,0.0015965480043149947,0.4241540397808763
unanimous,kepercayaan,0,37,0.0015965480043149947,0.4241540397808763
unanimous,kontak,0,37,0.0015965480043149947,0.4241540397808763
unanimous,massal,0,37,0.0015965480043149947,0.4241540397808763
unanimous,mengancam,0,37,0.0015965480043149947,0.4241540397808763
unanimous,plus,0,37,0.0015965480043149947,0.4241540397808763
unanimous,seleksi,0,37,0.0015965480043149947,0.4241540397808763
unanimous,sepatu,0,37,0.0015965480043149947,0.4241540397808763
unanimous,sh,0,37,0.0015965480043149947,0.4241540397808763
unanimous,solutif,0,37,0.0015965480043149947,0.4241540397808763
unanimous,this,0,37,0.0015965480043149947,0.4241540397808763
unanimous,tuntut,0,37,0.0015965480043149947,0.4241540397808763
unanimous,buruk,1,7,0.0049469964664310955,0.42375832113940304
unanimous,boleh,1,21,0.014840989399293287,0.41966145401087696
unanimous,kolom,1,4,0.0028268551236749115,0.41888301578476617
unanimous,sepakat,1,4,0.0028268551236749115,0.41888301578476617
unanimous,isi,1,10,0.007067137809187279,0.41738723067831685
unanimous,sebelum,0,210,0.009061488673139158,0.41724148085499113
unanimous,pilpres,0,111,0.004789644012944984,0.41630552392738873
unanimous,umur,0,111,0.004789644012944984,0.41630552392738873
unanimous,pro,1,24,0.01696113074204947,0.4144682436574466
unanimous,kemudian,0,283,0.012211434735706581,0.4137371093610135
unanimous,krisis,0,86,0.003710895361380798,0.41336466074482286
unanimous,dikit,1,6,0.004240282685512367,0.4130251199370086
unanimous,bayar,1,7,0.0049469964664310955,0.41136918590163896
unanimous,korban,0,502,0.021661272923408845,0.4112266861200026
unanimous,menghentikan,0,135,0.005825242718446602,0.4109142625601367
unanimous,muncul,0,135,0.005825242718446602,0.4109142625601367
unanimous,menolak,0,282,0.012168284789644013,0.4101598553050088
unanimous,melakukan,0,671,0.02895361380798274,0.4098367498424432
unanimous,36,0,61,0.0026321467098166127,0.4083552148591463
unanimous,alamat,0,61,0.0026321467098166127,0.4083552148591463
unanimous,pks,0,61,0.0026321467098166127,0.4083552148591463
unanimous,sabar,0,61,0.0026321467098166127,0.4083552148591463
unanimous,tambahan,0,61,0.0026321467098166127,0.4083552148591463
unanimous,tvone,0,61,0.0026321467098166127,0.4083552148591463
unanimous,tau,1,34,0.02402826855123675,0.40822426660415984
unanimous,mah,1,11,0.0077738515901060075,0.40804737041656425
unanimous,merasa,1,11,0.0077738515901060075,0.40804737041656425
unanimous,kurang,1,12,0.008480565371024734,0.407645047066764
unanimous,pengen,1,12,0.008480565371024734,0.407645047066764
unanimous,barang,0,159,0.00686084142394822,0.40726542686398
unanimous,semua,1,83,0.058657243816254416,0.406449016755067
unanimous,netanyahu,0,280,0.012081984897518877,0.4029676724556741
unanimous,orgil,0,207,0.008932038834951457,0.40275654520605697
unanimous,tinggi,0,304,0.013117583603020497,0.40201996567092235
unanimous,seruan,0,85,0.003667745415318231,0.4016933139580122
unanimous,sini,1,13,0.009187279151943463,0.4005375226671688
unanimous,soalnya,1,8,0.005653710247349823,0.3993644008345669
unanimous,cara,1,23,0.01625441696113074,0.3990002008497198
unanimous,kepentingan,1,6,0.004240282685512367,0.3988970993800842
unanimous,jaringan,1,5,0.0035335689045936395,0.3986638639235152
unanimous,real,1,5,0.0035335689045936395,0.3986638639235152
unanimous,campur,1,4,0.0028268551236749115,0.3984309046499419
unanimous,gampang,1,4,0.0028268551236749115,0.3984309046499419
unanimous,keduanya,1,4,0.0028268551236749115,0.3984309046499419
unanimous,kutuk,1,4,0.0028268551236749115,0.3984309046499419
unanimous,nuklir,1,4,0.0028268551236749115,0.3984309046499419
unanimous,pengeboman,1,4,0.0028268551236749115,0.3984309046499419
unanimous,perbedaan,1,4,0.0028268551236749115,0.3984309046499419
unanimous,untung,1,4,0.0028268551236749115,0.3984309046499419
unanimous,ari,1,3,0.0021201413427561835,0.3981982210627863
unanimous,gmn,1,3,0.0021201413427561835,0.3981982210627863
unanimous,henti,1,3,0.0021201413427561835,0.3981982210627863
unanimous,komando,1,3,0.0021201413427561835,0.3981982210627863
unanimous,quds,1,3,0.0021201413427561835,0.3981982210627863
unanimous,kemenangan,0,109,0.004703344120819849,0.39811877269580376
unanimous,akar,1,2,0.0014134275618374558,0.3979658126666751
unanimous,canggih,1,2,0.0014134275618374558,0.3979658126666751
unanimous,duty,1,2,0.0014134275618374558,0.3979658126666751
unanimous,hai,1,2,0.0014134275618374558,0.3979658126666751
unanimous,harganya,1,2,0.0014134275618374558,0.3979658126666751
unanimous,humanitarian,1,2,0.0014134275618374558,0.3979658126666751
unanimous,kiamat,1,2,0.0014134275618374558,0.3979658126666751
unanimous,pintar,1,2,0.0014134275618374558,0.3979658126666751
unanimous,populasi,1,2,0.0014134275618374558,0.3979658126666751
unanimous,rebecca,1,2,0.0014134275618374558,0.3979658126666751
unanimous,banyak,1,85,0.06007067137809187,0.3973845051123529
unanimous,advokasi,0,36,0.0015533980582524273,0.39708215031356064
unanimous,dibebaskan,0,36,0.0015533980582524273,0.39708215031356064
unanimous,dubes,0,36,0.0015533980582524273,0.39708215031356064
unanimous,gilaan,0,36,0.0015533980582524273,0.39708215031356064
unanimous,gunawan,0,36,0.0015533980582524273,0.39708215031356064
unanimous,jarang,0,36,0.0015533980582524273,0.39708215031356064
unanimous,juli,0,36,0.0015533980582524273,0.39708215031356064
unanimous,kekalahan,0,36,0.0015533980582524273,0.39708215031356064
unanimous,keknya,0,36,0.0015533980582524273,0.39708215031356064
unanimous,luhut,0,36,0.0015533980582524273,0.39708215031356064
unanimous,menjalani,0,36,0.0015533980582524273,0.39708215031356064
unanimous,peralatan,0,36,0.0015533980582524273,0.39708215031356064
unanimous,results,0,36,0.0015533980582524273,0.39708215031356064
unanimous,samping,0,36,0.0015533980582524273,0.39708215031356064
unanimous,seumur,0,36,0.0015533980582524273,0.39708215031356064
unanimous,signifikan,0,36,0.0015533980582524273,0.39708215031356064
unanimous,sultan,0,36,0.0015533980582524273,0.39708215031356064
unanimous,tahap,0,36,0.0015533980582524273,0.39708215031356064
unanimous,waktunya,0,36,0.0015533980582524273,0.39708215031356064
unanimous,orang,1,183,0.12932862190812722,0.39664791005652533
unanimous,a,0,422,0.018209277238403453,0.3946698198099379
unanimous,video,0,637,0.027486515641855447,0.39412855620210996
unanimous,sebab,1,13,0.009187279151943463,0.3937826607981572
unanimous,kepada,0,1204,0.05195253505933117,0.39362098871899615
unanimous,bawah,0,205,0.008845738942826321,0.3929841674847732
unanimous,beberapa,0,517,0.02230852211434736,0.3929574606224837
unanimous,u,0,229,0.00988133764832794,0.39255016041208624
unanimous,lokal,1,11,0.0077738515901060075,0.39214999461178124
unanimous,bersenjata,0,60,0.0025889967637540453,0.391918143132349
unanimous,cakep,0,60,0.0025889967637540453,0.391918143132349
unanimous,diusir,0,60,0.0025889967637540453,0.391918143132349
unanimous,kang,0,60,0.0025889967637540453,0.391918143132349
unanimous,menciptakan,0,60,0.0025889967637540453,0.391918143132349
unanimous,sebulan,0,60,0.0025889967637540453,0.391918143132349
unanimous,dulu,1,33,0.023321554770318022,0.3916041589159724
unanimous,habis,1,9,0.0063604240282685515,0.3900312418620192
unanimous,ilyas,0,84,0.0036245954692556634,0.38988516546230456
unanimous,post,0,84,0.0036245954692556634,0.38988516546230456
unanimous,protes,0,84,0.0036245954692556634,0.38988516546230456
unanimous,turki,0,84,0.0036245954692556634,0.38988516546230456
unanimous,l,0,108,0.004660194174757282,0.3889010444450733
unanimous,berbagai,0,324,0.013980582524271845,0.3888354484146108
unanimous,medan,0,132,0.0056957928802588995,0.3883950706349665
unanimous,itu,1,211,0.14911660777385158,0.38819756692967583
unanimous,dengan,0,3149,0.13587918015102482,0.3880873545385535
unanimous,berapa,1,7,0.0049469964664310955,0.3870389698357929
unanimous,berasal,1,7,0.0049469964664310955,0.3870389698357929
unanimous,tetap,0,418,0.01803667745415318,0.38498148126263215
unanimous,tuli,1,6,0.004240282685512367,0.38496470467093385
unanimous,tu,1,11,0.0077738515901060075,0.38429406716238096
unanimous,langsung,0,536,0.023128371089536137,0.3836736525147889
unanimous,tempat,0,536,0.023128371089536137,0.3836736525147889
unanimous,membaca,1,5,0.0035335689045936395,0.38222679219671796
unanimous,dm,0,155,0.00668824163969795,0.38169346298860535
unanimous,k,0,155,0.00668824163969795,0.38169346298860535
unanimous,naik,0,131,0.0056526429341963325,0.38077588158262055
unanimous,hujan,0,107,0.004617044228694714,0.3795983689368997
unanimous,mengeluarkan,0,107,0.004617044228694714,0.3795983689368997
unanimous,perdamaian,0,107,0.004617044228694714,0.3795983689368997
unanimous,pesan,0,107,0.004617044228694714,0.3795983689368997
unanimous,akun,0,297,0.012815533980582524,0.37845709257530546
unanimous,mungkin,1,25,0.0176678445229682,0.3784267982528557
unanimous,kebaikan,1,4,0.0028268551236749115,0.3783869965699194
unanimous,palestin,1,4,0.0028268551236749115,0.3783869965699194
unanimous,abis,1,8,0.005653710247349823,0.37811294016128333
unanimous,netizen,1,8,0.005653710247349823,0.37811294016128333
unanimous,bangunan,0,83,0.003581445523193096,0.37793695791527265
unanimous,lama,0,273,0.011779935275080906,0.3773898791477662
unanimous,dalem,0,59,0.002545846817691478,0.37520783056753204
unanimous,dibangun,0,59,0.002545846817691478,0.37520783056753204
unanimous,dikabarkan,0,59,0.002545846817691478,0.37520783056753204
unanimous,kadang,0,59,0.002545846817691478,0.37520783056753204
unanimous,layanan,0,59,0.002545846817691478,0.37520783056753204
unanimous,mengajak,0,59,0.002545846817691478,0.37520783056753204
unanimous,da,1,3,0.0021201413427561835,0.3725125696342974
unanimous,menahan,1,3,0.0021201413427561835,0.3725125696342974
unanimous,mendalam,1,3,0.0021201413427561835,0.3725125696342974
unanimous,pesantren,1,3,0.0021201413427561835,0.3725125696342974
unanimous,setia,1,3,0.0021201413427561835,0.3725125696342974
unanimous,tertentu,1,3,0.0021201413427561835,0.3725125696342974
unanimous,segera,0,342,0.014757281553398059,0.3714373440549539
unanimous,cowo,1,6,0.004240282685512367,0.37122257589082863
unanimous,darah,1,6,0.004240282685512367,0.37122257589082863
unanimous,lingkungan,1,6,0.004240282685512367,0.37122257589082863
unanimous,adalah,1,106,0.07491166077738516,0.3710279212705798
unanimous,jokowi,1,35,0.024734982332155476,0.3699449616534941
unanimous,masa,0,318,0.01372168284789644,0.36990985692610406
unanimous,48,0,35,0.0015102481121898597,0.3692593709947236
unanimous,agenda,0,35,0.0015102481121898597,0.3692593709947236
unanimous,akmal,0,35,0.0015102481121898597,0.3692593709947236
unanimous,bulu,0,35,0.0015102481121898597,0.3692593709947236
unanimous,dome,0,35,0.0015102481121898597,0.3692593709947236
unanimous,hiburan,0,35,0.0015102481121898597,0.3692593709947236
unanimous,jum,0,35,0.0015102481121898597,0.3692593709947236
unanimous,kala,0,35,0.0015102481121898597,0.3692593709947236
unanimous,lantas,0,35,0.0015102481121898597,0.3692593709947236
unanimous,membagikan,0,35,0.0015102481121898597,0.3692593709947236
unanimous,parlemen,0,35,0.0015102481121898597,0.3692593709947236
unanimous,respon,0,35,0.0015102481121898597,0.3692593709947236
unanimous,tekanan,0,35,0.0015102481121898597,0.3692593709947236
unanimous,wow,0,35,0.0015102481121898597,0.3692593709947236
unanimous,prabowo,1,32,0.022614840989399292,0.3687718592944644
unanimous,partai,0,153,0.006601941747572815,0.36866142308430555
unanimous,ga,1,77,0.05441696113074205,0.36622018718023425
unanimous,bombardir,1,5,0.0035335689045936395,0.3660541464440361
unanimous,lapangan,1,5,0.0035335689045936395,0.3660541464440361
unanimous,tetep,1,5,0.0035335689045936395,0.3660541464440361
unanimous,bagaimana,0,223,0.009622437971952535,0.3657971013591848
unanimous,muhammad,1,24,0.01696113074204947,0.3626574753041556
unanimous,sehingga,0,269,0.011607335490830636,0.36248200946279985
unanimous,ya,1,126,0.08904593639575972,0.362236167014452
unanimous,byk,1,2,0.0014134275618374558,0.3622045297881074
unanimous,dur,1,2,0.0014134275618374558,0.3622045297881074
unanimous,es,1,2,0.0014134275618374558,0.3622045297881074
unanimous,fifa,1,2,0.0014134275618374558,0.3622045297881074
unanimous,gempur,1,2,0.0014134275618374558,0.3622045297881074
unanimous,hasto,1,2,0.0014134275618374558,0.3622045297881074
unanimous,pernikahan,1,2,0.0014134275618374558,0.3622045297881074
unanimous,ramadhan,1,2,0.0014134275618374558,0.3622045297881074
unanimous,uu,1,2,0.0014134275618374558,0.3622045297881074
unanimous,visi,1,2,0.0014134275618374558,0.3622045297881074
unanimous,warisan,1,2,0.0014134275618374558,0.3622045297881074
unanimous,dua,0,455,0.019633225458468177,0.36168275688035356
unanimous,pemimpin,1,21,0.014840989399293287,0.36057930470255095
unanimous,kecil,1,15,0.01060070671378092,0.36046909570280317
unanimous,mulai,0,431,0.01859762675296656,0.3598583465593541
unanimous,bermanfaat,1,4,0.0028268551236749115,0.35873528193829335
unanimous,betul,1,4,0.0028268551236749115,0.35873528193829335
unanimous,y,1,4,0.0028268551236749115,0.35873528193829335
unanimous,adapun,0,58,0.0025026968716289105,0.3582150140455071
unanimous,bahagia,0,58,0.0025026968716289105,0.3582150140455071
unanimous,bila,0,58,0.0025026968716289105,0.3582150140455071
unanimous,dahulu,0,58,0.0025026968716289105,0.3582150140455071
unanimous,mengalahkan,0,58,0.0025026968716289105,0.3582150140455071
unanimous,pagii,0,58,0.0025026968716289105,0.3582150140455071
unanimous,menuju,0,198,0.00854368932038835,0.3580225414125553
unanimous,kah,1,6,0.004240282685512367,0.35766557042854025
unanimous,mundur,1,6,0.004240282685512367,0.35766557042854025
unanimous,pelanggaran,1,6,0.004240282685512367,0.35766557042854025
unanimous,yerusalem,1,6,0.004240282685512367,0.35766557042854025
unanimous,kamp,0,128,0.00552319309600863,0.35756775986615086
unanimous,secara,0,636,0.02744336569579288,0.3547531155102221
unanimous,melancarkan,0,81,0.003495145631067961,0.35360674184942653
unanimous,membeli,0,81,0.003495145631067961,0.35360674184942653
unanimous,makanan,0,197,0.008500539374325782,0.3529285057378907
unanimous,wkwk,1,9,0.0063604240282685515,0.35264424889804974
unanimous,sendiri,1,50,0.0353356890459364,0.35201735554422425
unanimous,serius,0,104,0.004487594390507012,0.35116455376216094
unanimous,demikian,0,127,0.005480043149946063,0.3497118324167506
unanimous,rohingya,0,1154,0.0497950377562028,0.3489507055793709
unanimous,mampu,0,150,0.006472491909385114,0.3487936414271757
unanimous,media,0,472,0.020366774541531824,0.3483465371595802
unanimous,53,1,3,0.0021201413427561835,0.3474680447456092
unanimous,gagasan,1,3,0.0021201413427561835,0.3474680447456092
unanimous,khan,1,3,0.0021201413427561835,0.3474680447456092
unanimous,mengenal,1,3,0.0021201413427561835,0.3474680447456092
unanimous,mikir,1,3,0.0021201413427561835,0.3474680447456092
unanimous,ngerasa,1,3,0.0021201413427561835,0.3474680447456092
unanimous,penyerangan,1,3,0.0021201413427561835,0.3474680447456092
unanimous,telegram,1,3,0.0021201413427561835,0.3474680447456092
unanimous,tentu,1,8,0.005653710247349823,0.3470526511686887
unanimous,israel,1,486,0.3434628975265018,0.34393579628449744
unanimous,tiktok,0,264,0.011391585760517799,0.3435366155768911
unanimous,butuh,1,9,0.0063604240282685515,0.34350992334263336
unanimous,aman,0,195,0.008414239482200648,0.34266326672647257
unanimous,internet,0,80,0.003451995685005394,0.3412176066116625
unanimous,bekasi,0,57,0.002459546925566343,0.3409299512739407
unanimous,bintang,0,57,0.002459546925566343,0.3409299512739407
unanimous,it,0,57,0.002459546925566343,0.3409299512739407
unanimous,maria,0,57,0.002459546925566343,0.3409299512739407
unanimous,perkembangan,0,57,0.002459546925566343,0.3409299512739407
unanimous,wartawan,0,57,0.002459546925566343,0.3409299512739407
unanimous,46,0,34,0.0014670981661272923,0.3406427852063802
unanimous,berhak,0,34,0.0014670981661272923,0.3406427852063802
unanimous,covid,0,34,0.0014670981661272923,0.3406427852063802
unanimous,disiapkan,0,34,0.0014670981661272923,0.3406427852063802
unanimous,dolar,0,34,0.0014670981661272923,0.3406427852063802
unanimous,gigi,0,34,0.0014670981661272923,0.3406427852063802
unanimous,jessica,0,34,0.0014670981661272923,0.3406427852063802
unanimous,kabinet,0,34,0.0014670981661272923,0.3406427852063802
unanimous,kewarganegaraan,0,34,0.0014670981661272923,0.3406427852063802
unanimous,medsos,0,34,0.0014670981661272923,0.3406427852063802
unanimous,membombardir,0,34,0.0014670981661272923,0.3406427852063802
unanimous,musk,0,34,0.0014670981661272923,0.3406427852063802
unanimous,pastikan,0,34,0.0014670981661272923,0.3406427852063802
unanimous,pengungsirohingya,0,34,0.0014670981661272923,0.3406427852063802
unanimous,simbol,0,34,0.0014670981661272923,0.3406427852063802
unanimous,terkenal,0,34,0.0014670981661272923,0.3406427852063802
unanimous,terorisme,0,34,0.0014670981661272923,0.3406427852063802
unanimous,warganya,0,34,0.0014670981661272923,0.3406427852063802
unanimous,termasuk,0,400,0.017259978425026967,0.3402277224369676
unanimous,gege,1,4,0.0028268551236749115,0.3394606748970967
unanimous,setengah,1,4,0.0028268551236749115,0.3394606748970967
unanimous,youtube,0,194,0.00837108953613808,0.3374915361521577
unanimous,paling,1,36,0.025441696113074206,0.3373806918965118
unanimous,bangsa,1,23,0.01625441696113074,0.33480398362911373
unanimous,antar,1,5,0.0035335689045936395,0.3344689461233889
unanimous,tua,1,10,0.007067137809187279,0.3325152131621556
unanimous,guys,0,102,0.004401294498381877,0.33175359765474166
unanimous,bahwa,0,1024,0.04418554476806904,0.3315180641942168
unanimous,yakin,1,6,0.004240282685512367,0.331087376768917
unanimous,anda,1,18,0.012720848056537103,0.32994447200705734
unanimous,gereja,0,283,0.012211434735706581,0.3296432496796013
unanimous,caranya,1,2,0.0014134275618374558,0.32767515157410515
unanimous,jadilah,1,2,0.0014134275618374558,0.32767515157410515
unanimous,jawabannya,1,2,0.0014134275618374558,0.32767515157410515
unanimous,kehancuran,1,2,0.0014134275618374558,0.32767515157410515
unanimous,makam,1,2,0.0014134275618374558,0.32767515157410515
unanimous,mandarin,1,2,0.0014134275618374558,0.32767515157410515
unanimous,map,1,2,0.0014134275618374558,0.32767515157410515
unanimous,misalnya,1,2,0.0014134275618374558,0.32767515157410515
unanimous,said,1,2,0.0014134275618374558,0.32767515157410515
unanimous,sepertinya,1,2,0.0014134275618374558,0.32767515157410515
unanimous,siapa,1,25,0.0176678445229682,0.3269128152426413
unanimous,kerja,0,462,0.01993527508090615,0.3265149834306967
unanimous,selalu,1,27,0.019081272084805655,0.3264612634540509
unanimous,doang,1,9,0.0063604240282685515,0.32548550930855963
unanimous,tolak,0,169,0.007292340884573895,0.32469842991404385
unanimous,asal,0,304,0.013117583603020497,0.3243461661297082
unanimous,ak,0,56,0.0024163969795037757,0.32334238715700103
unanimous,benarkah,0,56,0.0024163969795037757,0.32334238715700103
unanimous,disebutkan,0,56,0.0024163969795037757,0.32334238715700103
unanimous,hendak,0,56,0.0024163969795037757,0.32334238715700103
unanimous,komandan,0,56,0.0024163969795037757,0.32334238715700103
unanimous,membebaskan,0,56,0.0024163969795037757,0.32334238715700103
unanimous,out,0,56,0.0024163969795037757,0.32334238715700103
unanimous,abdullah,1,3,0.0021201413427561835,0.323033367069898
unanimous,btw,1,3,0.0021201413427561835,0.323033367069898
unanimous,pajak,1,3,0.0021201413427561835,0.323033367069898
unanimous,tertulis,1,3,0.0021201413427561835,0.323033367069898
unanimous,ugm,1,3,0.0021201413427561835,0.323033367069898
unanimous,usa,1,3,0.0021201413427561835,0.323033367069898
unanimous,gerakan,0,101,0.00435814455231931,0.32190625873519646
unanimous,mahfud,0,303,0.013074433656957929,0.32101296789833017
unanimous,tetapi,1,19,0.01342756183745583,0.3205898061292731
unanimous,gunakan,1,4,0.0028268551236749115,0.32054894360918423
unanimous,menangis,1,4,0.0028268551236749115,0.32054894360918423
unanimous,terang,1,4,0.0028268551236749115,0.32054894360918423
unanimous,jadi,1,97,0.0685512367491166,0.32050218164852523
unanimous,ala,1,5,0.0035335689045936395,0.3190407578451074
unanimous,kpu,1,5,0.0035335689045936395,0.3190407578451074
unanimous,keadaan,1,7,0.0049469964664310955,0.3173871180331463
unanimous,menjaga,1,8,0.005653710247349823,0.3169203956644989
unanimous,beneran,1,9,0.0063604240282685515,0.31659253453800934
unanimous,doa,1,10,0.007067137809187279,0.3163638484085493
unanimous,2025,0,78,0.003365695792880259,0.3159724537686906
unanimous,hilang,0,78,0.003365695792880259,0.3159724537686906
unanimous,mba,0,78,0.003365695792880259,0.3159724537686906
unanimous,perbatasan,0,145,0.006256742179072276,0.31478951687308404
unanimous,pak,1,26,0.018374558303886925,0.31385757883598164
unanimous,terhadap,0,939,0.04051779935275081,0.3114708865792812
unanimous,98,0,33,0.0014239482200647249,0.31118568852311185
unanimous,blokade,0,33,0.0014239482200647249,0.31118568852311185
unanimous,dibayar,0,33,0.0014239482200647249,0.31118568852311185
unanimous,dimiliki,0,33,0.0014239482200647249,0.31118568852311185
unanimous,jelang,0,33,0.0014239482200647249,0.31118568852311185
unanimous,konsisten,0,33,0.0014239482200647249,0.31118568852311185
unanimous,menceritakan,0,33,0.0014239482200647249,0.31118568852311185
unanimous,menggempur,0,33,0.0014239482200647249,0.31118568852311185
unanimous,mulyani,0,33,0.0014239482200647249,0.31118568852311185
unanimous,pacaran,0,33,0.0014239482200647249,0.31118568852311185
unanimous,panglima,0,33,0.0014239482200647249,0.31118568852311185
unanimous,pasang,0,33,0.0014239482200647249,0.31118568852311185
unanimous,penasaran,0,33,0.0014239482200647249,0.31118568852311185
unanimous,prancis,0,33,0.0014239482200647249,0.31118568852311185
unanimous,saksikan,0,33,0.0014239482200647249,0.31118568852311185
unanimous,santai,0,33,0.0014239482200647249,0.31118568852311185
unanimous,service,0,33,0.0014239482200647249,0.31118568852311185
unanimous,stadion,0,33,0.0014239482200647249,0.31118568852311185
unanimous,tamu,0,33,0.0014239482200647249,0.31118568852311185
unanimous,terjadinya,0,33,0.0014239482200647249,0.31118568852311185
unanimous,tradisi,0,33,0.0014239482200647249,0.31118568852311185
unanimous,berharap,0,122,0.0052642934196332255,0.30948958747293104
unanimous,asing,1,9,0.0063604240282685515,0.30777718709147706
unanimous,tank,1,8,0.005653710247349823,0.30707305674495355
unanimous,balas,0,55,0.0023732470334412083,0.3054415171618321
unanimous,buah,0,55,0.0023732470334412083,0.3054415171618321
unanimous,hitam,0,55,0.0023732470334412083,0.3054415171618321
unanimous,jatim,0,55,0.0023732470334412083,0.3054415171618321
unanimous,kerusakan,0,55,0.0023732470334412083,0.3054415171618321
unanimous,maulana,0,55,0.0023732470334412083,0.3054415171618321
unanimous,nak,0,55,0.0023732470334412083,0.3054415171618321
unanimous,pj,0,55,0.0023732470334412083,0.3054415171618321
unanimous,akbar,1,6,0.004240282685512367,0.3051929071039617
unanimous,fokus,1,6,0.004240282685512367,0.3051929071039617
unanimous,pendapat,1,5,0.0035335689045936395,0.30384568151337776
unanimous,jatuh,0,77,0.0033225458468176916,0.3031084715479521
unanimous,karni,0,77,0.0033225458468176916,0.3031084715479521
unanimous,bahaya,1,4,0.0028268551236749115,0.30198664698803457
unanimous,bem,1,4,0.0028268551236749115,0.30198664698803457
unanimous,erdogan,1,4,0.0028268551236749115,0.30198664698803457
unanimous,diri,1,33,0.023321554770318022,0.3004941505764469
unanimous,rudal,1,10,0.007067137809187279,0.3004664726037663
unanimous,2016,1,3,0.0021201413427561835,0.29917949195618476
unanimous,berbahaya,1,3,0.0021201413427561835,0.29917949195618476
unanimous,muhammadiyah,1,3,0.0021201413427561835,0.29917949195618476
unanimous,not,1,3,0.0021201413427561835,0.29917949195618476
unanimous,saatnya,1,3,0.0021201413427561835,0.29917949195618476
unanimous,amerika,0,405,0.017475728155339806,0.29656922896613563
unanimous,lupa,1,16,0.011307420494699646,0.2958408747657276
unanimous,2000,1,2,0.0014134275618374558,0.2942955272971746
unanimous,bro,1,2,0.0014134275618374558,0.2942955272971746
unanimous,cadangan,1,2,0.0014134275618374558,0.2942955272971746
unanimous,dalamnya,1,2,0.0014134275618374558,0.2942955272971746
unanimous,diduduki,1,2,0.0014134275618374558,0.2942955272971746
unanimous,hokky,1,2,0.0014134275618374558,0.2942955272971746
unanimous,judi,1,2,0.0014134275618374558,0.2942955272971746
unanimous,kader,1,2,0.0014134275618374558,0.2942955272971746
unanimous,kecewa,1,2,0.0014134275618374558,0.2942955272971746
unanimous,mendoakan,1,2,0.0014134275618374558,0.2942955272971746
unanimous,panggilan,1,2,0.0014134275618374558,0.2942955272971746
unanimous,peluru,1,2,0.0014134275618374558,0.2942955272971746
unanimous,security,1,2,0.0014134275618374558,0.2942955272971746
unanimous,sep,1,2,0.0014134275618374558,0.2942955272971746
unanimous,tembak,1,2,0.0014134275618374558,0.2942955272971746
unanimous,transgender,1,2,0.0014134275618374558,0.2942955272971746
unanimous,unggahan,1,2,0.0014134275618374558,0.2942955272971746
unanimous,kelas,0,142,0.0061272923408845735,0.29382517640979394
unanimous,lakukan,1,10,0.007067137809187279,0.29261054515436596
unanimous,ambil,1,6,0.004240282685512367,0.2924912145659276
unanimous,wah,0,98,0.004228694714131607,0.29177400323100666
unanimous,jangan,1,49,0.03462897526501767,0.290182862885283
unanimous,05,0,76,0.003279395900755124,0.2900779841037353
unanimous,trs,0,76,0.003279395900755124,0.2900779841037353
unanimous,by,0,185,0.007982740021574973,0.28972271245799247
unanimous,brutal,1,5,0.0035335689045936395,0.28887675811308716
unanimous,malming,0,54,0.002330097087378641,0.28721594735418543
unanimous,menangkap,0,54,0.002330097087378641,0.28721594735418543
unanimous,pesta,0,54,0.002330097087378641,0.28721594735418543
unanimous,trauma,0,54,0.002330097087378641,0.28721594735418543
unanimous,who,0,54,0.002330097087378641,0.28721594735418543
unanimous,makan,1,24,0.01696113074204947,0.28618857333701614
unanimous,alasan,1,13,0.009187279151943463,0.2853451917376058
unanimous,dimana,1,10,0.007067137809187279,0.2848151787548662
unanimous,terbesar,0,119,0.005134843581445523,0.28456480524209465
unanimous,ilmu,1,7,0.0049469964664310955,0.284287144279474
unanimous,berdoa,1,4,0.0028268551236749115,0.28376107718038773
unanimous,kematian,1,4,0.0028268551236749115,0.28376107718038773
unanimous,menderita,1,4,0.0028268551236749115,0.28376107718038773
unanimous,medis,0,97,0.00418554476806904,0.2815265017455526
unanimous,mengecam,0,97,0.00418554476806904,0.2815265017455526
unanimous,bersyukur,0,32,0.0013807982740021575,0.28083712941795896
unanimous,demonstrasi,0,32,0.0013807982740021575,0.28083712941795896
unanimous,diantaranya,0,32,0.0013807982740021575,0.28083712941795896
unanimous,dri,0,32,0.0013807982740021575,0.28083712941795896
unanimous,eskalasi,0,32,0.0013807982740021575,0.28083712941795896
unanimous,kirimkan,0,32,0.0013807982740021575,0.28083712941795896
unanimous,menembakkan,0,32,0.0013807982740021575,0.28083712941795896
unanimous,mengamankan,0,32,0.0013807982740021575,0.28083712941795896
unanimous,menu,0,32,0.0013807982740021575,0.28083712941795896
unanimous,nemu,0,32,0.0013807982740021575,0.28083712941795896
unanimous,ormas,0,32,0.0013807982740021575,0.28083712941795896
unanimous,reels,0,32,0.0013807982740021575,0.28083712941795896
unanimous,refugees,0,32,0.0013807982740021575,0.28083712941795896
unanimous,safaruddin,0,32,0.0013807982740021575,0.28083712941795896
unanimous,sebenernya,0,32,0.0013807982740021575,0.28083712941795896
unanimous,sisa,0,32,0.0013807982740021575,0.28083712941795896
unanimous,tertarik,0,32,0.0013807982740021575,0.28083712941795896
unanimous,mata,1,29,0.02049469964664311,0.27801763212185643
unanimous,harapan,0,75,0.003236245954692557,0.27687660948292725
unanimous,jenis,0,75,0.003236245954692557,0.27687660948292725
unanimous,sesuatu,0,75,0.003236245954692557,0.27687660948292725
unanimous,sobat,0,75,0.003236245954692557,0.27687660948292725
unanimous,tugas,0,75,0.003236245954692557,0.27687660948292725
unanimous,lalu,0,589,0.02541531823085221,0.27596036040580463
unanimous,badai,1,3,0.0021201413427561835,0.2758794015033189
unanimous,harap,1,3,0.0021201413427561835,0.2758794015033189
unanimous,terpaksa,1,3,0.0021201413427561835,0.2758794015033189
unanimous,nama,0,268,0.011564185544768069,0.27462701860323285
unanimous,ingin,1,23,0.01625441696113074,0.27439451533945747
unanimous,di,0,8597,0.37096008629989213,0.27356210274206927
unanimous,pulang,1,7,0.0049469964664310955,0.27349103057797897
unanimous,perjuangan,0,139,0.005997842502696872,0.27241754136584134
unanimous,dah,1,20,0.014134275618374558,0.2720315241391606
unanimous,anak,1,65,0.045936395759717315,0.27117928057427604
unanimous,tujuan,1,10,0.007067137809187279,0.2694024234378963
unanimous,angin,0,53,0.0022869471413160735,0.2686536507330358
unanimous,artis,0,53,0.0022869471413160735,0.2686536507330358
unanimous,berperang,0,53,0.0022869471413160735,0.2686536507330358
unanimous,markas,0,53,0.0022869471413160735,0.2686536507330358
unanimous,polri,0,53,0.0022869471413160735,0.2686536507330358
unanimous,terkena,0,53,0.0022869471413160735,0.2686536507330358
unanimous,war,0,53,0.0022869471413160735,0.2686536507330358
unanimous,kami,0,795,0.0343042071197411,0.2674358222727477
unanimous,buta,1,54,0.03816254416961131,0.2665621004425068
unanimous,era,1,4,0.0028268551236749115,0.26586020718521886
unanimous,gendut,0,223,0.009622437971952535,0.2650024052188772
unanimous,masing,0,74,0.0031930960086299894,0.26349979044411204
unanimous,tutup,0,74,0.0031930960086299894,0.26349979044411204
unanimous,gw,1,30,0.02120141342756184,0.26346818775313846
unanimous,125,1,2,0.0014134275618374558,0.2619914592029473
unanimous,dipakai,1,2,0.0014134275618374558,0.2619914592029473
unanimous,gama,1,2,0.0014134275618374558,0.2619914592029473
unanimous,katakan,1,2,0.0014134275618374558,0.2619914592029473
unanimous,kristiani,1,2,0.0014134275618374558,0.2619914592029473
unanimous,lansia,1,2,0.0014134275618374558,0.2619914592029473
unanimous,membantah,1,2,0.0014134275618374558,0.2619914592029473
unanimous,memegang,1,2,0.0014134275618374558,0.2619914592029473
unanimous,mesti,1,2,0.0014134275618374558,0.2619914592029473
unanimous,pemukim,1,2,0.0014134275618374558,0.2619914592029473
unanimous,prajurit,1,2,0.0014134275618374558,0.2619914592029473
unanimous,whoosh,1,2,0.0014134275618374558,0.2619914592029473
unanimous,coba,1,10,0.007067137809187279,0.26178323438555046
unanimous,al,1,66,0.046643109540636045,0.26104084432195407
unanimous,sasaran,0,95,0.004099244875943905,0.2607137142384121
unanimous,sedikit,0,95,0.004099244875943905,0.2607137142384121
unanimous,tenaga,1,5,0.0035335689045936395,0.25959105143548455
unanimous,cukup,1,14,0.009893992932862191,0.2595589661039135
unanimous,jawa,0,264,0.011391585760517799,0.2594427558954789
unanimous,mengungsi,1,8,0.005653710247349823,0.25922828546279564
unanimous,mobil,0,137,0.005911542610571737,0.25789004223540923
unanimous,sehat,0,158,0.006817691477885653,0.25712208492949695
unanimous,tidur,0,158,0.006817691477885653,0.25712208492949695
unanimous,tangan,1,13,0.009187279151943463,0.25553990938934723
unanimous,bahkan,1,27,0.019081272084805655,0.25447960247930546
unanimous,alwi,1,3,0.0021201413427561835,0.2531079202683983
unanimous,kayaknya,1,3,0.0021201413427561835,0.2531079202683983
unanimous,kucing,1,3,0.0021201413427561835,0.2531079202683983
unanimous,menjawab,1,3,0.0021201413427561835,0.2531079202683983
unanimous,menuduh,1,3,0.0021201413427561835,0.2531079202683983
unanimous,nikah,1,3,0.0021201413427561835,0.2531079202683983
unanimous,gimana,1,16,0.011307420494699646,0.2517527876136103
unanimous,jawab,0,199,0.008586839266450918,0.2511548322037291
unanimous,mengaku,1,12,0.008480565371024734,0.2509269552949142
unanimous,agar,0,512,0.02209277238403452,0.2502541945798222
unanimous,bertambah,0,73,0.003149946062567422,0.24994278498182357
unanimous,model,0,73,0.003149946062567422,0.24994278498182357
unanimous,apapun,1,8,0.005653710247349823,0.24992560995462199
unanimous,ancam,0,52,0.002243797195253506,0.2497419194451231
unanimous,bertindak,0,52,0.002243797195253506,0.2497419194451231
unanimous,takut,1,13,0.009187279151943463,0.2496824688231727
unanimous,bjir,0,31,0.00133764832793959,0.24954137817102015
unanimous,dialami,0,31,0.00133764832793959,0.24954137817102015
unanimous,gmail,0,31,0.00133764832793959,0.24954137817102015
unanimous,innalillahi,0,31,0.00133764832793959,0.24954137817102015
unanimous,max,0,31,0.00133764832793959,0.24954137817102015
unanimous,memakan,0,31,0.00133764832793959,0.24954137817102015
unanimous,nambah,0,31,0.00133764832793959,0.24954137817102015
unanimous,nantinya,0,31,0.00133764832793959,0.24954137817102015
unanimous,press,0,31,0.00133764832793959,0.24954137817102015
unanimous,rio,0,31,0.00133764832793959,0.24954137817102015
unanimous,semenjak,0,31,0.00133764832793959,0.24954137817102015
unanimous,shop,0,31,0.00133764832793959,0.24954137817102015
unanimous,suaka,0,31,0.00133764832793959,0.24954137817102015
unanimous,terdampar,0,31,0.00133764832793959,0.24954137817102015
unanimous,that,0,31,0.00133764832793959,0.24954137817102015
unanimous,urut,0,31,0.00133764832793959,0.24954137817102015
unanimous,women,0,31,0.00133764832793959,0.24954137817102015
unanimous,berdiri,1,4,0.0028268551236749115,0.2482726430682791
unanimous,congratulations,1,4,0.0028268551236749115,0.2482726430682791
unanimous,ka,1,4,0.0028268551236749115,0.2482726430682791
unanimous,you,0,261,0.011262135922330097,0.2479048580621999
unanimous,guru,1,10,0.007067137809187279,0.24671488463230729
unanimous,hamas,0,1537,0.06632146709816612,0.24642812968422162
unanimous,buka,0,198,0.00854368932038835,0.246086174218397
unanimous,jerman,1,5,0.0035335689045936395,0.24526181538595865
unanimous,mengusir,1,5,0.0035335689045936395,0.24526181538595865
unanimous,kristen,1,67,0.04734982332155477,0.24413638060008389
unanimous,dpr,0,93,0.00401294498381877,0.23946225356512843
unanimous,setidaknya,0,93,0.00401294498381877,0.23946225356512843
unanimous,tak,1,59,0.04169611307420495,0.23931534919785133
unanimous,eropa,1,10,0.007067137809187279,0.2392640424603802
unanimous,tiap,1,10,0.007067137809187279,0.2392640424603802
unanimous,co,1,41,0.028975265017667843,0.23842372522657782
unanimous,berangkat,0,72,0.0031067961165048546,0.2362006562017184
unanimous,menangkan,0,72,0.0031067961165048546,0.2362006562017184
unanimous,md,0,175,0.007551240560949299,0.23387200561806515
unanimous,nangis,0,113,0.0048759439050701184,0.23279107434220012
unanimous,la,1,8,0.005653710247349823,0.23157355614847513
unanimous,sedih,1,6,0.004240282685512367,0.23128019541034767
unanimous,tempur,1,6,0.004240282685512367,0.23128019541034767
unanimous,be,1,4,0.0028268551236749115,0.2309875802967128
unanimous,menyelamatkan,1,4,0.0028268551236749115,0.2309875802967128
unanimous,ampe,1,3,0.0021201413427561835,0.23084155145739638
unanimous,dikatakan,1,3,0.0021201413427561835,0.23084155145739638
unanimous,kl,1,3,0.0021201413427561835,0.23084155145739638
unanimous,malu,1,3,0.0021201413427561835,0.23084155145739638
unanimous,mengadakan,1,3,0.0021201413427561835,0.23084155145739638
unanimous,nyari,1,3,0.0021201413427561835,0.23084155145739638
unanimous,prestasi,1,3,0.0021201413427561835,0.23084155145739638
unanimous,menunjukkan,0,195,0.008414239482200648,0.2307268995323144
unanimous,bangkit,1,2,0.0014134275618374558,0.23069570795600855
unanimous,bi,1,2,0.0014134275618374558,0.23069570795600855
unanimous,fisip,1,2,0.0014134275618374558,0.23069570795600855
unanimous,hindu,1,2,0.0014134275618374558,0.23069570795600855
unanimous,kedutaan,1,2,0.0014134275618374558,0.23069570795600855
unanimous,manajemen,1,2,0.0014134275618374558,0.23069570795600855
unanimous,nct,1,2,0.0014134275618374558,0.23069570795600855
unanimous,penelitian,1,2,0.0014134275618374558,0.23069570795600855
unanimous,sedekah,1,2,0.0014134275618374558,0.23069570795600855
unanimous,td,1,2,0.0014134275618374558,0.23069570795600855
unanimous,600,0,51,0.0022006472491909383,0.23046731240392668
unanimous,gede,0,51,0.0022006472491909383,0.23046731240392668
unanimous,lahir,0,92,0.003969795037756203,0.22866613986363346
unanimous,temen,1,9,0.0063604240282685515,0.2236125770011788
unanimous,beliau,1,8,0.005653710247349823,0.22252113047230646
unanimous,artinya,1,6,0.004240282685512367,0.21947204691463995
unanimous,buku,1,6,0.004240282685512367,0.21947204691463995
unanimous,debat,1,6,0.004240282685512367,0.21947204691463995
unanimous,bu,0,91,0.003926645091693636,0.2177531475782043
unanimous,bikin,1,27,0.019081272084805655,0.21749131127694443
unanimous,97,0,30,0.0012944983818770227,0.21723731007679287
unanimous,akibatnya,0,30,0.0012944983818770227,0.21723731007679287
unanimous,cahaya,0,30,0.0012944983818770227,0.21723731007679287
unanimous,dapur,0,30,0.0012944983818770227,0.21723731007679287
unanimous,heboh,0,30,0.0012944983818770227,0.21723731007679287
unanimous,maret,0,30,0.0012944983818770227,0.21723731007679287
unanimous,maya,0,30,0.0012944983818770227,0.21723731007679287
unanimous,meluncurkan,0,30,0.0012944983818770227,0.21723731007679287
unanimous,memanfaatkan,0,30,0.0012944983818770227,0.21723731007679287
unanimous,monas,0,30,0.0012944983818770227,0.21723731007679287
unanimous,ngobrol,0,30,0.0012944983818770227,0.21723731007679287
unanimous,pangkalan,0,30,0.0012944983818770227,0.21723731007679287
unanimous,pgn,0,30,0.0012944983818770227,0.21723731007679287
unanimous,potret,0,30,0.0012944983818770227,0.21723731007679287
unanimous,rencananya,0,30,0.0012944983818770227,0.21723731007679287
unanimous,rombongan,0,30,0.0012944983818770227,0.21723731007679287
unanimous,sosmed,0,30,0.0012944983818770227,0.21723731007679287
unanimous,sulawesi,0,30,0.0012944983818770227,0.21723731007679287
unanimous,woi,0,30,0.0012944983818770227,0.21723731007679287
unanimous,donasi,1,5,0.0035335689045936395,0.21720140011988398
unanimous,seharusnya,1,5,0.0035335689045936395,0.21720140011988398
unanimous,hanya,1,57,0.040282685512367494,0.21710951219160357
unanimous,sebagian,1,14,0.009893992932862191,0.2165378248873259
unanimous,jual,0,111,0.004789644012944984,0.2149261112137445
unanimous,pilihan,0,111,0.004789644012944984,0.2149261112137445
unanimous,mangga,1,4,0.0028268551236749115,0.21399476377468793
unanimous,pemboman,1,4,0.0028268551236749115,0.21399476377468793
unanimous,your,1,4,0.0028268551236749115,0.21399476377468793
unanimous,kawasan,0,131,0.0056526429341963325,0.2130125770315706
unanimous,lawan,1,11,0.0077738515901060075,0.21201650519901216
unanimous,like,0,151,0.0065156418554476805,0.21164904636246573
unanimous,membuka,1,7,0.0049469964664310955,0.21103485173670075
unanimous,suatu,1,7,0.0049469964664310955,0.21103485173670075
unanimous,diakui,0,50,0.002157497303128371,0.21081559777230047
unanimous,dosen,0,50,0.002157497303128371,0.21081559777230047
unanimous,ganjarmahfud2024,0,50,0.002157497303128371,0.21081559777230047
unanimous,kerap,0,50,0.002157497303128371,0.21081559777230047
unanimous,keselamatan,0,50,0.002157497303128371,0.21081559777230047
unanimous,menambah,0,50,0.002157497303128371,0.21081559777230047
unanimous,narasi,0,50,0.002157497303128371,0.21081559777230047
unanimous,pemilihan,0,50,0.002157497303128371,0.21081559777230047
unanimous,siapapun,0,50,0.002157497303128371,0.21081559777230047
unanimous,ribuan,0,211,0.009104638619201726,0.20929330740870497
unanimous,bangga,1,3,0.0021201413427561835,0.2090583309256095
unanimous,didukung,1,3,0.0021201413427561835,0.2090583309256095
unanimous,edisi,1,3,0.0021201413427561835,0.2090583309256095
unanimous,kerjaan,1,3,0.0021201413427561835,0.2090583309256095
unanimous,menyuarakan,1,3,0.0021201413427561835,0.2090583309256095
unanimous,z,1,3,0.0021201413427561835,0.2090583309256095
unanimous,mencoba,0,70,0.0030204962243797194,0.2081402409356437
unanimous,tambah,0,70,0.0030204962243797194,0.2081402409356437
unanimous,team,0,70,0.0030204962243797194,0.2081402409356437
unanimous,namanya,1,6,0.004240282685512367,0.20780070012782942
unanimous,no,0,331,0.014282632146709816,0.207672070544305
unanimous,keluar,1,12,0.008480565371024734,0.20767139219639172
unanimous,waktu,0,411,0.01773462783171521,0.20743460296198124
unanimous,terkini,0,90,0.003883495145631068,0.2067207078306293
unanimous,terluka,0,110,0.004746494066882417,0.20587368553757587
unanimous,biar,1,16,0.011307420494699646,0.2049052152571259
unanimous,berat,0,170,0.007335490830636462,0.20475089648220193
unanimous,at,1,8,0.005653710247349823,0.20465616734385098
unanimous,sebagai,0,1062,0.0458252427184466,0.2018312126985173
unanimous,postingan,1,7,0.0049469964664310955,0.2009914333353746
unanimous,dikira,1,2,0.0014134275618374558,0.20034714885085567
unanimous,fosfor,1,2,0.0014134275618374558,0.20034714885085567
unanimous,insya,1,2,0.0014134275618374558,0.20034714885085567
unanimous,jerusalem,1,2,0.0014134275618374558,0.20034714885085567
unanimous,lanjutkan,1,2,0.0014134275618374558,0.20034714885085567
unanimous,modal,1,2,0.0014134275618374558,0.20034714885085567
unanimous,perihal,1,2,0.0014134275618374558,0.20034714885085567
unanimous,pidato,1,2,0.0014134275618374558,0.20034714885085567
unanimous,pola,1,2,0.0014134275618374558,0.20034714885085567
unanimous,warganet,1,2,0.0014134275618374558,0.20034714885085567
unanimous,dibilang,1,4,0.0028268551236749115,0.19728445120987093
unanimous,km,1,4,0.0028268551236749115,0.19728445120987093
unanimous,semuanya,1,6,0.004240282685512367,0.19626301003467017
unanimous,g,1,10,0.007067137809187279,0.1956755207686215
unanimous,luas,0,89,0.0038403451995685004,0.19556616610996125
unanimous,berbicara,0,69,0.002977346278317152,0.19381100488611772
unanimous,gunung,0,69,0.002977346278317152,0.19381100488611772
unanimous,tikus,0,69,0.002977346278317152,0.19381100488611772
unanimous,pelaku,1,9,0.0063604240282685515,0.19181584901405838
unanimous,barat,0,385,0.016612729234088457,0.19175205137272472
unanimous,dana,0,148,0.006386192017259979,0.19151809215452614
unanimous,250,0,49,0.0021143473570658035,0.19077168969227798
unanimous,51,0,49,0.0021143473570658035,0.19077168969227798
unanimous,kerjasama,0,49,0.0021143473570658035,0.19077168969227798
unanimous,gangguan,1,5,0.0035335689045936395,0.18990226587749034
unanimous,komentar,1,10,0.007067137809187279,0.188589824059673
unanimous,ad,1,3,0.0021201413427561835,0.1877376967136935
unanimous,intelijen,1,3,0.0021201413427561835,0.1877376967136935
unanimous,mengebom,1,3,0.0021201413427561835,0.1877376967136935
unanimous,dibuat,0,108,0.004660194174757282,0.18752163173142902
unanimous,digunakan,0,108,0.004660194174757282,0.18752163173142902
unanimous,gambar,0,108,0.004660194174757282,0.18752163173142902
unanimous,pendudukan,0,108,0.004660194174757282,0.18752163173142902
unanimous,sisi,0,108,0.004660194174757282,0.18752163173142902
unanimous,palestina,1,186,0.1314487632508834,0.18506717164916822
unanimous,berkomitmen,0,29,0.0012513484358144553,0.18385768579986236
unanimous,check,0,29,0.0012513484358144553,0.18385768579986236
unanimous,cikarang,0,29,0.0012513484358144553,0.18385768579986236
unanimous,doakan,0,29,0.0012513484358144553,0.18385768579986236
unanimous,dukungannya,0,29,0.0012513484358144553,0.18385768579986236
unanimous,engkau,0,29,0.0012513484358144553,0.18385768579986236
unanimous,faisal,0,29,0.0012513484358144553,0.18385768579986236
unanimous,kurus,0,29,0.0012513484358144553,0.18385768579986236
unanimous,menempati,0,29,0.0012513484358144553,0.18385768579986236
unanimous,motivasi,0,29,0.0012513484358144553,0.18385768579986236
unanimous,mulia,0,29,0.0012513484358144553,0.18385768579986236
unanimous,pelajar,0,29,0.0012513484358144553,0.18385768579986236
unanimous,pengaruh,0,29,0.0012513484358144553,0.18385768579986236
unanimous,penumpang,0,29,0.0012513484358144553,0.18385768579986236
unanimous,pinggir,0,29,0.0012513484358144553,0.18385768579986236
unanimous,rejim,0,29,0.0012513484358144553,0.18385768579986236
unanimous,sejati,0,29,0.0012513484358144553,0.18385768579986236
unanimous,sharing,0,29,0.0012513484358144553,0.18385768579986236
unanimous,sidoarjo,0,29,0.0012513484358144553,0.18385768579986236
unanimous,skrng,0,29,0.0012513484358144553,0.18385768579986236
unanimous,stres,0,29,0.0012513484358144553,0.18385768579986236
unanimous,tegaskan,0,29,0.0012513484358144553,0.18385768579986236
unanimous,zonauang,0,29,0.0012513484358144553,0.18385768579986236
unanimous,zone,0,29,0.0012513484358144553,0.18385768579986236
unanimous,menyerang,1,12,0.008480565371024734,0.18375754854169105
unanimous,banget,0,733,0.03162891046386192,0.18352613343967925
unanimous,masih,1,62,0.04381625441696113,0.18265717040398682
unanimous,jurnalis,0,127,0.005480043149946063,0.18194852786570068
unanimous,produk,1,28,0.019787985865724382,0.18109692009306128
unanimous,_,1,4,0.0028268551236749115,0.1808473794830737
unanimous,apabila,1,4,0.0028268551236749115,0.1808473794830737
unanimous,gas,1,4,0.0028268551236749115,0.1808473794830737
unanimous,mega,1,4,0.0028268551236749115,0.1808473794830737
unanimous,terimakasih,1,4,0.0028268551236749115,0.1808473794830737
unanimous,105,1,1,0.0007067137809187279,0.1804964435121858
unanimous,2017,1,1,0.0007067137809187279,0.1804964435121858
unanimous,available,1,1,0.0007067137809187279,0.1804964435121858
unanimous,batak,1,1,0.0007067137809187279,0.1804964435121858
unanimous,bertempur,1,1,0.0007067137809187279,0.1804964435121858
unanimous,besarnya,1,1,0.0007067137809187279,0.1804964435121858
unanimous,dek,1,1,0.0007067137809187279,0.1804964435121858
unanimous,haha,1,1,0.0007067137809187279,0.1804964435121858
unanimous,hindari,1,1,0.0007067137809187279,0.1804964435121858
unanimous,icc,1,1,0.0007067137809187279,0.1804964435121858
unanimous,ilang,1,1,0.0007067137809187279,0.1804964435121858
unanimous,joshua,1,1,0.0007067137809187279,0.1804964435121858
unanimous,keluarkan,1,1,0.0007067137809187279,0.1804964435121858
unanimous,kesatuan,1,1,0.0007067137809187279,0.1804964435121858
unanimous,keuntungan,1,1,0.0007067137809187279,0.1804964435121858
unanimous,kompetisi,1,1,0.0007067137809187279,0.1804964435121858
unanimous,lelaki,1,1,0.0007067137809187279,0.1804964435121858
unanimous,lgi,1,1,0.0007067137809187279,0.1804964435121858
unanimous,makhluk,1,1,0.0007067137809187279,0.1804964435121858
unanimous,masker,1,1,0.0007067137809187279,0.1804964435121858
unanimous,mempromosikan,1,1,0.0007067137809187279,0.1804964435121858
unanimous,mengibarkan,1,1,0.0007067137809187279,0.1804964435121858
unanimous,menuai,1,1,0.0007067137809187279,0.1804964435121858
unanimous,ozil,1,1,0.0007067137809187279,0.1804964435121858
unanimous,pastinya,1,1,0.0007067137809187279,0.1804964435121858
unanimous,pemprov,1,1,0.0007067137809187279,0.1804964435121858
unanimous,proud,1,1,0.0007067137809187279,0.1804964435121858
unanimous,refugee,1,1,0.0007067137809187279,0.1804964435121858
unanimous,rocket,1,1,0.0007067137809187279,0.1804964435121858
unanimous,samsul,1,1,0.0007067137809187279,0.1804964435121858
unanimous,sandi,1,1,0.0007067137809187279,0.1804964435121858
unanimous,seberapa,1,1,0.0007067137809187279,0.1804964435121858
unanimous,seketika,1,1,0.0007067137809187279,0.1804964435121858
unanimous,slamet,1,1,0.0007067137809187279,0.1804964435121858
unanimous,telinga,1,1,0.0007067137809187279,0.1804964435121858
unanimous,tiba2,1,1,0.0007067137809187279,0.1804964435121858
unanimous,tk,1,1,0.0007067137809187279,0.1804964435121858
unanimous,transit,1,1,0.0007067137809187279,0.1804964435121858
unanimous,menang,0,205,0.008845738942826321,0.1802531041503074
unanimous,hotel,0,68,0.0029341963322545845,0.17927472065447494
unanimous,pemerintahan,0,68,0.0029341963322545845,0.17927472065447494
unanimous,sangat,1,32,0.022614840989399292,0.17884780903648415
unanimous,nih,1,20,0.014134275618374558,0.17793637161152706
unanimous,mengambil,0,146,0.006299892125134844,0.17787171346422112
unanimous,yaitu,1,12,0.008480565371024734,0.177866109848133
unanimous,warga,0,1363,0.058813376483279396,0.1764799836895978
unanimous,lewat,0,165,0.007119741100323625,0.17476947885862018
unanimous,listrik,0,126,0.005436893203883495,0.17403108560460004
unanimous,meninggal,0,126,0.005436893203883495,0.17403108560460004
unanimous,aturan,1,6,0.004240282685512367,0.173576551154733
unanimous,nusantara,1,6,0.004240282685512367,0.173576551154733
unanimous,katanya,1,11,0.0077738515901060075,0.17316587066957173
unanimous,kehilangan,0,87,0.0037540453074433656,0.172879707230024
unanimous,sambil,1,7,0.0049469964664310955,0.17144753166014554
unanimous,gua,1,19,0.01342756183745583,0.17129768189676395
unanimous,kasih,1,19,0.01342756183745583,0.17129768189676395
unanimous,pemilu,0,145,0.006256742179072276,0.17097894999467067
unanimous,1948,1,2,0.0014134275618374558,0.1708900521675872
unanimous,dikuasai,1,2,0.0014134275618374558,0.1708900521675872
unanimous,dubai,1,2,0.0014134275618374558,0.1708900521675872
unanimous,kayanya,1,2,0.0014134275618374558,0.1708900521675872
unanimous,kh,1,2,0.0014134275618374558,0.1708900521675872
unanimous,lancar,1,2,0.0014134275618374558,0.1708900521675872
unanimous,people,1,2,0.0014134275618374558,0.1708900521675872
unanimous,puas,1,2,0.0014134275618374558,0.1708900521675872
unanimous,seneng,1,2,0.0014134275618374558,0.1708900521675872
unanimous,shalat,1,2,0.0014134275618374558,0.1708900521675872
unanimous,singapura,1,2,0.0014134275618374558,0.1708900521675872
unanimous,spanyol,1,2,0.0014134275618374558,0.1708900521675872
unanimous,tembok,1,2,0.0014134275618374558,0.1708900521675872
unanimous,turkmenistan,1,2,0.0014134275618374558,0.1708900521675872
unanimous,gaza,0,2471,0.1066235167206041,0.17047393639747757
unanimous,politik,0,377,0.016267529665587917,0.170430465199984
unanimous,bandara,0,48,0.002071197411003236,0.17031957855745375
unanimous,cowok,0,48,0.002071197411003236,0.17031957855745375
unanimous,kak,0,48,0.002071197411003236,0.17031957855745375
unanimous,kdrt,0,48,0.002071197411003236,0.17031957855745375
unanimous,konvensi,0,48,0.002071197411003236,0.17031957855745375
unanimous,kudus,0,48,0.002071197411003236,0.17031957855745375
unanimous,sendirian,0,48,0.002071197411003236,0.17031957855745375
unanimous,ternyata,1,21,0.014840989399293287,0.17030038698444966
unanimous,t,1,49,0.03462897526501767,0.16966218108538814
unanimous,beragama,0,106,0.004573894282632147,0.16882974558878996
unanimous,seperti,1,48,0.03392226148409894,0.16818984063654527
unanimous,bab,1,3,0.0021201413427561835,0.16686037217680816
unanimous,berkembang,1,3,0.0021201413427561835,0.16686037217680816
unanimous,harusnya,1,3,0.0021201413427561835,0.16686037217680816
unanimous,jejak,1,3,0.0021201413427561835,0.16686037217680816
unanimous,kemampuan,1,3,0.0021201413427561835,0.16686037217680816
unanimous,matanya,1,3,0.0021201413427561835,0.16686037217680816
unanimous,pasal,1,3,0.0021201413427561835,0.16686037217680816
unanimous,penjara,1,3,0.0021201413427561835,0.16686037217680816
unanimous,masuk,1,33,0.023321554770318022,0.16517730327164779
unanimous,1000,1,4,0.0028268551236749115,0.16467473373039196
unanimous,dikenal,0,67,0.002891046386192017,0.16452529820851527
unanimous,masak,0,67,0.002891046386192017,0.16452529820851527
unanimous,melindungi,0,67,0.002891046386192017,0.16452529820851527
unanimous,syahid,0,67,0.002891046386192017,0.16452529820851527
unanimous,melawan,1,16,0.011307420494699646,0.164507740862357
unanimous,guna,1,5,0.0035335689045936395,0.16332407221786707
unanimous,berbeda,1,6,0.004240282685512367,0.16242200943406485
unanimous,disini,1,7,0.0049469964664310955,0.1617887303809464
unanimous,gelap,0,86,0.003710895361380798,0.1613420171368648
unanimous,ahmad,1,9,0.0063604240282685515,0.1609885382452428
unanimous,sampe,0,335,0.014455231930960086,0.1602860331753858
unanimous,senjata,0,296,0.012772384034519958,0.15779519710464485
unanimous,sedang,0,467,0.020151024811218984,0.1563692294239627
unanimous,tanpa,1,29,0.02049469964664311,0.15560521487987428
unanimous,pasukan,1,25,0.0176678445229682,0.15461418284171818
unanimous,ku,1,10,0.007067137809187279,0.1538865492945852
unanimous,parah,1,6,0.004240282685512367,0.15138956968648987
unanimous,sang,1,6,0.004240282685512367,0.15138956968648987
unanimous,ajak,1,5,0.0035335689045936395,0.15029358477365026
unanimous,bawa,0,123,0.0053074433656957925,0.1498997873073114
unanimous,isu,0,123,0.0053074433656957925,0.1498997873073114
unanimous,pergi,0,104,0.004487594390507012,0.14978514104851673
unanimous,raja,0,85,0.003667745415318231,0.14967067035005413
unanimous,ancaman,0,66,0.0028478964401294497,0.1495563748082247
unanimous,channel,0,66,0.0028478964401294497,0.1495563748082247
unanimous,ukraina,0,66,0.0028478964401294497,0.1495563748082247
unanimous,aktor,0,47,0.0020280474649406687,0.14944225402056827
unanimous,are,0,47,0.0020280474649406687,0.14944225402056827
unanimous,berupa,0,47,0.0020280474649406687,0.14944225402056827
unanimous,iphone,0,47,0.0020280474649406687,0.14944225402056827
unanimous,jan,0,47,0.0020280474649406687,0.14944225402056827
unanimous,memerangi,0,47,0.0020280474649406687,0.14944225402056827
unanimous,pembebasan,0,47,0.0020280474649406687,0.14944225402056827
unanimous,uda,0,47,0.0020280474649406687,0.14944225402056827
unanimous,64,0,28,0.0012081984897518879,0.14932830758585994
unanimous,beit,0,28,0.0012081984897518879,0.14932830758585994
unanimous,dinasti,0,28,0.0012081984897518879,0.14932830758585994
unanimous,gudang,0,28,0.0012081984897518879,0.14932830758585994
unanimous,hospital,0,28,0.0012081984897518879,0.14932830758585994
unanimous,humaniter,0,28,0.0012081984897518879,0.14932830758585994
unanimous,janda,0,28,0.0012081984897518879,0.14932830758585994
unanimous,jari,0,28,0.0012081984897518879,0.14932830758585994
unanimous,kangen,0,28,0.0012081984897518879,0.14932830758585994
unanimous,karina,0,28,0.0012081984897518879,0.14932830758585994
unanimous,khas,0,28,0.0012081984897518879,0.14932830758585994
unanimous,konteks,0,28,0.0012081984897518879,0.14932830758585994
unanimous,kuota,0,28,0.0012081984897518879,0.14932830758585994
unanimous,lurus,0,28,0.0012081984897518879,0.14932830758585994
unanimous,mall,0,28,0.0012081984897518879,0.14932830758585994
unanimous,mencerminkan,0,28,0.0012081984897518879,0.14932830758585994
unanimous,mie,0,28,0.0012081984897518879,0.14932830758585994
unanimous,mitra,0,28,0.0012081984897518879,0.14932830758585994
unanimous,ngerjain,0,28,0.0012081984897518879,0.14932830758585994
unanimous,padang,0,28,0.0012081984897518879,0.14932830758585994
unanimous,penonton,0,28,0.0012081984897518879,0.14932830758585994
unanimous,president,0,28,0.0012081984897518879,0.14932830758585994
unanimous,sby,0,28,0.0012081984897518879,0.14932830758585994
unanimous,strategis,0,28,0.0012081984897518879,0.14932830758585994
unanimous,tujuannya,0,28,0.0012081984897518879,0.14932830758585994
unanimous,vidio,0,28,0.0012081984897518879,0.14932830758585994
unanimous,malem,1,4,0.0028268551236749115,0.14875811887946438
unanimous,lagi,1,77,0.05441696113074205,0.14872328231551551
unanimous,yang,0,6066,0.26174757281553396,0.14839448835048827
unanimous,jika,1,39,0.02756183745583039,0.1483928269434295
unanimous,mesir,1,10,0.007067137809187279,0.1470863414365275
unanimous,tka,1,10,0.007067137809187279,0.1470863414365275
unanimous,lina,1,3,0.0021201413427561835,0.14640826104198382
unanimous,th,1,3,0.0021201413427561835,0.14640826104198382
unanimous,satunya,1,8,0.005653710247349823,0.1445056822269288
unanimous,bicara,0,160,0.006903991370010788,0.14387495811030557
unanimous,bakal,0,254,0.010960086299892126,0.14279217422962326
unanimous,berencana,1,2,0.0014134275618374558,0.14227346637924376
unanimous,diplomasi,1,2,0.0014134275618374558,0.14227346637924376
unanimous,home,1,2,0.0014134275618374558,0.14227346637924376
unanimous,individu,1,2,0.0014134275618374558,0.14227346637924376
unanimous,kerajaan,1,2,0.0014134275618374558,0.14227346637924376
unanimous,lemah,1,2,0.0014134275618374558,0.14227346637924376
unanimous,mendengar,1,2,0.0014134275618374558,0.14227346637924376
unanimous,mesjid,1,2,0.0014134275618374558,0.14227346637924376
unanimous,ngeri,1,2,0.0014134275618374558,0.14227346637924376
unanimous,subuh,1,2,0.0014134275618374558,0.14227346637924376
unanimous,terus,0,779,0.033613807982740024,0.1421445932316507
unanimous,kamu,1,27,0.019081272084805655,0.14205694169044195
unanimous,keluarga,0,310,0.0133764832793959,0.1413093260863883
unanimous,awal,0,216,0.009320388349514564,0.1411930854247426
unanimous,dan,1,436,0.30812720848056535,0.14065961592233006
unanimous,budaya,1,6,0.004240282685512367,0.1404765774010608
unanimous,hampir,0,197,0.008500539374325782,0.14019744240342485
unanimous,disebut,0,178,0.007680690399137001,0.13901563719179788
unanimous,tidak,1,148,0.10459363957597173,0.13838436231867376
unanimous,alias,0,84,0.0036245954692556634,0.13786252185434647
unanimous,peringatan,0,84,0.0036245954692556634,0.13786252185434647
unanimous,membuat,1,25,0.0176678445229682,0.13496973454915107
unanimous,saudi,1,10,0.007067137809187279,0.13362135904229105
unanimous,rencana,0,121,0.005221143473570658,0.1334861392971181
unanimous,begitu,0,177,0.007637540453074434,0.13335416284565116
unanimous,sosok,1,4,0.0028268551236749115,0.13308953340974475
unanimous,1951,1,1,0.0007067137809187279,0.13282520730634068
unanimous,angga,1,1,0.0007067137809187279,0.13282520730634068
unanimous,arabia,1,1,0.0007067137809187279,0.13282520730634068
unanimous,asa,1,1,0.0007067137809187279,0.13282520730634068
unanimous,bersumpah,1,1,0.0007067137809187279,0.13282520730634068
unanimous,binaan,1,1,0.0007067137809187279,0.13282520730634068
unanimous,campuran,1,1,0.0007067137809187279,0.13282520730634068
unanimous,cuci,1,1,0.0007067137809187279,0.13282520730634068
unanimous,dekade,1,1,0.0007067137809187279,0.13282520730634068
unanimous,dicari,1,1,0.0007067137809187279,0.13282520730634068
unanimous,disediakan,1,1,0.0007067137809187279,0.13282520730634068
unanimous,ditembakkan,1,1,0.0007067137809187279,0.13282520730634068
unanimous,diterapkan,1,1,0.0007067137809187279,0.13282520730634068
unanimous,eksekutif,1,1,0.0007067137809187279,0.13282520730634068
unanimous,exo,1,1,0.0007067137809187279,0.13282520730634068
unanimous,family,1,1,0.0007067137809187279,0.13282520730634068
unanimous,gpp,1,1,0.0007067137809187279,0.13282520730634068
unanimous,haris,1,1,0.0007067137809187279,0.13282520730634068
unanimous,indeks,1,1,0.0007067137809187279,0.13282520730634068
unanimous,kain,1,1,0.0007067137809187279,0.13282520730634068
unanimous,klarifikasi,1,1,0.0007067137809187279,0.13282520730634068
unanimous,kuno,1,1,0.0007067137809187279,0.13282520730634068
unanimous,lia,1,1,0.0007067137809187279,0.13282520730634068
unanimous,lindungi,1,1,0.0007067137809187279,0.13282520730634068
unanimous,memperkirakan,1,1,0.0007067137809187279,0.13282520730634068
unanimous,mempertanyakan,1,1,0.0007067137809187279,0.13282520730634068
unanimous,mengatur,1,1,0.0007067137809187279,0.13282520730634068
unanimous,mengeluh,1,1,0.0007067137809187279,0.13282520730634068
unanimous,menyasar,1,1,0.0007067137809187279,0.13282520730634068
unanimous,murni,1,1,0.0007067137809187279,0.13282520730634068
unanimous,novel,1,1,0.0007067137809187279,0.13282520730634068
unanimous,ny,1,1,0.0007067137809187279,0.13282520730634068
unanimous,padat,1,1,0.0007067137809187279,0.13282520730634068
unanimous,paslon,1,1,0.0007067137809187279,0.13282520730634068
unanimous,perawat,1,1,0.0007067137809187279,0.13282520730634068
unanimous,persis,1,1,0.0007067137809187279,0.13282520730634068
unanimous,pinterpolitik,1,1,0.0007067137809187279,0.13282520730634068
unanimous,sebarkan,1,1,0.0007067137809187279,0.13282520730634068
unanimous,sela,1,1,0.0007067137809187279,0.13282520730634068
unanimous,semacam,1,1,0.0007067137809187279,0.13282520730634068
unanimous,sia,1,1,0.0007067137809187279,0.13282520730634068
unanimous,sp,1,1,0.0007067137809187279,0.13282520730634068
unanimous,tindakan,0,251,0.010830636461704422,0.13080345485626063
unanimous,bapak,0,102,0.004401294498381877,0.13037418494109737
unanimous,maupun,1,11,0.0077738515901060075,0.12964510648386054
unanimous,nanti,1,13,0.009187279151943463,0.12869070841294955
unanimous,turun,0,139,0.005997842502696872,0.128606974487428
unanimous,am,0,46,0.0019848975188781013,0.12812161980865228
unanimous,babymonster,0,46,0.0019848975188781013,0.12812161980865228
unanimous,diikuti,0,46,0.0019848975188781013,0.12812161980865228
unanimous,level,0,46,0.0019848975188781013,0.12812161980865228
unanimous,memahami,0,46,0.0019848975188781013,0.12812161980865228
unanimous,pertolongan,0,46,0.0019848975188781013,0.12812161980865228
unanimous,protestan,0,46,0.0019848975188781013,0.12812161980865228
unanimous,putus,0,46,0.0019848975188781013,0.12812161980865228
unanimous,suami,0,46,0.0019848975188781013,0.12812161980865228
unanimous,taehyung,0,46,0.0019848975188781013,0.12812161980865228
unanimous,wajah,0,46,0.0019848975188781013,0.12812161980865228
unanimous,macam,1,3,0.0021201413427561835,0.12636435296196147
unanimous,mo,1,3,0.0021201413427561835,0.12636435296196147
unanimous,pengusiran,1,3,0.0021201413427561835,0.12636435296196147
unanimous,api,0,83,0.003581445523193096,0.12591431430731473
unanimous,banjir,1,5,0.0035335689045936395,0.12472791001487764
unanimous,jogja,1,5,0.0035335689045936395,0.12472791001487764
unanimous,non,1,5,0.0035335689045936395,0.12472791001487764
unanimous,https,1,47,0.033215547703180213,0.1224691457150035
unanimous,najwa,0,101,0.00435814455231931,0.12052684602155231
unanimous,perlu,1,15,0.01060070671378092,0.11903027202604853
unanimous,i,0,340,0.014670981661272923,0.11901297694320619
unanimous,justru,1,6,0.004240282685512367,0.11899874169240626
unanimous,berusia,0,64,0.002761596548004315,0.1189331101982133
unanimous,hamil,0,64,0.002761596548004315,0.1189331101982133
unanimous,hentikan,0,64,0.002761596548004315,0.1189331101982133
unanimous,jemaat,0,64,0.002761596548004315,0.1189331101982133
unanimous,persoalan,0,64,0.002761596548004315,0.1189331101982133
unanimous,sekarang,1,38,0.02685512367491166,0.11836749853615756
unanimous,kampanye,1,4,0.0028268551236749115,0.1176613451314631
unanimous,tiongkok,1,4,0.0028268551236749115,0.1176613451314631
unanimous,baik,1,34,0.02402826855123675,0.11735848283694864
unanimous,bgt,0,669,0.028867313915857604,0.11713586283908209
unanimous,negeri,0,376,0.01622437971952535,0.11700732919445411
unanimous,setiap,0,339,0.014627831715210355,0.11602800784616456
unanimous,gk,1,7,0.0049469964664310955,0.11483451144730375
unanimous,kekuatan,1,7,0.0049469964664310955,0.11483451144730375
unanimous,bts,1,2,0.0014134275618374558,0.11445068706040677
unanimous,diatur,1,2,0.0014134275618374558,0.11445068706040677
unanimous,dingin,1,2,0.0014134275618374558,0.11445068706040677
unanimous,ketawa,1,2,0.0014134275618374558,0.11445068706040677
unanimous,menyerbu,1,2,0.0014134275618374558,0.11445068706040677
unanimous,pengusaha,1,2,0.0014134275618374558,0.11445068706040677
unanimous,rahasia,1,2,0.0014134275618374558,0.11445068706040677
unanimous,retweet,1,2,0.0014134275618374558,0.11445068706040677
unanimous,russia,1,2,0.0014134275618374558,0.11445068706040677
unanimous,ui,1,2,0.0014134275618374558,0.11445068706040677
unanimous,usah,1,2,0.0014134275618374558,0.11445068706040677
unanimous,vina,1,2,0.0014134275618374558,0.11445068706040677
unanimous,82,0,27,0.0011650485436893205,0.11356702470729238
unanimous,administrasi,0,27,0.0011650485436893205,0.11356702470729238
unanimous,ban,0,27,0.0011650485436893205,0.11356702470729238
unanimous,blang,0,27,0.0011650485436893205,0.11356702470729238
unanimous,dipicu,0,27,0.0011650485436893205,0.11356702470729238
unanimous,dipilih,0,27,0.0011650485436893205,0.11356702470729238
unanimous,hamid,0,27,0.0011650485436893205,0.11356702470729238
unanimous,jkt,0,27,0.0011650485436893205,0.11356702470729238
unanimous,jumlahnya,0,27,0.0011650485436893205,0.11356702470729238
unanimous,kaca,0,27,0.0011650485436893205,0.11356702470729238
unanimous,kapten,0,27,0.0011650485436893205,0.11356702470729238
unanimous,keagamaan,0,27,0.0011650485436893205,0.11356702470729238
unanimous,kebakaran,0,27,0.0011650485436893205,0.11356702470729238
unanimous,kekurangan,0,27,0.0011650485436893205,0.11356702470729238
unanimous,kepung,0,27,0.0011650485436893205,0.11356702470729238
unanimous,lulus,0,27,0.0011650485436893205,0.11356702470729238
unanimous,make,0,27,0.0011650485436893205,0.11356702470729238
unanimous,mengakhiri,0,27,0.0011650485436893205,0.11356702470729238
unanimous,menjamin,0,27,0.0011650485436893205,0.11356702470729238
unanimous,naskah,0,27,0.0011650485436893205,0.11356702470729238
unanimous,pa,0,27,0.0011650485436893205,0.11356702470729238
unanimous,pbsi,0,27,0.0011650485436893205,0.11356702470729238
unanimous,permainan,0,27,0.0011650485436893205,0.11356702470729238
unanimous,pertengahan,0,27,0.0011650485436893205,0.11356702470729238
unanimous,piting,0,27,0.0011650485436893205,0.11356702470729238
unanimous,prioritas,0,27,0.0011650485436893205,0.11356702470729238
unanimous,saking,0,27,0.0011650485436893205,0.11356702470729238
unanimous,samsung,0,27,0.0011650485436893205,0.11356702470729238
unanimous,saran,0,27,0.0011650485436893205,0.11356702470729238
unanimous,setahun,0,27,0.0011650485436893205,0.11356702470729238
unanimous,siapkan,0,27,0.0011650485436893205,0.11356702470729238
unanimous,tarik,0,27,0.0011650485436893205,0.11356702470729238
unanimous,tebal,0,27,0.0011650485436893205,0.11356702470729238
unanimous,thn,0,27,0.0011650485436893205,0.11356702470729238
unanimous,gus,1,5,0.0035335689045936395,0.11218444970993988
unanimous,pas,1,14,0.009893992932862191,0.11156956829745975
unanimous,main,0,246,0.010614886731391585,0.11050437531599007
unanimous,perang,0,973,0.0419848975188781,0.11033252331503358
unanimous,menggunakan,0,282,0.012168284789644013,0.10881481490487717
unanimous,bisa,0,1764,0.07611650485436894,0.10833683105598382
unanimous,90,1,3,0.0021201413427561835,0.1067126383303352
unanimous,dewasa,0,45,0.001941747572815534,0.10633839927686549
unanimous,gabisa,0,45,0.001941747572815534,0.10633839927686549
unanimous,larang,0,45,0.001941747572815534,0.10633839927686549
unanimous,milisi,0,45,0.001941747572815534,0.10633839927686549
unanimous,pendiri,0,45,0.001941747572815534,0.10633839927686549
unanimous,pengguna,0,45,0.001941747572815534,0.10633839927686549
unanimous,perjanjian,0,45,0.001941747572815534,0.10633839927686549
unanimous,sidang,0,45,0.001941747572815534,0.10633839927686549
unanimous,cocok,0,63,0.0027184466019417475,0.1032645247284938
unanimous,halal,0,63,0.0027184466019417475,0.1032645247284938
unanimous,kanan,0,63,0.0027184466019417475,0.1032645247284938
unanimous,time,0,63,0.0027184466019417475,0.1032645247284938
unanimous,anies,1,25,0.0176678445229682,0.10213923310590715
unanimous,oleh,0,1593,0.06873786407766991,0.10210025484992354
unanimous,air,0,280,0.012081984897518877,0.10162263205554259
unanimous,besaran,0,81,0.003495145631067961,0.10158409824146843
unanimous,see,0,81,0.003495145631067961,0.10158409824146843
unanimous,bukti,1,10,0.007067137809187279,0.10072153748086161
unanimous,ketika,0,406,0.017518878101402374,0.10046526660041546
unanimous,haram,1,5,0.0035335689045936395,0.09979531447217575
unanimous,layak,1,5,0.0035335689045936395,0.09979531447217575
unanimous,p,0,153,0.006601941747572815,0.09897748594930439
unanimous,keras,0,171,0.007378640776699029,0.09870596798160165
unanimous,demi,1,14,0.009893992932862191,0.09741999647775498
unanimous,pekerjaan,1,7,0.0049469964664310955,0.09664776021571857
unanimous,semakin,1,17,0.012014134275618375,0.09601132356791948
unanimous,tentang,0,476,0.02053937432578209,0.09592406248944804
unanimous,gagal,1,8,0.005653710247349823,0.09565285153040101
unanimous,sudah,1,72,0.05088339222614841,0.09559477622082889
unanimous,free,1,9,0.0063604240282685515,0.09488082462831386
unanimous,lebih,0,1224,0.05281553398058252,0.09286968060891244
unanimous,w,0,134,0.005782092772384034,0.09188954895874642
unanimous,perlindungan,0,98,0.004228694714131607,0.09039459051736248
unanimous,penuh,1,10,0.007067137809187279,0.08785492797422423
unanimous,kekerasan,1,7,0.0049469964664310955,0.0876757718578135
unanimous,is,1,6,0.004240282685512367,0.08761621551914148
unanimous,mengutuk,1,6,0.004240282685512367,0.08761621551914148
unanimous,nyawa,1,4,0.0028268551236749115,0.08749734539944284
unanimous,400,1,3,0.0021201413427561835,0.08743803128913859
unanimous,coldplay,1,3,0.0021201413427561835,0.08743803128913859
unanimous,fisik,1,3,0.0021201413427561835,0.08743803128913859
unanimous,gegara,1,3,0.0021201413427561835,0.08743803128913859
unanimous,isa,1,3,0.0021201413427561835,0.08743803128913859
unanimous,keadilan,1,3,0.0021201413427561835,0.08743803128913859
unanimous,aktivis,1,2,0.0014134275618374558,0.08737879759309113
unanimous,but,1,2,0.0014134275618374558,0.08737879759309113
unanimous,diatas,1,2,0.0014134275618374558,0.08737879759309113
unanimous,its,1,2,0.0014134275618374558,0.08737879759309113
unanimous,kebangsaan,1,2,0.0014134275618374558,0.08737879759309113
unanimous,kerugian,1,2,0.0014134275618374558,0.08737879759309113
unanimous,kriteria,1,2,0.0014134275618374558,0.08737879759309113
unanimous,menjalankan,1,2,0.0014134275618374558,0.08737879759309113
unanimous,minus,1,2,0.0014134275618374558,0.08737879759309113
unanimous,pohon,1,2,0.0014134275618374558,0.08737879759309113
unanimous,sekitarnya,1,2,0.0014134275618374558,0.08737879759309113
unanimous,tiada,1,2,0.0014134275618374558,0.08737879759309113
unanimous,baju,0,62,0.00267529665587918,0.08734790987756606
unanimous,demokrasi,0,62,0.00267529665587918,0.08734790987756606
unanimous,nasib,0,62,0.00267529665587918,0.08734790987756606
unanimous,negaranya,0,62,0.00267529665587918,0.08734790987756606
unanimous,qatar,0,62,0.00267529665587918,0.08734790987756606
unanimous,adzan,1,1,0.0007067137809187279,0.08731964414777645
unanimous,alumni,1,1,0.0007067137809187279,0.08731964414777645
unanimous,amunisi,1,1,0.0007067137809187279,0.08731964414777645
unanimous,bae,1,1,0.0007067137809187279,0.08731964414777645
unanimous,batal,1,1,0.0007067137809187279,0.08731964414777645
unanimous,berbahasa,1,1,0.0007067137809187279,0.08731964414777645
unanimous,berfungsi,1,1,0.0007067137809187279,0.08731964414777645
unanimous,beritapolitik,1,1,0.0007067137809187279,0.08731964414777645
unanimous,bersejarah,1,1,0.0007067137809187279,0.08731964414777645
unanimous,bnyk,1,1,0.0007067137809187279,0.08731964414777645
unanimous,cipta,1,1,0.0007067137809187279,0.08731964414777645
unanimous,curiga,1,1,0.0007067137809187279,0.08731964414777645
unanimous,daily,1,1,0.0007067137809187279,0.08731964414777645
unanimous,diyakini,1,1,0.0007067137809187279,0.08731964414777645
unanimous,fast,1,1,0.0007067137809187279,0.08731964414777645
unanimous,gerak,1,1,0.0007067137809187279,0.08731964414777645
unanimous,geram,1,1,0.0007067137809187279,0.08731964414777645
unanimous,human,1,1,0.0007067137809187279,0.08731964414777645
unanimous,ivan,1,1,0.0007067137809187279,0.08731964414777645
unanimous,kaesang,1,1,0.0007067137809187279,0.08731964414777645
unanimous,kandungan,1,1,0.0007067137809187279,0.08731964414777645
unanimous,khalifa,1,1,0.0007067137809187279,0.08731964414777645
unanimous,korut,1,1,0.0007067137809187279,0.08731964414777645
unanimous,lapor,1,1,0.0007067137809187279,0.08731964414777645
unanimous,macet,1,1,0.0007067137809187279,0.08731964414777645
unanimous,mengajukan,1,1,0.0007067137809187279,0.08731964414777645
unanimous,menuding,1,1,0.0007067137809187279,0.08731964414777645
unanimous,miliknya,1,1,0.0007067137809187279,0.08731964414777645
unanimous,norak,1,1,0.0007067137809187279,0.08731964414777645
unanimous,olive,1,1,0.0007067137809187279,0.08731964414777645
unanimous,onlyfun,1,1,0.0007067137809187279,0.08731964414777645
unanimous,pan,1,1,0.0007067137809187279,0.08731964414777645
unanimous,penjuru,1,1,0.0007067137809187279,0.08731964414777645
unanimous,politikindonesia,1,1,0.0007067137809187279,0.08731964414777645
unanimous,quotes,1,1,0.0007067137809187279,0.08731964414777645
unanimous,re,1,1,0.0007067137809187279,0.08731964414777645
unanimous,sat,1,1,0.0007067137809187279,0.08731964414777645
unanimous,seandainya,1,1,0.0007067137809187279,0.08731964414777645
unanimous,semenanjung,1,1,0.0007067137809187279,0.08731964414777645
unanimous,tl,1,1,0.0007067137809187279,0.08731964414777645
unanimous,usul,1,1,0.0007067137809187279,0.08731964414777645
unanimous,viralvideo,1,1,0.0007067137809187279,0.08731964414777645
unanimous,ig,0,169,0.007292340884573895,0.08688869246329783
unanimous,sakit,0,595,0.025674217907227615,0.08466270241252033
unanimous,akui,0,44,0.0018985976267529665,0.08407203046586363
unanimous,camp,0,44,0.0018985976267529665,0.08407203046586363
unanimous,gazaunderattack,0,44,0.0018985976267529665,0.08407203046586363
unanimous,gen,0,44,0.0018985976267529665,0.08407203046586363
unanimous,jimin,0,44,0.0018985976267529665,0.08407203046586363
unanimous,kcic,0,44,0.0018985976267529665,0.08407203046586363
unanimous,mandi,0,44,0.0018985976267529665,0.08407203046586363
unanimous,pemilik,0,44,0.0018985976267529665,0.08407203046586363
unanimous,komunitas,0,115,0.004962243797195253,0.08258218745922155
unanimous,beli,1,11,0.0077738515901060075,0.08209097409450859
unanimous,pejuang,1,11,0.0077738515901060075,0.08209097409450859
unanimous,negara,1,76,0.05371024734982332,0.0819505786550104
unanimous,selain,1,19,0.01342756183745583,0.08149507987819565
unanimous,seluruh,1,25,0.0176678445229682,0.08081764693316647
unanimous,rasanya,0,97,0.00418554476806904,0.08014708903190831
unanimous,sm,1,8,0.005653710247349823,0.07987948181990032
unanimous,harus,0,751,0.03240560949298813,0.07977524866359699
unanimous,cina,1,41,0.028975265017667843,0.07825738838834086
unanimous,94,0,26,0.001121898597626753,0.07648255461663797
unanimous,asumsi,0,26,0.001121898597626753,0.07648255461663797
unanimous,barusan,0,26,0.001121898597626753,0.07648255461663797
unanimous,berjanji,0,26,0.001121898597626753,0.07648255461663797
unanimous,bocah,0,26,0.001121898597626753,0.07648255461663797
unanimous,body,0,26,0.001121898597626753,0.07648255461663797
unanimous,bunda,0,26,0.001121898597626753,0.07648255461663797
unanimous,cat,0,26,0.001121898597626753,0.07648255461663797
unanimous,didirikan,0,26,0.001121898597626753,0.07648255461663797
unanimous,diem,0,26,0.001121898597626753,0.07648255461663797
unanimous,diserahkan,0,26,0.001121898597626753,0.07648255461663797
unanimous,engga,0,26,0.001121898597626753,0.07648255461663797
unanimous,girl,0,26,0.001121898597626753,0.07648255461663797
unanimous,keterlibatan,0,26,0.001121898597626753,0.07648255461663797
unanimous,komplek,0,26,0.001121898597626753,0.07648255461663797
unanimous,kpk,0,26,0.001121898597626753,0.07648255461663797
unanimous,marapi,0,26,0.001121898597626753,0.07648255461663797
unanimous,maxwin,0,26,0.001121898597626753,0.07648255461663797
unanimous,melampaui,0,26,0.001121898597626753,0.07648255461663797
unanimous,mengimbau,0,26,0.001121898597626753,0.07648255461663797
unanimous,menimpa,0,26,0.001121898597626753,0.07648255461663797
unanimous,momentum,0,26,0.001121898597626753,0.07648255461663797
unanimous,ortodoks,0,26,0.001121898597626753,0.07648255461663797
unanimous,pemberian,0,26,0.001121898597626753,0.07648255461663797
unanimous,pembuat,0,26,0.001121898597626753,0.07648255461663797
unanimous,ratu,0,26,0.001121898597626753,0.07648255461663797
unanimous,rl,0,26,0.001121898597626753,0.07648255461663797
unanimous,salman,0,26,0.001121898597626753,0.07648255461663797
unanimous,sopan,0,26,0.001121898597626753,0.07648255461663797
unanimous,tahunan,0,26,0.001121898597626753,0.07648255461663797
unanimous,tan,0,26,0.001121898597626753,0.07648255461663797
unanimous,tersisa,0,26,0.001121898597626753,0.07648255461663797
unanimous,lho,1,5,0.0035335689045936395,0.07546509840632952
unanimous,ini,0,4762,0.20548004314994606,0.072835854229046
unanimous,bahas,1,4,0.0028268551236749115,0.0727479229534831
unanimous,jaga,1,4,0.0028268551236749115,0.0727479229534831
unanimous,kabur,0,61,0.0026321467098166127,0.0711752641248844
unanimous,menyambut,0,61,0.0026321467098166127,0.0711752641248844
unanimous,pertanyaan,0,61,0.0026321467098166127,0.0711752641248844
unanimous,pimpinan,0,61,0.0026321467098166127,0.0711752641248844
unanimous,salah,0,674,0.029083063646170443,0.07000172274408695
unanimous,jauh,1,10,0.007067137809187279,0.06885610522416022
unanimous,62,1,3,0.0021201413427561835,0.06852630000122614
unanimous,ditahan,1,3,0.0021201413427561835,0.06852630000122614
unanimous,megawati,1,3,0.0021201413427561835,0.06852630000122614
unanimous,surya,1,3,0.0021201413427561835,0.06852630000122614
unanimous,wong,1,3,0.0021201413427561835,0.06852630000122614
unanimous,khususnya,1,6,0.004240282685512367,0.06722428485828753
unanimous,ma,1,6,0.004240282685512367,0.06722428485828753
unanimous,anaknya,0,78,0.003365695792880259,0.06394981016073248
unanimous,gabung,0,78,0.003365695792880259,0.06394981016073248
unanimous,jujur,0,78,0.003365695792880259,0.06394981016073248
unanimous,kendaraan,1,5,0.0035335689045936395,0.0635168908592977
unanimous,pasien,1,5,0.0035335689045936395,0.0635168908592977
unanimous,sehari,1,5,0.0035335689045936395,0.0635168908592977
unanimous,mencari,1,13,0.009187279151943463,0.06342569935905017
unanimous,kita,0,1328,0.057303128371089536,0.06272493585034215
unanimous,fakta,0,252,0.01087378640776699,0.0626431056622019
unanimous,yaa,0,130,0.005609492988133765,0.06152499193726361
unanimous,fb,0,43,0.001855447680690399,0.061300549230943135
unanimous,rb,0,43,0.001855447680690399,0.061300549230943135
unanimous,standar,0,43,0.001855447680690399,0.061300549230943135
unanimous,tren,0,43,0.001855447680690399,0.061300549230943135
unanimous,merdeka,1,7,0.0049469964664310955,0.06122837941919174
unanimous,mendukung,1,26,0.018374558303886925,0.061042928951534105
unanimous,http,1,2,0.0014134275618374558,0.06101827032852442
unanimous,investor,1,2,0.0014134275618374558,0.06101827032852442
unanimous,pagiii,1,2,0.0014134275618374558,0.06101827032852442
unanimous,pppk,1,2,0.0014134275618374558,0.06101827032852442
unanimous,sanggup,1,2,0.0014134275618374558,0.06101827032852442
unanimous,sepenuhnya,1,2,0.0014134275618374558,0.06101827032852442
unanimous,uni,1,2,0.0014134275618374558,0.06101827032852442
unanimous,satu,1,61,0.0431095406360424,0.05985690867573746
unanimous,berusaha,0,95,0.004099244875943905,0.05933430152476775
unanimous,milik,1,11,0.0077738515901060075,0.05912405530267147
unanimous,hak,1,13,0.009187279151943463,0.05857445895429775
unanimous,lain,0,649,0.028004314994606257,0.058165460663989754
unanimous,juga,0,1768,0.0762891046386192,0.056978212292319814
unanimous,sikap,1,9,0.0063604240282685515,0.05309185315427769
unanimous,ibadah,1,7,0.0049469964664310955,0.05256427124084602
unanimous,kelompok,0,335,0.014455231930960086,0.050641321278369865
unanimous,gadis,1,3,0.0021201413427561835,0.049964003380076505
unanimous,mematikan,1,3,0.0021201413427561835,0.049964003380076505
unanimous,mimpi,1,3,0.0021201413427561835,0.049964003380076505
unanimous,pecah,1,3,0.0021201413427561835,0.049964003380076505
unanimous,terafiliasi,1,3,0.0021201413427561835,0.049964003380076505
unanimous,utang,1,3,0.0021201413427561835,0.049964003380076505
unanimous,fatwa,0,94,0.004056094929881337,0.04876456285864369
unanimous,x,0,300,0.012944983818770227,0.04858063785947002
unanimous,bener,1,11,0.0077738515901060075,0.047832490315191094
unanimous,mengakui,1,6,0.004240282685512367,0.047236458529497725
unanimous,rusia,0,128,0.00552319309600863,0.045993888436687745
unanimous,lihat,1,12,0.008480565371024734,0.04584517829742037
unanimous,penduduk,1,10,0.007067137809187279,0.04406566656440231
unanimous,penyakit,1,4,0.0028268551236749115,0.043882402672314386
unanimous,solo,1,4,0.0028268551236749115,0.043882402672314386
unanimous,1967,1,1,0.0007067137809187279,0.043791341260853336
unanimous,alex,1,1,0.0007067137809187279,0.043791341260853336
unanimous,ariel,1,1,0.0007067137809187279,0.043791341260853336
unanimous,baptis,1,1,0.0007067137809187279,0.043791341260853336
unanimous,berulang,1,1,0.0007067137809187279,0.043791341260853336
unanimous,cuan,1,1,0.0007067137809187279,0.043791341260853336
unanimous,dagang,1,1,0.0007067137809187279,0.043791341260853336
unanimous,deket,1,1,0.0007067137809187279,0.043791341260853336
unanimous,dkk,1,1,0.0007067137809187279,0.043791341260853336
unanimous,dprd,1,1,0.0007067137809187279,0.043791341260853336
unanimous,duh,1,1,0.0007067137809187279,0.043791341260853336
unanimous,gerindra,1,1,0.0007067137809187279,0.043791341260853336
unanimous,halus,1,1,0.0007067137809187279,0.043791341260853336
unanimous,jubir,1,1,0.0007067137809187279,0.043791341260853336
unanimous,karir,1,1,0.0007067137809187279,0.043791341260853336
unanimous,kirgistan,1,1,0.0007067137809187279,0.043791341260853336
unanimous,lam,1,1,0.0007067137809187279,0.043791341260853336
unanimous,memperkuat,1,1,0.0007067137809187279,0.043791341260853336
unanimous,mengembalikan,1,1,0.0007067137809187279,0.043791341260853336
unanimous,merangkul,1,1,0.0007067137809187279,0.043791341260853336
unanimous,penegak,1,1,0.0007067137809187279,0.043791341260853336
unanimous,perintahkan,1,1,0.0007067137809187279,0.043791341260853336
unanimous,saleh,1,1,0.0007067137809187279,0.043791341260853336
unanimous,satria,1,1,0.0007067137809187279,0.043791341260853336
unanimous,selaku,1,1,0.0007067137809187279,0.043791341260853336
unanimous,seventeen,1,1,0.0007067137809187279,0.043791341260853336
unanimous,sholeh,1,1,0.0007067137809187279,0.043791341260853336
unanimous,tentunya,1,1,0.0007067137809187279,0.043791341260853336
unanimous,terganggu,1,1,0.0007067137809187279,0.043791341260853336
unanimous,terkadang,1,1,0.0007067137809187279,0.043791341260853336
unanimous,tgl,1,1,0.0007067137809187279,0.043791341260853336
unanimous,ujung,1,1,0.0007067137809187279,0.043791341260853336
unanimous,dia,1,54,0.03816254416961131,0.04343311390116673
unanimous,akan,0,1695,0.07313915857605179,0.04340647051821402
unanimous,wajib,1,8,0.005653710247349823,0.04148994150994045
unanimous,dari,0,3499,0.1509816612729234,0.04085698851719095
unanimous,dong,1,9,0.0063604240282685515,0.03953678342720837
unanimous,silahkan,1,9,0.0063604240282685515,0.03953678342720837
unanimous,akhirnya,1,13,0.009187279151943463,0.03939733752330649
unanimous,ayo,0,144,0.006213592233009709,0.03816558094040255
unanimous,nggak,0,110,0.004746494066882417,0.038110380986525944
unanimous,anjir,0,93,0.00401294498381877,0.03808284085148424
unanimous,pemuda,0,93,0.00401294498381877,0.03808284085148424
unanimous,mengumumkan,0,76,0.003279395900755124,0.03805534049577712
unanimous,ayah,0,59,0.002545846817691478,0.038027879833270065
unanimous,diskusi,0,59,0.002545846817691478,0.038027879833270065
unanimous,nyaman,0,59,0.002545846817691478,0.038027879833270065
unanimous,pakar,0,42,0.0018122977346278317,0.03800045877807709
unanimous,sejahtera,0,42,0.0018122977346278317,0.03800045877807709
unanimous,terletak,0,42,0.0018122977346278317,0.03800045877807709
unanimous,ahy,0,25,0.0010787486515641855,0.03797307724455893
unanimous,arti,0,25,0.0010787486515641855,0.03797307724455893
unanimous,bahlil,0,25,0.0010787486515641855,0.03797307724455893
unanimous,bbm,0,25,0.0010787486515641855,0.03797307724455893
unanimous,bermula,0,25,0.0010787486515641855,0.03797307724455893
unanimous,bersamaan,0,25,0.0010787486515641855,0.03797307724455893
unanimous,bertujuan,0,25,0.0010787486515641855,0.03797307724455893
unanimous,denger,0,25,0.0010787486515641855,0.03797307724455893
unanimous,diajak,0,25,0.0010787486515641855,0.03797307724455893
unanimous,dievakuasi,0,25,0.0010787486515641855,0.03797307724455893
unanimous,ditangani,0,25,0.0010787486515641855,0.03797307724455893
unanimous,eric,0,25,0.0010787486515641855,0.03797307724455893
unanimous,gapapa,0,25,0.0010787486515641855,0.03797307724455893
unanimous,ih,0,25,0.0010787486515641855,0.03797307724455893
unanimous,lautan,0,25,0.0010787486515641855,0.03797307724455893
unanimous,layla,0,25,0.0010787486515641855,0.03797307724455893
unanimous,let,0,25,0.0010787486515641855,0.03797307724455893
unanimous,mengerikan,0,25,0.0010787486515641855,0.03797307724455893
unanimous,ntar,0,25,0.0010787486515641855,0.03797307724455893
unanimous,penyerbuan,0,25,0.0010787486515641855,0.03797307724455893
unanimous,pokok,0,25,0.0010787486515641855,0.03797307724455893
unanimous,sarjana,0,25,0.0010787486515641855,0.03797307724455893
unanimous,senantiasa,0,25,0.0010787486515641855,0.03797307724455893
unanimous,serbu,0,25,0.0010787486515641855,0.03797307724455893
unanimous,kali,1,28,0.019787985865724382,0.037796311210340126
unanimous,gue,1,38,0.02685512367491166,0.03759093275246421
unanimous,wanita,1,16,0.011307420494699646,0.036456027231492404
unanimous,saling,1,7,0.0049469964664310955,0.03545584776052549
unanimous,berkat,1,2,0.0014134275618374558,0.035332618900035494
unanimous,ditanya,1,2,0.0014134275618374558,0.035332618900035494
unanimous,giselle,1,2,0.0014134275618374558,0.035332618900035494
unanimous,induk,1,2,0.0014134275618374558,0.035332618900035494
unanimous,pabrik,1,2,0.0014134275618374558,0.035332618900035494
unanimous,senior,1,2,0.0014134275618374558,0.035332618900035494
unanimous,suku,1,2,0.0014134275618374558,0.035332618900035494
unanimous,toleransi,1,2,0.0014134275618374558,0.035332618900035494
unanimous,sampai,1,35,0.024734982332155476,0.03506646338064974
unanimous,muda,0,228,0.009838187702265373,0.03389388519348084
unanimous,seorang,0,498,0.021488673139158577,0.03262266862285239
unanimous,beban,1,3,0.0021201413427561835,0.03173843357242981
unanimous,kyk,1,3,0.0021201413427561835,0.03173843357242981
unanimous,peraturan,1,3,0.0021201413427561835,0.03173843357242981
unanimous,dunia,1,55,0.038869257950530034,0.031245750948222187
unanimous,cari,1,11,0.0077738515901060075,0.031127062076631715
unanimous,ibu,1,13,0.009187279151943463,0.0299424889894388
unanimous,batas,1,4,0.0028268551236749115,0.02975438211538988
unanimous,penjajahan,0,109,0.004703344120819849,0.028976055431109652
unanimous,aqsa,1,5,0.0035335689045936395,0.02849970548362025
unanimous,pulau,0,92,0.003969795037756203,0.027286727149989223
unanimous,suara,0,176,0.007594390507011866,0.026866254011906815
unanimous,bahasa,1,8,0.005653710247349823,0.02653297912591441
unanimous,pindah,0,75,0.003236245954692557,0.0248539658749691
unanimous,sekaligus,0,75,0.003236245954692557,0.0248539658749691
unanimous,ikut,1,18,0.012720848056537103,0.02470198861068285
unanimous,saya,1,38,0.02685512367491166,0.024153623129125064
unanimous,aku,1,50,0.0353356890459364,0.022881007772143955
unanimous,para,0,1211,0.05225458468176915,0.021878613788075575
unanimous,bergabung,0,58,0.0025026968716289105,0.021035063311245092
unanimous,invasi,0,58,0.0025026968716289105,0.021035063311245092
unanimous,memimpin,0,58,0.0025026968716289105,0.021035063311245092
unanimous,misi,0,58,0.0025026968716289105,0.021035063311245092
unanimous,sejauh,0,58,0.0025026968716289105,0.021035063311245092
unanimous,stress,0,58,0.0025026968716289105,0.021035063311245092
unanimous,atau,1,76,0.05371024734982332,0.020958271217539955
unanimous,boikot,0,225,0.009708737864077669,0.020547109151456917
unanimous,kaki,1,5,0.0035335689045936395,0.017092634289985826
unanimous,peduli,0,91,0.003926645091693636,0.01637373486456004
unanimous,setuju,1,4,0.0028268551236749115,0.015821987406239666
unanimous,wali,1,4,0.0028268551236749115,0.015821987406239666
unanimous,sih,1,37,0.026148409893992933,0.01563135996341168
unanimous,pakai,0,124,0.00535059331175836,0.014197160449567342
unanimous,34,0,41,0.0017691477885652643,0.014146583664363938
unanimous,berasa,0,41,0.0017691477885652643,0.014146583664363938
unanimous,gol,0,41,0.0017691477885652643,0.014146583664363938
unanimous,hebat,0,41,0.0017691477885652643,0.014146583664363938
unanimous,kumparan,0,41,0.0017691477885652643,0.014146583664363938
unanimous,sorotan,0,41,0.0017691477885652643,0.014146583664363938
unanimous,umkm,0,41,0.0017691477885652643,0.014146583664363938
unanimous,brand,1,3,0.0021201413427561835,0.013837563577260698
unanimous,ganti,1,3,0.0021201413427561835,0.013837563577260698
unanimous,konser,1,3,0.0021201413427561835,0.013837563577260698
unanimous,belanja,1,2,0.0014134275618374558,0.010288094011347254
unanimous,gempa,1,2,0.0014134275618374558,0.010288094011347254
unanimous,infrastruktur,1,2,0.0014134275618374558,0.010288094011347254
unanimous,kecaman,1,2,0.0014134275618374558,0.010288094011347254
unanimous,mbak,1,2,0.0014134275618374558,0.010288094011347254
unanimous,melarikan,1,2,0.0014134275618374558,0.010288094011347254
unanimous,mengakibatkan,1,2,0.0014134275618374558,0.010288094011347254
unanimous,menggambarkan,1,2,0.0014134275618374558,0.010288094011347254
unanimous,menyaksikan,1,2,0.0014134275618374558,0.010288094011347254
unanimous,profesor,1,2,0.0014134275618374558,0.010288094011347254
unanimous,rendah,1,2,0.0014134275618374558,0.010288094011347254
unanimous,wahyu,1,2,0.0014134275618374558,0.010288094011347254
unanimous,mas,0,140,0.006040992448759439,0.009919902057517934
unanimous,minta,0,272,0.011736785329018338,0.009103525860595936
unanimous,lembaga,1,6,0.004240282685512367,0.008410937532859698
unanimous,skrg,1,6,0.004240282685512367,0.008410937532859698
unanimous,gaji,1,5,0.0035335689045936395,0.005813246603683094
unanimous,menargetkan,1,5,0.0035335689045936395,0.005813246603683094
unanimous,masalah,0,271,0.011693635382955772,0.005383390635297225
unanimous,meninggalkan,0,90,0.003883495145631068,0.005341295116985107
unanimous,pesawat,1,8,0.005653710247349823,0.004504079833110897
unanimous,rasa,0,205,0.008845738942826321,0.004475722460880187
unanimous,dilakukan,0,468,0.020194174757281552,0.004440314648092906
unanimous,karena,1,82,0.057950530035335686,0.0037783330934892936
unanimous,masjid,0,172,0.007421790722761596,0.003768712407468571
unanimous,dibunuh,0,57,0.002459546925566343,0.0037500005396790227
unanimous,mendadak,0,57,0.002459546925566343,0.0037500005396790227
unanimous,menganggap,0,57,0.002459546925566343,0.0037500005396790227
unanimous,rapat,0,57,0.002459546925566343,0.0037500005396790227
unanimous,suriah,0,57,0.002459546925566343,0.0037500005396790227
unanimous,berlaku,1,4,0.0028268551236749115,0.00207985862613446
unanimous,kapan,1,4,0.0028268551236749115,0.00207985862613446
unanimous,900,1,1,0.0007067137809187279,0.0020754520475626953
unanimous,baby,1,1,0.0007067137809187279,0.0020754520475626953
unanimous,berkaitan,1,1,0.0007067137809187279,0.0020754520475626953
unanimous,berwenang,1,1,0.0007067137809187279,0.0020754520475626953
unanimous,call,1,1,0.0007067137809187279,0.0020754520475626953
unanimous,daun,1,1,0.0007067137809187279,0.0020754520475626953
unanimous,departemen,1,1,0.0007067137809187279,0.0020754520475626953
unanimous,diculik,1,1,0.0007067137809187279,0.0020754520475626953
unanimous,dilanjutkan,1,1,0.0007067137809187279,0.0020754520475626953
unanimous,hewan,1,1,0.0007067137809187279,0.0020754520475626953
unanimous,hub,1,1,0.0007067137809187279,0.0020754520475626953
unanimous,inspirasi,1,1,0.0007067137809187279,0.0020754520475626953
unanimous,kehabisan,1,1,0.0007067137809187279,0.0020754520475626953
unanimous,kemarahan,1,1,0.0007067137809187279,0.0020754520475626953
unanimous,mcd,1,1,0.0007067137809187279,0.0020754520475626953
unanimous,memanggil,1,1,0.0007067137809187279,0.0020754520475626953
unanimous,menekan,1,1,0.0007067137809187279,0.0020754520475626953
unanimous,menurunkan,1,1,0.0007067137809187279,0.0020754520475626953
unanimous,menyarankan,1,1,0.0007067137809187279,0.0020754520475626953
unanimous,merawat,1,1,0.0007067137809187279,0.0020754520475626953
unanimous,mood,1,1,0.0007067137809187279,0.0020754520475626953
unanimous,orng,1,1,0.0007067137809187279,0.0020754520475626953
unanimous,plastik,1,1,0.0007067137809187279,0.0020754520475626953
unanimous,sebaiknya,1,1,0.0007067137809187279,0.0020754520475626953
unanimous,serangannya,1,1,0.0007067137809187279,0.0020754520475626953
unanimous,sponsor,1,1,0.0007067137809187279,0.0020754520475626953
unanimous,terbakar,1,1,0.0007067137809187279,0.0020754520475626953
unanimous,tuduh,1,1,0.0007067137809187279,0.0020754520475626953
unanimous,ujian,1,1,0.0007067137809187279,0.0020754520475626953
unanimous,d,0,188,0.008112189859762675,0.0014817491505829529
unanimous,begini,0,106,0.004573894282632147,0.0010664410377402025
unanimous,tepi,0,106,0.004573894282632147,0.0010664410377402025
unanimous,begini,1,6,0.004240282685512367,-0.0010664410377400659
unanimous,tepi,1,6,0.004240282685512367,-0.0010664410377400659
unanimous,d,1,11,0.0077738515901060075,-0.0014817491505828696
unanimous,900,0,24,0.001035598705501618,-0.0020754520475627057
unanimous,baby,0,24,0.001035598705501618,-0.0020754520475627057
unanimous,berkaitan,0,24,0.001035598705501618,-0.0020754520475627057
unanimous,berwenang,0,24,0.001035598705501618,-0.0020754520475627057
unanimous,call,0,24,0.001035598705501618,-0.0020754520475627057
unanimous,daun,0,24,0.001035598705501618,-0.0020754520475627057
unanimous,departemen,0,24,0.001035598705501618,-0.0020754520475627057
unanimous,diculik,0,24,0.001035598705501618,-0.0020754520475627057
unanimous,dilanjutkan,0,24,0.001035598705501618,-0.0020754520475627057
unanimous,hewan,0,24,0.001035598705501618,-0.0020754520475627057
unanimous,hub,0,24,0.001035598705501618,-0.0020754520475627057
unanimous,inspirasi,0,24,0.001035598705501618,-0.0020754520475627057
unanimous,kehabisan,0,24,0.001035598705501618,-0.0020754520475627057
unanimous,kemarahan,0,24,0.001035598705501618,-0.0020754520475627057
unanimous,mcd,0,24,0.001035598705501618,-0.0020754520475627057
unanimous,memanggil,0,24,0.001035598705501618,-0.0020754520475627057
unanimous,menekan,0,24,0.001035598705501618,-0.0020754520475627057
unanimous,menurunkan,0,24,0.001035598705501618,-0.0020754520475627057
unanimous,menyarankan,0,24,0.001035598705501618,-0.0020754520475627057
unanimous,merawat,0,24,0.001035598705501618,-0.0020754520475627057
unanimous,mood,0,24,0.001035598705501618,-0.0020754520475627057
unanimous,orng,0,24,0.001035598705501618,-0.0020754520475627057
unanimous,plastik,0,24,0.001035598705501618,-0.0020754520475627057
unanimous,sebaiknya,0,24,0.001035598705501618,-0.0020754520475627057
unanimous,serangannya,0,24,0.001035598705501618,-0.0020754520475627057
unanimous,sponsor,0,24,0.001035598705501618,-0.0020754520475627057
unanimous,terbakar,0,24,0.001035598705501618,-0.0020754520475627057
unanimous,tuduh,0,24,0.001035598705501618,-0.0020754520475627057
unanimous,ujian,0,24,0.001035598705501618,-0.0020754520475627057
unanimous,berlaku,0,73,0.003149946062567422,-0.0020798586261344524
unanimous,kapan,0,73,0.003149946062567422,-0.0020798586261344524
unanimous,dibunuh,1,3,0.0021201413427561835,-0.0037500005396789663
unanimous,mendadak,1,3,0.0021201413427561835,-0.0037500005396789663
unanimous,menganggap,1,3,0.0021201413427561835,-0.0037500005396789663
unanimous,rapat,1,3,0.0021201413427561835,-0.0037500005396789663
unanimous,suriah,1,3,0.0021201413427561835,-0.0037500005396789663
unanimous,masjid,1,10,0.007067137809187279,-0.0037687124074685763
unanimous,karena,0,1345,0.05803667745415318,-0.003778333093489204
unanimous,dilakukan,1,28,0.019787985865724382,-0.004440314648093063
unanimous,rasa,1,12,0.008480565371024734,-0.004475722460880182
unanimous,pesawat,0,138,0.005954692556634304,-0.004504079833110822
unanimous,meninggalkan,1,5,0.0035335689045936395,-0.005341295116985046
unanimous,masalah,1,16,0.011307420494699646,-0.005383390635297151
unanimous,gaji,0,89,0.0038403451995685004,-0.005813246603683016
unanimous,menargetkan,0,89,0.0038403451995685004,-0.005813246603683016
unanimous,lembaga,0,105,0.004530744336569579,-0.00841093753285976
unanimous,skrg,0,105,0.004530744336569579,-0.00841093753285976
unanimous,minta,1,16,0.011307420494699646,-0.00910352586059591
unanimous,mas,1,8,0.005653710247349823,-0.009919902057517851
unanimous,belanja,0,40,0.001725997842502697,-0.010288094011347363
unanimous,gempa,0,40,0.001725997842502697,-0.010288094011347363
unanimous,infrastruktur,0,40,0.001725997842502697,-0.010288094011347363
unanimous,kecaman,0,40,0.001725997842502697,-0.010288094011347363
unanimous,mbak,0,40,0.001725997842502697,-0.010288094011347363
unanimous,melarikan,0,40,0.001725997842502697,-0.010288094011347363
unanimous,mengakibatkan,0,40,0.001725997842502697,-0.010288094011347363
unanimous,menggambarkan,0,40,0.001725997842502697,-0.010288094011347363
unanimous,menyaksikan,0,40,0.001725997842502697,-0.010288094011347363
unanimous,profesor,0,40,0.001725997842502697,-0.010288094011347363
unanimous,rendah,0,40,0.001725997842502697,-0.010288094011347363
unanimous,wahyu,0,40,0.001725997842502697,-0.010288094011347363
unanimous,brand,0,56,0.0024163969795037757,-0.013837563577260797
unanimous,ganti,0,56,0.0024163969795037757,-0.013837563577260797
unanimous,konser,0,56,0.0024163969795037757,-0.013837563577260797
unanimous,34,1,2,0.0014134275618374558,-0.01414658366436388
unanimous,berasa,1,2,0.0014134275618374558,-0.01414658366436388
unanimous,gol,1,2,0.0014134275618374558,-0.01414658366436388
unanimous,hebat,1,2,0.0014134275618374558,-0.01414658366436388
unanimous,kumparan,1,2,0.0014134275618374558,-0.01414658366436388
unanimous,sorotan,1,2,0.0014134275618374558,-0.01414658366436388
unanimous,umkm,1,2,0.0014134275618374558,-0.01414658366436388
unanimous,pakai,1,7,0.0049469964664310955,-0.014197160449567219
unanimous,sih,0,604,0.026062567421790722,-0.015631359963411674
unanimous,setuju,0,72,0.0031067961165048546,-0.015821987406239704
unanimous,wali,0,72,0.0031067961165048546,-0.015821987406239704
unanimous,peduli,1,5,0.0035335689045936395,-0.0163737348645601
unanimous,kaki,0,88,0.003797195253505933,-0.017092634289985836
unanimous,boikot,1,13,0.009187279151943463,-0.020547109151456813
unanimous,atau,0,1227,0.052944983818770226,-0.020958271217539997
unanimous,bergabung,1,3,0.0021201413427561835,-0.021035063311245217
unanimous,invasi,1,3,0.0021201413427561835,-0.021035063311245217
unanimous,memimpin,1,3,0.0021201413427561835,-0.021035063311245217
unanimous,misi,1,3,0.0021201413427561835,-0.021035063311245217
unanimous,sejauh,1,3,0.0021201413427561835,-0.021035063311245217
unanimous,stress,1,3,0.0021201413427561835,-0.021035063311245217
unanimous,para,1,72,0.05088339222614841,-0.02187861378807572
unanimous,aku,0,808,0.03486515641855448,-0.02288100777214402
unanimous,saya,0,615,0.026537216828478965,-0.024153623129125022
unanimous,ikut,0,295,0.01272923408845739,-0.024701988610682787
unanimous,pindah,1,4,0.0028268551236749115,-0.024853965874969183
unanimous,sekaligus,1,4,0.0028268551236749115,-0.024853965874969183
unanimous,bahasa,0,135,0.005825242718446602,-0.026532979125914492
unanimous,suara,1,10,0.007067137809187279,-0.02686625401190674
unanimous,pulau,1,5,0.0035335689045936395,-0.02728672714998921
unanimous,aqsa,0,87,0.0037540453074433656,-0.028499705483620304
unanimous,penjajahan,1,6,0.004240282685512367,-0.02897605543110965
unanimous,batas,0,71,0.0030636461704422868,-0.02975438211539002
unanimous,ibu,0,214,0.009234088457389428,-0.029942488989438826
unanimous,cari,0,182,0.007853290183387271,-0.03112706207663163
unanimous,dunia,0,881,0.0380151024811219,-0.031245750948222212
unanimous,beban,0,55,0.0023732470334412083,-0.03173843357242975
unanimous,kyk,0,55,0.0023732470334412083,-0.03173843357242975
unanimous,peraturan,0,55,0.0023732470334412083,-0.03173843357242975
unanimous,seorang,1,29,0.02049469964664311,-0.03262266862285237
unanimous,muda,1,13,0.009187279151943463,-0.03389388519348079
unanimous,sampai,0,561,0.024207119741100323,-0.03506646338064971
unanimous,berkat,0,39,0.0016828478964401295,-0.03533261890003558
unanimous,ditanya,0,39,0.0016828478964401295,-0.03533261890003558
unanimous,giselle,0,39,0.0016828478964401295,-0.03533261890003558
unanimous,induk,0,39,0.0016828478964401295,-0.03533261890003558
unanimous,pabrik,0,39,0.0016828478964401295,-0.03533261890003558
unanimous,senior,0,39,0.0016828478964401295,-0.03533261890003558
unanimous,suku,0,39,0.0016828478964401295,-0.03533261890003558
unanimous,toleransi,0,39,0.0016828478964401295,-0.03533261890003558
unanimous,saling,0,118,0.005091693635382956,-0.035455847760525544
unanimous,wanita,0,260,0.01121898597626753,-0.03645602723149229
unanimous,gue,0,607,0.026192017259978426,-0.03759093275246414
unanimous,kali,0,449,0.019374325782092774,-0.03779631121034008
unanimous,ahy,1,1,0.0007067137809187279,-0.03797307724455888
unanimous,arti,1,1,0.0007067137809187279,-0.03797307724455888
unanimous,bahlil,1,1,0.0007067137809187279,-0.03797307724455888
unanimous,bbm,1,1,0.0007067137809187279,-0.03797307724455888
unanimous,bermula,1,1,0.0007067137809187279,-0.03797307724455888
unanimous,bersamaan,1,1,0.0007067137809187279,-0.03797307724455888
unanimous,bertujuan,1,1,0.0007067137809187279,-0.03797307724455888
unanimous,denger,1,1,0.0007067137809187279,-0.03797307724455888
unanimous,diajak,1,1,0.0007067137809187279,-0.03797307724455888
unanimous,dievakuasi,1,1,0.0007067137809187279,-0.03797307724455888
unanimous,ditangani,1,1,0.0007067137809187279,-0.03797307724455888
unanimous,eric,1,1,0.0007067137809187279,-0.03797307724455888
unanimous,gapapa,1,1,0.0007067137809187279,-0.03797307724455888
unanimous,ih,1,1,0.0007067137809187279,-0.03797307724455888
unanimous,lautan,1,1,0.0007067137809187279,-0.03797307724455888
unanimous,layla,1,1,0.0007067137809187279,-0.03797307724455888
unanimous,let,1,1,0.0007067137809187279,-0.03797307724455888
unanimous,mengerikan,1,1,0.0007067137809187279,-0.03797307724455888
unanimous,ntar,1,1,0.0007067137809187279,-0.03797307724455888
unanimous,penyerbuan,1,1,0.0007067137809187279,-0.03797307724455888
unanimous,pokok,1,1,0.0007067137809187279,-0.03797307724455888
unanimous,sarjana,1,1,0.0007067137809187279,-0.03797307724455888
unanimous,senantiasa,1,1,0.0007067137809187279,-0.03797307724455888
unanimous,serbu,1,1,0.0007067137809187279,-0.03797307724455888
unanimous,pakar,1,2,0.0014134275618374558,-0.03800045877807698
unanimous,sejahtera,1,2,0.0014134275618374558,-0.03800045877807698
unanimous,terletak,1,2,0.0014134275618374558,-0.03800045877807698
unanimous,ayah,1,3,0.0021201413427561835,-0.0380278798332702
unanimous,diskusi,1,3,0.0021201413427561835,-0.0380278798332702
unanimous,nyaman,1,3,0.0021201413427561835,-0.0380278798332702
unanimous,mengumumkan,1,4,0.0028268551236749115,-0.038055340495777155
unanimous,anjir,1,5,0.0035335689045936395,-0.03808284085148413
unanimous,pemuda,1,5,0.0035335689045936395,-0.03808284085148413
unanimous,nggak,1,6,0.004240282685512367,-0.03811038098652601
unanimous,ayo,1,8,0.005653710247349823,-0.038165580940402635
unanimous,akhirnya,0,212,0.009147788565264294,-0.03939733752330635
unanimous,dong,0,149,0.006429341963322546,-0.039536783427208365
unanimous,silahkan,0,149,0.006429341963322546,-0.039536783427208365
unanimous,dari,1,206,0.14558303886925794,-0.040856988517190856
unanimous,wajib,0,133,0.005738942826321467,-0.04148994150994044
unanimous,akan,1,99,0.06996466431095406,-0.043406470518213947
unanimous,dia,0,855,0.036893203883495145,-0.04343311390116671
unanimous,1967,0,23,0.0009924487594390506,-0.04379134126085328
unanimous,alex,0,23,0.0009924487594390506,-0.04379134126085328
unanimous,ariel,0,23,0.0009924487594390506,-0.04379134126085328
unanimous,baptis,0,23,0.0009924487594390506,-0.04379134126085328
unanimous,berulang,0,23,0.0009924487594390506,-0.04379134126085328
unanimous,cuan,0,23,0.0009924487594390506,-0.04379134126085328
unanimous,dagang,0,23,0.0009924487594390506,-0.04379134126085328
unanimous,deket,0,23,0.0009924487594390506,-0.04379134126085328
unanimous,dkk,0,23,0.0009924487594390506,-0.04379134126085328
unanimous,dprd,0,23,0.0009924487594390506,-0.04379134126085328
unanimous,duh,0,23,0.0009924487594390506,-0.04379134126085328
unanimous,gerindra,0,23,0.0009924487594390506,-0.04379134126085328
unanimous,halus,0,23,0.0009924487594390506,-0.04379134126085328
unanimous,jubir,0,23,0.0009924487594390506,-0.04379134126085328
unanimous,karir,0,23,0.0009924487594390506,-0.04379134126085328
unanimous,kirgistan,0,23,0.0009924487594390506,-0.04379134126085328
unanimous,lam,0,23,0.0009924487594390506,-0.04379134126085328
unanimous,memperkuat,0,23,0.0009924487594390506,-0.04379134126085328
unanimous,mengembalikan,0,23,0.0009924487594390506,-0.04379134126085328
unanimous,merangkul,0,23,0.0009924487594390506,-0.04379134126085328
unanimous,penegak,0,23,0.0009924487594390506,-0.04379134126085328
unanimous,perintahkan,0,23,0.0009924487594390506,-0.04379134126085328
unanimous,saleh,0,23,0.0009924487594390506,-0.04379134126085328
unanimous,satria,0,23,0.0009924487594390506,-0.04379134126085328
unanimous,selaku,0,23,0.0009924487594390506,-0.04379134126085328
unanimous,seventeen,0,23,0.0009924487594390506,-0.04379134126085328
unanimous,sholeh,0,23,0.0009924487594390506,-0.04379134126085328
unanimous,tentunya,0,23,0.0009924487594390506,-0.04379134126085328
unanimous,terganggu,0,23,0.0009924487594390506,-0.04379134126085328
unanimous,terkadang,0,23,0.0009924487594390506,-0.04379134126085328
unanimous,tgl,0,23,0.0009924487594390506,-0.04379134126085328
unanimous,ujung,0,23,0.0009924487594390506,-0.04379134126085328
unanimous,penyakit,0,70,0.0030204962243797194,-0.04388240267231441
unanimous,solo,0,70,0.0030204962243797194,-0.04388240267231441
unanimous,penduduk,0,164,0.007076591154261057,-0.04406566656440227
unanimous,lihat,0,195,0.008414239482200648,-0.045845178297420325
unanimous,rusia,1,7,0.0049469964664310955,-0.04599388843668764
unanimous,mengakui,0,101,0.00435814455231931,-0.04723645852949769
unanimous,bener,0,179,0.007723840345199569,-0.047832490315191094
unanimous,x,1,17,0.012014134275618375,-0.048580637859470054
unanimous,fatwa,1,5,0.0035335689045936395,-0.048764562858643584
unanimous,gadis,0,54,0.002330097087378641,-0.04996400338007645
unanimous,mematikan,0,54,0.002330097087378641,-0.04996400338007645
unanimous,mimpi,0,54,0.002330097087378641,-0.04996400338007645
unanimous,pecah,0,54,0.002330097087378641,-0.04996400338007645
unanimous,terafiliasi,0,54,0.002330097087378641,-0.04996400338007645
unanimous,utang,0,54,0.002330097087378641,-0.04996400338007645
unanimous,kelompok,1,19,0.01342756183745583,-0.050641321278369976
unanimous,ibadah,0,116,0.005005393743257821,-0.05256427124084595
unanimous,sikap,0,147,0.006343042071197411,-0.05309185315427766
unanimous,juga,1,102,0.07208480565371024,-0.05697821229231978
unanimous,lain,1,37,0.026148409893992933,-0.05816546066398983
unanimous,hak,0,208,0.008975188781014025,-0.058574458954297845
unanimous,milik,0,177,0.007637540453074434,-0.059124055302671466
unanimous,berusaha,1,5,0.0035335689045936395,-0.05933430152476777
unanimous,satu,0,950,0.040992448759439054,-0.0598569086757374
unanimous,http,0,38,0.001639697950377562,-0.06101827032852446
unanimous,investor,0,38,0.001639697950377562,-0.06101827032852446
unanimous,pagiii,0,38,0.001639697950377562,-0.06101827032852446
unanimous,pppk,0,38,0.001639697950377562,-0.06101827032852446
unanimous,sanggup,0,38,0.001639697950377562,-0.06101827032852446
unanimous,sepenuhnya,0,38,0.001639697950377562,-0.06101827032852446
unanimous,uni,0,38,0.001639697950377562,-0.06101827032852446
unanimous,mendukung,0,408,0.017605177993527506,-0.06104292895153421
unanimous,merdeka,0,115,0.004962243797195253,-0.06122837941919168
unanimous,fb,1,2,0.0014134275618374558,-0.061300549230943004
unanimous,rb,1,2,0.0014134275618374558,-0.061300549230943004
unanimous,standar,1,2,0.0014134275618374558,-0.061300549230943004
unanimous,tren,1,2,0.0014134275618374558,-0.061300549230943004
unanimous,yaa,1,7,0.0049469964664310955,-0.0615249919372637
unanimous,fakta,1,14,0.009893992932862191,-0.06264310566220184
unanimous,kita,1,76,0.05371024734982332,-0.06272493585034208
unanimous,mencari,0,207,0.008932038834951457,-0.06342569935905015
unanimous,kendaraan,0,84,0.0036245954692556634,-0.06351689085929774
unanimous,pasien,0,84,0.0036245954692556634,-0.06351689085929774
unanimous,sehari,0,84,0.0036245954692556634,-0.06351689085929774
unanimous,anaknya,1,4,0.0028268551236749115,-0.06394981016073252
unanimous,gabung,1,4,0.0028268551236749115,-0.06394981016073252
unanimous,jujur,1,4,0.0028268551236749115,-0.06394981016073252
unanimous,khususnya,0,99,0.004271844660194175,-0.06722428485828745
unanimous,ma,0,99,0.004271844660194175,-0.06722428485828745
unanimous,62,0,53,0.0022869471413160735,-0.06852630000122607
unanimous,ditahan,0,53,0.0022869471413160735,-0.06852630000122607
unanimous,megawati,0,53,0.0022869471413160735,-0.06852630000122607
unanimous,surya,0,53,0.0022869471413160735,-0.06852630000122607
unanimous,wong,0,53,0.0022869471413160735,-0.06852630000122607
unanimous,jauh,0,160,0.006903991370010788,-0.06885610522416015
unanimous,salah,1,38,0.02685512367491166,-0.07000172274408692
unanimous,kabur,1,3,0.0021201413427561835,-0.07117526412488431
unanimous,menyambut,1,3,0.0021201413427561835,-0.07117526412488431
unanimous,pertanyaan,1,3,0.0021201413427561835,-0.07117526412488431
unanimous,pimpinan,1,3,0.0021201413427561835,-0.07117526412488431
unanimous,bahas,0,68,0.0029341963322545845,-0.07274792295348317
unanimous,jaga,0,68,0.0029341963322545845,-0.07274792295348317
unanimous,ini,1,274,0.19363957597173145,-0.07283585422904604
unanimous,lho,0,83,0.003581445523193096,-0.07546509840632959
unanimous,94,1,1,0.0007067137809187279,-0.07648255461663797
unanimous,asumsi,1,1,0.0007067137809187279,-0.07648255461663797
unanimous,barusan,1,1,0.0007067137809187279,-0.07648255461663797
unanimous,berjanji,1,1,0.0007067137809187279,-0.07648255461663797
unanimous,bocah,1,1,0.0007067137809187279,-0.07648255461663797
unanimous,body,1,1,0.0007067137809187279,-0.07648255461663797
unanimous,bunda,1,1,0.0007067137809187279,-0.07648255461663797
unanimous,cat,1,1,0.0007067137809187279,-0.07648255461663797
unanimous,didirikan,1,1,0.0007067137809187279,-0.07648255461663797
unanimous,diem,1,1,0.0007067137809187279,-0.07648255461663797
unanimous,diserahkan,1,1,0.0007067137809187279,-0.07648255461663797
unanimous,engga,1,1,0.0007067137809187279,-0.07648255461663797
unanimous,girl,1,1,0.0007067137809187279,-0.07648255461663797
unanimous,keterlibatan,1,1,0.0007067137809187279,-0.07648255461663797
unanimous,komplek,1,1,0.0007067137809187279,-0.07648255461663797
unanimous,kpk,1,1,0.0007067137809187279,-0.07648255461663797
unanimous,marapi,1,1,0.0007067137809187279,-0.07648255461663797
unanimous,maxwin,1,1,0.0007067137809187279,-0.07648255461663797
unanimous,melampaui,1,1,0.0007067137809187279,-0.07648255461663797
unanimous,mengimbau,1,1,0.0007067137809187279,-0.07648255461663797
unanimous,menimpa,1,1,0.0007067137809187279,-0.07648255461663797
unanimous,momentum,1,1,0.0007067137809187279,-0.07648255461663797
unanimous,ortodoks,1,1,0.0007067137809187279,-0.07648255461663797
unanimous,pemberian,1,1,0.0007067137809187279,-0.07648255461663797
unanimous,pembuat,1,1,0.0007067137809187279,-0.07648255461663797
unanimous,ratu,1,1,0.0007067137809187279,-0.07648255461663797
unanimous,rl,1,1,0.0007067137809187279,-0.07648255461663797
unanimous,salman,1,1,0.0007067137809187279,-0.07648255461663797
unanimous,sopan,1,1,0.0007067137809187279,-0.07648255461663797
unanimous,tahunan,1,1,0.0007067137809187279,-0.07648255461663797
unanimous,tan,1,1,0.0007067137809187279,-0.07648255461663797
unanimous,tersisa,1,1,0.0007067137809187279,-0.07648255461663797
unanimous,cina,0,629,0.027141316073354908,-0.078257388388341
unanimous,harus,1,42,0.029681978798586573,-0.07977524866359703
unanimous,sm,0,128,0.00552319309600863,-0.07987948181990025
unanimous,rasanya,1,5,0.0035335689045936395,-0.08014708903190847
unanimous,seluruh,0,385,0.016612729234088457,-0.08081764693316637
unanimous,selain,0,294,0.012686084142394822,-0.08149507987819574
unanimous,negara,0,1158,0.04996763754045307,-0.08195057865501044
unanimous,beli,0,173,0.007464940668824164,-0.0820909740945085
unanimous,pejuang,0,173,0.007464940668824164,-0.0820909740945085
unanimous,komunitas,1,6,0.004240282685512367,-0.08258218745922166
unanimous,akui,1,2,0.0014134275618374558,-0.08407203046586355
unanimous,camp,1,2,0.0014134275618374558,-0.08407203046586355
unanimous,gazaunderattack,1,2,0.0014134275618374558,-0.08407203046586355
unanimous,gen,1,2,0.0014134275618374558,-0.08407203046586355
unanimous,jimin,1,2,0.0014134275618374558,-0.08407203046586355
unanimous,kcic,1,2,0.0014134275618374558,-0.08407203046586355
unanimous,mandi,1,2,0.0014134275618374558,-0.08407203046586355
unanimous,pemilik,1,2,0.0014134275618374558,-0.08407203046586355
unanimous,sakit,1,33,0.023321554770318022,-0.08466270241252045
unanimous,ig,1,9,0.0063604240282685515,-0.08688869246329779
unanimous,adzan,0,22,0.0009492988133764832,-0.08731964414777633
unanimous,alumni,0,22,0.0009492988133764832,-0.08731964414777633
unanimous,amunisi,0,22,0.0009492988133764832,-0.08731964414777633
unanimous,bae,0,22,0.0009492988133764832,-0.08731964414777633
unanimous,batal,0,22,0.0009492988133764832,-0.08731964414777633
unanimous,berbahasa,0,22,0.0009492988133764832,-0.08731964414777633
unanimous,berfungsi,0,22,0.0009492988133764832,-0.08731964414777633
unanimous,beritapolitik,0,22,0.0009492988133764832,-0.08731964414777633
unanimous,bersejarah,0,22,0.0009492988133764832,-0.08731964414777633
unanimous,bnyk,0,22,0.0009492988133764832,-0.08731964414777633
unanimous,cipta,0,22,0.0009492988133764832,-0.08731964414777633
unanimous,curiga,0,22,0.0009492988133764832,-0.08731964414777633
unanimous,daily,0,22,0.0009492988133764832,-0.08731964414777633
unanimous,diyakini,0,22,0.0009492988133764832,-0.08731964414777633
unanimous,fast,0,22,0.0009492988133764832,-0.08731964414777633
unanimous,gerak,0,22,0.0009492988133764832,-0.08731964414777633
unanimous,geram,0,22,0.0009492988133764832,-0.08731964414777633
unanimous,human,0,22,0.0009492988133764832,-0.08731964414777633
unanimous,ivan,0,22,0.0009492988133764832,-0.08731964414777633
unanimous,kaesang,0,22,0.0009492988133764832,-0.08731964414777633
unanimous,kandungan,0,22,0.0009492988133764832,-0.08731964414777633
unanimous,khalifa,0,22,0.0009492988133764832,-0.08731964414777633
unanimous,korut,0,22,0.0009492988133764832,-0.08731964414777633
unanimous,lapor,0,22,0.0009492988133764832,-0.08731964414777633
unanimous,macet,0,22,0.0009492988133764832,-0.08731964414777633
unanimous,mengajukan,0,22,0.0009492988133764832,-0.08731964414777633
unanimous,menuding,0,22,0.0009492988133764832,-0.08731964414777633
unanimous,miliknya,0,22,0.0009492988133764832,-0.08731964414777633
unanimous,norak,0,22,0.0009492988133764832,-0.08731964414777633
unanimous,olive,0,22,0.0009492988133764832,-0.08731964414777633
unanimous,onlyfun,0,22,0.0009492988133764832,-0.08731964414777633
unanimous,pan,0,22,0.0009492988133764832,-0.08731964414777633
unanimous,penjuru,0,22,0.0009492988133764832,-0.08731964414777633
unanimous,politikindonesia,0,22,0.0009492988133764832,-0.08731964414777633
unanimous,quotes,0,22,0.0009492988133764832,-0.08731964414777633
unanimous,re,0,22,0.0009492988133764832,-0.08731964414777633
unanimous,sat,0,22,0.0009492988133764832,-0.08731964414777633
unanimous,seandainya,0,22,0.0009492988133764832,-0.08731964414777633
unanimous,semenanjung,0,22,0.0009492988133764832,-0.08731964414777633
unanimous,tl,0,22,0.0009492988133764832,-0.08731964414777633
unanimous,usul,0,22,0.0009492988133764832,-0.08731964414777633
unanimous,viralvideo,0,22,0.0009492988133764832,-0.08731964414777633
unanimous,baju,1,3,0.0021201413427561835,-0.08734790987756616
unanimous,demokrasi,1,3,0.0021201413427561835,-0.08734790987756616
unanimous,nasib,1,3,0.0021201413427561835,-0.08734790987756616
unanimous,negaranya,1,3,0.0021201413427561835,-0.08734790987756616
unanimous,qatar,1,3,0.0021201413427561835,-0.08734790987756616
unanimous,aktivis,0,37,0.0015965480043149947,-0.08737879759309117
unanimous,but,0,37,0.0015965480043149947,-0.08737879759309117
unanimous,diatas,0,37,0.0015965480043149947,-0.08737879759309117
unanimous,its,0,37,0.0015965480043149947,-0.08737879759309117
unanimous,kebangsaan,0,37,0.0015965480043149947,-0.08737879759309117
unanimous,kerugian,0,37,0.0015965480043149947,-0.08737879759309117
unanimous,kriteria,0,37,0.0015965480043149947,-0.08737879759309117
unanimous,menjalankan,0,37,0.0015965480043149947,-0.08737879759309117
unanimous,minus,0,37,0.0015965480043149947,-0.08737879759309117
unanimous,pohon,0,37,0.0015965480043149947,-0.08737879759309117
unanimous,sekitarnya,0,37,0.0015965480043149947,-0.08737879759309117
unanimous,tiada,0,37,0.0015965480043149947,-0.08737879759309117
unanimous,400,0,52,0.002243797195253506,-0.08743803128913866
unanimous,coldplay,0,52,0.002243797195253506,-0.08743803128913866
unanimous,fisik,0,52,0.002243797195253506,-0.08743803128913866
unanimous,gegara,0,52,0.002243797195253506,-0.08743803128913866
unanimous,isa,0,52,0.002243797195253506,-0.08743803128913866
unanimous,keadilan,0,52,0.002243797195253506,-0.08743803128913866
unanimous,nyawa,0,67,0.002891046386192017,-0.08749734539944282
unanimous,is,0,97,0.00418554476806904,-0.08761621551914149
unanimous,mengutuk,0,97,0.00418554476806904,-0.08761621551914149
unanimous,kekerasan,0,112,0.0048327939590075515,-0.08767577185781356
unanimous,penuh,0,157,0.006774541531823085,-0.08785492797422415
unanimous,perlindungan,1,5,0.0035335689045936395,-0.09039459051736239
unanimous,w,1,7,0.0049469964664310955,-0.09188954895874632
unanimous,lebih,1,68,0.0480565371024735,-0.0928696806089124
unanimous,free,0,141,0.0060841423948220065,-0.0948808246283139
unanimous,sudah,0,1083,0.04673139158576052,-0.0955947762208289
unanimous,gagal,0,126,0.005436893203883495,-0.09565285153040107
unanimous,tentang,1,26,0.018374558303886925,-0.09592406248944817
unanimous,semakin,0,260,0.01121898597626753,-0.09601132356791951
unanimous,pekerjaan,0,111,0.004789644012944984,-0.09664776021571873
unanimous,demi,0,215,0.009277238403451996,-0.09741999647775494
unanimous,keras,1,9,0.0063604240282685515,-0.09870596798160175
unanimous,p,1,8,0.005653710247349823,-0.09897748594930433
unanimous,haram,0,81,0.003495145631067961,-0.0997953144721758
unanimous,layak,0,81,0.003495145631067961,-0.0997953144721758
unanimous,ketika,1,22,0.015547703180212015,-0.10046526660041542
unanimous,bukti,0,155,0.00668824163969795,-0.10072153748086157
unanimous,besaran,1,4,0.0028268551236749115,-0.10158409824146851
unanimous,see,1,4,0.0028268551236749115,-0.10158409824146851
unanimous,air,1,15,0.01060070671378092,-0.1016226320555425
unanimous,oleh,1,88,0.06219081272084806,-0.10210025484992356
unanimous,anies,0,377,0.016267529665587917,-0.102139233105907
unanimous,cocok,1,3,0.0021201413427561835,-0.10326452472849382
unanimous,halal,1,3,0.0021201413427561835,-0.10326452472849382
unanimous,kanan,1,3,0.0021201413427561835,-0.10326452472849382
unanimous,time,1,3,0.0021201413427561835,-0.10326452472849382
unanimous,dewasa,1,2,0.0014134275618374558,-0.10633839927686561
unanimous,gabisa,1,2,0.0014134275618374558,-0.10633839927686561
unanimous,larang,1,2,0.0014134275618374558,-0.10633839927686561
unanimous,milisi,1,2,0.0014134275618374558,-0.10633839927686561
unanimous,pendiri,1,2,0.0014134275618374558,-0.10633839927686561
unanimous,pengguna,1,2,0.0014134275618374558,-0.10633839927686561
unanimous,perjanjian,1,2,0.0014134275618374558,-0.10633839927686561
unanimous,sidang,1,2,0.0014134275618374558,-0.10633839927686561
unanimous,90,0,51,0.0022006472491909383,-0.10671263833033527
unanimous,bisa,1,97,0.0685512367491166,-0.1083368310559838
unanimous,menggunakan,1,15,0.01060070671378092,-0.10881481490487724
unanimous,perang,1,53,0.03745583038869258,-0.11033252331503367
unanimous,main,1,13,0.009187279151943463,-0.11050437531599011
unanimous,pas,0,212,0.009147788565264294,-0.11156956829745973
unanimous,gus,0,80,0.003451995685005394,-0.11218444970993985
unanimous,82,1,1,0.0007067137809187279,-0.11356702470729238
unanimous,administrasi,1,1,0.0007067137809187279,-0.11356702470729238
unanimous,ban,1,1,0.0007067137809187279,-0.11356702470729238
unanimous,blang,1,1,0.0007067137809187279,-0.11356702470729238
unanimous,dipicu,1,1,0.0007067137809187279,-0.11356702470729238
unanimous,dipilih,1,1,0.0007067137809187279,-0.11356702470729238
unanimous,hamid,1,1,0.0007067137809187279,-0.11356702470729238
unanimous,jkt,1,1,0.0007067137809187279,-0.11356702470729238
unanimous,jumlahnya,1,1,0.0007067137809187279,-0.11356702470729238
unanimous,kaca,1,1,0.0007067137809187279,-0.11356702470729238
unanimous,kapten,1,1,0.0007067137809187279,-0.11356702470729238
unanimous,keagamaan,1,1,0.0007067137809187279,-0.11356702470729238
unanimous,kebakaran,1,1,0.0007067137809187279,-0.11356702470729238
unanimous,kekurangan,1,1,0.0007067137809187279,-0.11356702470729238
unanimous,kepung,1,1,0.0007067137809187279,-0.11356702470729238
unanimous,lulus,1,1,0.0007067137809187279,-0.11356702470729238
unanimous,make,1,1,0.0007067137809187279,-0.11356702470729238
unanimous,mengakhiri,1,1,0.0007067137809187279,-0.11356702470729238
unanimous,menjamin,1,1,0.0007067137809187279,-0.11356702470729238
unanimous,naskah,1,1,0.0007067137809187279,-0.11356702470729238
unanimous,pa,1,1,0.0007067137809187279,-0.11356702470729238
unanimous,pbsi,1,1,0.0007067137809187279,-0.11356702470729238
unanimous,permainan,1,1,0.0007067137809187279,-0.11356702470729238
unanimous,pertengahan,1,1,0.0007067137809187279,-0.11356702470729238
unanimous,piting,1,1,0.0007067137809187279,-0.11356702470729238
unanimous,prioritas,1,1,0.0007067137809187279,-0.11356702470729238
unanimous,saking,1,1,0.0007067137809187279,-0.11356702470729238
unanimous,samsung,1,1,0.0007067137809187279,-0.11356702470729238
unanimous,saran,1,1,0.0007067137809187279,-0.11356702470729238
unanimous,setahun,1,1,0.0007067137809187279,-0.11356702470729238
unanimous,siapkan,1,1,0.0007067137809187279,-0.11356702470729238
unanimous,tarik,1,1,0.0007067137809187279,-0.11356702470729238
unanimous,tebal,1,1,0.0007067137809187279,-0.11356702470729238
unanimous,thn,1,1,0.0007067137809187279,-0.11356702470729238
unanimous,bts,0,36,0.0015533980582524273,-0.11445068706040687
unanimous,diatur,0,36,0.0015533980582524273,-0.11445068706040687
unanimous,dingin,0,36,0.0015533980582524273,-0.11445068706040687
unanimous,ketawa,0,36,0.0015533980582524273,-0.11445068706040687
unanimous,menyerbu,0,36,0.0015533980582524273,-0.11445068706040687
unanimous,pengusaha,0,36,0.0015533980582524273,-0.11445068706040687
unanimous,rahasia,0,36,0.0015533980582524273,-0.11445068706040687
unanimous,retweet,0,36,0.0015533980582524273,-0.11445068706040687
unanimous,russia,0,36,0.0015533980582524273,-0.11445068706040687
unanimous,ui,0,36,0.0015533980582524273,-0.11445068706040687
unanimous,usah,0,36,0.0015533980582524273,-0.11445068706040687
unanimous,vina,0,36,0.0015533980582524273,-0.11445068706040687
unanimous,gk,0,109,0.004703344120819849,-0.11483451144730368
unanimous,kekuatan,0,109,0.004703344120819849,-0.11483451144730368
unanimous,setiap,1,18,0.012720848056537103,-0.11602800784616454
unanimous,negeri,1,20,0.014134275618374558,-0.11700732919445408
unanimous,bgt,1,36,0.025441696113074206,-0.11713586283908203
unanimous,baik,0,503,0.021704422869471413,-0.11735848283694861
unanimous,kampanye,0,65,0.0028047464940668823,-0.11766134513146315
unanimous,tiongkok,0,65,0.0028047464940668823,-0.11766134513146315
unanimous,sekarang,0,561,0.024207119741100323,-0.11836749853615758
unanimous,berusia,1,3,0.0021201413427561835,-0.11893311019821338
unanimous,hamil,1,3,0.0021201413427561835,-0.11893311019821338
unanimous,hentikan,1,3,0.0021201413427561835,-0.11893311019821338
unanimous,jemaat,1,3,0.0021201413427561835,-0.11893311019821338
unanimous,persoalan,1,3,0.0021201413427561835,-0.11893311019821338
unanimous,justru,0,94,0.004056094929881337,-0.1189987416924063
unanimous,i,1,18,0.012720848056537103,-0.11901297694320613
unanimous,perlu,0,225,0.009708737864077669,-0.1190302720260485
unanimous,najwa,1,5,0.0035335689045936395,-0.12052684602155224
unanimous,https,0,690,0.02977346278317152,-0.12246914571500347
unanimous,banjir,0,79,0.0034088457389428264,-0.12472791001487772
unanimous,jogja,0,79,0.0034088457389428264,-0.12472791001487772
unanimous,non,0,79,0.0034088457389428264,-0.12472791001487772
unanimous,api,1,4,0.0028268551236749115,-0.12591431430731465
unanimous,macam,0,50,0.002157497303128371,-0.12636435296196138
unanimous,mo,0,50,0.002157497303128371,-0.12636435296196138
unanimous,pengusiran,0,50,0.002157497303128371,-0.12636435296196138
unanimous,am,1,2,0.0014134275618374558,-0.1281216198086523
unanimous,babymonster,1,2,0.0014134275618374558,-0.1281216198086523
unanimous,diikuti,1,2,0.0014134275618374558,-0.1281216198086523
unanimous,level,1,2,0.0014134275618374558,-0.1281216198086523
unanimous,memahami,1,2,0.0014134275618374558,-0.1281216198086523
unanimous,pertolongan,1,2,0.0014134275618374558,-0.1281216198086523
unanimous,protestan,1,2,0.0014134275618374558,-0.1281216198086523
unanimous,putus,1,2,0.0014134275618374558,-0.1281216198086523
unanimous,suami,1,2,0.0014134275618374558,-0.1281216198086523
unanimous,taehyung,1,2,0.0014134275618374558,-0.1281216198086523
unanimous,wajah,1,2,0.0014134275618374558,-0.1281216198086523
unanimous,turun,1,7,0.0049469964664310955,-0.1286069744874281
unanimous,nanti,0,194,0.00837108953613808,-0.12869070841294944
unanimous,maupun,0,165,0.007119741100323625,-0.12964510648386052
unanimous,bapak,1,5,0.0035335689045936395,-0.1303741849410974
unanimous,tindakan,1,13,0.009187279151943463,-0.1308034548562606
unanimous,1951,0,21,0.0009061488673139158,-0.1328252073063406
unanimous,angga,0,21,0.0009061488673139158,-0.1328252073063406
unanimous,arabia,0,21,0.0009061488673139158,-0.1328252073063406
unanimous,asa,0,21,0.0009061488673139158,-0.1328252073063406
unanimous,bersumpah,0,21,0.0009061488673139158,-0.1328252073063406
unanimous,binaan,0,21,0.0009061488673139158,-0.1328252073063406
unanimous,campuran,0,21,0.0009061488673139158,-0.1328252073063406
unanimous,cuci,0,21,0.0009061488673139158,-0.1328252073063406
unanimous,dekade,0,21,0.0009061488673139158,-0.1328252073063406
unanimous,dicari,0,21,0.0009061488673139158,-0.1328252073063406
unanimous,disediakan,0,21,0.0009061488673139158,-0.1328252073063406
unanimous,ditembakkan,0,21,0.0009061488673139158,-0.1328252073063406
unanimous,diterapkan,0,21,0.0009061488673139158,-0.1328252073063406
unanimous,eksekutif,0,21,0.0009061488673139158,-0.1328252073063406
unanimous,exo,0,21,0.0009061488673139158,-0.1328252073063406
unanimous,family,0,21,0.0009061488673139158,-0.1328252073063406
unanimous,gpp,0,21,0.0009061488673139158,-0.1328252073063406
unanimous,haris,0,21,0.0009061488673139158,-0.1328252073063406
unanimous,indeks,0,21,0.0009061488673139158,-0.1328252073063406
unanimous,kain,0,21,0.0009061488673139158,-0.1328252073063406
unanimous,klarifikasi,0,21,0.0009061488673139158,-0.1328252073063406
unanimous,kuno,0,21,0.0009061488673139158,-0.1328252073063406
unanimous,lia,0,21,0.0009061488673139158,-0.1328252073063406
unanimous,lindungi,0,21,0.0009061488673139158,-0.1328252073063406
unanimous,memperkirakan,0,21,0.0009061488673139158,-0.1328252073063406
unanimous,mempertanyakan,0,21,0.0009061488673139158,-0.1328252073063406
unanimous,mengatur,0,21,0.0009061488673139158,-0.1328252073063406
unanimous,mengeluh,0,21,0.0009061488673139158,-0.1328252073063406
unanimous,menyasar,0,21,0.0009061488673139158,-0.1328252073063406
unanimous,murni,0,21,0.0009061488673139158,-0.1328252073063406
unanimous,novel,0,21,0.0009061488673139158,-0.1328252073063406
unanimous,ny,0,21,0.0009061488673139158,-0.1328252073063406
unanimous,padat,0,21,0.0009061488673139158,-0.1328252073063406
unanimous,paslon,0,21,0.0009061488673139158,-0.1328252073063406
unanimous,perawat,0,21,0.0009061488673139158,-0.1328252073063406
unanimous,persis,0,21,0.0009061488673139158,-0.1328252073063406
unanimous,pinterpolitik,0,21,0.0009061488673139158,-0.1328252073063406
unanimous,sebarkan,0,21,0.0009061488673139158,-0.1328252073063406
unanimous,sela,0,21,0.0009061488673139158,-0.1328252073063406
unanimous,semacam,0,21,0.0009061488673139158,-0.1328252073063406
unanimous,sia,0,21,0.0009061488673139158,-0.1328252073063406
unanimous,sp,0,21,0.0009061488673139158,-0.1328252073063406
unanimous,sosok,0,64,0.002761596548004315,-0.1330895334097446
unanimous,begitu,1,9,0.0063604240282685515,-0.13335416284565108
unanimous,rencana,1,6,0.004240282685512367,-0.13348613929711803
unanimous,saudi,0,150,0.006472491909385114,-0.13362135904229103
unanimous,membuat,0,365,0.01574973031283711,-0.134969734549151
unanimous,alias,1,4,0.0028268551236749115,-0.13786252185434658
unanimous,peringatan,1,4,0.0028268551236749115,-0.13786252185434658
unanimous,tidak,0,2145,0.09255663430420712,-0.13838436231867365
unanimous,disebut,1,9,0.0063604240282685515,-0.13901563719179785
unanimous,hampir,1,10,0.007067137809187279,-0.14019744240342497
unanimous,budaya,0,92,0.003969795037756203,-0.14047657740106076
unanimous,dan,0,6468,0.2790938511326861,-0.14065961592233006
unanimous,awal,1,11,0.0077738515901060075,-0.14119308542474251
unanimous,keluarga,1,16,0.011307420494699646,-0.14130932608638833
unanimous,kamu,0,391,0.016871628910463864,-0.14205694169044206
unanimous,terus,1,41,0.028975265017667843,-0.1421445932316507
unanimous,berencana,0,35,0.0015102481121898597,-0.14227346637924385
unanimous,diplomasi,0,35,0.0015102481121898597,-0.14227346637924385
unanimous,home,0,35,0.0015102481121898597,-0.14227346637924385
unanimous,individu,0,35,0.0015102481121898597,-0.14227346637924385
unanimous,kerajaan,0,35,0.0015102481121898597,-0.14227346637924385
unanimous,lemah,0,35,0.0015102481121898597,-0.14227346637924385
unanimous,mendengar,0,35,0.0015102481121898597,-0.14227346637924385
unanimous,mesjid,0,35,0.0015102481121898597,-0.14227346637924385
unanimous,ngeri,0,35,0.0015102481121898597,-0.14227346637924385
unanimous,subuh,0,35,0.0015102481121898597,-0.14227346637924385
unanimous,bakal,1,13,0.009187279151943463,-0.1427921742296233
unanimous,bicara,1,8,0.005653710247349823,-0.14387495811030565
unanimous,satunya,0,120,0.005177993527508091,-0.14450568222692892
unanimous,lina,0,49,0.0021143473570658035,-0.14640826104198382
unanimous,th,0,49,0.0021143473570658035,-0.14640826104198382
unanimous,mesir,0,148,0.006386192017259979,-0.14708634143652738
unanimous,tka,0,148,0.006386192017259979,-0.14708634143652738
unanimous,jika,0,559,0.02412081984897519,-0.14839282694342953
unanimous,yang,1,331,0.23392226148409895,-0.14839448835048824
unanimous,lagi,0,1101,0.047508090614886735,-0.14872328231551554
unanimous,malem,0,63,0.0027184466019417475,-0.14875811887946433
unanimous,64,1,1,0.0007067137809187279,-0.1493283075858601
unanimous,beit,1,1,0.0007067137809187279,-0.1493283075858601
unanimous,dinasti,1,1,0.0007067137809187279,-0.1493283075858601
unanimous,gudang,1,1,0.0007067137809187279,-0.1493283075858601
unanimous,hospital,1,1,0.0007067137809187279,-0.1493283075858601
unanimous,humaniter,1,1,0.0007067137809187279,-0.1493283075858601
unanimous,janda,1,1,0.0007067137809187279,-0.1493283075858601
unanimous,jari,1,1,0.0007067137809187279,-0.1493283075858601
unanimous,kangen,1,1,0.0007067137809187279,-0.1493283075858601
unanimous,karina,1,1,0.0007067137809187279,-0.1493283075858601
unanimous,khas,1,1,0.0007067137809187279,-0.1493283075858601
unanimous,konteks,1,1,0.0007067137809187279,-0.1493283075858601
unanimous,kuota,1,1,0.0007067137809187279,-0.1493283075858601
unanimous,lurus,1,1,0.0007067137809187279,-0.1493283075858601
unanimous,mall,1,1,0.0007067137809187279,-0.1493283075858601
unanimous,mencerminkan,1,1,0.0007067137809187279,-0.1493283075858601
unanimous,mie,1,1,0.0007067137809187279,-0.1493283075858601
unanimous,mitra,1,1,0.0007067137809187279,-0.1493283075858601
unanimous,ngerjain,1,1,0.0007067137809187279,-0.1493283075858601
unanimous,padang,1,1,0.0007067137809187279,-0.1493283075858601
unanimous,penonton,1,1,0.0007067137809187279,-0.1493283075858601
unanimous,president,1,1,0.0007067137809187279,-0.1493283075858601
unanimous,sby,1,1,0.0007067137809187279,-0.1493283075858601
unanimous,strategis,1,1,0.0007067137809187279,-0.1493283075858601
unanimous,tujuannya,1,1,0.0007067137809187279,-0.1493283075858601
unanimous,vidio,1,1,0.0007067137809187279,-0.1493283075858601
unanimous,aktor,1,2,0.0014134275618374558,-0.14944225402056838
unanimous,are,1,2,0.0014134275618374558,-0.14944225402056838
unanimous,berupa,1,2,0.0014134275618374558,-0.14944225402056838
unanimous,iphone,1,2,0.0014134275618374558,-0.14944225402056838
unanimous,jan,1,2,0.0014134275618374558,-0.14944225402056838
unanimous,memerangi,1,2,0.0014134275618374558,-0.14944225402056838
unanimous,pembebasan,1,2,0.0014134275618374558,-0.14944225402056838
unanimous,uda,1,2,0.0014134275618374558,-0.14944225402056838
unanimous,ancaman,1,3,0.0021201413427561835,-0.14955637480822462
unanimous,channel,1,3,0.0021201413427561835,-0.14955637480822462
unanimous,ukraina,1,3,0.0021201413427561835,-0.14955637480822462
unanimous,raja,1,4,0.0028268551236749115,-0.1496706703500542
unanimous,pergi,1,5,0.0035335689045936395,-0.14978514104851673
unanimous,bawa,1,6,0.004240282685512367,-0.14989978730731132
unanimous,isu,1,6,0.004240282685512367,-0.14989978730731132
unanimous,ajak,0,77,0.0033225458468176916,-0.1502935847736502
unanimous,parah,0,91,0.003926645091693636,-0.15138956968648987
unanimous,sang,0,91,0.003926645091693636,-0.15138956968648987
unanimous,ku,0,147,0.006343042071197411,-0.15388654929458515
unanimous,pasukan,0,358,0.015447680690399137,-0.15461418284171816
unanimous,tanpa,0,414,0.017864077669902913,-0.15560521487987425
unanimous,sedang,1,24,0.01696113074204947,-0.15636922942396272
unanimous,senjata,1,15,0.01060070671378092,-0.15779519710464482
unanimous,sampe,1,17,0.012014134275618375,-0.16028603317538578
unanimous,ahmad,0,132,0.0056957928802588995,-0.16098853824524292
unanimous,gelap,1,4,0.0028268551236749115,-0.16134201713686477
unanimous,disini,0,104,0.004487594390507012,-0.16178873038094652
unanimous,berbeda,0,90,0.003883495145631068,-0.16242200943406493
unanimous,guna,0,76,0.003279395900755124,-0.16332407221786702
unanimous,melawan,0,229,0.00988133764832794,-0.164507740862357
unanimous,dikenal,1,3,0.0021201413427561835,-0.16452529820851525
unanimous,masak,1,3,0.0021201413427561835,-0.16452529820851525
unanimous,melindungi,1,3,0.0021201413427561835,-0.16452529820851525
unanimous,syahid,1,3,0.0021201413427561835,-0.16452529820851525
unanimous,1000,0,62,0.00267529665587918,-0.16467473373039188
unanimous,masuk,0,466,0.02010787486515642,-0.16517730327164784
unanimous,bab,0,48,0.002071197411003236,-0.1668603721768081
unanimous,berkembang,0,48,0.002071197411003236,-0.1668603721768081
unanimous,harusnya,0,48,0.002071197411003236,-0.1668603721768081
unanimous,jejak,0,48,0.002071197411003236,-0.1668603721768081
unanimous,kemampuan,0,48,0.002071197411003236,-0.1668603721768081
unanimous,matanya,0,48,0.002071197411003236,-0.1668603721768081
unanimous,pasal,0,48,0.002071197411003236,-0.1668603721768081
unanimous,penjara,0,48,0.002071197411003236,-0.1668603721768081
unanimous,seperti,0,674,0.029083063646170443,-0.16818984063654535
unanimous,beragama,1,5,0.0035335689045936395,-0.16882974558879008
unanimous,t,0,687,0.029644012944983818,-0.16966218108538816
unanimous,ternyata,0,297,0.012815533980582524,-0.1703003869844498
unanimous,bandara,1,2,0.0014134275618374558,-0.1703195785574537
unanimous,cowok,1,2,0.0014134275618374558,-0.1703195785574537
unanimous,kak,1,2,0.0014134275618374558,-0.1703195785574537
unanimous,kdrt,1,2,0.0014134275618374558,-0.1703195785574537
unanimous,konvensi,1,2,0.0014134275618374558,-0.1703195785574537
unanimous,kudus,1,2,0.0014134275618374558,-0.1703195785574537
unanimous,sendirian,1,2,0.0014134275618374558,-0.1703195785574537
unanimous,politik,1,19,0.01342756183745583,-0.170430465199984
unanimous,gaza,1,129,0.0911660777385159,-0.17047393639747763
unanimous,1948,0,34,0.0014670981661272923,-0.17089005216758724
unanimous,dikuasai,0,34,0.0014670981661272923,-0.17089005216758724
unanimous,dubai,0,34,0.0014670981661272923,-0.17089005216758724
unanimous,kayanya,0,34,0.0014670981661272923,-0.17089005216758724
unanimous,kh,0,34,0.0014670981661272923,-0.17089005216758724
unanimous,lancar,0,34,0.0014670981661272923,-0.17089005216758724
unanimous,people,0,34,0.0014670981661272923,-0.17089005216758724
unanimous,puas,0,34,0.0014670981661272923,-0.17089005216758724
unanimous,seneng,0,34,0.0014670981661272923,-0.17089005216758724
unanimous,shalat,0,34,0.0014670981661272923,-0.17089005216758724
unanimous,singapura,0,34,0.0014670981661272923,-0.17089005216758724
unanimous,spanyol,0,34,0.0014670981661272923,-0.17089005216758724
unanimous,tembok,0,34,0.0014670981661272923,-0.17089005216758724
unanimous,turkmenistan,0,34,0.0014670981661272923,-0.17089005216758724
unanimous,pemilu,1,7,0.0049469964664310955,-0.17097894999467084
unanimous,gua,0,269,0.011607335490830636,-0.1712976818967639
unanimous,kasih,0,269,0.011607335490830636,-0.1712976818967639
unanimous,sambil,0,103,0.0044444444444444444,-0.1714475316601455
unanimous,kehilangan,1,4,0.0028268551236749115,-0.172879707230024
unanimous,katanya,0,158,0.006817691477885653,-0.17316587066957165
unanimous,aturan,0,89,0.0038403451995685004,-0.17357655115473297
unanimous,nusantara,0,89,0.0038403451995685004,-0.17357655115473297
unanimous,listrik,1,6,0.004240282685512367,-0.17403108560460015
unanimous,meninggal,1,6,0.004240282685512367,-0.17403108560460015
unanimous,lewat,1,8,0.005653710247349823,-0.17476947885862015
unanimous,warga,1,70,0.04946996466431095,-0.17647998368959789
unanimous,yaitu,0,171,0.007378640776699029,-0.17786610984813314
unanimous,mengambil,1,7,0.0049469964664310955,-0.17787171346422107
unanimous,nih,0,281,0.012125134843581445,-0.177936371611527
unanimous,sangat,0,446,0.01924487594390507,-0.17884780903648426
unanimous,hotel,1,3,0.0021201413427561835,-0.17927472065447486
unanimous,pemerintahan,1,3,0.0021201413427561835,-0.17927472065447486
unanimous,menang,1,10,0.007067137809187279,-0.18025310415030737
unanimous,105,0,20,0.0008629989212513484,-0.18049644351218586
unanimous,2017,0,20,0.0008629989212513484,-0.18049644351218586
unanimous,available,0,20,0.0008629989212513484,-0.18049644351218586
unanimous,batak,0,20,0.0008629989212513484,-0.18049644351218586
unanimous,bertempur,0,20,0.0008629989212513484,-0.18049644351218586
unanimous,besarnya,0,20,0.0008629989212513484,-0.18049644351218586
unanimous,dek,0,20,0.0008629989212513484,-0.18049644351218586
unanimous,haha,0,20,0.0008629989212513484,-0.18049644351218586
unanimous,hindari,0,20,0.0008629989212513484,-0.18049644351218586
unanimous,icc,0,20,0.0008629989212513484,-0.18049644351218586
unanimous,ilang,0,20,0.0008629989212513484,-0.18049644351218586
unanimous,joshua,0,20,0.0008629989212513484,-0.18049644351218586
unanimous,keluarkan,0,20,0.0008629989212513484,-0.18049644351218586
unanimous,kesatuan,0,20,0.0008629989212513484,-0.18049644351218586
unanimous,keuntungan,0,20,0.0008629989212513484,-0.18049644351218586
unanimous,kompetisi,0,20,0.0008629989212513484,-0.18049644351218586
unanimous,lelaki,0,20,0.0008629989212513484,-0.18049644351218586
unanimous,lgi,0,20,0.0008629989212513484,-0.18049644351218586
unanimous,makhluk,0,20,0.0008629989212513484,-0.18049644351218586
unanimous,masker,0,20,0.0008629989212513484,-0.18049644351218586
unanimous,mempromosikan,0,20,0.0008629989212513484,-0.18049644351218586
unanimous,mengibarkan,0,20,0.0008629989212513484,-0.18049644351218586
unanimous,menuai,0,20,0.0008629989212513484,-0.18049644351218586
unanimous,ozil,0,20,0.0008629989212513484,-0.18049644351218586
unanimous,pastinya,0,20,0.0008629989212513484,-0.18049644351218586
unanimous,pemprov,0,20,0.0008629989212513484,-0.18049644351218586
unanimous,proud,0,20,0.0008629989212513484,-0.18049644351218586
unanimous,refugee,0,20,0.0008629989212513484,-0.18049644351218586
unanimous,rocket,0,20,0.0008629989212513484,-0.18049644351218586
unanimous,samsul,0,20,0.0008629989212513484,-0.18049644351218586
unanimous,sandi,0,20,0.0008629989212513484,-0.18049644351218586
unanimous,seberapa,0,20,0.0008629989212513484,-0.18049644351218586
unanimous,seketika,0,20,0.0008629989212513484,-0.18049644351218586
unanimous,slamet,0,20,0.0008629989212513484,-0.18049644351218586
unanimous,telinga,0,20,0.0008629989212513484,-0.18049644351218586
unanimous,tiba2,0,20,0.0008629989212513484,-0.18049644351218586
unanimous,tk,0,20,0.0008629989212513484,-0.18049644351218586
unanimous,transit,0,20,0.0008629989212513484,-0.18049644351218586
unanimous,_,0,61,0.0026321467098166127,-0.18084737948307364
unanimous,apabila,0,61,0.0026321467098166127,-0.18084737948307364
unanimous,gas,0,61,0.0026321467098166127,-0.18084737948307364
unanimous,mega,0,61,0.0026321467098166127,-0.18084737948307364
unanimous,terimakasih,0,61,0.0026321467098166127,-0.18084737948307364
unanimous,produk,0,390,0.016828478964401296,-0.18109692009306122
unanimous,jurnalis,1,6,0.004240282685512367,-0.18194852786570068
unanimous,masih,0,858,0.03702265372168285,-0.18265717040398674
unanimous,banget,1,37,0.026148409893992933,-0.1835261334396793
unanimous,menyerang,0,170,0.007335490830636462,-0.18375754854169102
unanimous,berkomitmen,1,1,0.0007067137809187279,-0.1838576857998624
unanimous,check,1,1,0.0007067137809187279,-0.1838576857998624
unanimous,cikarang,1,1,0.0007067137809187279,-0.1838576857998624
unanimous,doakan,1,1,0.0007067137809187279,-0.1838576857998624
unanimous,dukungannya,1,1,0.0007067137809187279,-0.1838576857998624
unanimous,engkau,1,1,0.0007067137809187279,-0.1838576857998624
unanimous,faisal,1,1,0.0007067137809187279,-0.1838576857998624
unanimous,kurus,1,1,0.0007067137809187279,-0.1838576857998624
unanimous,menempati,1,1,0.0007067137809187279,-0.1838576857998624
unanimous,motivasi,1,1,0.0007067137809187279,-0.1838576857998624
unanimous,mulia,1,1,0.0007067137809187279,-0.1838576857998624
unanimous,pelajar,1,1,0.0007067137809187279,-0.1838576857998624
unanimous,pengaruh,1,1,0.0007067137809187279,-0.1838576857998624
unanimous,penumpang,1,1,0.0007067137809187279,-0.1838576857998624
unanimous,pinggir,1,1,0.0007067137809187279,-0.1838576857998624
unanimous,rejim,1,1,0.0007067137809187279,-0.1838576857998624
unanimous,sejati,1,1,0.0007067137809187279,-0.1838576857998624
unanimous,sharing,1,1,0.0007067137809187279,-0.1838576857998624
unanimous,sidoarjo,1,1,0.0007067137809187279,-0.1838576857998624
unanimous,skrng,1,1,0.0007067137809187279,-0.1838576857998624
unanimous,stres,1,1,0.0007067137809187279,-0.1838576857998624
unanimous,tegaskan,1,1,0.0007067137809187279,-0.1838576857998624
unanimous,zonauang,1,1,0.0007067137809187279,-0.1838576857998624
unanimous,zone,1,1,0.0007067137809187279,-0.1838576857998624
unanimous,palestina,0,2594,0.1119309600862999,-0.18506717164916825
unanimous,dibuat,1,5,0.0035335689045936395,-0.18752163173142902
unanimous,digunakan,1,5,0.0035335689045936395,-0.18752163173142902
unanimous,gambar,1,5,0.0035335689045936395,-0.18752163173142902
unanimous,pendudukan,1,5,0.0035335689045936395,-0.18752163173142902
unanimous,sisi,1,5,0.0035335689045936395,-0.18752163173142902
unanimous,ad,0,47,0.0020280474649406687,-0.1877376967136935
unanimous,intelijen,0,47,0.0020280474649406687,-0.1877376967136935
unanimous,mengebom,0,47,0.0020280474649406687,-0.1877376967136935
unanimous,komentar,0,142,0.0061272923408845735,-0.18858982405967306
unanimous,gangguan,0,74,0.0031930960086299894,-0.18990226587749037
unanimous,250,1,2,0.0014134275618374558,-0.190771689692278
unanimous,51,1,2,0.0014134275618374558,-0.190771689692278
unanimous,kerjasama,1,2,0.0014134275618374558,-0.190771689692278
unanimous,dana,1,7,0.0049469964664310955,-0.1915180921545262
unanimous,barat,1,19,0.01342756183745583,-0.19175205137272475
unanimous,pelaku,0,128,0.00552319309600863,-0.1918158490140584
unanimous,berbicara,1,3,0.0021201413427561835,-0.1938110048861177
unanimous,gunung,1,3,0.0021201413427561835,-0.1938110048861177
unanimous,tikus,1,3,0.0021201413427561835,-0.1938110048861177
unanimous,luas,1,4,0.0028268551236749115,-0.19556616610996128
unanimous,g,0,141,0.0060841423948220065,-0.19567552076862146
unanimous,semuanya,0,87,0.0037540453074433656,-0.19626301003467014
unanimous,dibilang,0,60,0.0025889967637540453,-0.19728445120987095
unanimous,km,0,60,0.0025889967637540453,-0.19728445120987095
unanimous,dikira,0,33,0.0014239482200647249,-0.20034714885085564
unanimous,fosfor,0,33,0.0014239482200647249,-0.20034714885085564
unanimous,insya,0,33,0.0014239482200647249,-0.20034714885085564
unanimous,jerusalem,0,33,0.0014239482200647249,-0.20034714885085564
unanimous,lanjutkan,0,33,0.0014239482200647249,-0.20034714885085564
unanimous,modal,0,33,0.0014239482200647249,-0.20034714885085564
unanimous,perihal,0,33,0.0014239482200647249,-0.20034714885085564
unanimous,pidato,0,33,0.0014239482200647249,-0.20034714885085564
unanimous,pola,0,33,0.0014239482200647249,-0.20034714885085564
unanimous,warganet,0,33,0.0014239482200647249,-0.20034714885085564
unanimous,postingan,0,100,0.004314994606256742,-0.20099143333537456
unanimous,sebagai,1,53,0.03745583038869258,-0.20183121269851725
unanimous,at,0,113,0.0048759439050701184,-0.20465616734385098
unanimous,berat,1,8,0.005653710247349823,-0.20475089648220196
unanimous,biar,0,220,0.009492988133764833,-0.20490521525712585
unanimous,terluka,1,5,0.0035335689045936395,-0.2058736855375759
unanimous,terkini,1,4,0.0028268551236749115,-0.2067207078306292
unanimous,waktu,1,20,0.014134275618374558,-0.20743460296198132
unanimous,keluar,0,166,0.007162891046386192,-0.20767139219639175
unanimous,no,1,16,0.011307420494699646,-0.20767207054430506
unanimous,namanya,0,86,0.003710895361380798,-0.20780070012782934
unanimous,mencoba,1,3,0.0021201413427561835,-0.20814024093564362
unanimous,tambah,1,3,0.0021201413427561835,-0.20814024093564362
unanimous,team,1,3,0.0021201413427561835,-0.20814024093564362
unanimous,bangga,0,46,0.0019848975188781013,-0.20905833092560946
unanimous,didukung,0,46,0.0019848975188781013,-0.20905833092560946
unanimous,edisi,0,46,0.0019848975188781013,-0.20905833092560946
unanimous,kerjaan,0,46,0.0019848975188781013,-0.20905833092560946
unanimous,menyuarakan,0,46,0.0019848975188781013,-0.20905833092560946
unanimous,z,0,46,0.0019848975188781013,-0.20905833092560946
unanimous,ribuan,1,10,0.007067137809187279,-0.20929330740870497
unanimous,diakui,1,2,0.0014134275618374558,-0.21081559777230036
unanimous,dosen,1,2,0.0014134275618374558,-0.21081559777230036
unanimous,ganjarmahfud2024,1,2,0.0014134275618374558,-0.21081559777230036
unanimous,kerap,1,2,0.0014134275618374558,-0.21081559777230036
unanimous,keselamatan,1,2,0.0014134275618374558,-0.21081559777230036
unanimous,menambah,1,2,0.0014134275618374558,-0.21081559777230036
unanimous,narasi,1,2,0.0014134275618374558,-0.21081559777230036
unanimous,pemilihan,1,2,0.0014134275618374558,-0.21081559777230036
unanimous,siapapun,1,2,0.0014134275618374558,-0.21081559777230036
unanimous,membuka,0,99,0.004271844660194175,-0.21103485173670072
unanimous,suatu,0,99,0.004271844660194175,-0.21103485173670072
unanimous,like,1,7,0.0049469964664310955,-0.2116490463624657
unanimous,lawan,0,152,0.006558791801510248,-0.2120165051990122
unanimous,kawasan,1,6,0.004240282685512367,-0.21301257703157062
unanimous,mangga,0,59,0.002545846817691478,-0.2139947637746879
unanimous,pemboman,0,59,0.002545846817691478,-0.2139947637746879
unanimous,your,0,59,0.002545846817691478,-0.2139947637746879
unanimous,jual,1,5,0.0035335689045936395,-0.2149261112137446
unanimous,pilihan,1,5,0.0035335689045936395,-0.2149261112137446
unanimous,sebagian,0,191,0.008241639697950378,-0.2165378248873259
unanimous,hanya,0,763,0.032923408845738945,-0.21710951219160352
unanimous,donasi,0,72,0.0031067961165048546,-0.21720140011988398
unanimous,seharusnya,0,72,0.0031067961165048546,-0.21720140011988398
unanimous,97,1,1,0.0007067137809187279,-0.21723731007679298
unanimous,akibatnya,1,1,0.0007067137809187279,-0.21723731007679298
unanimous,cahaya,1,1,0.0007067137809187279,-0.21723731007679298
unanimous,dapur,1,1,0.0007067137809187279,-0.21723731007679298
unanimous,heboh,1,1,0.0007067137809187279,-0.21723731007679298
unanimous,maret,1,1,0.0007067137809187279,-0.21723731007679298
unanimous,maya,1,1,0.0007067137809187279,-0.21723731007679298
unanimous,meluncurkan,1,1,0.0007067137809187279,-0.21723731007679298
unanimous,memanfaatkan,1,1,0.0007067137809187279,-0.21723731007679298
unanimous,monas,1,1,0.0007067137809187279,-0.21723731007679298
unanimous,ngobrol,1,1,0.0007067137809187279,-0.21723731007679298
unanimous,pangkalan,1,1,0.0007067137809187279,-0.21723731007679298
unanimous,pgn,1,1,0.0007067137809187279,-0.21723731007679298
unanimous,potret,1,1,0.0007067137809187279,-0.21723731007679298
unanimous,rencananya,1,1,0.0007067137809187279,-0.21723731007679298
unanimous,rombongan,1,1,0.0007067137809187279,-0.21723731007679298
unanimous,sosmed,1,1,0.0007067137809187279,-0.21723731007679298
unanimous,sulawesi,1,1,0.0007067137809187279,-0.21723731007679298
unanimous,woi,1,1,0.0007067137809187279,-0.21723731007679298
unanimous,bikin,0,363,0.015663430420711975,-0.2174913112769445
unanimous,bu,1,4,0.0028268551236749115,-0.21775314757820433
unanimous,artinya,0,85,0.003667745415318231,-0.21947204691464
unanimous,buku,0,85,0.003667745415318231,-0.21947204691464
unanimous,debat,0,85,0.003667745415318231,-0.21947204691464
unanimous,beliau,0,111,0.004789644012944984,-0.22252113047230657
unanimous,temen,0,124,0.00535059331175836,-0.22361257700117876
unanimous,lahir,1,4,0.0028268551236749115,-0.2286661398636335
unanimous,600,1,2,0.0014134275618374558,-0.23046731240392665
unanimous,gede,1,2,0.0014134275618374558,-0.23046731240392665
unanimous,bangkit,0,32,0.0013807982740021575,-0.23069570795600852
unanimous,bi,0,32,0.0013807982740021575,-0.23069570795600852
unanimous,fisip,0,32,0.0013807982740021575,-0.23069570795600852
unanimous,hindu,0,32,0.0013807982740021575,-0.23069570795600852
unanimous,kedutaan,0,32,0.0013807982740021575,-0.23069570795600852
unanimous,manajemen,0,32,0.0013807982740021575,-0.23069570795600852
unanimous,nct,0,32,0.0013807982740021575,-0.23069570795600852
unanimous,penelitian,0,32,0.0013807982740021575,-0.23069570795600852
unanimous,sedekah,0,32,0.0013807982740021575,-0.23069570795600852
unanimous,td,0,32,0.0013807982740021575,-0.23069570795600852
unanimous,menunjukkan,1,9,0.0063604240282685515,-0.23072689953231432
unanimous,ampe,0,45,0.001941747572815534,-0.23084155145739627
unanimous,dikatakan,0,45,0.001941747572815534,-0.23084155145739627
unanimous,kl,0,45,0.001941747572815534,-0.23084155145739627
unanimous,malu,0,45,0.001941747572815534,-0.23084155145739627
unanimous,mengadakan,0,45,0.001941747572815534,-0.23084155145739627
unanimous,nyari,0,45,0.001941747572815534,-0.23084155145739627
unanimous,prestasi,0,45,0.001941747572815534,-0.23084155145739627
unanimous,be,0,58,0.0025026968716289105,-0.23098758029671287
unanimous,menyelamatkan,0,58,0.0025026968716289105,-0.23098758029671287
unanimous,sedih,0,84,0.0036245954692556634,-0.23128019541034764
unanimous,tempur,0,84,0.0036245954692556634,-0.23128019541034764
unanimous,la,0,110,0.004746494066882417,-0.23157355614847508
unanimous,nangis,1,5,0.0035335689045936395,-0.2327910743422001
unanimous,md,1,8,0.005653710247349823,-0.23387200561806507
unanimous,berangkat,1,3,0.0021201413427561835,-0.23620065620171826
unanimous,menangkan,1,3,0.0021201413427561835,-0.23620065620171826
unanimous,co,0,538,0.023214670981661273,-0.23842372522657782
unanimous,eropa,0,135,0.005825242718446602,-0.23926404246038022
unanimous,tiap,0,135,0.005825242718446602,-0.23926404246038022
unanimous,tak,0,773,0.03335490830636462,-0.2393153491978514
unanimous,dpr,1,4,0.0028268551236749115,-0.2394622535651284
unanimous,setidaknya,1,4,0.0028268551236749115,-0.2394622535651284
unanimous,kristen,0,874,0.037713052858683926,-0.24413638060008389
unanimous,jerman,0,70,0.0030204962243797194,-0.2452618153859586
unanimous,mengusir,0,70,0.0030204962243797194,-0.2452618153859586
unanimous,buka,1,9,0.0063604240282685515,-0.2460861742183971
unanimous,hamas,1,74,0.052296819787985865,-0.2464281296842217
unanimous,guru,0,134,0.005782092772384034,-0.24671488463230726
unanimous,you,1,12,0.008480565371024734,-0.24790485806219997
unanimous,berdiri,0,57,0.002459546925566343,-0.24827264306827918
unanimous,congratulations,0,57,0.002459546925566343,-0.24827264306827918
unanimous,ka,0,57,0.002459546925566343,-0.24827264306827918
unanimous,bjir,1,1,0.0007067137809187279,-0.2495413781710202
unanimous,dialami,1,1,0.0007067137809187279,-0.2495413781710202
unanimous,gmail,1,1,0.0007067137809187279,-0.2495413781710202
unanimous,innalillahi,1,1,0.0007067137809187279,-0.2495413781710202
unanimous,max,1,1,0.0007067137809187279,-0.2495413781710202
unanimous,memakan,1,1,0.0007067137809187279,-0.2495413781710202
unanimous,nambah,1,1,0.0007067137809187279,-0.2495413781710202
unanimous,nantinya,1,1,0.0007067137809187279,-0.2495413781710202
unanimous,press,1,1,0.0007067137809187279,-0.2495413781710202
unanimous,rio,1,1,0.0007067137809187279,-0.2495413781710202
unanimous,semenjak,1,1,0.0007067137809187279,-0.2495413781710202
unanimous,shop,1,1,0.0007067137809187279,-0.2495413781710202
unanimous,suaka,1,1,0.0007067137809187279,-0.2495413781710202
unanimous,terdampar,1,1,0.0007067137809187279,-0.2495413781710202
unanimous,that,1,1,0.0007067137809187279,-0.2495413781710202
unanimous,urut,1,1,0.0007067137809187279,-0.2495413781710202
unanimous,women,1,1,0.0007067137809187279,-0.2495413781710202
unanimous,takut,0,172,0.007421790722761596,-0.2496824688231728
unanimous,ancam,1,2,0.0014134275618374558,-0.24974191944512322
unanimous,bertindak,1,2,0.0014134275618374558,-0.24974191944512322
unanimous,apapun,0,108,0.004660194174757282,-0.2499256099546221
unanimous,bertambah,1,3,0.0021201413427561835,-0.24994278498182357
unanimous,model,1,3,0.0021201413427561835,-0.24994278498182357
unanimous,agar,1,24,0.01696113074204947,-0.2502541945798222
unanimous,mengaku,0,159,0.00686084142394822,-0.25092695529491416
unanimous,jawab,1,9,0.0063604240282685515,-0.2511548322037291
unanimous,gimana,0,210,0.009061488673139158,-0.2517527876136103
unanimous,alwi,0,44,0.0018985976267529665,-0.2531079202683983
unanimous,kayaknya,0,44,0.0018985976267529665,-0.2531079202683983
unanimous,kucing,0,44,0.0018985976267529665,-0.2531079202683983
unanimous,menjawab,0,44,0.0018985976267529665,-0.2531079202683983
unanimous,menuduh,0,44,0.0018985976267529665,-0.2531079202683983
unanimous,nikah,0,44,0.0018985976267529665,-0.2531079202683983
unanimous,bahkan,0,350,0.015102481121898598,-0.25447960247930546
unanimous,tangan,0,171,0.007378640776699029,-0.2555399093893472
unanimous,sehat,1,7,0.0049469964664310955,-0.2571220849294969
unanimous,tidur,1,7,0.0049469964664310955,-0.2571220849294969
unanimous,mobil,1,6,0.004240282685512367,-0.2578900422354091
unanimous,mengungsi,0,107,0.004617044228694714,-0.25922828546279575
unanimous,jawa,1,12,0.008480565371024734,-0.2594427558954789
unanimous,cukup,0,183,0.007896440129449837,-0.2595589661039135
unanimous,tenaga,0,69,0.002977346278317152,-0.2595910514354846
unanimous,sasaran,1,4,0.0028268551236749115,-0.2607137142384121
unanimous,sedikit,1,4,0.0028268551236749115,-0.2607137142384121
unanimous,al,0,847,0.03654800431499461,-0.2610408443219542
unanimous,coba,0,132,0.0056957928802588995,-0.2617832343855504
unanimous,125,0,31,0.00133764832793959,-0.26199145920294725
unanimous,dipakai,0,31,0.00133764832793959,-0.26199145920294725
unanimous,gama,0,31,0.00133764832793959,-0.26199145920294725
unanimous,katakan,0,31,0.00133764832793959,-0.26199145920294725
unanimous,kristiani,0,31,0.00133764832793959,-0.26199145920294725
unanimous,lansia,0,31,0.00133764832793959,-0.26199145920294725
unanimous,membantah,0,31,0.00133764832793959,-0.26199145920294725
unanimous,memegang,0,31,0.00133764832793959,-0.26199145920294725
unanimous,mesti,0,31,0.00133764832793959,-0.26199145920294725
unanimous,pemukim,0,31,0.00133764832793959,-0.26199145920294725
unanimous,prajurit,0,31,0.00133764832793959,-0.26199145920294725
unanimous,whoosh,0,31,0.00133764832793959,-0.26199145920294725
unanimous,gw,0,385,0.016612729234088457,-0.26346818775313846
unanimous,masing,1,3,0.0021201413427561835,-0.2634997904441119
unanimous,tutup,1,3,0.0021201413427561835,-0.2634997904441119
unanimous,gendut,1,10,0.007067137809187279,-0.26500240521887725
unanimous,era,0,56,0.0024163969795037757,-0.26586020718521874
unanimous,buta,0,689,0.029730312837108953,-0.2665621004425067
unanimous,kami,1,37,0.026148409893992933,-0.26743582227274765
unanimous,angin,1,2,0.0014134275618374558,-0.2686536507330358
unanimous,artis,1,2,0.0014134275618374558,-0.2686536507330358
unanimous,berperang,1,2,0.0014134275618374558,-0.2686536507330358
unanimous,markas,1,2,0.0014134275618374558,-0.2686536507330358
unanimous,polri,1,2,0.0014134275618374558,-0.2686536507330358
unanimous,terkena,1,2,0.0014134275618374558,-0.2686536507330358
unanimous,war,1,2,0.0014134275618374558,-0.2686536507330358
unanimous,tujuan,0,131,0.0056526429341963325,-0.2694024234378963
unanimous,anak,0,826,0.03564185544768069,-0.2711792805742759
unanimous,dah,0,256,0.01104638619201726,-0.2720315241391606
unanimous,perjuangan,1,6,0.004240282685512367,-0.2724175413658414
unanimous,pulang,0,93,0.00401294498381877,-0.273491030577979
unanimous,di,1,438,0.30954063604240284,-0.2735621027420693
unanimous,ingin,0,293,0.012642934196332254,-0.2743945153394575
unanimous,nama,1,12,0.008480565371024734,-0.2746270186032328
unanimous,badai,0,43,0.001855447680690399,-0.2758794015033188
unanimous,harap,0,43,0.001855447680690399,-0.2758794015033188
unanimous,terpaksa,0,43,0.001855447680690399,-0.2758794015033188
unanimous,lalu,1,27,0.019081272084805655,-0.2759603604058046
unanimous,harapan,1,3,0.0021201413427561835,-0.2768766094829272
unanimous,jenis,1,3,0.0021201413427561835,-0.2768766094829272
unanimous,sesuatu,1,3,0.0021201413427561835,-0.2768766094829272
unanimous,sobat,1,3,0.0021201413427561835,-0.2768766094829272
unanimous,tugas,1,3,0.0021201413427561835,-0.2768766094829272
unanimous,mata,0,367,0.015836030204962243,-0.27801763212185643
unanimous,bersyukur,1,1,0.0007067137809187279,-0.28083712941795885
unanimous,demonstrasi,1,1,0.0007067137809187279,-0.28083712941795885
unanimous,diantaranya,1,1,0.0007067137809187279,-0.28083712941795885
unanimous,dri,1,1,0.0007067137809187279,-0.28083712941795885
unanimous,eskalasi,1,1,0.0007067137809187279,-0.28083712941795885
unanimous,kirimkan,1,1,0.0007067137809187279,-0.28083712941795885
unanimous,menembakkan,1,1,0.0007067137809187279,-0.28083712941795885
unanimous,mengamankan,1,1,0.0007067137809187279,-0.28083712941795885
unanimous,menu,1,1,0.0007067137809187279,-0.28083712941795885
unanimous,nemu,1,1,0.0007067137809187279,-0.28083712941795885
unanimous,ormas,1,1,0.0007067137809187279,-0.28083712941795885
unanimous,reels,1,1,0.0007067137809187279,-0.28083712941795885
unanimous,refugees,1,1,0.0007067137809187279,-0.28083712941795885
unanimous,safaruddin,1,1,0.0007067137809187279,-0.28083712941795885
unanimous,sebenernya,1,1,0.0007067137809187279,-0.28083712941795885
unanimous,sisa,1,1,0.0007067137809187279,-0.28083712941795885
unanimous,tertarik,1,1,0.0007067137809187279,-0.28083712941795885
unanimous,medis,1,4,0.0028268551236749115,-0.2815265017455526
unanimous,mengecam,1,4,0.0028268551236749115,-0.2815265017455526
unanimous,berdoa,0,55,0.0023732470334412083,-0.28376107718038773
unanimous,kematian,0,55,0.0023732470334412083,-0.28376107718038773
unanimous,menderita,0,55,0.0023732470334412083,-0.28376107718038773
unanimous,ilmu,0,92,0.003969795037756203,-0.284287144279474
unanimous,terbesar,1,5,0.0035335689045936395,-0.28456480524209465
unanimous,dimana,0,129,0.005566343042071198,-0.2848151787548663
unanimous,alasan,0,166,0.007162891046386192,-0.2853451917376058
unanimous,makan,0,302,0.013031283710895361,-0.28618857333701625
unanimous,malming,1,2,0.0014134275618374558,-0.2872159473541854
unanimous,menangkap,1,2,0.0014134275618374558,-0.2872159473541854
unanimous,pesta,1,2,0.0014134275618374558,-0.2872159473541854
unanimous,trauma,1,2,0.0014134275618374558,-0.2872159473541854
unanimous,who,1,2,0.0014134275618374558,-0.2872159473541854
unanimous,brutal,0,67,0.002891046386192017,-0.28887675811308705
unanimous,by,1,8,0.005653710247349823,-0.2897227124579923
unanimous,05,1,3,0.0021201413427561835,-0.29007798410373525
unanimous,trs,1,3,0.0021201413427561835,-0.29007798410373525
unanimous,jangan,0,611,0.026364617044228694,-0.290182862885283
unanimous,wah,1,4,0.0028268551236749115,-0.2917740032310066
unanimous,ambil,0,79,0.0034088457389428264,-0.29249121456592764
unanimous,lakukan,0,128,0.00552319309600863,-0.292610545154366
unanimous,kelas,1,6,0.004240282685512367,-0.29382517640979394
unanimous,2000,0,30,0.0012944983818770227,-0.2942955272971745
unanimous,bro,0,30,0.0012944983818770227,-0.2942955272971745
unanimous,cadangan,0,30,0.0012944983818770227,-0.2942955272971745
unanimous,dalamnya,0,30,0.0012944983818770227,-0.2942955272971745
unanimous,diduduki,0,30,0.0012944983818770227,-0.2942955272971745
unanimous,hokky,0,30,0.0012944983818770227,-0.2942955272971745
unanimous,judi,0,30,0.0012944983818770227,-0.2942955272971745
unanimous,kader,0,30,0.0012944983818770227,-0.2942955272971745
unanimous,kecewa,0,30,0.0012944983818770227,-0.2942955272971745
unanimous,mendoakan,0,30,0.0012944983818770227,-0.2942955272971745
unanimous,panggilan,0,30,0.0012944983818770227,-0.2942955272971745
unanimous,peluru,0,30,0.0012944983818770227,-0.2942955272971745
unanimous,security,0,30,0.0012944983818770227,-0.2942955272971745
unanimous,sep,0,30,0.0012944983818770227,-0.2942955272971745
unanimous,tembak,0,30,0.0012944983818770227,-0.2942955272971745
unanimous,transgender,0,30,0.0012944983818770227,-0.2942955272971745
unanimous,unggahan,0,30,0.0012944983818770227,-0.2942955272971745
unanimous,lupa,0,201,0.008673139158576051,-0.2958408747657275
unanimous,amerika,1,18,0.012720848056537103,-0.2965692289661356
unanimous,2016,0,42,0.0018122977346278317,-0.2991794919561849
unanimous,berbahaya,0,42,0.0018122977346278317,-0.2991794919561849
unanimous,muhammadiyah,0,42,0.0018122977346278317,-0.2991794919561849
unanimous,not,0,42,0.0018122977346278317,-0.2991794919561849
unanimous,saatnya,0,42,0.0018122977346278317,-0.2991794919561849
unanimous,rudal,0,127,0.005480043149946063,-0.30046647260376624
unanimous,diri,0,408,0.017605177993527506,-0.30049415057644696
unanimous,bahaya,0,54,0.002330097087378641,-0.3019866469880345
unanimous,bem,0,54,0.002330097087378641,-0.3019866469880345
unanimous,erdogan,0,54,0.002330097087378641,-0.3019866469880345
unanimous,jatuh,1,3,0.0021201413427561835,-0.3031084715479522
unanimous,karni,1,3,0.0021201413427561835,-0.3031084715479522
unanimous,pendapat,0,66,0.0028478964401294497,-0.3038456815133777
unanimous,akbar,0,78,0.003365695792880259,-0.3051929071039617
unanimous,fokus,0,78,0.003365695792880259,-0.3051929071039617
unanimous,balas,1,2,0.0014134275618374558,-0.3054415171618322
unanimous,buah,1,2,0.0014134275618374558,-0.3054415171618322
unanimous,hitam,1,2,0.0014134275618374558,-0.3054415171618322
unanimous,jatim,1,2,0.0014134275618374558,-0.3054415171618322
unanimous,kerusakan,1,2,0.0014134275618374558,-0.3054415171618322
unanimous,maulana,1,2,0.0014134275618374558,-0.3054415171618322
unanimous,nak,1,2,0.0014134275618374558,-0.3054415171618322
unanimous,pj,1,2,0.0014134275618374558,-0.3054415171618322
unanimous,tank,0,102,0.004401294498381877,-0.30707305674495367
unanimous,asing,0,114,0.004919093851132686,-0.3077771870914771
unanimous,berharap,1,5,0.0035335689045936395,-0.30948958747293104
unanimous,98,1,1,0.0007067137809187279,-0.31118568852311185
unanimous,blokade,1,1,0.0007067137809187279,-0.31118568852311185
unanimous,dibayar,1,1,0.0007067137809187279,-0.31118568852311185
unanimous,dimiliki,1,1,0.0007067137809187279,-0.31118568852311185
unanimous,jelang,1,1,0.0007067137809187279,-0.31118568852311185
unanimous,konsisten,1,1,0.0007067137809187279,-0.31118568852311185
unanimous,menceritakan,1,1,0.0007067137809187279,-0.31118568852311185
unanimous,menggempur,1,1,0.0007067137809187279,-0.31118568852311185
unanimous,mulyani,1,1,0.0007067137809187279,-0.31118568852311185
unanimous,pacaran,1,1,0.0007067137809187279,-0.31118568852311185
unanimous,panglima,1,1,0.0007067137809187279,-0.31118568852311185
unanimous,pasang,1,1,0.0007067137809187279,-0.31118568852311185
unanimous,penasaran,1,1,0.0007067137809187279,-0.31118568852311185
unanimous,prancis,1,1,0.0007067137809187279,-0.31118568852311185
unanimous,saksikan,1,1,0.0007067137809187279,-0.31118568852311185
unanimous,santai,1,1,0.0007067137809187279,-0.31118568852311185
unanimous,service,1,1,0.0007067137809187279,-0.31118568852311185
unanimous,stadion,1,1,0.0007067137809187279,-0.31118568852311185
unanimous,tamu,1,1,0.0007067137809187279,-0.31118568852311185
unanimous,terjadinya,1,1,0.0007067137809187279,-0.31118568852311185
unanimous,tradisi,1,1,0.0007067137809187279,-0.31118568852311185
unanimous,terhadap,1,42,0.029681978798586573,-0.31147088657928124
unanimous,pak,0,318,0.01372168284789644,-0.3138575788359817
unanimous,perbatasan,1,6,0.004240282685512367,-0.31478951687308404
unanimous,2025,1,3,0.0021201413427561835,-0.31597245376869054
unanimous,hilang,1,3,0.0021201413427561835,-0.31597245376869054
unanimous,mba,1,3,0.0021201413427561835,-0.31597245376869054
unanimous,doa,0,125,0.005393743257820928,-0.31636384840854925
unanimous,beneran,0,113,0.0048759439050701184,-0.3165925345380092
unanimous,menjaga,0,101,0.00435814455231931,-0.3169203956644988
unanimous,keadaan,0,89,0.0038403451995685004,-0.3173871180331462
unanimous,ala,0,65,0.0028047464940668823,-0.31904075784510744
unanimous,kpu,0,65,0.0028047464940668823,-0.31904075784510744
unanimous,jadi,0,1180,0.05091693635382956,-0.32050218164852523
unanimous,gunakan,0,53,0.0022869471413160735,-0.3205489436091842
unanimous,menangis,0,53,0.0022869471413160735,-0.3205489436091842
unanimous,terang,0,53,0.0022869471413160735,-0.3205489436091842
unanimous,tetapi,0,232,0.010010787486515642,-0.3205898061292731
unanimous,mahfud,1,13,0.009187279151943463,-0.3210129678983303
unanimous,gerakan,1,4,0.0028268551236749115,-0.3219062587351965
unanimous,abdullah,0,41,0.0017691477885652643,-0.323033367069898
unanimous,btw,0,41,0.0017691477885652643,-0.323033367069898
unanimous,pajak,0,41,0.0017691477885652643,-0.323033367069898
unanimous,tertulis,0,41,0.0017691477885652643,-0.323033367069898
unanimous,ugm,0,41,0.0017691477885652643,-0.323033367069898
unanimous,usa,0,41,0.0017691477885652643,-0.323033367069898
unanimous,ak,1,2,0.0014134275618374558,-0.3233423871570011
unanimous,benarkah,1,2,0.0014134275618374558,-0.3233423871570011
unanimous,disebutkan,1,2,0.0014134275618374558,-0.3233423871570011
unanimous,hendak,1,2,0.0014134275618374558,-0.3233423871570011
unanimous,komandan,1,2,0.0014134275618374558,-0.3233423871570011
unanimous,membebaskan,1,2,0.0014134275618374558,-0.3233423871570011
unanimous,out,1,2,0.0014134275618374558,-0.3233423871570011
unanimous,asal,1,13,0.009187279151943463,-0.3243461661297083
unanimous,tolak,1,7,0.0049469964664310955,-0.32469842991404385
unanimous,doang,0,112,0.0048327939590075515,-0.32548550930855974
unanimous,selalu,0,326,0.014066882416396979,-0.326461263454051
unanimous,kerja,1,20,0.014134275618374558,-0.32651498343069674
unanimous,siapa,0,302,0.013031283710895361,-0.32691281524264126
unanimous,caranya,0,29,0.0012513484358144553,-0.32767515157410515
unanimous,jadilah,0,29,0.0012513484358144553,-0.32767515157410515
unanimous,jawabannya,0,29,0.0012513484358144553,-0.32767515157410515
unanimous,kehancuran,0,29,0.0012513484358144553,-0.32767515157410515
unanimous,makam,0,29,0.0012513484358144553,-0.32767515157410515
unanimous,mandarin,0,29,0.0012513484358144553,-0.32767515157410515
unanimous,map,0,29,0.0012513484358144553,-0.32767515157410515
unanimous,misalnya,0,29,0.0012513484358144553,-0.32767515157410515
unanimous,said,0,29,0.0012513484358144553,-0.32767515157410515
unanimous,sepertinya,0,29,0.0012513484358144553,-0.32767515157410515
unanimous,gereja,1,12,0.008480565371024734,-0.3296432496796013
unanimous,anda,0,218,0.009406688241639698,-0.32994447200705734
unanimous,yakin,0,76,0.003279395900755124,-0.33108737676891703
unanimous,bahwa,1,45,0.03180212014134275,-0.33151806419421687
unanimous,guys,1,4,0.0028268551236749115,-0.3317535976547417
unanimous,tua,0,123,0.0053074433656957925,-0.33251521316215554
unanimous,antar,0,64,0.002761596548004315,-0.3344689461233889
unanimous,bangsa,0,276,0.011909385113268608,-0.3348039836291138
unanimous,paling,0,429,0.018511326860841424,-0.33738069189651176
unanimous,youtube,1,8,0.005653710247349823,-0.3374915361521576
unanimous,gege,0,52,0.002243797195253506,-0.3394606748970967
unanimous,setengah,0,52,0.002243797195253506,-0.3394606748970967
unanimous,termasuk,1,17,0.012014134275618375,-0.3402277224369676
unanimous,46,1,1,0.0007067137809187279,-0.3406427852063801
unanimous,berhak,1,1,0.0007067137809187279,-0.3406427852063801
unanimous,covid,1,1,0.0007067137809187279,-0.3406427852063801
unanimous,disiapkan,1,1,0.0007067137809187279,-0.3406427852063801
unanimous,dolar,1,1,0.0007067137809187279,-0.3406427852063801
unanimous,gigi,1,1,0.0007067137809187279,-0.3406427852063801
unanimous,jessica,1,1,0.0007067137809187279,-0.3406427852063801
unanimous,kabinet,1,1,0.0007067137809187279,-0.3406427852063801
unanimous,kewarganegaraan,1,1,0.0007067137809187279,-0.3406427852063801
unanimous,medsos,1,1,0.0007067137809187279,-0.3406427852063801
unanimous,membombardir,1,1,0.0007067137809187279,-0.3406427852063801
unanimous,musk,1,1,0.0007067137809187279,-0.3406427852063801
unanimous,pastikan,1,1,0.0007067137809187279,-0.3406427852063801
unanimous,pengungsirohingya,1,1,0.0007067137809187279,-0.3406427852063801
unanimous,simbol,1,1,0.0007067137809187279,-0.3406427852063801
unanimous,terkenal,1,1,0.0007067137809187279,-0.3406427852063801
unanimous,terorisme,1,1,0.0007067137809187279,-0.3406427852063801
unanimous,warganya,1,1,0.0007067137809187279,-0.3406427852063801
unanimous,bekasi,1,2,0.0014134275618374558,-0.3409299512739408
unanimous,bintang,1,2,0.0014134275618374558,-0.3409299512739408
unanimous,it,1,2,0.0014134275618374558,-0.3409299512739408
unanimous,maria,1,2,0.0014134275618374558,-0.3409299512739408
unanimous,perkembangan,1,2,0.0014134275618374558,-0.3409299512739408
unanimous,wartawan,1,2,0.0014134275618374558,-0.3409299512739408
unanimous,internet,1,3,0.0021201413427561835,-0.3412176066116625
unanimous,aman,1,8,0.005653710247349823,-0.3426632667264726
unanimous,butuh,0,110,0.004746494066882417,-0.3435099233426334
unanimous,tiktok,1,11,0.0077738515901060075,-0.3435366155768911
unanimous,israel,0,6272,0.27063646170442285,-0.3439357962844975
unanimous,tentu,0,98,0.004228694714131607,-0.3470526511686887
unanimous,53,0,40,0.001725997842502697,-0.3474680447456092
unanimous,gagasan,0,40,0.001725997842502697,-0.3474680447456092
unanimous,khan,0,40,0.001725997842502697,-0.3474680447456092
unanimous,mengenal,0,40,0.001725997842502697,-0.3474680447456092
unanimous,mikir,0,40,0.001725997842502697,-0.3474680447456092
unanimous,ngerasa,0,40,0.001725997842502697,-0.3474680447456092
unanimous,penyerangan,0,40,0.001725997842502697,-0.3474680447456092
unanimous,telegram,0,40,0.001725997842502697,-0.3474680447456092
unanimous,media,1,20,0.014134275618374558,-0.34834653715958014
unanimous,mampu,1,6,0.004240282685512367,-0.3487936414271758
unanimous,rohingya,1,50,0.0353356890459364,-0.3489507055793709
unanimous,demikian,1,5,0.0035335689045936395,-0.3497118324167505
unanimous,serius,1,4,0.0028268551236749115,-0.35116455376216105
unanimous,sendiri,0,587,0.025329018338727076,-0.35201735554422425
unanimous,wkwk,0,109,0.004703344120819849,-0.3526442488980498
unanimous,makanan,1,8,0.005653710247349823,-0.35292850573789075
unanimous,melancarkan,1,3,0.0021201413427561835,-0.35360674184942653
unanimous,membeli,1,3,0.0021201413427561835,-0.35360674184942653
unanimous,secara,1,27,0.019081272084805655,-0.3547531155102221
unanimous,kamp,1,5,0.0035335689045936395,-0.35756775986615097
unanimous,kah,0,74,0.0031930960086299894,-0.35766557042854025
unanimous,mundur,0,74,0.0031930960086299894,-0.35766557042854025
unanimous,pelanggaran,0,74,0.0031930960086299894,-0.35766557042854025
unanimous,yerusalem,0,74,0.0031930960086299894,-0.35766557042854025
unanimous,menuju,1,8,0.005653710247349823,-0.35802254141255535
unanimous,adapun,1,2,0.0014134275618374558,-0.35821501404550704
unanimous,bahagia,1,2,0.0014134275618374558,-0.35821501404550704
unanimous,bila,1,2,0.0014134275618374558,-0.35821501404550704
unanimous,dahulu,1,2,0.0014134275618374558,-0.35821501404550704
unanimous,mengalahkan,1,2,0.0014134275618374558,-0.35821501404550704
unanimous,pagii,1,2,0.0014134275618374558,-0.35821501404550704
unanimous,bermanfaat,0,51,0.0022006472491909383,-0.35873528193829335
unanimous,betul,0,51,0.0022006472491909383,-0.35873528193829335
unanimous,y,0,51,0.0022006472491909383,-0.35873528193829335
unanimous,mulai,1,18,0.012720848056537103,-0.3598583465593541
unanimous,kecil,0,177,0.007637540453074434,-0.36046909570280306
unanimous,pemimpin,0,246,0.010614886731391585,-0.36057930470255084
unanimous,dua,1,19,0.01342756183745583,-0.3616827568803535
unanimous,byk,0,28,0.0012081984897518879,-0.36220452978810735
unanimous,dur,0,28,0.0012081984897518879,-0.36220452978810735
unanimous,es,0,28,0.0012081984897518879,-0.36220452978810735
unanimous,fifa,0,28,0.0012081984897518879,-0.36220452978810735
unanimous,gempur,0,28,0.0012081984897518879,-0.36220452978810735
unanimous,hasto,0,28,0.0012081984897518879,-0.36220452978810735
unanimous,pernikahan,0,28,0.0012081984897518879,-0.36220452978810735
unanimous,ramadhan,0,28,0.0012081984897518879,-0.36220452978810735
unanimous,uu,0,28,0.0012081984897518879,-0.36220452978810735
unanimous,visi,0,28,0.0012081984897518879,-0.36220452978810735
unanimous,warisan,0,28,0.0012081984897518879,-0.36220452978810735
unanimous,ya,0,1481,0.06390507011866235,-0.362236167014452
unanimous,sehingga,1,11,0.0077738515901060075,-0.36248200946279985
unanimous,muhammad,0,280,0.012081984897518877,-0.36265747530415554
unanimous,bagaimana,1,9,0.0063604240282685515,-0.3657971013591848
unanimous,bombardir,0,62,0.00267529665587918,-0.3660541464440361
unanimous,lapangan,0,62,0.00267529665587918,-0.3660541464440361
unanimous,tetep,0,62,0.00267529665587918,-0.3660541464440361
unanimous,ga,0,894,0.038576051779935276,-0.3662201871802343
unanimous,partai,1,6,0.004240282685512367,-0.36866142308430555
unanimous,prabowo,0,370,0.015965480043149946,-0.3687718592944645
unanimous,48,1,1,0.0007067137809187279,-0.36925937099472356
unanimous,agenda,1,1,0.0007067137809187279,-0.36925937099472356
unanimous,akmal,1,1,0.0007067137809187279,-0.36925937099472356
unanimous,bulu,1,1,0.0007067137809187279,-0.36925937099472356
unanimous,dome,1,1,0.0007067137809187279,-0.36925937099472356
unanimous,hiburan,1,1,0.0007067137809187279,-0.36925937099472356
unanimous,jum,1,1,0.0007067137809187279,-0.36925937099472356
unanimous,kala,1,1,0.0007067137809187279,-0.36925937099472356
unanimous,lantas,1,1,0.0007067137809187279,-0.36925937099472356
unanimous,membagikan,1,1,0.0007067137809187279,-0.36925937099472356
unanimous,parlemen,1,1,0.0007067137809187279,-0.36925937099472356
unanimous,respon,1,1,0.0007067137809187279,-0.36925937099472356
unanimous,tekanan,1,1,0.0007067137809187279,-0.36925937099472356
unanimous,wow,1,1,0.0007067137809187279,-0.36925937099472356
unanimous,masa,1,13,0.009187279151943463,-0.369909856926104
unanimous,jokowi,0,404,0.01743257820927724,-0.36994496165349416
unanimous,adalah,0,1231,0.0531175836030205,-0.37102792127057976
unanimous,cowo,0,73,0.003149946062567422,-0.3712225758908287
unanimous,darah,0,73,0.003149946062567422,-0.3712225758908287
unanimous,lingkungan,0,73,0.003149946062567422,-0.3712225758908287
unanimous,segera,1,14,0.009893992932862191,-0.3714373440549538
unanimous,da,0,39,0.0016828478964401295,-0.37251256963429746
unanimous,menahan,0,39,0.0016828478964401295,-0.37251256963429746
unanimous,mendalam,0,39,0.0016828478964401295,-0.37251256963429746
unanimous,pesantren,0,39,0.0016828478964401295,-0.37251256963429746
unanimous,setia,0,39,0.0016828478964401295,-0.37251256963429746
unanimous,tertentu,0,39,0.0016828478964401295,-0.37251256963429746
unanimous,dalem,1,2,0.0014134275618374558,-0.37520783056753193
unanimous,dibangun,1,2,0.0014134275618374558,-0.37520783056753193
unanimous,dikabarkan,1,2,0.0014134275618374558,-0.37520783056753193
unanimous,kadang,1,2,0.0014134275618374558,-0.37520783056753193
unanimous,layanan,1,2,0.0014134275618374558,-0.37520783056753193
unanimous,mengajak,1,2,0.0014134275618374558,-0.37520783056753193
unanimous,lama,1,11,0.0077738515901060075,-0.3773898791477661
unanimous,bangunan,1,3,0.0021201413427561835,-0.37793695791527276
unanimous,abis,0,95,0.004099244875943905,-0.37811294016128333
unanimous,netizen,0,95,0.004099244875943905,-0.37811294016128333
unanimous,kebaikan,0,50,0.002157497303128371,-0.3783869965699195
unanimous,palestin,0,50,0.002157497303128371,-0.3783869965699195
unanimous,mungkin,0,287,0.01238403451995685,-0.37842679825285563
unanimous,akun,1,12,0.008480565371024734,-0.3784570925753054
unanimous,hujan,1,4,0.0028268551236749115,-0.37959836893689963
unanimous,mengeluarkan,1,4,0.0028268551236749115,-0.37959836893689963
unanimous,perdamaian,1,4,0.0028268551236749115,-0.37959836893689963
unanimous,pesan,1,4,0.0028268551236749115,-0.37959836893689963
unanimous,naik,1,5,0.0035335689045936395,-0.38077588158262066
unanimous,dm,1,6,0.004240282685512367,-0.3816934629886053
unanimous,k,1,6,0.004240282685512367,-0.3816934629886053
unanimous,membaca,0,61,0.0026321467098166127,-0.3822267921967179
unanimous,langsung,1,22,0.015547703180212015,-0.383673652514789
unanimous,tempat,1,22,0.015547703180212015,-0.383673652514789
unanimous,tu,0,128,0.00552319309600863,-0.3842940671623809
unanimous,tuli,0,72,0.0031067961165048546,-0.3849647046709339
unanimous,tetap,1,17,0.012014134275618375,-0.38498148126263226
unanimous,berapa,0,83,0.003581445523193096,-0.3870389698357928
unanimous,berasal,0,83,0.003581445523193096,-0.3870389698357928
unanimous,dengan,1,136,0.096113074204947,-0.3880873545385535
unanimous,itu,0,2466,0.10640776699029127,-0.38819756692967583
unanimous,medan,1,5,0.0035335689045936395,-0.38839507063496637
unanimous,berbagai,1,13,0.009187279151943463,-0.3888354484146108
unanimous,l,1,4,0.0028268551236749115,-0.38890104444507323
unanimous,ilyas,1,3,0.0021201413427561835,-0.3898851654623047
unanimous,post,1,3,0.0021201413427561835,-0.3898851654623047
unanimous,protes,1,3,0.0021201413427561835,-0.3898851654623047
unanimous,turki,1,3,0.0021201413427561835,-0.3898851654623047
unanimous,habis,0,105,0.004530744336569579,-0.39003124186201915
unanimous,dulu,0,373,0.01609492988133765,-0.3916041589159724
unanimous,bersenjata,1,2,0.0014134275618374558,-0.3919181431323491
unanimous,cakep,1,2,0.0014134275618374558,-0.3919181431323491
unanimous,diusir,1,2,0.0014134275618374558,-0.3919181431323491
unanimous,kang,1,2,0.0014134275618374558,-0.3919181431323491
unanimous,menciptakan,1,2,0.0014134275618374558,-0.3919181431323491
unanimous,sebulan,1,2,0.0014134275618374558,-0.3919181431323491
unanimous,lokal,0,127,0.005480043149946063,-0.39214999461178124
unanimous,u,1,9,0.0063604240282685515,-0.39255016041208624
unanimous,beberapa,1,21,0.014840989399293287,-0.39295746062248366
unanimous,bawah,1,8,0.005653710247349823,-0.39298416748477316
unanimous,kepada,1,50,0.0353356890459364,-0.39362098871899615
unanimous,sebab,0,149,0.006429341963322546,-0.3937826607981572
unanimous,video,1,26,0.018374558303886925,-0.39412855620210985
unanimous,a,1,17,0.012014134275618375,-0.394669819809938
unanimous,orang,0,2109,0.09100323624595469,-0.39664791005652533
unanimous,advokasi,1,1,0.0007067137809187279,-0.39708215031356053
unanimous,dibebaskan,1,1,0.0007067137809187279,-0.39708215031356053
unanimous,dubes,1,1,0.0007067137809187279,-0.39708215031356053
unanimous,gilaan,1,1,0.0007067137809187279,-0.39708215031356053
unanimous,gunawan,1,1,0.0007067137809187279,-0.39708215031356053
unanimous,jarang,1,1,0.0007067137809187279,-0.39708215031356053
unanimous,juli,1,1,0.0007067137809187279,-0.39708215031356053
unanimous,kekalahan,1,1,0.0007067137809187279,-0.39708215031356053
unanimous,keknya,1,1,0.0007067137809187279,-0.39708215031356053
unanimous,luhut,1,1,0.0007067137809187279,-0.39708215031356053
unanimous,menjalani,1,1,0.0007067137809187279,-0.39708215031356053
unanimous,peralatan,1,1,0.0007067137809187279,-0.39708215031356053
unanimous,results,1,1,0.0007067137809187279,-0.39708215031356053
unanimous,samping,1,1,0.0007067137809187279,-0.39708215031356053
unanimous,seumur,1,1,0.0007067137809187279,-0.39708215031356053
unanimous,signifikan,1,1,0.0007067137809187279,-0.39708215031356053
unanimous,sultan,1,1,0.0007067137809187279,-0.39708215031356053
unanimous,tahap,1,1,0.0007067137809187279,-0.39708215031356053
unanimous,waktunya,1,1,0.0007067137809187279,-0.39708215031356053
unanimous,banyak,0,959,0.04138079827400216,-0.39738450511235285
unanimous,akar,0,27,0.0011650485436893205,-0.39796581266667524
unanimous,canggih,0,27,0.0011650485436893205,-0.39796581266667524
unanimous,duty,0,27,0.0011650485436893205,-0.39796581266667524
unanimous,hai,0,27,0.0011650485436893205,-0.39796581266667524
unanimous,harganya,0,27,0.0011650485436893205,-0.39796581266667524
unanimous,humanitarian,0,27,0.0011650485436893205,-0.39796581266667524
unanimous,kiamat,0,27,0.0011650485436893205,-0.39796581266667524
unanimous,pintar,0,27,0.0011650485436893205,-0.39796581266667524
unanimous,populasi,0,27,0.0011650485436893205,-0.39796581266667524
unanimous,rebecca,0,27,0.0011650485436893205,-0.39796581266667524
unanimous,kemenangan,1,4,0.0028268551236749115,-0.39811877269580387
unanimous,ari,0,38,0.001639697950377562,-0.39819822106278635
unanimous,gmn,0,38,0.001639697950377562,-0.39819822106278635
unanimous,henti,0,38,0.001639697950377562,-0.39819822106278635
unanimous,komando,0,38,0.001639697950377562,-0.39819822106278635
unanimous,quds,0,38,0.001639697950377562,-0.39819822106278635
unanimous,campur,0,49,0.0021143473570658035,-0.3984309046499419
unanimous,gampang,0,49,0.0021143473570658035,-0.3984309046499419
unanimous,keduanya,0,49,0.0021143473570658035,-0.3984309046499419
unanimous,kutuk,0,49,0.0021143473570658035,-0.3984309046499419
unanimous,nuklir,0,49,0.0021143473570658035,-0.3984309046499419
unanimous,pengeboman,0,49,0.0021143473570658035,-0.3984309046499419
unanimous,perbedaan,0,49,0.0021143473570658035,-0.3984309046499419
unanimous,untung,0,49,0.0021143473570658035,-0.3984309046499419
unanimous,jaringan,0,60,0.0025889967637540453,-0.39866386392351516
unanimous,real,0,60,0.0025889967637540453,-0.39866386392351516
unanimous,kepentingan,0,71,0.0030636461704422868,-0.39889709938008416
unanimous,cara,0,259,0.011175836030204962,-0.39900020084971977
unanimous,soalnya,0,93,0.00401294498381877,-0.3993644008345669
unanimous,sini,0,148,0.006386192017259979,-0.40053752266716874
unanimous,seruan,1,3,0.0021201413427561835,-0.4016933139580123
unanimous,tinggi,1,12,0.008480565371024734,-0.40201996567092235
unanimous,orgil,1,8,0.005653710247349823,-0.4027565452060569
unanimous,netanyahu,1,11,0.0077738515901060075,-0.4029676724556741
unanimous,semua,0,928,0.04004314994606257,-0.40644901675506695
unanimous,barang,1,6,0.004240282685512367,-0.40726542686397993
unanimous,kurang,0,136,0.005868392664509169,-0.4076450470667641
unanimous,pengen,0,136,0.005868392664509169,-0.4076450470667641
unanimous,mah,0,125,0.005393743257820928,-0.40804737041656425
unanimous,merasa,0,125,0.005393743257820928,-0.40804737041656425
unanimous,tau,0,378,0.016310679611650485,-0.4082242666041598
unanimous,36,1,2,0.0014134275618374558,-0.4083552148591463
unanimous,alamat,1,2,0.0014134275618374558,-0.4083552148591463
unanimous,pks,1,2,0.0014134275618374558,-0.4083552148591463
unanimous,sabar,1,2,0.0014134275618374558,-0.4083552148591463
unanimous,tambahan,1,2,0.0014134275618374558,-0.4083552148591463
unanimous,tvone,1,2,0.0014134275618374558,-0.4083552148591463
unanimous,melakukan,1,27,0.019081272084805655,-0.4098367498424431
unanimous,menolak,1,11,0.0077738515901060075,-0.410159855305009
unanimous,menghentikan,1,5,0.0035335689045936395,-0.4109142625601367
unanimous,muncul,1,5,0.0035335689045936395,-0.4109142625601367
unanimous,korban,1,20,0.014134275618374558,-0.4112266861200027
unanimous,bayar,0,81,0.003495145631067961,-0.411369185901639
unanimous,dikit,0,70,0.0030204962243797194,-0.4130251199370085
unanimous,krisis,1,3,0.0021201413427561835,-0.41336466074482286
unanimous,kemudian,1,11,0.0077738515901060075,-0.4137371093610136
unanimous,pro,0,266,0.011477885652642935,-0.4144682436574466
unanimous,pilpres,1,4,0.0028268551236749115,-0.4163055239273888
unanimous,umur,1,4,0.0028268551236749115,-0.4163055239273888
unanimous,sebelum,1,8,0.005653710247349823,-0.41724148085499124
unanimous,isi,0,113,0.0048759439050701184,-0.41738723067831673
unanimous,kolom,0,48,0.002071197411003236,-0.4188830157847661
unanimous,sepakat,0,48,0.002071197411003236,-0.4188830157847661
unanimous,boleh,0,232,0.010010787486515642,-0.4196614540108769
unanimous,buruk,0,80,0.003451995685005394,-0.42375832113940304
unanimous,61,1,1,0.0007067137809187279,-0.4241540397808764
unanimous,bos,1,1,0.0007067137809187279,-0.4241540397808764
unanimous,bukanlah,1,1,0.0007067137809187279,-0.4241540397808764
unanimous,cita,1,1,0.0007067137809187279,-0.4241540397808764
unanimous,dewa,1,1,0.0007067137809187279,-0.4241540397808764
unanimous,dihentikan,1,1,0.0007067137809187279,-0.4241540397808764
unanimous,firman,1,1,0.0007067137809187279,-0.4241540397808764
unanimous,kepercayaan,1,1,0.0007067137809187279,-0.4241540397808764
unanimous,kontak,1,1,0.0007067137809187279,-0.4241540397808764
unanimous,massal,1,1,0.0007067137809187279,-0.4241540397808764
unanimous,mengancam,1,1,0.0007067137809187279,-0.4241540397808764
unanimous,plus,1,1,0.0007067137809187279,-0.4241540397808764
unanimous,seleksi,1,1,0.0007067137809187279,-0.4241540397808764
unanimous,sepatu,1,1,0.0007067137809187279,-0.4241540397808764
unanimous,sh,1,1,0.0007067137809187279,-0.4241540397808764
unanimous,solutif,1,1,0.0007067137809187279,-0.4241540397808764
unanimous,this,1,1,0.0007067137809187279,-0.4241540397808764
unanimous,tuntut,1,1,0.0007067137809187279,-0.4241540397808764
unanimous,adil,1,2,0.0014134275618374558,-0.42452786061182807
unanimous,rusak,1,2,0.0014134275618374558,-0.42452786061182807
unanimous,seseorang,1,2,0.0014134275618374558,-0.42452786061182807
unanimous,amanah,0,37,0.0015965480043149947,-0.4245587483273529
unanimous,kosong,0,37,0.0015965480043149947,-0.4245587483273529
unanimous,memutus,0,37,0.0015965480043149947,-0.4245587483273529
unanimous,monyet,0,37,0.0015965480043149947,-0.4245587483273529
unanimous,seiring,0,37,0.0015965480043149947,-0.4245587483273529
unanimous,sekelompok,0,37,0.0015965480043149947,-0.4245587483273529
unanimous,syuhada,0,37,0.0015965480043149947,-0.4245587483273529
unanimous,identitas,1,3,0.0021201413427561835,-0.42490235083798206
unanimous,cerita,1,4,0.0028268551236749115,-0.425277512285294
unanimous,perlawanan,1,4,0.0028268551236749115,-0.425277512285294
unanimous,keputusan,1,5,0.0035335689045936395,-0.4256533467864591
unanimous,up,1,5,0.0035335689045936395,-0.4256533467864591
unanimous,berikan,0,69,0.002977346278317152,-0.42735435598653454
unanimous,kira,0,69,0.002977346278317152,-0.42735435598653454
unanimous,depan,1,12,0.008480565371024734,-0.42830318917907517
unanimous,terlalu,0,101,0.00435814455231931,-0.4288567628586571
unanimous,hidup,0,316,0.013635382955771306,-0.4296512215493438
unanimous,presiden,1,25,0.0176678445229682,-0.430083342005257
unanimous,iran,0,251,0.010830636461704422,-0.4306629464448812
unanimous,khusus,1,6,0.004240282685512367,-0.43220829844855063
unanimous,ikutan,0,58,0.0025026968716289105,-0.4323669930103571
unanimous,dianggap,0,122,0.0052642934196332255,-0.43237223955560083
unanimous,me,0,122,0.0052642934196332255,-0.43237223955560083
unanimous,kompas,1,5,0.0035335689045936395,-0.4329431618529402
unanimous,share,1,5,0.0035335689045936395,-0.4329431618529402
unanimous,ke,1,130,0.09187279151943463,-0.43440612275236173
unanimous,ampun,0,26,0.001121898597626753,-0.43505028275732943
unanimous,budek,0,26,0.001121898597626753,-0.43505028275732943
unanimous,ft,0,26,0.001121898597626753,-0.43505028275732943
unanimous,gerbang,0,26,0.001121898597626753,-0.43505028275732943
unanimous,hahaha,0,26,0.001121898597626753,-0.43505028275732943
unanimous,istana,0,26,0.001121898597626753,-0.43505028275732943
unanimous,menghormati,0,26,0.001121898597626753,-0.43505028275732943
unanimous,pdi,0,26,0.001121898597626753,-0.43505028275732943
unanimous,penindasan,0,26,0.001121898597626753,-0.43505028275732943
unanimous,permanen,0,26,0.001121898597626753,-0.43505028275732943
unanimous,santri,0,26,0.001121898597626753,-0.43505028275732943
unanimous,sesama,0,79,0.0034088457389428264,-0.43630178144434095
unanimous,ai,1,3,0.0021201413427561835,-0.43630942203161643
unanimous,berhenti,1,3,0.0021201413427561835,-0.43630942203161643
unanimous,malang,1,3,0.0021201413427561835,-0.43630942203161643
unanimous,republik,1,3,0.0021201413427561835,-0.43630942203161643
unanimous,ko,0,47,0.0020280474649406687,-0.43976034032165157
unanimous,langit,0,47,0.0020280474649406687,-0.43976034032165157
unanimous,lantaran,0,47,0.0020280474649406687,-0.43976034032165157
unanimous,mencegah,0,47,0.0020280474649406687,-0.43976034032165157
unanimous,rata,0,47,0.0020280474649406687,-0.43976034032165157
unanimous,cepat,1,9,0.0063604240282685515,-0.43984671133436737
unanimous,budi,1,2,0.0014134275618374558,-0.4404444754627556
unanimous,kode,1,2,0.0014134275618374558,-0.4404444754627556
unanimous,kuda,1,2,0.0014134275618374558,-0.4404444754627556
unanimous,bagi,1,27,0.019081272084805655,-0.4415645542970621
unanimous,mengetahui,0,68,0.0029341963322545845,-0.4418906402181773
unanimous,sengaja,0,68,0.0029341963322545845,-0.4418906402181773
unanimous,arab,0,312,0.013462783171521036,-0.44254496060454795
unanimous,pengalaman,1,4,0.0028268551236749115,-0.4429858345023765
unanimous,susah,1,4,0.0028268551236749115,-0.4429858345023765
unanimous,terbukti,0,89,0.0038403451995685004,-0.4432604882897342
unanimous,enak,0,110,0.004746494066882417,-0.4443046194829408
unanimous,an,0,205,0.008845738942826321,-0.4452101092172712
unanimous,rumah,1,32,0.022614840989399292,-0.4462179656424836
unanimous,besar,1,33,0.023321554770318022,-0.4463227269188825
unanimous,deh,0,173,0.007464940668824164,-0.4466706572206293
unanimous,tionghoa,1,5,0.0035335689045936395,-0.4473671437435689
unanimous,siang,1,9,0.0063604240282685515,-0.4482155370321762
unanimous,memiliki,1,14,0.009893992932862191,-0.4484995995345221
unanimous,berarti,0,120,0.005177993527508091,-0.44892026756940967
unanimous,tubuh,0,57,0.002459546925566343,-0.4496520557819234
unanimous,74,1,1,0.0007067137809187279,-0.45051456704544307
unanimous,berikutnya,1,1,0.0007067137809187279,-0.45051456704544307
unanimous,berminat,1,1,0.0007067137809187279,-0.45051456704544307
unanimous,dipindahkan,1,1,0.0007067137809187279,-0.45051456704544307
unanimous,efek,1,1,0.0007067137809187279,-0.45051456704544307
unanimous,jabar,1,1,0.0007067137809187279,-0.45051456704544307
unanimous,jr,1,1,0.0007067137809187279,-0.45051456704544307
unanimous,kalinya,1,1,0.0007067137809187279,-0.45051456704544307
unanimous,kesalahan,1,1,0.0007067137809187279,-0.45051456704544307
unanimous,lulusan,1,1,0.0007067137809187279,-0.45051456704544307
unanimous,mimin,1,1,0.0007067137809187279,-0.45051456704544307
unanimous,off,1,1,0.0007067137809187279,-0.45051456704544307
unanimous,pelabuhan,1,1,0.0007067137809187279,-0.45051456704544307
unanimous,pengadilan,1,1,0.0007067137809187279,-0.45051456704544307
unanimous,restoran,1,1,0.0007067137809187279,-0.45051456704544307
unanimous,sampaikan,1,1,0.0007067137809187279,-0.45051456704544307
unanimous,semangka,1,1,0.0007067137809187279,-0.45051456704544307
unanimous,seminggu,1,1,0.0007067137809187279,-0.45051456704544307
unanimous,serukan,1,1,0.0007067137809187279,-0.45051456704544307
unanimous,shia,1,1,0.0007067137809187279,-0.45051456704544307
unanimous,spotify,1,1,0.0007067137809187279,-0.45051456704544307
unanimous,tambahnya,1,1,0.0007067137809187279,-0.45051456704544307
unanimous,alasannya,0,36,0.0015533980582524273,-0.4516306377946687
unanimous,bantah,0,36,0.0015533980582524273,-0.4516306377946687
unanimous,berdaya,0,36,0.0015533980582524273,-0.4516306377946687
unanimous,disuruh,0,36,0.0015533980582524273,-0.4516306377946687
unanimous,gaada,0,36,0.0015533980582524273,-0.4516306377946687
unanimous,ketakutan,0,36,0.0015533980582524273,-0.4516306377946687
unanimous,mayat,0,36,0.0015533980582524273,-0.4516306377946687
unanimous,menjelang,0,36,0.0015533980582524273,-0.4516306377946687
unanimous,pekanbaru,0,36,0.0015533980582524273,-0.4516306377946687
unanimous,diterima,1,4,0.0028268551236749115,-0.45172490472391574
unanimous,investasi,1,4,0.0028268551236749115,-0.45172490472391574
unanimous,80,1,2,0.0014134275618374558,-0.45611306093247517
unanimous,dinilai,1,2,0.0014134275618374558,-0.45611306093247517
unanimous,korupsi,1,2,0.0014134275618374558,-0.45611306093247517
unanimous,menlu,1,2,0.0014134275618374558,-0.45611306093247517
unanimous,atas,1,29,0.02049469964664311,-0.4597963855288739
unanimous,serta,1,17,0.012014134275618375,-0.4600697877570839
unanimous,tni,1,4,0.0028268551236749115,-0.4603890129022614
unanimous,buruh,0,46,0.0019848975188781013,-0.46108097453356767
unanimous,hakim,0,46,0.0019848975188781013,-0.46108097453356767
unanimous,saham,0,46,0.0019848975188781013,-0.46108097453356767
unanimous,setara,0,46,0.0019848975188781013,-0.46108097453356767
unanimous,teh,0,46,0.0019848975188781013,-0.46108097453356767
unanimous,saw,0,87,0.0037540453074433656,-0.4659469471696714
unanimous,dekat,1,7,0.0049469964664310955,-0.4685366369830605
unanimous,terbaik,1,7,0.0049469964664310955,-0.4685366369830605
unanimous,rakyat,0,513,0.022135922330097087,-0.4691814899010154
unanimous,jalan,1,12,0.008480565371024734,-0.4696299352212845
unanimous,militer,1,19,0.01342756183745583,-0.47005855582598327
unanimous,hukum,0,512,0.02209277238403452,-0.4711749330419639
unanimous,alat,1,2,0.0014134275618374558,-0.47154124921075674
unanimous,gara,1,2,0.0014134275618374558,-0.47154124921075674
unanimous,populer,1,2,0.0014134275618374558,-0.47154124921075674
unanimous,ali,0,107,0.004617044228694714,-0.4719593487972614
unanimous,tokoh,0,107,0.004617044228694714,-0.4719593487972614
unanimous,2x,0,25,0.0010787486515641855,-0.47355976012940865
unanimous,daging,0,25,0.0010787486515641855,-0.47355976012940865
unanimous,darul,0,25,0.0010787486515641855,-0.47355976012940865
unanimous,holocaust,0,25,0.0010787486515641855,-0.47355976012940865
unanimous,kedaulatan,0,25,0.0010787486515641855,-0.47355976012940865
unanimous,mak,0,25,0.0010787486515641855,-0.47355976012940865
unanimous,mossad,0,25,0.0010787486515641855,-0.47355976012940865
unanimous,pemikiran,0,25,0.0010787486515641855,-0.47355976012940865
unanimous,perhatikan,0,25,0.0010787486515641855,-0.47355976012940865
unanimous,republika,0,25,0.0010787486515641855,-0.47355976012940865
unanimous,sederhana,0,25,0.0010787486515641855,-0.47355976012940865
unanimous,tentaranya,0,25,0.0010787486515641855,-0.47355976012940865
unanimous,indo,1,6,0.004240282685512367,-0.4744348336172031
unanimous,2021,1,1,0.0007067137809187279,-0.47620021847393185
unanimous,appstore,1,1,0.0007067137809187279,-0.47620021847393185
unanimous,bengkulu,1,1,0.0007067137809187279,-0.47620021847393185
unanimous,bet,1,1,0.0007067137809187279,-0.47620021847393185
unanimous,dp,1,1,0.0007067137809187279,-0.47620021847393185
unanimous,goreng,1,1,0.0007067137809187279,-0.47620021847393185
unanimous,jln,1,1,0.0007067137809187279,-0.47620021847393185
unanimous,kecam,1,1,0.0007067137809187279,-0.47620021847393185
unanimous,kepemimpinan,1,1,0.0007067137809187279,-0.47620021847393185
unanimous,kiri,1,1,0.0007067137809187279,-0.47620021847393185
unanimous,lengkapnya,1,1,0.0007067137809187279,-0.47620021847393185
unanimous,mengejutkan,1,1,0.0007067137809187279,-0.47620021847393185
unanimous,nov,1,1,0.0007067137809187279,-0.47620021847393185
unanimous,rafah,1,1,0.0007067137809187279,-0.47620021847393185
unanimous,yara,1,1,0.0007067137809187279,-0.47620021847393185
unanimous,york,1,1,0.0007067137809187279,-0.47620021847393185
unanimous,ada,0,2357,0.10170442286947141,-0.4770349642069663
unanimous,we,1,4,0.0028268551236749115,-0.4774974363825819
unanimous,sama,0,1133,0.04888888888888889,-0.4785401940550346
unanimous,berpikir,0,35,0.0015102481121898597,-0.47945341711350564
unanimous,hukuman,0,35,0.0015102481121898597,-0.47945341711350564
unanimous,kaget,0,35,0.0015102481121898597,-0.47945341711350564
unanimous,ketat,0,35,0.0015102481121898597,-0.47945341711350564
unanimous,menjatuhkan,0,35,0.0015102481121898597,-0.47945341711350564
unanimous,merasakan,0,35,0.0015102481121898597,-0.47945341711350564
unanimous,merebut,0,35,0.0015102481121898597,-0.47945341711350564
unanimous,merek,0,35,0.0015102481121898597,-0.47945341711350564
unanimous,pengikut,0,35,0.0015102481121898597,-0.47945341711350564
unanimous,puji,0,35,0.0015102481121898597,-0.47945341711350564
unanimous,ucapan,0,35,0.0015102481121898597,-0.47945341711350564
unanimous,savepalestine,0,96,0.004142394822006472,-0.47958921894085327
unanimous,alam,1,3,0.0021201413427561835,-0.48068878347159144
unanimous,dalam,1,94,0.06643109540636043,-0.48168302645248795
unanimous,pun,1,17,0.012014134275618375,-0.48246469757024335
unanimous,alhamdulillah,0,116,0.005005393743257821,-0.4828522268399145
unanimous,sy,0,45,0.001941747572815534,-0.48286419506535433
unanimous,benar,0,279,0.012038834951456311,-0.48394374476391816
unanimous,demo,0,55,0.0023732470334412083,-0.48514048989403213
unanimous,sebagaimana,0,55,0.0023732470334412083,-0.48514048989403213
unanimous,damai,1,4,0.0028268551236749115,-0.48594421795573883
unanimous,film,1,4,0.0028268551236749115,-0.48594421795573883
unanimous,puluhan,1,4,0.0028268551236749115,-0.48594421795573883
unanimous,kemanusiaan,1,14,0.009893992932862191,-0.4863025285265673
unanimous,balik,0,146,0.006299892125134844,-0.48635613213162715
unanimous,mengalami,1,8,0.005653710247349823,-0.48672935371656406
unanimous,kenal,1,2,0.0014134275618374558,-0.48673632554248647
unanimous,keuangan,1,2,0.0014134275618374558,-0.48673632554248647
unanimous,one,1,2,0.0014134275618374558,-0.48673632554248647
unanimous,pekerja,1,2,0.0014134275618374558,-0.48673632554248647
unanimous,terjadi,1,20,0.014134275618374558,-0.48769566333109887
unanimous,qassam,0,75,0.003236245954692557,-0.48809931826813824
unanimous,pagi,1,12,0.008480565371024734,-0.48815789398901344
unanimous,sore,1,5,0.0035335689045936395,-0.4894455848936843
unanimous,mau,0,962,0.04151024811218986,-0.4896036975459153
unanimous,dapet,1,3,0.0021201413427561835,-0.4914848971730864
unanimous,dll,0,125,0.005393743257820928,-0.49214123009797645
unanimous,rs,1,9,0.0063604240282685515,-0.49305741243059853
unanimous,udh,0,246,0.010614886731391585,-0.4933531132212131
unanimous,kesempatan,1,4,0.0028268551236749115,-0.49432097217276644
unanimous,yakni,1,4,0.0028268551236749115,-0.49432097217276644
unanimous,soal,1,15,0.01060070671378092,-0.49553236120284494
unanimous,menjadi,1,41,0.028975265017667843,-0.49762559301949555
unanimous,belum,1,19,0.01342756183745583,-0.49794188082967583
unanimous,sinting,0,104,0.004487594390507012,-0.5003931639720001
unanimous,dilarang,0,84,0.0036245954692556634,-0.5009641325453489
unanimous,bacapres,1,1,0.0007067137809187279,-0.5012447433626203
unanimous,demokrat,1,1,0.0007067137809187279,-0.5012447433626203
unanimous,kamuharustau,1,1,0.0007067137809187279,-0.5012447433626203
unanimous,kompleks,1,1,0.0007067137809187279,-0.5012447433626203
unanimous,mahal,1,1,0.0007067137809187279,-0.5012447433626203
unanimous,membayar,1,1,0.0007067137809187279,-0.5012447433626203
unanimous,mirna,1,1,0.0007067137809187279,-0.5012447433626203
unanimous,save,1,1,0.0007067137809187279,-0.5012447433626203
unanimous,serupa,1,1,0.0007067137809187279,-0.5012447433626203
unanimous,syair,1,1,0.0007067137809187279,-0.5012447433626203
unanimous,tautan,1,1,0.0007067137809187279,-0.5012447433626203
unanimous,aparat,1,2,0.0014134275618374558,-0.501705248942777
unanimous,ikuti,1,2,0.0014134275618374558,-0.501705248942777
unanimous,kisah,1,3,0.0021201413427561835,-0.5021666191802459
unanimous,calon,1,4,0.0028268551236749115,-0.5026288565618123
unanimous,se,1,4,0.0028268551236749115,-0.5026288565618123
unanimous,all,1,5,0.0035335689045936395,-0.5030919635839894
unanimous,duduk,0,54,0.002330097087378641,-0.5033660597016788
unanimous,perempuan,1,8,0.005653710247349823,-0.5044865276062445
unanimous,pdhl,0,44,0.0018985976267529665,-0.5051305638763562
unanimous,udara,1,10,0.007067137809187279,-0.5054206313690286
unanimous,tolong,0,133,0.005738942826321467,-0.5076721860750475
unanimous,amal,0,34,0.0014670981661272923,-0.5080700029018492
unanimous,bersembunyi,0,34,0.0014670981661272923,-0.5080700029018492
unanimous,ha,0,34,0.0014670981661272923,-0.5080700029018492
unanimous,inget,0,34,0.0014670981661272923,-0.5080700029018492
unanimous,jenazah,0,34,0.0014670981661272923,-0.5080700029018492
unanimous,liputan,0,34,0.0014670981661272923,-0.5080700029018492
unanimous,menutup,0,34,0.0014670981661272923,-0.5080700029018492
unanimous,pengetahuan,0,34,0.0014670981661272923,-0.5080700029018492
unanimous,perawatan,0,34,0.0014670981661272923,-0.5080700029018492
unanimous,remaja,0,34,0.0014670981661272923,-0.5080700029018492
unanimous,sekedar,0,34,0.0014670981661272923,-0.5080700029018492
unanimous,biden,1,5,0.0035335689045936395,-0.509846825453001
unanimous,bendera,0,103,0.0044444444444444444,-0.5100519652511992
unanimous,buat,0,604,0.026062567421790722,-0.5107593535489737
unanimous,bang,1,4,0.0028268551236749115,-0.5108690001865753
unanimous,perubahan,0,93,0.00401294498381877,-0.5113007680287251
unanimous,peristiwa,1,3,0.0021201413427561835,-0.5127363578463701
unanimous,assalamualaikum,0,24,0.001035598705501618,-0.5136082894215301
unanimous,baja,0,24,0.001035598705501618,-0.5136082894215301
unanimous,berpihak,0,24,0.001035598705501618,-0.5136082894215301
unanimous,caption,0,24,0.001035598705501618,-0.5136082894215301
unanimous,doi,0,24,0.001035598705501618,-0.5136082894215301
unanimous,ekor,0,24,0.001035598705501618,-0.5136082894215301
unanimous,galang,0,24,0.001035598705501618,-0.5136082894215301
unanimous,hidayah,0,24,0.001035598705501618,-0.5136082894215301
unanimous,kakek,0,24,0.001035598705501618,-0.5136082894215301
unanimous,kontroversi,0,24,0.001035598705501618,-0.5136082894215301
unanimous,memboikot,0,24,0.001035598705501618,-0.5136082894215301
unanimous,menembus,0,24,0.001035598705501618,-0.5136082894215301
unanimous,qs,0,24,0.001035598705501618,-0.5136082894215301
unanimous,reply,0,24,0.001035598705501618,-0.5136082894215301
unanimous,sa,0,24,0.001035598705501618,-0.5136082894215301
unanimous,tragedi,0,24,0.001035598705501618,-0.5136082894215301
unanimous,tweet,0,24,0.001035598705501618,-0.5136082894215301
unanimous,ال,0,24,0.001035598705501618,-0.5136082894215301
unanimous,selama,1,20,0.014134275618374558,-0.5138399221534355
unanimous,generasi,0,73,0.003149946062567422,-0.515033142769242
unanimous,untuk,1,138,0.09752650176678446,-0.5153709108579791
unanimous,pernah,0,470,0.020280474649406688,-0.515825688405157
unanimous,dinas,1,2,0.0014134275618374558,-0.5164546713887369
unanimous,karya,1,2,0.0014134275618374558,-0.5164546713887369
unanimous,so,1,2,0.0014134275618374558,-0.5164546713887369
unanimous,status,1,2,0.0014134275618374558,-0.5164546713887369
unanimous,kepala,1,9,0.0063604240282685515,-0.5167120778223708
unanimous,blm,0,63,0.0027184466019417475,-0.5179008361441585
unanimous,minimal,1,4,0.0028268551236749115,-0.5190425045720056
unanimous,amat,0,53,0.0022869471413160735,-0.5219283563228284
unanimous,miskin,0,53,0.0022869471413160735,-0.5219283563228284
unanimous,publik,1,3,0.0021201413427561835,-0.5231964462609584
unanimous,sepanjang,1,3,0.0021201413427561835,-0.5231964462609584
unanimous,india,1,5,0.0035335689045936395,-0.523222917791929
unanimous,tegas,1,5,0.0035335689045936395,-0.523222917791929
unanimous,chris,1,1,0.0007067137809187279,-0.5256794210383313
unanimous,imbas,1,1,0.0007067137809187279,-0.5256794210383313
unanimous,kalahkan,1,1,0.0007067137809187279,-0.5256794210383313
unanimous,kedokteran,1,1,0.0007067137809187279,-0.5256794210383313
unanimous,layar,1,1,0.0007067137809187279,-0.5256794210383313
unanimous,mencatat,1,1,0.0007067137809187279,-0.5256794210383313
unanimous,pancasila,1,1,0.0007067137809187279,-0.5256794210383313
unanimous,tepatnya,1,1,0.0007067137809187279,-0.5256794210383313
unanimous,tujuh,1,1,0.0007067137809187279,-0.5256794210383313
unanimous,nyata,0,111,0.004789644012944984,-0.5269357158147873
unanimous,beradab,0,43,0.001855447680690399,-0.5279020451112769
unanimous,isinya,0,43,0.001855447680690399,-0.5279020451112769
unanimous,jin,0,43,0.001855447680690399,-0.5279020451112769
unanimous,yah,0,72,0.0031067961165048546,-0.5287752715493472
unanimous,palestine,0,375,0.016181229773462782,-0.5289119735891179
unanimous,semoga,0,345,0.01488673139158576,-0.5301916621949005
unanimous,agung,1,2,0.0014134275618374558,-0.5309909556203797
unanimous,biasanya,1,2,0.0014134275618374558,-0.5309909556203797
unanimous,mempunyai,1,2,0.0014134275618374558,-0.5309909556203797
unanimous,tuan,1,2,0.0014134275618374558,-0.5309909556203797
unanimous,year,1,2,0.0014134275618374558,-0.5309909556203797
unanimous,udah,0,632,0.02727076591154261,-0.5312166925258079
unanimous,segala,0,159,0.00686084142394822,-0.5314127787396227
unanimous,jiwa,1,6,0.004240282685512367,-0.5318650878305213
unanimous,sejarah,0,188,0.008112189859762675,-0.5322979422089806
unanimous,petugas,1,3,0.0021201413427561835,-0.5335491453535108
unanimous,jutaan,0,62,0.00267529665587918,-0.5338174509950862
unanimous,kuat,0,178,0.007680690399137001,-0.5338827191866433
unanimous,tinggal,1,9,0.0063604240282685515,-0.5360148337252136
unanimous,angkat,0,33,0.0014239482200647249,-0.5375270995851175
unanimous,gaes,0,33,0.0014239482200647249,-0.5375270995851175
unanimous,pakistan,0,33,0.0014239482200647249,-0.5375270995851175
unanimous,shani,0,33,0.0014239482200647249,-0.5375270995851175
unanimous,tahanan,0,33,0.0014239482200647249,-0.5375270995851175
unanimous,yoongi,0,33,0.0014239482200647249,-0.5375270995851175
unanimous,uang,1,7,0.0049469964664310955,-0.5383093947230954
unanimous,hal,1,22,0.015547703180212015,-0.5394530057117102
unanimous,sebenarnya,0,119,0.005134843581445523,-0.5413908814678494
unanimous,hati,0,312,0.013462783171521036,-0.5415608524233179
unanimous,kalah,1,5,0.0035335689045936395,-0.5429616936586201
unanimous,gubernur,1,4,0.0028268551236749115,-0.5431738028692944
unanimous,berjuang,0,90,0.003883495145631068,-0.5440423137632243
unanimous,mudah,0,109,0.004703344120819849,-0.5451224670463723
unanimous,terbatas,1,2,0.0014134275618374558,-0.5453201916699055
unanimous,sana,0,166,0.007162891046386192,-0.5477125119775272
unanimous,dukung,0,339,0.014627831715210355,-0.5479731302099716
unanimous,us,1,5,0.0035335689045936395,-0.5494567675396553
unanimous,ac,1,1,0.0007067137809187279,-0.5495332961520445
unanimous,berkualitas,1,1,0.0007067137809187279,-0.5495332961520445
unanimous,berkumpul,1,1,0.0007067137809187279,-0.5495332961520445
unanimous,dewi,1,1,0.0007067137809187279,-0.5495332961520445
unanimous,don,1,1,0.0007067137809187279,-0.5495332961520445
unanimous,kawan,1,1,0.0007067137809187279,-0.5495332961520445
unanimous,ning,1,1,0.0007067137809187279,-0.5495332961520445
unanimous,pacar,1,1,0.0007067137809187279,-0.5495332961520445
unanimous,pandangan,1,1,0.0007067137809187279,-0.5495332961520445
unanimous,patroli,1,1,0.0007067137809187279,-0.5495332961520445
unanimous,renungan,1,1,0.0007067137809187279,-0.5495332961520445
unanimous,resolusi,1,1,0.0007067137809187279,-0.5495332961520445
unanimous,rupiah,1,1,0.0007067137809187279,-0.5495332961520445
unanimous,walau,1,1,0.0007067137809187279,-0.5495332961520445
unanimous,organisasi,1,4,0.0028268551236749115,-0.5510912451303949
unanimous,teriak,0,42,0.0018122977346278317,-0.5512021355641429
unanimous,punya,0,453,0.01954692556634304,-0.5533748149975959
unanimous,arah,1,3,0.0021201413427561835,-0.5539410760143647
unanimous,breaking,1,3,0.0021201413427561835,-0.5539410760143647
unanimous,setempat,1,6,0.004240282685512367,-0.5539577357453168
unanimous,datang,1,9,0.0063604240282685515,-0.5549602276111223
unanimous,abbas,0,23,0.0009924487594390506,-0.5553241786348209
unanimous,freepalastine,0,23,0.0009924487594390506,-0.5553241786348209
unanimous,freepalestinefromzionist,0,23,0.0009924487594390506,-0.5553241786348209
unanimous,ganjarmahfud,0,23,0.0009924487594390506,-0.5553241786348209
unanimous,ialah,0,23,0.0009924487594390506,-0.5553241786348209
unanimous,laporkan,0,23,0.0009924487594390506,-0.5553241786348209
unanimous,maharani,0,23,0.0009924487594390506,-0.5553241786348209
unanimous,melahirkan,0,23,0.0009924487594390506,-0.5553241786348209
unanimous,memohon,0,23,0.0009924487594390506,-0.5553241786348209
unanimous,sempurna,0,23,0.0009924487594390506,-0.5553241786348209
unanimous,serba,0,23,0.0009924487594390506,-0.5553241786348209
unanimous,tercinta,0,23,0.0009924487594390506,-0.5553241786348209
unanimous,teror,0,23,0.0009924487594390506,-0.5553241786348209
unanimous,wacana,0,23,0.0009924487594390506,-0.5553241786348209
unanimous,iman,0,70,0.0030204962243797194,-0.5568356868154218
unanimous,wkwkwk,0,70,0.0030204962243797194,-0.5568356868154218
unanimous,memilih,0,136,0.005868392664509169,-0.5574910773821316
unanimous,agama,0,374,0.016138079827400217,-0.5579911466193238
unanimous,ni,0,202,0.00871628910463862,-0.5591184982550803
unanimous,agak,1,2,0.0014134275618374558,-0.5594482122268298
unanimous,wni,1,2,0.0014134275618374558,-0.5594482122268298
unanimous,ia,1,15,0.01060070671378092,-0.5599721576113751
unanimous,dpt,0,51,0.0022006472491909383,-0.5601146946519376
unanimous,pasca,0,51,0.0022006472491909383,-0.5601146946519376
unanimous,pada,1,77,0.05441696113074205,-0.5617942793744689
unanimous,hizbullah,1,3,0.0021201413427561835,-0.563984494415691
unanimous,website,1,3,0.0021201413427561835,-0.563984494415691
unanimous,salam,1,11,0.0077738515901060075,-0.5661127533939876
unanimous,sipil,0,295,0.01272923408845739,-0.5662646647762287
unanimous,berubah,0,60,0.0025889967637540453,-0.5664271684745651
unanimous,mengklaim,0,60,0.0025889967637540453,-0.5664271684745651
unanimous,gibran,0,409,0.017648327939590074,-0.5664802976375876
unanimous,ba,0,32,0.0013807982740021575,-0.5678756586902703
unanimous,istilah,0,32,0.0013807982740021575,-0.5678756586902703
unanimous,jdi,0,32,0.0013807982740021575,-0.5678756586902703
unanimous,kriminal,0,32,0.0013807982740021575,-0.5678756586902703
unanimous,rakyatnya,0,32,0.0013807982740021575,-0.5678756586902703
unanimous,pake,0,181,0.007810140237324703,-0.570444762359827
unanimous,diserang,0,69,0.002977346278317152,-0.5711649228649478
unanimous,mohon,0,69,0.002977346278317152,-0.5711649228649478
unanimous,n,0,162,0.006990291262135922,-0.5722036457590844
unanimous,terakhir,1,8,0.005653710247349823,-0.5725779626429514
unanimous,as,1,16,0.011307420494699646,-0.572585265517448
unanimous,120,1,1,0.0007067137809187279,-0.5728333866049105
unanimous,februari,1,1,0.0007067137809187279,-0.5728333866049105
unanimous,gemoy,1,1,0.0007067137809187279,-0.5728333866049105
unanimous,hadi,1,1,0.0007067137809187279,-0.5728333866049105
unanimous,hukumnya,1,1,0.0007067137809187279,-0.5728333866049105
unanimous,jawaban,1,1,0.0007067137809187279,-0.5728333866049105
unanimous,menyetujui,1,1,0.0007067137809187279,-0.5728333866049105
unanimous,mohammad,1,1,0.0007067137809187279,-0.5728333866049105
unanimous,nego,1,1,0.0007067137809187279,-0.5728333866049105
unanimous,rahmat,1,1,0.0007067137809187279,-0.5728333866049105
unanimous,st,1,1,0.0007067137809187279,-0.5728333866049105
unanimous,terutama,0,106,0.004573894282632147,-0.5730320814397417
unanimous,70,1,2,0.0014134275618374558,-0.5733806069359803
unanimous,aktif,1,2,0.0014134275618374558,-0.5733806069359803
unanimous,belakang,1,2,0.0014134275618374558,-0.5733806069359803
unanimous,bermain,1,2,0.0014134275618374558,-0.5733806069359803
unanimous,melaksanakan,1,2,0.0014134275618374558,-0.5733806069359803
unanimous,menit,1,3,0.0021201413427561835,-0.5739289023431545
unanimous,pejabat,1,4,0.0028268551236749115,-0.574478276080371
unanimous,sma,1,4,0.0028268551236749115,-0.574478276080371
unanimous,istri,0,78,0.003365695792880259,-0.5748768442389629
unanimous,rempang,0,78,0.003365695792880259,-0.5748768442389629
unanimous,kirim,1,5,0.0035335689045936395,-0.5750287314150297
unanimous,tadi,1,5,0.0035335689045936395,-0.5750287314150297
unanimous,bentuk,1,6,0.004240282685512367,-0.5755802716280647
unanimous,apalagi,0,133,0.005738942826321467,-0.5798444168492008
unanimous,jd,0,133,0.005738942826321467,-0.5798444168492008
unanimous,genosida,0,170,0.007335490830636462,-0.5800838270903976
unanimous,ahli,0,96,0.004142394822006472,-0.5803839150811607
unanimous,maka,0,300,0.012944983818770227,-0.5812422839617872
unanimous,pertahanan,1,5,0.0035335689045936395,-0.5813221997963568
unanimous,kebenaran,0,59,0.002545846817691478,-0.5831374810393821
unanimous,lucu,0,59,0.002545846817691478,-0.5831374810393821
unanimous,ngapain,0,59,0.002545846817691478,-0.5831374810393821
unanimous,sebelah,0,59,0.002545846817691478,-0.5831374810393821
unanimous,besok,1,3,0.0021201413427561835,-0.5837762412626997
unanimous,paksa,1,3,0.0021201413427561835,-0.5837762412626997
unanimous,ditolak,0,68,0.0029341963322545845,-0.5857012070965907
unanimous,gojo,1,2,0.0014134275618374558,-0.5871227357160854
unanimous,melarang,1,2,0.0014134275618374558,-0.5871227357160854
unanimous,daripada,0,77,0.0033225458468176916,-0.5877408264597013
unanimous,palsu,0,77,0.0033225458468176916,-0.5877408264597013
unanimous,pdip,0,77,0.0033225458468176916,-0.5877408264597013
unanimous,apa,0,875,0.037756202804746494,-0.5882514995577954
unanimous,inilah,0,104,0.004487594390507012,-0.592076685980015
unanimous,bantuan,1,12,0.008480565371024734,-0.5928305176617666
unanimous,tewas,1,12,0.008480565371024734,-0.5928305176617666
unanimous,bangun,1,3,0.0021201413427561835,-0.59352839609092
unanimous,makin,0,241,0.01039913700107875,-0.5939736167693983
unanimous,pranowo,1,9,0.0063604240282685515,-0.5954458906039967
unanimous,aktivitas,1,1,0.0007067137809187279,-0.5956048678398311
unanimous,black,1,1,0.0007067137809187279,-0.5956048678398311
unanimous,cnbc,1,1,0.0007067137809187279,-0.5956048678398311
unanimous,disebabkan,1,1,0.0007067137809187279,-0.5956048678398311
unanimous,editor,1,1,0.0007067137809187279,-0.5956048678398311
unanimous,jk,1,1,0.0007067137809187279,-0.5956048678398311
unanimous,kamar,1,1,0.0007067137809187279,-0.5956048678398311
unanimous,kemaren,1,1,0.0007067137809187279,-0.5956048678398311
unanimous,man,1,1,0.0007067137809187279,-0.5956048678398311
unanimous,manis,1,1,0.0007067137809187279,-0.5956048678398311
unanimous,mengirim,1,1,0.0007067137809187279,-0.5956048678398311
unanimous,mengirimkan,1,1,0.0007067137809187279,-0.5956048678398311
unanimous,negatif,1,1,0.0007067137809187279,-0.5956048678398311
unanimous,peta,1,1,0.0007067137809187279,-0.5956048678398311
unanimous,pondok,1,1,0.0007067137809187279,-0.5956048678398311
unanimous,unik,1,1,0.0007067137809187279,-0.5956048678398311
unanimous,lg,0,140,0.006040992448759439,-0.5958397236850945
unanimous,bandung,1,6,0.004240282685512367,-0.5967524412217524
unanimous,perusahaan,1,6,0.004240282685512367,-0.5967524412217524
unanimous,belapalestina,0,22,0.0009492988133764832,-0.598852481521744
unanimous,cover,0,22,0.0009492988133764832,-0.598852481521744
unanimous,hmm,0,22,0.0009492988133764832,-0.598852481521744
unanimous,kiko,0,22,0.0009492988133764832,-0.598852481521744
unanimous,manusiawi,0,22,0.0009492988133764832,-0.598852481521744
unanimous,minoritas,0,22,0.0009492988133764832,-0.598852481521744
unanimous,niki,0,22,0.0009492988133764832,-0.598852481521744
unanimous,umumkan,0,22,0.0009492988133764832,-0.598852481521744
unanimous,wan,0,22,0.0009492988133764832,-0.598852481521744
unanimous,agen,0,31,0.00133764832793959,-0.5991714099372091
unanimous,bersuara,0,31,0.00133764832793959,-0.5991714099372091
unanimous,liga,0,31,0.00133764832793959,-0.5991714099372091
unanimous,menhan,0,31,0.00133764832793959,-0.5991714099372091
unanimous,penjelasan,0,31,0.00133764832793959,-0.5991714099372091
unanimous,sulaiman,0,31,0.00133764832793959,-0.5991714099372091
unanimous,terpilih,0,31,0.00133764832793959,-0.5991714099372091
unanimous,nanya,0,40,0.001725997842502697,-0.5994906883535672
unanimous,oknum,0,49,0.0021143473570658035,-0.599810317363586
unanimous,komen,0,58,0.0025026968716289105,-0.600130297561407
unanimous,menentang,0,58,0.0025026968716289105,-0.600130297561407
unanimous,menguasai,0,58,0.0025026968716289105,-0.600130297561407
unanimous,tingkat,1,2,0.0014134275618374558,-0.6006797411783737
unanimous,usaha,1,2,0.0014134275618374558,-0.6006797411783737
unanimous,marah,0,76,0.003279395900755124,-0.600771313903918
unanimous,dasar,0,112,0.0048327939590075515,-0.6020575871382944
unanimous,emang,0,302,0.013031283710895361,-0.6055497421868112
unanimous,tuh,0,238,0.010269687162891046,-0.6066045782781484
unanimous,b,1,6,0.004240282685512367,-0.6071754732871588
unanimous,suka,0,283,0.012211434735706581,-0.6082457050346514
unanimous,setelah,1,25,0.0176678445229682,-0.6097563598770844
unanimous,karna,0,129,0.005566343042071198,-0.6104385907596609
unanimous,sesuai,1,7,0.0049469964664310955,-0.6126027239731519
unanimous,detik,1,3,0.0021201413427561835,-0.6127544233397925
unanimous,perhatian,1,2,0.0014134275618374558,-0.6140565602171891
unanimous,buatan,0,66,0.0028478964401294497,-0.615419552942841
unanimous,imin,0,66,0.0028478964401294497,-0.615419552942841
unanimous,mental,0,66,0.0028478964401294497,-0.615419552942841
unanimous,terbunuh,0,57,0.002459546925566343,-0.6174153603329732
unanimous,abang,1,1,0.0007067137809187279,-0.6178712366508331
unanimous,antaranews,1,1,0.0007067137809187279,-0.6178712366508331
unanimous,art,1,1,0.0007067137809187279,-0.6178712366508331
unanimous,diambil,1,1,0.0007067137809187279,-0.6178712366508331
unanimous,lepas,1,1,0.0007067137809187279,-0.6178712366508331
unanimous,mengganggu,1,1,0.0007067137809187279,-0.6178712366508331
unanimous,merilis,1,1,0.0007067137809187279,-0.6178712366508331
unanimous,om,1,1,0.0007067137809187279,-0.6178712366508331
unanimous,viralindonesia,1,1,0.0007067137809187279,-0.6178712366508331
unanimous,amin,1,4,0.0028268551236749115,-0.6196900523568242
unanimous,kemerdekaan,1,4,0.0028268551236749115,-0.6196900523568242
unanimous,sekali,0,199,0.008586839266450918,-0.6203544594080588
unanimous,operasi,1,5,0.0035335689045936395,-0.6243157976124736
unanimous,ikn,0,39,0.0016828478964401295,-0.6245352132422555
unanimous,netral,0,39,0.0016828478964401295,-0.6245352132422555
unanimous,rame,0,39,0.0016828478964401295,-0.6245352132422555
unanimous,rumahnya,0,39,0.0016828478964401295,-0.6245352132422555
unanimous,tb,0,39,0.0016828478964401295,-0.6245352132422555
unanimous,nah,0,83,0.003581445523193096,-0.6248487072865389
unanimous,cantik,1,2,0.0014134275618374558,-0.6272579348379972
unanimous,mesin,1,2,0.0014134275618374558,-0.6272579348379972
unanimous,pers,1,2,0.0014134275618374558,-0.6272579348379972
unanimous,tanggung,1,2,0.0014134275618374558,-0.6272579348379972
unanimous,kan,0,313,0.013505933117583604,-0.6287855977373068
unanimous,cuma,0,304,0.013117583603020497,-0.6290099654966022
unanimous,on,1,5,0.0035335689045936395,-0.6303116592830302
unanimous,100,1,7,0.0049469964664310955,-0.6303598978628324
unanimous,mengikuti,0,100,0.004314994606256742,-0.6312793889344432
unanimous,anj,0,30,0.0012944983818770227,-0.6314754780314364
unanimous,bertanya,0,30,0.0012944983818770227,-0.6314754780314364
unanimous,diantara,0,30,0.0012944983818770227,-0.6314754780314364
unanimous,gilanya,0,30,0.0012944983818770227,-0.6314754780314364
unanimous,insyaallah,0,30,0.0012944983818770227,-0.6314754780314364
unanimous,jualan,0,30,0.0012944983818770227,-0.6314754780314364
unanimous,kecelakaan,0,30,0.0012944983818770227,-0.6314754780314364
unanimous,membiarkan,0,30,0.0012944983818770227,-0.6314754780314364
unanimous,nunggu,0,30,0.0012944983818770227,-0.6314754780314364
unanimous,sengit,0,30,0.0012944983818770227,-0.6314754780314364
unanimous,yaallah,0,30,0.0012944983818770227,-0.6314754780314364
unanimous,wa,1,15,0.01060070671378092,-0.6315079411025282
unanimous,iya,0,91,0.003926645091693636,-0.6338045701559568
unanimous,mu,0,82,0.0035382955771305286,-0.6369403489681815
unanimous,sejak,1,16,0.011307420494699646,-0.6372381676710835
unanimous,700,1,1,0.0007067137809187279,-0.6396544571826198
unanimous,batam,1,1,0.0007067137809187279,-0.6396544571826198
unanimous,beras,1,1,0.0007067137809187279,-0.6396544571826198
unanimous,catatan,1,1,0.0007067137809187279,-0.6396544571826198
unanimous,garis,1,1,0.0007067137809187279,-0.6396544571826198
unanimous,serambinews,1,1,0.0007067137809187279,-0.6396544571826198
unanimous,kebijakan,1,2,0.0014134275618374558,-0.640288422282214
unanimous,bertemu,1,3,0.0021201413427561835,-0.6409236880530313
unanimous,laki,1,3,0.0021201413427561835,-0.6409236880530313
unanimous,lima,1,3,0.0021201413427561835,-0.6409236880530313
unanimous,senang,0,47,0.0020280474649406687,-0.6411397530352958
unanimous,capres,0,212,0.009147788565264294,-0.6432548260605097
unanimous,amir,0,21,0.0009061488673139158,-0.6443580446803082
unanimous,bangkrut,0,21,0.0009061488673139158,-0.6443580446803082
unanimous,bo,0,21,0.0009061488673139158,-0.6443580446803082
unanimous,eks,0,21,0.0009061488673139158,-0.6443580446803082
unanimous,hamba,0,21,0.0009061488673139158,-0.6443580446803082
unanimous,israelterrorism,0,21,0.0009061488673139158,-0.6443580446803082
unanimous,jalanan,0,21,0.0009061488673139158,-0.6443580446803082
unanimous,keberhasilan,0,21,0.0009061488673139158,-0.6443580446803082
unanimous,kering,0,21,0.0009061488673139158,-0.6443580446803082
unanimous,kursi,0,21,0.0009061488673139158,-0.6443580446803082
unanimous,matahari,0,21,0.0009061488673139158,-0.6443580446803082
unanimous,menetap,0,21,0.0009061488673139158,-0.6443580446803082
unanimous,pasir,0,21,0.0009061488673139158,-0.6443580446803082
unanimous,prayforpalestine,0,21,0.0009061488673139158,-0.6443580446803082
unanimous,profesional,0,21,0.0009061488673139158,-0.6443580446803082
unanimous,roti,0,21,0.0009061488673139158,-0.6443580446803082
unanimous,liat,0,238,0.010269687162891046,-0.6443657923942016
unanimous,mana,0,405,0.017475728155339806,-0.6453515678690174
unanimous,cak,0,64,0.002761596548004315,-0.6460428175528521
unanimous,indonesia,1,100,0.0706713780918728,-0.647621347513037
unanimous,sedangkan,0,107,0.004617044228694714,-0.6477367304866888
unanimous,menerima,1,6,0.004240282685512367,-0.6478313634635691
unanimous,tentara,0,404,0.01743257820927724,-0.6478646204325109
unanimous,for,1,8,0.005653710247349823,-0.6479512009193718
unanimous,kata,1,27,0.019081272084805655,-0.6480127344277421
unanimous,supaya,0,81,0.003495145631067961,-0.6491789233523851
unanimous,jelas,0,263,0.011348435814455231,-0.6492948434768764
unanimous,tanah,0,333,0.014368932038834952,-0.6493679497837662
unanimous,saja,0,412,0.017777777777777778,-0.6499366317615578
unanimous,asam,0,38,0.001639697950377562,-0.6502208646707445
unanimous,ataupun,0,38,0.001639697950377562,-0.6502208646707445
unanimous,bekas,0,38,0.001639697950377562,-0.6502208646707445
unanimous,cewek,0,38,0.001639697950377562,-0.6502208646707445
unanimous,state,0,38,0.001639697950377562,-0.6502208646707445
unanimous,membabi,0,55,0.0023732470334412083,-0.6529037944450818
unanimous,beredar,1,2,0.0014134275618374558,-0.6531524045029525
unanimous,dapatkan,1,2,0.0014134275618374558,-0.6531524045029525
unanimous,daya,1,2,0.0014134275618374558,-0.6531524045029525
unanimous,syarat,1,2,0.0014134275618374558,-0.6531524045029525
unanimous,ama,0,72,0.0031067961165048546,-0.6546486418059352
unanimous,akhir,1,6,0.004240282685512367,-0.6577465130158405
unanimous,dirinya,1,3,0.0021201413427561835,-0.6592757418591783
unanimous,melaporkan,1,3,0.0021201413427561835,-0.6592757418591783
unanimous,memang,0,260,0.01121898597626753,-0.6608762745907985
unanimous,bergerak,1,1,0.0007067137809187279,-0.6609750913945359
unanimous,best,1,1,0.0007067137809187279,-0.6609750913945359
unanimous,diamankan,1,1,0.0007067137809187279,-0.6609750913945359
unanimous,ibrahim,1,1,0.0007067137809187279,-0.6609750913945359
unanimous,infografis,1,1,0.0007067137809187279,-0.6609750913945359
unanimous,kian,1,1,0.0007067137809187279,-0.6609750913945359
unanimous,only,1,1,0.0007067137809187279,-0.6609750913945359
unanimous,persyaratan,1,1,0.0007067137809187279,-0.6609750913945359
unanimous,scarlett,1,1,0.0007067137809187279,-0.6609750913945359
unanimous,ukuran,1,1,0.0007067137809187279,-0.6609750913945359
unanimous,hingga,1,20,0.014134275618374558,-0.6615896037171175
unanimous,baswedan,1,4,0.0028268551236749115,-0.662967893674488
unanimous,putih,1,4,0.0028268551236749115,-0.662967893674488
unanimous,saudara,0,165,0.007119741100323625,-0.6634247978434242
unanimous,bakalan,0,29,0.0012513484358144553,-0.664855102308367
unanimous,gt,0,29,0.0012513484358144553,-0.664855102308367
unanimous,hormat,0,29,0.0012513484358144553,-0.664855102308367
unanimous,menghapus,0,29,0.0012513484358144553,-0.664855102308367
unanimous,okt,0,29,0.0012513484358144553,-0.664855102308367
unanimous,pasalnya,0,29,0.0012513484358144553,-0.664855102308367
unanimous,pura,0,29,0.0012513484358144553,-0.664855102308367
unanimous,wajar,0,29,0.0012513484358144553,-0.664855102308367
unanimous,cinta,1,5,0.0035335689045936395,-0.6655614696700781
unanimous,batu,1,2,0.0014134275618374558,-0.6658540970409864
unanimous,direktur,1,2,0.0014134275618374558,-0.6658540970409864
unanimous,lah,0,250,0.010787486515641856,-0.6663985849026653
unanimous,kek,0,224,0.009665587918015103,-0.6677083494572871
unanimous,tapi,0,963,0.04155339805825243,-0.6685121174271098
unanimous,suci,0,71,0.0030636461704422868,-0.6685810365150854
unanimous,sebuah,1,13,0.009187279151943463,-0.669021752189866
unanimous,pbb,1,10,0.007067137809187279,-0.6700378836660117
unanimous,timur,1,11,0.0077738515901060075,-0.6713796551163038
unanimous,biasa,1,6,0.004240282685512367,-0.672440482341058
unanimous,tahun,1,35,0.024734982332155476,-0.6733534105017269
unanimous,total,1,7,0.0049469964664310955,-0.6734461765088167
unanimous,pula,0,79,0.0034088457389428264,-0.674111518895087
unanimous,siap,1,8,0.005653710247349823,-0.6743776591038987
unanimous,yesus,0,121,0.005221143473570658,-0.6745522731771436
unanimous,kedua,1,9,0.0063604240282685515,-0.6752588452692792
unanimous,masuknya,0,37,0.0015965480043149947,-0.676581391935311
unanimous,tetangga,0,37,0.0015965480043149947,-0.676581391935311
unanimous,dilaporkan,1,4,0.0028268551236749115,-0.6769922353400979
unanimous,polisi,1,6,0.004240282685512367,-0.6772917227458105
unanimous,fasilitas,1,3,0.0021201413427561835,-0.677300155893252
unanimous,mantan,1,3,0.0021201413427561835,-0.677300155893252
unanimous,kalian,0,401,0.017303128371089535,-0.6774484171633974
unanimous,disana,0,62,0.00267529665587918,-0.6776280178734995
unanimous,lari,0,62,0.00267529665587918,-0.6776280178734995
unanimous,menimbulkan,0,62,0.00267529665587918,-0.6776280178734995
unanimous,stop,0,62,0.00267529665587918,-0.6776280178734995
unanimous,membantu,1,7,0.0049469964664310955,-0.6776564487851136
unanimous,go,1,2,0.0014134275618374558,-0.6783975573459243
unanimous,pertama,1,13,0.009187279151943463,-0.6808696090551222
unanimous,sementara,1,14,0.009893992932862191,-0.6814845963156708
unanimous,agustus,1,1,0.0007067137809187279,-0.6818524159314212
unanimous,mantap,1,1,0.0007067137809187279,-0.6818524159314212
unanimous,pol,1,1,0.0007067137809187279,-0.6818524159314212
unanimous,series,1,1,0.0007067137809187279,-0.6818524159314212
unanimous,stasiun,1,1,0.0007067137809187279,-0.6818524159314212
unanimous,thoifur,1,1,0.0007067137809187279,-0.6818524159314212
unanimous,namun,1,16,0.011307420494699646,-0.6827479838158227
unanimous,grup,1,4,0.0028268551236749115,-0.6839322341377784
unanimous,gara2,0,45,0.001941747572815534,-0.6842436077789986
unanimous,kemana,0,45,0.001941747572815534,-0.6842436077789986
unanimous,bakar,0,103,0.0044444444444444444,-0.6858293469406264
unanimous,beda,0,103,0.0044444444444444444,-0.6858293469406264
unanimous,kaya,0,186,0.00802588996763754,-0.6883030921388826
unanimous,bagian,1,8,0.005653710247349823,-0.6891778017454371
unanimous,capek,1,2,0.0014134275618374558,-0.6907866925836885
unanimous,gelar,1,2,0.0014134275618374558,-0.6907866925836885
unanimous,triliun,1,2,0.0014134275618374558,-0.6907866925836885
unanimous,with,1,2,0.0014134275618374558,-0.6907866925836885
unanimous,freepalestine,0,328,0.014153182308522114,-0.6910614905461056
unanimous,akhirat,0,20,0.0008629989212513484,-0.6920292808861532
unanimous,dahsyat,0,20,0.0008629989212513484,-0.6920292808861532
unanimous,dateng,0,20,0.0008629989212513484,-0.6920292808861532
unanimous,dipaksa,0,20,0.0008629989212513484,-0.6920292808861532
unanimous,freepalestina,0,20,0.0008629989212513484,-0.6920292808861532
unanimous,kurangnya,0,20,0.0008629989212513484,-0.6920292808861532
unanimous,marga,0,20,0.0008629989212513484,-0.6920292808861532
unanimous,pandang,0,20,0.0008629989212513484,-0.6920292808861532
unanimous,riset,0,20,0.0008629989212513484,-0.6920292808861532
unanimous,sam,0,20,0.0008629989212513484,-0.6920292808861532
unanimous,savegaza,0,20,0.0008629989212513484,-0.6920292808861532
unanimous,simatupang,0,20,0.0008629989212513484,-0.6920292808861532
unanimous,syam,0,20,0.0008629989212513484,-0.6920292808861532
unanimous,telat,0,20,0.0008629989212513484,-0.6920292808861532
unanimous,eh,0,94,0.004056094929881337,-0.6930972641698883
unanimous,menyatakan,1,7,0.0049469964664310955,-0.6943260854917498
unanimous,telah,1,37,0.026148409893992933,-0.694581645001715
unanimous,anti,0,135,0.005825242718446602,-0.6955272475945159
unanimous,nonton,1,6,0.004240282685512367,-0.6964688441768019
unanimous,gini,0,176,0.007594390507011866,-0.6976686072372756
unanimous,bekerja,1,4,0.0028268551236749115,-0.6976711684395759
unanimous,inggris,1,4,0.0028268551236749115,-0.6976711684395759
unanimous,blok,0,28,0.0012081984897518879,-0.6993844805223693
unanimous,gaya,0,28,0.0012081984897518879,-0.6993844805223693
unanimous,giliran,0,28,0.0012081984897518879,-0.6993844805223693
unanimous,kritis,0,28,0.0012081984897518879,-0.6993844805223693
unanimous,pahala,0,28,0.0012081984897518879,-0.6993844805223693
unanimous,pakaian,0,28,0.0012081984897518879,-0.6993844805223693
unanimous,proyek,0,77,0.0033225458468176916,-0.6996771936538595
unanimous,75,1,1,0.0007067137809187279,-0.7023045270662456
unanimous,diminta,1,1,0.0007067137809187279,-0.7023045270662456
unanimous,fahmi,1,1,0.0007067137809187279,-0.7023045270662456
unanimous,ios,1,1,0.0007067137809187279,-0.7023045270662456
unanimous,kayu,1,1,0.0007067137809187279,-0.7023045270662456
unanimous,platform,1,1,0.0007067137809187279,-0.7023045270662456
unanimous,tunggu,1,1,0.0007067137809187279,-0.7023045270662456
unanimous,halaman,1,2,0.0014134275618374558,-0.7030252669678919
unanimous,kelahiran,0,36,0.0015533980582524273,-0.7036532814026267
unanimous,perintah,0,36,0.0015533980582524273,-0.7036532814026267
unanimous,sembarangan,0,36,0.0015533980582524273,-0.7036532814026267
unanimous,nya,0,713,0.03076591154261057,-0.7046263796998941
unanimous,juta,1,9,0.0063604240282685515,-0.7048752670088099
unanimous,aneh,0,52,0.002243797195253506,-0.7086033921617909
unanimous,tuhan,0,223,0.009622437971952535,-0.7099774258899029
unanimous,tanya,0,60,0.0025889967637540453,-0.7102377353529784
unanimous,sering,0,133,0.005738942826321467,-0.7104842099785419
unanimous,surat,1,5,0.0035335689045936395,-0.7107347649519002
unanimous,kejadian,1,4,0.0028268551236749115,-0.7112262381666452
unanimous,bisnis,1,3,0.0021201413427561835,-0.7124116565102195
unanimous,aplikasi,1,2,0.0014134275618374558,-0.7151169086495346
unanimous,ready,1,2,0.0014134275618374558,-0.7151169086495346
unanimous,ribu,1,6,0.004240282685512367,-0.7152916079022243
unanimous,hancur,0,100,0.004314994606256742,-0.7153732486158555
unanimous,pengungsi,1,31,0.021908127208480566,-0.7175458429319099
unanimous,member,1,3,0.0021201413427561835,-0.7210020841037331
unanimous,nilai,1,3,0.0021201413427561835,-0.7210020841037331
unanimous,au,1,1,0.0007067137809187279,-0.7223484351462679
unanimous,bertahan,1,1,0.0007067137809187279,-0.7223484351462679
unanimous,bupati,1,1,0.0007067137809187279,-0.7223484351462679
unanimous,elon,1,1,0.0007067137809187279,-0.7223484351462679
unanimous,hong,1,1,0.0007067137809187279,-0.7223484351462679
unanimous,insiden,1,1,0.0007067137809187279,-0.7223484351462679
unanimous,melibatkan,1,1,0.0007067137809187279,-0.7223484351462679
unanimous,ngelunjak,1,1,0.0007067137809187279,-0.7223484351462679
unanimous,potensi,1,1,0.0007067137809187279,-0.7223484351462679
unanimous,terancam,1,1,0.0007067137809187279,-0.7223484351462679
unanimous,tuduhan,1,1,0.0007067137809187279,-0.7223484351462679
unanimous,wd,1,1,0.0007067137809187279,-0.7223484351462679
unanimous,bom,0,212,0.009147788565264294,-0.723164773285392
unanimous,ل,0,59,0.002545846817691478,-0.7269480479177954
unanimous,konflik,1,13,0.009187279151943463,-0.7269548048259604
unanimous,berikut,1,5,0.0035335689045936395,-0.7271699541440435
unanimous,pengakuan,0,43,0.001855447680690399,-0.7292814578249212
unanimous,bahan,1,4,0.0028268551236749115,-0.731224734543164
unanimous,memerintahkan,0,35,0.0015102481121898597,-0.7314760607214638
unanimous,muhamad,0,35,0.0015102481121898597,-0.7314760607214638
unanimous,mari,1,5,0.0035335689045936395,-0.7325898083531146
unanimous,kok,0,226,0.009751887810140237,-0.7329517254899138
unanimous,pasti,0,234,0.010097087378640776,-0.7330995869178827
unanimous,abi,0,27,0.0011650485436893205,-0.7351457634009371
unanimous,gada,0,27,0.0011650485436893205,-0.7351457634009371
unanimous,hadapan,0,27,0.0011650485436893205,-0.7351457634009371
unanimous,im,0,27,0.0011650485436893205,-0.7351457634009371
unanimous,maroko,0,27,0.0011650485436893205,-0.7351457634009371
unanimous,mengurangi,0,27,0.0011650485436893205,-0.7351457634009371
unanimous,oke,0,27,0.0011650485436893205,-0.7351457634009371
unanimous,strategi,0,27,0.0011650485436893205,-0.7351457634009371
unanimous,temannya,0,27,0.0011650485436893205,-0.7351457634009371
unanimous,ahmadiyah,0,98,0.004228694714131607,-0.7355610961925817
unanimous,cm,1,3,0.0021201413427561835,-0.7379668615636968
unanimous,dokter,1,3,0.0021201413427561835,-0.7379668615636968
unanimous,500,1,5,0.0035335689045936395,-0.7379809137444867
unanimous,dibawa,1,2,0.0014134275618374558,-0.7388732646922742
unanimous,jenderal,1,2,0.0014134275618374558,-0.7388732646922742
unanimous,antara,1,16,0.011307420494699646,-0.739285324658332
unanimous,melanggar,0,66,0.0028478964401294497,-0.7412929231994287
unanimous,99,1,1,0.0007067137809187279,-0.7420001497778941
unanimous,good,1,1,0.0007067137809187279,-0.7420001497778941
unanimous,hadid,1,1,0.0007067137809187279,-0.7420001497778941
unanimous,kalimantan,1,1,0.0007067137809187279,-0.7420001497778941
unanimous,persiapan,1,1,0.0007067137809187279,-0.7420001497778941
unanimous,pikiran,1,1,0.0007067137809187279,-0.7420001497778941
unanimous,unggul,1,1,0.0007067137809187279,-0.7420001497778941
unanimous,houthi,0,58,0.0025026968716289105,-0.7439408644398204
unanimous,pikir,0,58,0.0025026968716289105,-0.7439408644398204
unanimous,ganjar,1,26,0.018374558303886925,-0.7454696022500326
unanimous,ar,0,50,0.002157497303128371,-0.7475297138346136
unanimous,kena,0,136,0.005868392664509169,-0.7476861668478997
unanimous,menurut,1,13,0.009187279151943463,-0.7492537685511499
unanimous,cnn,1,2,0.0014134275618374558,-0.7505446114790848
unanimous,target,1,2,0.0014134275618374558,-0.7505446114790848
unanimous,ambulans,0,42,0.0018122977346278317,-0.7525815482777872
unanimous,hadapi,0,42,0.0018122977346278317,-0.7525815482777872
unanimous,menolong,0,42,0.0018122977346278317,-0.7525815482777872
unanimous,tpi,0,42,0.0018122977346278317,-0.7525815482777872
unanimous,ustadz,0,42,0.0018122977346278317,-0.7525815482777872
unanimous,kecuali,0,73,0.003149946062567422,-0.752842880219988
unanimous,mahkamah,0,73,0.003149946062567422,-0.752842880219988
unanimous,saksi,1,3,0.0021201413427561835,-0.7546515001697703
unanimous,baru,1,29,0.02049469964664311,-0.7558298266448105
unanimous,ngomong,0,65,0.0028047464940668823,-0.7564879995311584
unanimous,h,1,4,0.0028268551236749115,-0.7572898991007588
unanimous,usia,1,4,0.0028268551236749115,-0.7572898991007588
unanimous,to,1,7,0.0049469964664310955,-0.758411611493697
unanimous,update,1,7,0.0049469964664310955,-0.758411611493697
unanimous,simak,1,5,0.0035335689045936395,-0.7592638921379856
unanimous,aing,0,34,0.0014670981661272923,-0.7600926465098071
unanimous,bung,0,34,0.0014670981661272923,-0.7600926465098071
unanimous,cindo,0,34,0.0014670981661272923,-0.7600926465098071
unanimous,mencintai,0,34,0.0014670981661272923,-0.7600926465098071
unanimous,pemukiman,0,34,0.0014670981661272923,-0.7600926465098071
unanimous,aja,0,873,0.03766990291262136,-0.7607633935097156
unanimous,anggaran,1,1,0.0007067137809187279,-0.7612747568190906
unanimous,de,1,1,0.0007067137809187279,-0.7612747568190906
unanimous,filipina,1,1,0.0007067137809187279,-0.7612747568190906
unanimous,social,1,1,0.0007067137809187279,-0.7612747568190906
unanimous,subianto,1,1,0.0007067137809187279,-0.7612747568190906
unanimous,sumut,1,1,0.0007067137809187279,-0.7612747568190906
unanimous,m,1,11,0.0077738515901060075,-0.7618187947316001
unanimous,international,1,2,0.0014134275618374558,-0.7620823015722439
unanimous,sadar,0,80,0.003451995685005394,-0.7623627547304567
unanimous,mayoritas,0,103,0.0044444444444444444,-0.7635031464818405
unanimous,gay,0,203,0.008759439050701187,-0.7668326063020084
unanimous,kalau,0,558,0.024077669902912623,-0.7671445773816838
unanimous,kayak,0,156,0.006731391585760518,-0.7704577849844968
unanimous,min,1,3,0.0021201413427561835,-0.7710651481799636
unanimous,sayang,1,3,0.0021201413427561835,-0.7710651481799636
unanimous,berbuat,0,26,0.001121898597626753,-0.7722302334915914
unanimous,kaga,0,26,0.001121898597626753,-0.7722302334915914
unanimous,kelaparan,0,26,0.001121898597626753,-0.7722302334915914
unanimous,lampu,0,26,0.001121898597626753,-0.7722302334915914
unanimous,lesbian,0,26,0.001121898597626753,-0.7722302334915914
unanimous,wkwkw,0,26,0.001121898597626753,-0.7722302334915914
unanimous,wna,0,26,0.001121898597626753,-0.7722302334915914
unanimous,hari,1,53,0.03745583038869258,-0.7728098397362414
unanimous,twitter,0,102,0.004401294498381877,-0.7732553013100607
unanimous,06,1,2,0.0014134275618374558,-0.7734893727658784
unanimous,badan,1,6,0.004240282685512367,-0.7741704647412456
unanimous,pm,1,4,0.0028268551236749115,-0.7764081441286741
unanimous,betapa,0,41,0.0017691477885652643,-0.7764354233915004
unanimous,dibom,0,41,0.0017691477885652643,-0.7764354233915004
unanimous,larangan,0,41,0.0017691477885652643,-0.7764354233915004
unanimous,ا,0,41,0.0017691477885652643,-0.7764354233915004
unanimous,dr,0,239,0.010312837108953614,-0.7788245934859167
unanimous,bunga,1,1,0.0007067137809187279,-0.7801864881070032
unanimous,dilihat,1,1,0.0007067137809187279,-0.7801864881070032
unanimous,koordinasi,1,1,0.0007067137809187279,-0.7801864881070032
unanimous,mobile,1,1,0.0007067137809187279,-0.7801864881070032
unanimous,studi,1,1,0.0007067137809187279,-0.7801864881070032
unanimous,undang,1,1,0.0007067137809187279,-0.7801864881070032
unanimous,kalo,0,526,0.022696871628910462,-0.782469166523332
unanimous,mendapat,1,4,0.0028268551236749115,-0.7827016125100009
unanimous,maju,0,101,0.00435814455231931,-0.783102640229606
unanimous,si,0,307,0.013247033441208199,-0.7837700032604346
unanimous,akibat,1,11,0.0077738515901060075,-0.7844921660331778
unanimous,shopee,1,2,0.0014134275618374558,-0.7847687604521811
unanimous,utama,1,5,0.0035335689045936395,-0.7852560763973836
unanimous,belanda,0,48,0.002071197411003236,-0.7880257330494604
unanimous,serangan,1,33,0.023321554770318022,-0.7889379476085805
unanimous,bantu,1,4,0.0028268551236749115,-0.7889562625266111
unanimous,dakwah,0,33,0.0014239482200647249,-0.7895497431930756
unanimous,dapat,1,16,0.011307420494699646,-0.7929349198488207
unanimous,in,1,10,0.007067137809187279,-0.7931972955455485
unanimous,menemukan,1,2,0.0014134275618374558,-0.7959233021728492
unanimous,ulama,0,137,0.005911542610571737,-0.7966286184721915
unanimous,mengatakan,1,19,0.01342756183745583,-0.7984978577083484
unanimous,ade,1,1,0.0007067137809187279,-0.7987487847281529
unanimous,dipimpin,1,1,0.0007067137809187279,-0.7987487847281529
unanimous,gadot,1,1,0.0007067137809187279,-0.7987487847281529
unanimous,kampung,1,1,0.0007067137809187279,-0.7987487847281529
unanimous,kk,1,1,0.0007067137809187279,-0.7987487847281529
unanimous,martin,1,1,0.0007067137809187279,-0.7987487847281529
unanimous,menghindari,1,1,0.0007067137809187279,-0.7987487847281529
unanimous,menunggu,1,1,0.0007067137809187279,-0.7987487847281529
unanimous,otoritas,1,1,0.0007067137809187279,-0.7987487847281529
unanimous,ton,1,1,0.0007067137809187279,-0.7987487847281529
unanimous,yordania,1,1,0.0007067137809187279,-0.7987487847281529
unanimous,tp,0,249,0.010744336569579288,-0.8004865159795784
unanimous,abad,0,40,0.001725997842502697,-0.8008701010672115
unanimous,emosi,0,40,0.001725997842502697,-0.8008701010672115
unanimous,koalisi,0,40,0.001725997842502697,-0.8008701010672115
unanimous,membenarkan,0,40,0.001725997842502697,-0.8008701010672115
unanimous,merayakan,0,40,0.001725997842502697,-0.8008701010672115
unanimous,minum,0,40,0.001725997842502697,-0.8008701010672115
unanimous,lebanon,1,3,0.0021201413427561835,-0.803113888738353
unanimous,ham,0,84,0.0036245954692556634,-0.8053787178878296
unanimous,maaf,0,84,0.0036245954692556634,-0.8053787178878296
unanimous,300,1,2,0.0014134275618374558,-0.8069557419204243
unanimous,berakhir,1,2,0.0014134275618374558,-0.8069557419204243
unanimous,membela,0,106,0.004573894282632147,-0.8069719714365216
unanimous,jalur,1,17,0.012014134275618375,-0.8090569360996781
unanimous,teman,1,5,0.0035335689045936395,-0.8106006353889249
unanimous,asalnya,0,25,0.0010787486515641855,-0.8107397108636705
unanimous,berdarah,0,25,0.0010787486515641855,-0.8107397108636705
unanimous,chindo,0,25,0.0010787486515641855,-0.8107397108636705
unanimous,dibantai,0,25,0.0010787486515641855,-0.8107397108636705
unanimous,first,0,25,0.0010787486515641855,-0.8107397108636705
unanimous,freepalestinenow,0,25,0.0010787486515641855,-0.8107397108636705
unanimous,indomy,0,25,0.0010787486515641855,-0.8107397108636705
unanimous,mendirikan,0,25,0.0010787486515641855,-0.8107397108636705
unanimous,menghasilkan,0,25,0.0010787486515641855,-0.8107397108636705
unanimous,nge,0,25,0.0010787486515641855,-0.8107397108636705
unanimous,pangeran,0,25,0.0010787486515641855,-0.8107397108636705
unanimous,reruntuhan,0,25,0.0010787486515641855,-0.8107397108636705
unanimous,sedunia,0,25,0.0010787486515641855,-0.8107397108636705
unanimous,sulfat,0,25,0.0010787486515641855,-0.8107397108636705
unanimous,tangkap,0,25,0.0010787486515641855,-0.8107397108636705
unanimous,pembangunan,1,3,0.0021201413427561835,-0.8109698161877531
unanimous,terbuka,1,3,0.0021201413427561835,-0.8109698161877531
unanimous,malam,1,10,0.007067137809187279,-0.8119259405313619
unanimous,kini,1,8,0.005653710247349823,-0.8135627663750765
unanimous,beserta,1,1,0.0007067137809187279,-0.8169743545357997
unanimous,cpns,1,1,0.0007067137809187279,-0.8169743545357997
unanimous,dibawah,1,1,0.0007067137809187279,-0.8169743545357997
unanimous,dijual,1,1,0.0007067137809187279,-0.8169743545357997
unanimous,fix,1,1,0.0007067137809187279,-0.8169743545357997
unanimous,na,1,1,0.0007067137809187279,-0.8169743545357997
unanimous,ngasih,1,1,0.0007067137809187279,-0.8169743545357997
unanimous,peringkat,1,1,0.0007067137809187279,-0.8169743545357997
unanimous,pp,1,1,0.0007067137809187279,-0.8169743545357997
unanimous,tampung,1,1,0.0007067137809187279,-0.8169743545357997
unanimous,ulang,1,1,0.0007067137809187279,-0.8169743545357997
unanimous,unpar,1,1,0.0007067137809187279,-0.8169743545357997
unanimous,dikasih,0,61,0.0026321467098166127,-0.819674033882769
unanimous,habib,0,32,0.0013807982740021575,-0.8198983022982284
unanimous,kasian,0,32,0.0013807982740021575,-0.8198983022982284
unanimous,ngeliat,0,32,0.0013807982740021575,-0.8198983022982284
unanimous,dukungan,1,8,0.005653710247349823,-0.8200502638914289
unanimous,mencapai,1,5,0.0035335689045936395,-0.8205643157112354
unanimous,wilayah,1,15,0.01060070671378092,-0.8243092215927874
unanimous,jabatan,0,39,0.0016828478964401295,-0.8259146259558997
unanimous,membalas,0,39,0.0016828478964401295,-0.8259146259558997
unanimous,tersebar,0,39,0.0016828478964401295,-0.8259146259558997
unanimous,mereka,0,1637,0.07063646170442286,-0.8259161971902401
unanimous,sd,1,3,0.0021201413427561835,-0.8265009196883293
unanimous,bertanggung,1,2,0.0014134275618374558,-0.8286648479073483
unanimous,natal,1,2,0.0014134275618374558,-0.8286648479073483
unanimous,tepat,1,2,0.0014134275618374558,-0.8286648479073483
unanimous,berkata,0,89,0.0038403451995685004,-0.8317689333136271
unanimous,brigade,0,53,0.0022869471413160735,-0.8335022277522917
unanimous,waspada,0,53,0.0022869471413160735,-0.8335022277522917
unanimous,47,1,1,0.0007067137809187279,-0.8348752245309686
unanimous,happy,1,1,0.0007067137809187279,-0.8348752245309686
unanimous,terlebih,1,1,0.0007067137809187279,-0.8348752245309686
unanimous,membawa,1,5,0.0035335689045936395,-0.835329322681341
unanimous,semangat,1,5,0.0035335689045936395,-0.835329322681341
unanimous,bismillah,0,60,0.0025889967637540453,-0.8361111056095664
unanimous,abu,0,146,0.006299892125134844,-0.8369226864779271
unanimous,panas,1,4,0.0028268551236749115,-0.8376517140571513
unanimous,bingung,0,67,0.002891046386192017,-0.8382603669932964
unanimous,35,1,2,0.0014134275618374558,-0.8393465699145077
unanimous,lolos,1,2,0.0014134275618374558,-0.8393465699145077
unanimous,saat,1,32,0.022614840989399292,-0.8395405211381024
unanimous,14,1,9,0.0063604240282685515,-0.8413763020160405
unanimous,ketemu,0,81,0.003495145631067961,-0.8416571415007076
unanimous,melihat,0,245,0.010571736785329019,-0.8469604135484661
unanimous,tengah,1,11,0.0077738515901060075,-0.8473388276907946
unanimous,jg,0,123,0.0053074433656957925,-0.8483337146327183
unanimous,gila,1,107,0.07561837455830389,-0.8487113008545983
unanimous,turut,1,3,0.0021201413427561835,-0.849359356497713
unanimous,darat,1,4,0.0028268551236749115,-0.8494689895754554
unanimous,e,1,4,0.0028268551236749115,-0.8494689895754554
unanimous,terima,1,5,0.0035335689045936395,-0.8498832661525586
unanimous,abdul,1,2,0.0014134275618374558,-0.849916308580632
unanimous,memasuki,1,2,0.0014134275618374558,-0.849916308580632
unanimous,sistem,1,2,0.0014134275618374558,-0.849916308580632
unanimous,bukan,0,732,0.03158576051779935,-0.8504786050814077
unanimous,atasan,0,24,0.001035598705501618,-0.850788240155792
unanimous,berdua,0,24,0.001035598705501618,-0.850788240155792
unanimous,berkah,0,24,0.001035598705501618,-0.850788240155792
unanimous,dituduh,0,24,0.001035598705501618,-0.850788240155792
unanimous,harta,0,24,0.001035598705501618,-0.850788240155792
unanimous,injil,0,24,0.001035598705501618,-0.850788240155792
unanimous,kesejahteraan,0,24,0.001035598705501618,-0.850788240155792
unanimous,reporter,0,24,0.001035598705501618,-0.850788240155792
unanimous,sapi,0,24,0.001035598705501618,-0.850788240155792
unanimous,ك,0,24,0.001035598705501618,-0.850788240155792
unanimous,dengar,0,31,0.00133764832793959,-0.8511940535451673
unanimous,enggak,0,31,0.00133764832793959,-0.8511940535451673
unanimous,org2,0,31,0.00133764832793959,-0.8511940535451673
unanimous,sibuk,0,31,0.00133764832793959,-0.8511940535451673
unanimous,faktanya,0,45,0.001941747572815534,-0.8520069123300487
unanimous,janji,0,52,0.002243797195253506,-0.8524139590402042
unanimous,ekspor,1,1,0.0007067137809187279,-0.8524627886479083
unanimous,mengucapkan,1,1,0.0007067137809187279,-0.8524627886479083
unanimous,musim,1,1,0.0007067137809187279,-0.8524627886479083
unanimous,pidie,1,1,0.0007067137809187279,-0.8524627886479083
unanimous,puan,1,1,0.0007067137809187279,-0.8524627886479083
unanimous,bersama,1,13,0.009187279151943463,-0.8561051262579741
unanimous,gitu,0,157,0.006774541531823085,-0.8585695234457046
unanimous,relawan,1,2,0.0014134275618374558,-0.8603763969952202
unanimous,laut,1,6,0.004240282685512367,-0.8626419470398518
unanimous,20,1,11,0.0077738515901060075,-0.8636287577243791
unanimous,mengapa,0,86,0.003710895361380798,-0.8659930822867236
unanimous,sumpah,0,79,0.0034088457389428264,-0.8665897370434096
unanimous,gedung,1,4,0.0028268551236749115,-0.8669408823837224
unanimous,gak,0,601,0.025933117583603022,-0.867839823340073
unanimous,bella,1,1,0.0007067137809187279,-0.8697478514194745
unanimous,dikirim,1,1,0.0007067137809187279,-0.8697478514194745
unanimous,gampong,1,1,0.0007067137809187279,-0.8697478514194745
unanimous,kualitas,1,1,0.0007067137809187279,-0.8697478514194745
unanimous,musik,1,1,0.0007067137809187279,-0.8697478514194745
unanimous,perairan,1,1,0.0007067137809187279,-0.8697478514194745
unanimous,periode,1,1,0.0007067137809187279,-0.8697478514194745
unanimous,aamiin,0,58,0.0025026968716289105,-0.8698142346964082
unanimous,45,1,2,0.0014134275618374558,-0.8707290960877726
unanimous,download,1,2,0.0014134275618374558,-0.8707290960877726
unanimous,panjang,1,2,0.0014134275618374558,-0.8707290960877726
unanimous,melainkan,0,51,0.0022006472491909383,-0.8716885660814009
unanimous,hubungan,1,4,0.0028268551236749115,-0.8726986600177604
unanimous,sekalian,0,44,0.0018985976267529665,-0.8742732811410505
unanimous,1,1,46,0.03250883392226148,-0.8743548553849428
unanimous,merupakan,1,11,0.0077738515901060075,-0.8773912263019384
unanimous,ber,0,37,0.0015965480043149947,-0.8779608046489552
unanimous,hutan,0,37,0.0015965480043149947,-0.8779608046489552
unanimous,rela,0,37,0.0015965480043149947,-0.8779608046489552
unanimous,sekutu,0,37,0.0015965480043149947,-0.8779608046489552
unanimous,luka,1,3,0.0021201413427561835,-0.8790554031080614
unanimous,bersih,1,2,0.0014134275618374558,-0.8809765975732265
unanimous,apakah,0,202,0.00871628910463862,-0.8812091684789481
unanimous,menyebut,1,5,0.0035335689045936395,-0.8830549124532744
unanimous,sifat,0,30,0.0012944983818770227,-0.8834981216393945
unanimous,tahan,0,30,0.0012944983818770227,-0.8834981216393945
unanimous,kalangan,0,64,0.002761596548004315,-0.8838525550035983
unanimous,zaman,0,64,0.002761596548004315,-0.8838525550035983
unanimous,masyarakat,1,15,0.01060070671378092,-0.8854001109010667
unanimous,harga,1,9,0.0063604240282685515,-0.8858603758419747
unanimous,f,1,3,0.0021201413427561835,-0.8863452181745425
unanimous,viral,1,11,0.0077738515901060075,-0.8864660674287265
unanimous,diplomatik,1,1,0.0007067137809187279,-0.8867406679414995
unanimous,kiai,1,1,0.0007067137809187279,-0.8867406679414995
unanimous,pengiriman,1,1,0.0007067137809187279,-0.8867406679414995
unanimous,tampak,1,1,0.0007067137809187279,-0.8867406679414995
unanimous,imam,0,91,0.003926645091693636,-0.8872557513865982
unanimous,kejahatan,0,152,0.006558791801510248,-0.8910475786624776
unanimous,ditembak,0,23,0.0009924487594390506,-0.8925041293690826
unanimous,gaza_genocide,0,23,0.0009924487594390506,-0.8925041293690826
unanimous,melayu,0,23,0.0009924487594390506,-0.8925041293690826
unanimous,murid,0,23,0.0009924487594390506,-0.8925041293690826
unanimous,rasul,0,23,0.0009924487594390506,-0.8925041293690826
unanimous,belajar,1,3,0.0021201413427561835,-0.8935829022384937
unanimous,utara,1,8,0.005653710247349823,-0.8948667194725528
unanimous,selamat,1,18,0.012720848056537103,-0.8953043961972197
unanimous,irak,0,43,0.001855447680690399,-0.8970447623759711
unanimous,baca,1,12,0.008480565371024734,-0.8973023018096631
unanimous,melalui,1,11,0.0077738515901060075,-0.8999316463618334
unanimous,paham,0,110,0.004746494066882417,-0.9005678246170766
unanimous,o,1,3,0.0021201413427561835,-0.9007692000651711
unanimous,mengungkapkan,1,2,0.0014134275618374558,-0.9011644451499529
unanimous,menyerukan,1,2,0.0014134275618374558,-0.9011644451499529
unanimous,persen,1,2,0.0014134275618374558,-0.9011644451499529
unanimous,hasan,1,1,0.0007067137809187279,-0.9034509805063164
unanimous,jazeera,1,1,0.0007067137809187279,-0.9034509805063164
unanimous,positif,1,1,0.0007067137809187279,-0.9034509805063164
unanimous,retno,1,1,0.0007067137809187279,-0.9034509805063164
unanimous,sc,1,1,0.0007067137809187279,-0.9034509805063164
unanimous,berlindung,0,36,0.0015533980582524273,-0.9050326941162711
unanimous,keyakinan,0,36,0.0015533980582524273,-0.9050326941162711
unanimous,kuasa,0,36,0.0015533980582524273,-0.9050326941162711
unanimous,perasaan,0,36,0.0015533980582524273,-0.9050326941162711
unanimous,bayi,0,76,0.003279395900755124,-0.9051858992463989
unanimous,emg,0,76,0.003279395900755124,-0.9051858992463989
unanimous,unhcr,1,5,0.0035335689045936395,-0.9106528305023799
unanimous,juru,1,2,0.0014134275618374558,-0.9111088530774164
unanimous,support,0,49,0.0021143473570658035,-0.9113841887930493
unanimous,malah,0,284,0.012254584681769147,-0.9121742584276961
unanimous,padahal,0,249,0.010744336569579288,-0.9161795130575612
unanimous,barisan,0,29,0.0012513484358144553,-0.916877745916325
unanimous,gamau,0,29,0.0012513484358144553,-0.916877745916325
unanimous,suruh,0,29,0.0012513484358144553,-0.916877745916325
unanimous,ye,0,29,0.0012513484358144553,-0.916877745916325
unanimous,umat,0,337,0.014541531823085221,-0.9173348724125764
unanimous,147,1,0,0.0,-0.9188225589662564
unanimous,2004,1,0,0.0,-0.9188225589662564
unanimous,240,1,0,0.0,-0.9188225589662564
unanimous,93,1,0,0.0,-0.9188225589662564
unanimous,abadi,1,0,0.0,-0.9188225589662564
unanimous,ag22,1,0,0.0,-0.9188225589662564
unanimous,agency,1,0,0.0,-0.9188225589662564
unanimous,aji,1,0,0.0,-0.9188225589662564
unanimous,ananda,1,0,0.0,-0.9188225589662564
unanimous,angkasa,1,0,0.0,-0.9188225589662564
unanimous,arahan,1,0,0.0,-0.9188225589662564
unanimous,ardi,1,0,0.0,-0.9188225589662564
unanimous,badmintalkasiangames2022,1,0,0.0,-0.9188225589662564
unanimous,beauty,1,0,0.0,-0.9188225589662564
unanimous,berkas,1,0,0.0,-0.9188225589662564
unanimous,bersifat,1,0,0.0,-0.9188225589662564
unanimous,betah,1,0,0.0,-0.9188225589662564
unanimous,bocil,1,0,0.0,-0.9188225589662564
unanimous,bungkus,1,0,0.0,-0.9188225589662564
unanimous,buset,1,0,0.0,-0.9188225589662564
unanimous,cirebon,1,0,0.0,-0.9188225589662564
unanimous,dejan,1,0,0.0,-0.9188225589662564
unanimous,diadakan,1,0,0.0,-0.9188225589662564
unanimous,diberitakan,1,0,0.0,-0.9188225589662564
unanimous,didapat,1,0,0.0,-0.9188225589662564
unanimous,dipastikan,1,0,0.0,-0.9188225589662564
unanimous,disiarkan,1,0,0.0,-0.9188225589662564
unanimous,donat,1,0,0.0,-0.9188225589662564
unanimous,dorong,1,0,0.0,-0.9188225589662564
unanimous,drakor,1,0,0.0,-0.9188225589662564
unanimous,elektabilitas,1,0,0.0,-0.9188225589662564
unanimous,en,1,0,0.0,-0.9188225589662564
unanimous,friends,1,0,0.0,-0.9188225589662564
unanimous,fun,1,0,0.0,-0.9188225589662564
unanimous,fypシ,1,0,0.0,-0.9188225589662564
unanimous,ganjarpresiden2024,1,0,0.0,-0.9188225589662564
unanimous,gnfi,1,0,0.0,-0.9188225589662564
unanimous,goal,1,0,0.0,-0.9188225589662564
unanimous,graduate,1,0,0.0,-0.9188225589662564
unanimous,guyss,1,0,0.0,-0.9188225589662564
unanimous,hardnews_viral,1,0,0.0,-0.9188225589662564
unanimous,hd,1,0,0.0,-0.9188225589662564
unanimous,idi,1,0,0.0,-0.9188225589662564
unanimous,idr,1,0,0.0,-0.9188225589662564
unanimous,iri,1,0,0.0,-0.9188225589662564
unanimous,istirahat,1,0,0.0,-0.9188225589662564
unanimous,istrinya,1,0,0.0,-0.9188225589662564
unanimous,jongdae,1,0,0.0,-0.9188225589662564
unanimous,jun,1,0,0.0,-0.9188225589662564
unanimous,kapolda,1,0,0.0,-0.9188225589662564
unanimous,katadatacoid,1,0,0.0,-0.9188225589662564
unanimous,kegagalan,1,0,0.0,-0.9188225589662564
unanimous,kejadiannya,1,0,0.0,-0.9188225589662564
unanimous,kepastian,1,0,0.0,-0.9188225589662564
unanimous,kolonel,1,0,0.0,-0.9188225589662564
unanimous,komisioner,1,0,0.0,-0.9188225589662564
unanimous,liu,1,0,0.0,-0.9188225589662564
unanimous,london,1,0,0.0,-0.9188225589662564
unanimous,madrid,1,0,0.0,-0.9188225589662564
unanimous,magang,1,0,0.0,-0.9188225589662564
unanimous,mar,1,0,0.0,-0.9188225589662564
unanimous,megumi,1,0,0.0,-0.9188225589662564
unanimous,melintasi,1,0,0.0,-0.9188225589662564
unanimous,mendengarkan,1,0,0.0,-0.9188225589662564
unanimous,menemui,1,0,0.0,-0.9188225589662564
unanimous,mengganti,1,0,0.0,-0.9188225589662564
unanimous,menyumbangkan,1,0,0.0,-0.9188225589662564
unanimous,merespon,1,0,0.0,-0.9188225589662564
unanimous,miliki,1,0,0.0,-0.9188225589662564
unanimous,miss,1,0,0.0,-0.9188225589662564
unanimous,mv,1,0,0.0,-0.9188225589662564
unanimous,niam,1,0,0.0,-0.9188225589662564
unanimous,nikel,1,0,0.0,-0.9188225589662564
unanimous,nova,1,0,0.0,-0.9188225589662564
unanimous,obatan,1,0,0.0,-0.9188225589662564
unanimous,oppo,1,0,0.0,-0.9188225589662564
unanimous,pc,1,0,0.0,-0.9188225589662564
unanimous,pelatih,1,0,0.0,-0.9188225589662564
unanimous,pembinaan,1,0,0.0,-0.9188225589662564
unanimous,pengukuhan,1,0,0.0,-0.9188225589662564
unanimous,petrus,1,0,0.0,-0.9188225589662564
unanimous,posted,1,0,0.0,-0.9188225589662564
unanimous,potongan,1,0,0.0,-0.9188225589662564
unanimous,profil,1,0,0.0,-0.9188225589662564
unanimous,protection,1,0,0.0,-0.9188225589662564
unanimous,pulsa,1,0,0.0,-0.9188225589662564
unanimous,raksasa,1,0,0.0,-0.9188225589662564
unanimous,recep,1,0,0.0,-0.9188225589662564
unanimous,reza,1,0,0.0,-0.9188225589662564
unanimous,roy,1,0,0.0,-0.9188225589662564
unanimous,s23,1,0,0.0,-0.9188225589662564
unanimous,sakti,1,0,0.0,-0.9188225589662564
unanimous,senja,1,0,0.0,-0.9188225589662564
unanimous,sepeda,1,0,0.0,-0.9188225589662564
unanimous,shopeeid,1,0,0.0,-0.9188225589662564
unanimous,studio,1,0,0.0,-0.9188225589662564
unanimous,style,1,0,0.0,-0.9188225589662564
unanimous,syailendra,1,0,0.0,-0.9188225589662564
unanimous,tawaran,1,0,0.0,-0.9188225589662564
unanimous,tayyip,1,0,0.0,-0.9188225589662564
unanimous,tbtb,1,0,0.0,-0.9188225589662564
unanimous,ten,1,0,0.0,-0.9188225589662564
unanimous,terhenti,1,0,0.0,-0.9188225589662564
unanimous,terjebak,1,0,0.0,-0.9188225589662564
unanimous,thomas,1,0,0.0,-0.9188225589662564
unanimous,togelsingapore,1,0,0.0,-0.9188225589662564
unanimous,tsunami,1,0,0.0,-0.9188225589662564
unanimous,tulus,1,0,0.0,-0.9188225589662564
unanimous,turis,1,0,0.0,-0.9188225589662564
unanimous,ulamankridukungganjar,1,0,0.0,-0.9188225589662564
unanimous,utm_medium,1,0,0.0,-0.9188225589662564
unanimous,viralvideos,1,0,0.0,-0.9188225589662564
unanimous,wayan,1,0,0.0,-0.9188225589662564
unanimous,weh,1,0,0.0,-0.9188225589662564
unanimous,wo,1,0,0.0,-0.9188225589662564
unanimous,wr,1,0,0.0,-0.9188225589662564
unanimous,yo,1,0,0.0,-0.9188225589662564
unanimous,zakat,1,0,0.0,-0.9188225589662564
unanimous,zheng,1,0,0.0,-0.9188225589662564
unanimous,ταιρει,1,0,0.0,-0.9188225589662564
unanimous,belakangan,1,1,0.0007067137809187279,-0.9198880522331137
unanimous,biru,1,1,0.0007067137809187279,-0.9198880522331137
unanimous,jl,1,1,0.0007067137809187279,-0.9198880522331137
unanimous,berani,0,141,0.0060841423948220065,-0.9202103820178039
unanimous,bilang,0,174,0.007508090614886731,-0.9218354523431657
unanimous,hoax,0,68,0.0029341963322545845,-0.9243056406876442
unanimous,pilih,0,81,0.003495145631067961,-0.9257510011821198
unanimous,org,0,253,0.010916936353829558,-0.9271431171594869
unanimous,meskipun,1,3,0.0021201413427561835,-0.929014878948056
unanimous,kehidupan,1,2,0.0014134275618374558,-0.9307083468251819
unanimous,mendarat,1,2,0.0014134275618374558,-0.9307083468251819
unanimous,kenyataan,0,35,0.0015102481121898597,-0.9328554734351081
unanimous,tsb,0,35,0.0015102481121898597,-0.9328554734351081
unanimous,jadinya,0,22,0.0009492988133764832,-0.9360324322560056
unanimous,lbh,0,22,0.0009492988133764832,-0.9360324322560056
unanimous,stand,0,22,0.0009492988133764832,-0.9360324322560056
unanimous,2019,1,1,0.0007067137809187279,-0.9360606979857955
unanimous,dilaksanakan,1,1,0.0007067137809187279,-0.9360606979857955
unanimous,massa,1,1,0.0007067137809187279,-0.9360606979857955
unanimous,nana,1,1,0.0007067137809187279,-0.9360606979857955
unanimous,smp,1,1,0.0007067137809187279,-0.9360606979857955
unanimous,web,1,1,0.0007067137809187279,-0.9360606979857955
unanimous,memberikan,1,10,0.007067137809187279,-0.9366742297074885
unanimous,ingat,0,54,0.002330097087378641,-0.9408133013877299
unanimous,vs,1,8,0.005653710247349823,-0.9447541894197332
unanimous,lainnya,1,12,0.008480565371024734,-0.9476277125078271
unanimous,tahu,0,189,0.008155339805825243,-0.9481257398305933
unanimous,miliar,1,2,0.0014134275618374558,-0.9499343740740543
unanimous,asli,0,111,0.004789644012944984,-0.9510706952773351
unanimous,entah,0,28,0.0012081984897518879,-0.9514071241303274
unanimous,kajian,0,28,0.0012081984897518879,-0.9514071241303274
unanimous,masi,0,28,0.0012081984897518879,-0.9514071241303274
unanimous,menyebar,0,28,0.0012081984897518879,-0.9514071241303274
unanimous,modern,0,28,0.0012081984897518879,-0.9514071241303274
unanimous,tawanan,0,28,0.0012081984897518879,-0.9514071241303274
unanimous,impor,1,1,0.0007067137809187279,-0.9519773128367232
unanimous,komisi,1,1,0.0007067137809187279,-0.9519773128367232
unanimous,laga,1,1,0.0007067137809187279,-0.9519773128367232
unanimous,momen,1,1,0.0007067137809187279,-0.9519773128367232
unanimous,kota,1,14,0.009893992932862191,-0.9528052613044186
unanimous,usir,0,66,0.0028478964401294497,-0.9540239865338945
unanimous,pembantaian,0,85,0.003667745415318231,-0.9553382286147483
unanimous,02,1,2,0.0014134275618374558,-0.9594117526446543
unanimous,empat,1,2,0.0014134275618374558,-0.9594117526446543
unanimous,konsep,0,34,0.0014670981661272923,-0.9614720592234515
unanimous,benjamin,1,3,0.0021201413427561835,-0.9632488817746032
unanimous,merah,1,3,0.0021201413427561835,-0.9632488817746032
unanimous,bumi,0,116,0.005005393743257821,-0.9632723650700334
unanimous,mk,0,116,0.005005393743257821,-0.9632723650700334
unanimous,ngga,0,59,0.002545846817691478,-0.9647577853685415
unanimous,sumber,1,12,0.008480565371024734,-0.9651683229505539
unanimous,140,1,0,0.0,-0.9664937951721015
unanimous,160,1,0,0.0,-0.9664937951721015
unanimous,170,1,0,0.0,-0.9664937951721015
unanimous,afc,1,0,0.0,-0.9664937951721015
unanimous,afghanistan,1,0,0.0,-0.9664937951721015
unanimous,akademisi,1,0,0.0,-0.9664937951721015
unanimous,anna,1,0,0.0,-0.9664937951721015
unanimous,antaranewscom,1,0,0.0,-0.9664937951721015
unanimous,anton,1,0,0.0,-0.9664937951721015
unanimous,aspirasi,1,0,0.0,-0.9664937951721015
unanimous,banten,1,0,0.0,-0.9664937951721015
unanimous,belt,1,0,0.0,-0.9664937951721015
unanimous,berlayar,1,0,0.0,-0.9664937951721015
unanimous,berpendapat,1,0,0.0,-0.9664937951721015
unanimous,bolivia,1,0,0.0,-0.9664937951721015
unanimous,boru,1,0,0.0,-0.9664937951721015
unanimous,boss,1,0,0.0,-0.9664937951721015
unanimous,brunei,1,0,0.0,-0.9664937951721015
unanimous,cabut,1,0,0.0,-0.9664937951721015
unanimous,case,1,0,0.0,-0.9664937951721015
unanimous,cetak,1,0,0.0,-0.9664937951721015
unanimous,cny,1,0,0.0,-0.9664937951721015
unanimous,commerce,1,0,0.0,-0.9664937951721015
unanimous,cuaca,1,0,0.0,-0.9664937951721015
unanimous,dikelola,1,0,0.0,-0.9664937951721015
unanimous,direktorat,1,0,0.0,-0.9664937951721015
unanimous,disney,1,0,0.0,-0.9664937951721015
unanimous,domisili,1,0,0.0,-0.9664937951721015
unanimous,durian,1,0,0.0,-0.9664937951721015
unanimous,elite,1,0,0.0,-0.9664937951721015
unanimous,erupsi,1,0,0.0,-0.9664937951721015
unanimous,fair,1,0,0.0,-0.9664937951721015
unanimous,gading,1,0,0.0,-0.9664937951721015
unanimous,garuda,1,0,0.0,-0.9664937951721015
unanimous,gea,1,0,0.0,-0.9664937951721015
unanimous,here,1,0,0.0,-0.9664937951721015
unanimous,hijrah,1,0,0.0,-0.9664937951721015
unanimous,hiring,1,0,0.0,-0.9664937951721015
unanimous,ho,1,0,0.0,-0.9664937951721015
unanimous,hot,1,0,0.0,-0.9664937951721015
unanimous,imlek,1,0,0.0,-0.9664937951721015
unanimous,inforesult,1,0,0.0,-0.9664937951721015
unanimous,inisiatif,1,0,0.0,-0.9664937951721015
unanimous,instastory,1,0,0.0,-0.9664937951721015
unanimous,intan,1,0,0.0,-0.9664937951721015
unanimous,juni,1,0,0.0,-0.9664937951721015
unanimous,just,1,0,0.0,-0.9664937951721015
unanimous,kaka,1,0,0.0,-0.9664937951721015
unanimous,keberangkatan,1,0,0.0,-0.9664937951721015
unanimous,kebetulan,1,0,0.0,-0.9664937951721015
unanimous,kekayaan,1,0,0.0,-0.9664937951721015
unanimous,kemanusian,1,0,0.0,-0.9664937951721015
unanimous,kemlu,1,0,0.0,-0.9664937951721015
unanimous,kerasa,1,0,0.0,-0.9664937951721015
unanimous,koleksi,1,0,0.0,-0.9664937951721015
unanimous,lipat,1,0,0.0,-0.9664937951721015
unanimous,long,1,0,0.0,-0.9664937951721015
unanimous,melebihi,1,0,0.0,-0.9664937951721015
unanimous,memandang,1,0,0.0,-0.9664937951721015
unanimous,mendampingi,1,0,0.0,-0.9664937951721015
unanimous,menerbitkan,1,0,0.0,-0.9664937951721015
unanimous,mengisi,1,0,0.0,-0.9664937951721015
unanimous,mengusulkan,1,0,0.0,-0.9664937951721015
unanimous,menkopolhukam,1,0,0.0,-0.9664937951721015
unanimous,menyikapi,1,0,0.0,-0.9664937951721015
unanimous,mode,1,0,0.0,-0.9664937951721015
unanimous,nestle,1,0,0.0,-0.9664937951721015
unanimous,ngamuk,1,0,0.0,-0.9664937951721015
unanimous,ngaruh,1,0,0.0,-0.9664937951721015
unanimous,offline,1,0,0.0,-0.9664937951721015
unanimous,okezone,1,0,0.0,-0.9664937951721015
unanimous,pasuruan,1,0,0.0,-0.9664937951721015
unanimous,peluncuran,1,0,0.0,-0.9664937951721015
unanimous,pembuatan,1,0,0.0,-0.9664937951721015
unanimous,pemulihan,1,0,0.0,-0.9664937951721015
unanimous,penerbangan,1,0,0.0,-0.9664937951721015
unanimous,penyelenggaraan,1,0,0.0,-0.9664937951721015
unanimous,pgsoft,1,0,0.0,-0.9664937951721015
unanimous,pratiwi,1,0,0.0,-0.9664937951721015
unanimous,ps,1,0,0.0,-0.9664937951721015
unanimous,raihan,1,0,0.0,-0.9664937951721015
unanimous,ram,1,0,0.0,-0.9664937951721015
unanimous,ramah,1,0,0.0,-0.9664937951721015
unanimous,research,1,0,0.0,-0.9664937951721015
unanimous,rudi,1,0,0.0,-0.9664937951721015
unanimous,samuel,1,0,0.0,-0.9664937951721015
unanimous,san,1,0,0.0,-0.9664937951721015
unanimous,satelit,1,0,0.0,-0.9664937951721015
unanimous,scan,1,0,0.0,-0.9664937951721015
unanimous,sejarahnya,1,0,0.0,-0.9664937951721015
unanimous,semi,1,0,0.0,-0.9664937951721015
unanimous,seni,1,0,0.0,-0.9664937951721015
unanimous,seniman,1,0,0.0,-0.9664937951721015
unanimous,serangkaian,1,0,0.0,-0.9664937951721015
unanimous,shenzhen,1,0,0.0,-0.9664937951721015
unanimous,sinaga,1,0,0.0,-0.9664937951721015
unanimous,suga,1,0,0.0,-0.9664937951721015
unanimous,suhu,1,0,0.0,-0.9664937951721015
unanimous,svt,1,0,0.0,-0.9664937951721015
unanimous,taufanalaqsa,1,0,0.0,-0.9664937951721015
unanimous,tegasnya,1,0,0.0,-0.9664937951721015
unanimous,terasa,1,0,0.0,-0.9664937951721015
unanimous,tipis,1,0,0.0,-0.9664937951721015
unanimous,togelchinapools,1,0,0.0,-0.9664937951721015
unanimous,transisi,1,0,0.0,-0.9664937951721015
unanimous,uin,1,0,0.0,-0.9664937951721015
unanimous,urutan,1,0,0.0,-0.9664937951721015
unanimous,videoberita,1,0,0.0,-0.9664937951721015
unanimous,welcome,1,0,0.0,-0.9664937951721015
unanimous,wes,1,0,0.0,-0.9664937951721015
unanimous,westandwithpalestine,1,0,0.0,-0.9664937951721015
unanimous,won,1,0,0.0,-0.9664937951721015
unanimous,woy,1,0,0.0,-0.9664937951721015
unanimous,wts,1,0,0.0,-0.9664937951721015
unanimous,xd,1,0,0.0,-0.9664937951721015
unanimous,bola,1,1,0.0007067137809187279,-0.9676458983064427
unanimous,gal,1,1,0.0007067137809187279,-0.9676458983064427
unanimous,line,1,1,0.0007067137809187279,-0.9676458983064427
unanimous,memenuhi,1,1,0.0007067137809187279,-0.9676458983064427
unanimous,pos,1,1,0.0007067137809187279,-0.9676458983064427
unanimous,ta,1,1,0.0007067137809187279,-0.9676458983064427
unanimous,fans,0,40,0.001725997842502697,-0.9686334056182614
unanimous,ganjarpranowo,1,2,0.0014134275618374558,-0.9688009632791195
unanimous,pertempuran,1,2,0.0014134275618374558,-0.9688009632791195
unanimous,selesai,1,2,0.0014134275618374558,-0.9688009632791195
unanimous,gencatan,1,3,0.0021201413427561835,-0.9699590022998281
unanimous,manusia,0,326,0.014066882416396979,-0.971293033049677
unanimous,banyaknya,0,46,0.0019848975188781013,-0.974034258676675
unanimous,kekejaman,0,77,0.0033225458468176916,-0.9762492714835942
unanimous,dikutip,1,4,0.0028268551236749115,-0.976318190551853
unanimous,odgj,1,5,0.0035335689045936395,-0.9765470611014602
unanimous,ratusan,1,5,0.0035335689045936395,-0.9765470611014602
unanimous,my,1,2,0.0014134275618374558,-0.9781036387872932
unanimous,bangett,0,21,0.0009061488673139158,-0.98153799541457
unanimous,influencer,0,21,0.0009061488673139158,-0.98153799541457
unanimous,kudu,0,21,0.0009061488673139158,-0.98153799541457
unanimous,menyebarkan,0,21,0.0009061488673139158,-0.98153799541457
unanimous,cuman,0,58,0.0025026968716289105,-0.9817506018905664
unanimous,sungguh,0,58,0.0025026968716289105,-0.9817506018905664
unanimous,37,1,1,0.0007067137809187279,-0.9830740865847243
unanimous,event,1,1,0.0007067137809187279,-0.9830740865847243
unanimous,kakak,1,1,0.0007067137809187279,-0.9830740865847243
unanimous,makassar,1,1,0.0007067137809187279,-0.9830740865847243
unanimous,october,1,1,0.0007067137809187279,-0.9830740865847243
unanimous,berlangsung,1,4,0.0028268551236749115,-0.9866354891110277
unanimous,upaya,1,4,0.0028268551236749115,-0.9866354891110277
unanimous,alquran,0,27,0.0011650485436893205,-0.9871684070088951
unanimous,cok,0,27,0.0011650485436893205,-0.9871684070088951
unanimous,hatinya,0,27,0.0011650485436893205,-0.9871684070088951
unanimous,hr,0,27,0.0011650485436893205,-0.9871684070088951
unanimous,sholat,0,27,0.0011650485436893205,-0.9871684070088951
unanimous,wafat,0,27,0.0011650485436893205,-0.9871684070088951
unanimous,ر,0,27,0.0011650485436893205,-0.9871684070088951
unanimous,sebelumnya,1,6,0.004240282685512367,-0.9878356318384954
unanimous,muslim,0,314,0.01354908306364617,-0.9889228712210733
unanimous,bin,0,113,0.0048759439050701184,-0.9894908909164505
unanimous,lgbt,0,244,0.010528586839266451,-0.9900528286068269
unanimous,beribadah,0,33,0.0014239482200647249,-0.9909291559067197
unanimous,alkitab,0,39,0.0016828478964401295,-0.9936779305069496
unanimous,belah,0,39,0.0016828478964401295,-0.9936779305069496
unanimous,surga,0,39,0.0016828478964401295,-0.9936779305069496
unanimous,allahu,0,45,0.001941747572815534,-0.9958174792084619
unanimous,tante,0,45,0.001941747572815534,-0.9958174792084619
unanimous,memakai,0,51,0.0022006472491909383,-0.9975619363379886
unanimous,quran,0,51,0.0022006472491909383,-0.9975619363379886
unanimous,australia,1,1,0.0007067137809187279,-0.9982691629164538
unanimous,gacor,1,1,0.0007067137809187279,-0.9982691629164538
unanimous,ii,1,1,0.0007067137809187279,-0.9982691629164538
unanimous,penulis,1,1,0.0007067137809187279,-0.9982691629164538
unanimous,rangka,1,1,0.0007067137809187279,-0.9982691629164538
unanimous,tiket,1,1,0.0007067137809187279,-0.9982691629164538
unanimous,truncated,0,63,0.0027184466019417475,-1.0003158366136256
unanimous,mulu,0,69,0.002977346278317152,-1.0014528784640164
unanimous,15,1,11,0.0077738515901060075,-1.0018178507972042
unanimous,26,1,3,0.0021201413427561835,-1.0028588238612577
unanimous,2,1,34,0.02402826855123675,-1.0030741568910255
unanimous,8,1,12,0.008480565371024734,-1.0031274606243274
unanimous,0821,1,0,0.0,-1.011999358330666
unanimous,130,1,0,0.0,-1.011999358330666
unanimous,2010,1,0,0.0,-1.011999358330666
unanimous,ahyeon,1,0,0.0,-1.011999358330666
unanimous,anto,1,0,0.0,-1.011999358330666
unanimous,arus,1,0,0.0,-1.011999358330666
unanimous,audio,1,0,0.0,-1.011999358330666
unanimous,aula,1,0,0.0,-1.011999358330666
unanimous,balee,1,0,0.0,-1.011999358330666
unanimous,bayangin,1,0,0.0,-1.011999358330666
unanimous,berdatangan,1,0,0.0,-1.011999358330666
unanimous,bertugas,1,0,0.0,-1.011999358330666
unanimous,bocor,1,0,0.0,-1.011999358330666
unanimous,bronze,1,0,0.0,-1.011999358330666
unanimous,class,1,0,0.0,-1.011999358330666
unanimous,club,1,0,0.0,-1.011999358330666
unanimous,diperiksa,1,0,0.0,-1.011999358330666
unanimous,dirumah,1,0,0.0,-1.011999358330666
unanimous,disabilitas,1,0,0.0,-1.011999358330666
unanimous,disinformasi,1,0,0.0,-1.011999358330666
unanimous,dokumentasi,1,0,0.0,-1.011999358330666
unanimous,eka,1,0,0.0,-1.011999358330666
unanimous,friday,1,0,0.0,-1.011999358330666
unanimous,galaxy,1,0,0.0,-1.011999358330666
unanimous,goodstats,1,0,0.0,-1.011999358330666
unanimous,haji,1,0,0.0,-1.011999358330666
unanimous,he,1,0,0.0,-1.011999358330666
unanimous,hi,1,0,0.0,-1.011999358330666
unanimous,hyung,1,0,0.0,-1.011999358330666
unanimous,idntimesworldnews,1,0,0.0,-1.011999358330666
unanimous,ilham,1,0,0.0,-1.011999358330666
unanimous,indozone,1,0,0.0,-1.011999358330666
unanimous,jawaposcom,1,0,0.0,-1.011999358330666
unanimous,jawapostv,1,0,0.0,-1.011999358330666
unanimous,jembatan,1,0,0.0,-1.011999358330666
unanimous,john,1,0,0.0,-1.011999358330666
unanimous,kebahagiaan,1,0,0.0,-1.011999358330666
unanimous,kedamaian,1,0,0.0,-1.011999358330666
unanimous,kompascom,1,0,0.0,-1.011999358330666
unanimous,koranjawapos,1,0,0.0,-1.011999358330666
unanimous,lay,1,0,0.0,-1.011999358330666
unanimous,lebar,1,0,0.0,-1.011999358330666
unanimous,lisa,1,0,0.0,-1.011999358330666
unanimous,lokerkarawang,1,0,0.0,-1.011999358330666
unanimous,lokersmk,1,0,0.0,-1.011999358330666
unanimous,luncurkan,1,0,0.0,-1.011999358330666
unanimous,makeup,1,0,0.0,-1.011999358330666
unanimous,masalahnya,1,0,0.0,-1.011999358330666
unanimous,may,1,0,0.0,-1.011999358330666
unanimous,mbah,1,0,0.0,-1.011999358330666
unanimous,melintas,1,0,0.0,-1.011999358330666
unanimous,membakar,1,0,0.0,-1.011999358330666
unanimous,memberkati,1,0,0.0,-1.011999358330666
unanimous,menara,1,0,0.0,-1.011999358330666
unanimous,menerimanya,1,0,0.0,-1.011999358330666
unanimous,menghadirkan,1,0,0.0,-1.011999358330666
unanimous,menghubungi,1,0,0.0,-1.011999358330666
unanimous,menyukai,1,0,0.0,-1.011999358330666
unanimous,merapat,1,0,0.0,-1.011999358330666
unanimous,mogok,1,0,0.0,-1.011999358330666
unanimous,mohammed,1,0,0.0,-1.011999358330666
unanimous,mongolia,1,0,0.0,-1.011999358330666
unanimous,nasution,1,0,0.0,-1.011999358330666
unanimous,nation,1,0,0.0,-1.011999358330666
unanimous,neng,1,0,0.0,-1.011999358330666
unanimous,nyatanya,1,0,0.0,-1.011999358330666
unanimous,paroki,1,0,0.0,-1.011999358330666
unanimous,patah,1,0,0.0,-1.011999358330666
unanimous,peace,1,0,0.0,-1.011999358330666
unanimous,perancis,1,0,0.0,-1.011999358330666
unanimous,perangkat,1,0,0.0,-1.011999358330666
unanimous,pontianak,1,0,0.0,-1.011999358330666
unanimous,potong,1,0,0.0,-1.011999358330666
unanimous,prinsip,1,0,0.0,-1.011999358330666
unanimous,q,1,0,0.0,-1.011999358330666
unanimous,ratih,1,0,0.0,-1.011999358330666
unanimous,republic,1,0,0.0,-1.011999358330666
unanimous,request,1,0,0.0,-1.011999358330666
unanimous,risiko,1,0,0.0,-1.011999358330666
unanimous,sananta,1,0,0.0,-1.011999358330666
unanimous,shesar,1,0,0.0,-1.011999358330666
unanimous,silva,1,0,0.0,-1.011999358330666
unanimous,sosialisasi,1,0,0.0,-1.011999358330666
unanimous,spotlight,1,0,0.0,-1.011999358330666
unanimous,stabil,1,0,0.0,-1.011999358330666
unanimous,statistik,1,0,0.0,-1.011999358330666
unanimous,ucapkan,1,0,0.0,-1.011999358330666
unanimous,ujaran,1,0,0.0,-1.011999358330666
unanimous,ukraine,1,0,0.0,-1.011999358330666
unanimous,universitassyiahkuala,1,0,0.0,-1.011999358330666
unanimous,usd,1,0,0.0,-1.011999358330666
unanimous,usulan,1,0,0.0,-1.011999358330666
unanimous,van,1,0,0.0,-1.011999358330666
unanimous,visa,1,0,0.0,-1.011999358330666
unanimous,wabah,1,0,0.0,-1.011999358330666
unanimous,wapres,1,0,0.0,-1.011999358330666
unanimous,yadi,1,0,0.0,-1.011999358330666
unanimous,aviv,1,1,0.0007067137809187279,-1.0132380863167445
unanimous,gelombang,1,1,0.0007067137809187279,-1.0132380863167445
unanimous,jinping,1,1,0.0007067137809187279,-1.0132380863167445
unanimous,permintaan,1,1,0.0007067137809187279,-1.0132380863167445
unanimous,poin,1,1,0.0007067137809187279,-1.0132380863167445
unanimous,ramai,1,1,0.0007067137809187279,-1.0132380863167445
unanimous,repost,1,1,0.0007067137809187279,-1.0132380863167445
unanimous,tema,1,1,0.0007067137809187279,-1.0132380863167445
unanimous,pekan,1,2,0.0014134275618374558,-1.0144801066275138
unanimous,bersatu,0,92,0.003969795037756203,-1.0159201402786744
unanimous,knp,0,68,0.0029341963322545845,-1.0159891626956592
unanimous,pintu,0,56,0.0024163969795037757,-1.0166232287790724
unanimous,diberi,0,50,0.002157497303128371,-1.0172136509696148
unanimous,kenapa,0,274,0.011823085221143474,-1.0187878388450418
unanimous,cacat,0,385,0.016612729234088457,-1.020887763620815
unanimous,dki,0,32,0.0013807982740021575,-1.0212777150118728
unanimous,ibunya,0,32,0.0013807982740021575,-1.0212777150118728
unanimous,imigran,0,261,0.011262135922330097,-1.0214626581424344
unanimous,menarik,1,4,0.0028268551236749115,-1.0219437284248798
unanimous,menewaskan,1,2,0.0014134275618374558,-1.0233730813980642
unanimous,story,1,2,0.0014134275618374558,-1.0233730813980642
unanimous,aqsha,0,26,0.001121898597626753,-1.0242528770995494
unanimous,kerjanya,0,26,0.001121898597626753,-1.0242528770995494
unanimous,nafsu,0,26,0.001121898597626753,-1.0242528770995494
unanimous,pantas,0,26,0.001121898597626753,-1.0242528770995494
unanimous,teguh,0,26,0.001121898597626753,-1.0242528770995494
unanimous,virus,0,26,0.001121898597626753,-1.0242528770995494
unanimous,yohanes,0,26,0.001121898597626753,-1.0242528770995494
unanimous,trus,0,91,0.003926645091693636,-1.0268331325641034
unanimous,ap,1,1,0.0007067137809187279,-1.0279875087627042
unanimous,do,1,1,0.0007067137809187279,-1.0279875087627042
unanimous,united,1,1,0.0007067137809187279,-1.0279875087627042
unanimous,aisyah,0,20,0.0008629989212513484,-1.029209231620415
unanimous,bak,0,20,0.0008629989212513484,-1.029209231620415
unanimous,dn,0,20,0.0008629989212513484,-1.029209231620415
unanimous,palestinewillbefree,0,20,0.0008629989212513484,-1.029209231620415
unanimous,petunjuk,0,20,0.0008629989212513484,-1.029209231620415
unanimous,produknya,0,20,0.0008629989212513484,-1.029209231620415
unanimous,rp,1,5,0.0035335689045936395,-1.034432941107419
unanimous,kebanyakan,0,55,0.0023732470334412083,-1.0345240987742415
unanimous,emas,1,3,0.0021201413427561835,-1.034724256117959
unanimous,menampung,1,2,0.0014134275618374558,-1.0409274990661357
unanimous,adanya,1,4,0.0028268551236749115,-1.0415831996057523
unanimous,etnis,1,5,0.0035335689045936395,-1.0424410213108077
unanimous,desak,1,1,0.0007067137809187279,-1.042523792994347
unanimous,jateng,1,1,0.0007067137809187279,-1.042523792994347
unanimous,kemungkinan,1,1,0.0007067137809187279,-1.042523792994347
unanimous,kopi,1,1,0.0007067137809187279,-1.042523792994347
unanimous,umum,1,6,0.004240282685512367,-1.0434370894437317
unanimous,sebaliknya,0,37,0.0015965480043149947,-1.0457241092000051
unanimous,keamanan,1,4,0.0028268551236749115,-1.0464344400105046
unanimous,meminta,1,6,0.004240282685512367,-1.0468141397994997
unanimous,berita,1,13,0.009187279151943463,-1.0484561012893818
unanimous,idf,0,112,0.0048327939590075515,-1.0517434188164458
unanimous,bersikap,0,31,0.00133764832793959,-1.0525734662588115
unanimous,menjajah,0,31,0.00133764832793959,-1.0525734662588115
unanimous,6,1,11,0.0077738515901060075,-1.0550443947503443
unanimous,aldi,1,0,0.0,-1.055527661217589
unanimous,andika,1,0,0.0,-1.055527661217589
unanimous,andy,1,0,0.0,-1.055527661217589
unanimous,armada,1,0,0.0,-1.055527661217589
unanimous,armando,1,0,0.0,-1.055527661217589
unanimous,asumsico,1,0,0.0,-1.055527661217589
unanimous,aulia,1,0,0.0,-1.055527661217589
unanimous,back,1,0,0.0,-1.055527661217589
unanimous,bakteri,1,0,0.0,-1.055527661217589
unanimous,bandar,1,0,0.0,-1.055527661217589
unanimous,basement,1,0,0.0,-1.055527661217589
unanimous,berjumlah,1,0,0.0,-1.055527661217589
unanimous,bimas,1,0,0.0,-1.055527661217589
unanimous,buntut,1,0,0.0,-1.055527661217589
unanimous,cabor,1,0,0.0,-1.055527661217589
unanimous,dede,1,0,0.0,-1.055527661217589
unanimous,denmark,1,0,0.0,-1.055527661217589
unanimous,deretan,1,0,0.0,-1.055527661217589
unanimous,dibikin,1,0,0.0,-1.055527661217589
unanimous,diluncurkan,1,0,0.0,-1.055527661217589
unanimous,ditinggal,1,0,0.0,-1.055527661217589
unanimous,emyu,1,0,0.0,-1.055527661217589
unanimous,fc,1,0,0.0,-1.055527661217589
unanimous,fitria,1,0,0.0,-1.055527661217589
unanimous,flash,1,0,0.0,-1.055527661217589
unanimous,gregoria,1,0,0.0,-1.055527661217589
unanimous,images,1,0,0.0,-1.055527661217589
unanimous,instalike,1,0,0.0,-1.055527661217589
unanimous,jhon,1,0,0.0,-1.055527661217589
unanimous,jojo,1,0,0.0,-1.055527661217589
unanimous,kab,1,0,0.0,-1.055527661217589
unanimous,kacamata,1,0,0.0,-1.055527661217589
unanimous,karawang,1,0,0.0,-1.055527661217589
unanimous,kategori,1,0,0.0,-1.055527661217589
unanimous,kebebasan,1,0,0.0,-1.055527661217589
unanimous,keluhan,1,0,0.0,-1.055527661217589
unanimous,kemiskinan,1,0,0.0,-1.055527661217589
unanimous,kuliner,1,0,0.0,-1.055527661217589
unanimous,kumparancom,1,0,0.0,-1.055527661217589
unanimous,lancarkan,1,0,0.0,-1.055527661217589
unanimous,leste,1,0,0.0,-1.055527661217589
unanimous,lok,1,0,0.0,-1.055527661217589
unanimous,marzuki,1,0,0.0,-1.055527661217589
unanimous,mengembangkan,1,0,0.0,-1.055527661217589
unanimous,mengizinkan,1,0,0.0,-1.055527661217589
unanimous,mengundang,1,0,0.0,-1.055527661217589
unanimous,menulis,1,0,0.0,-1.055527661217589
unanimous,merk,1,0,0.0,-1.055527661217589
unanimous,messi,1,0,0.0,-1.055527661217589
unanimous,middle,1,0,0.0,-1.055527661217589
unanimous,minuman,1,0,0.0,-1.055527661217589
unanimous,mula,1,0,0.0,-1.055527661217589
unanimous,multisportevent,1,0,0.0,-1.055527661217589
unanimous,mutiara,1,0,0.0,-1.055527661217589
unanimous,naufal,1,0,0.0,-1.055527661217589
unanimous,ng,1,0,0.0,-1.055527661217589
unanimous,npc,1,0,0.0,-1.055527661217589
unanimous,pahlawan,1,0,0.0,-1.055527661217589
unanimous,patung,1,0,0.0,-1.055527661217589
unanimous,pedas,1,0,0.0,-1.055527661217589
unanimous,pendemo,1,0,0.0,-1.055527661217589
unanimous,penerimaan,1,0,0.0,-1.055527661217589
unanimous,pengunjung,1,0,0.0,-1.055527661217589
unanimous,penjabat,1,0,0.0,-1.055527661217589
unanimous,person,1,0,0.0,-1.055527661217589
unanimous,pneumonia,1,0,0.0,-1.055527661217589
unanimous,point,1,0,0.0,-1.055527661217589
unanimous,pr,1,0,0.0,-1.055527661217589
unanimous,profesi,1,0,0.0,-1.055527661217589
unanimous,psi,1,0,0.0,-1.055527661217589
unanimous,putuskan,1,0,0.0,-1.055527661217589
unanimous,read,1,0,0.0,-1.055527661217589
unanimous,ridho,1,0,0.0,-1.055527661217589
unanimous,riski,1,0,0.0,-1.055527661217589
unanimous,satpol,1,0,0.0,-1.055527661217589
unanimous,semester,1,0,0.0,-1.055527661217589
unanimous,sender,1,0,0.0,-1.055527661217589
unanimous,seo,1,0,0.0,-1.055527661217589
unanimous,show,1,0,0.0,-1.055527661217589
unanimous,soon,1,0,0.0,-1.055527661217589
unanimous,stadium,1,0,0.0,-1.055527661217589
unanimous,strong,1,0,0.0,-1.055527661217589
unanimous,syariah,1,0,0.0,-1.055527661217589
unanimous,temuan,1,0,0.0,-1.055527661217589
unanimous,test,1,0,0.0,-1.055527661217589
unanimous,thanks,1,0,0.0,-1.055527661217589
unanimous,tulungagung,1,0,0.0,-1.055527661217589
unanimous,wawan,1,0,0.0,-1.055527661217589
unanimous,yong,1,0,0.0,-1.055527661217589
unanimous,pemerintah,1,12,0.008480565371024734,-1.055839738454847
unanimous,bersedia,1,1,0.0007067137809187279,-1.056853029043873
unanimous,urusan,1,1,0.0007067137809187279,-1.056853029043873
unanimous,ilegal,0,94,0.004056094929881337,-1.0576769472960088
unanimous,mending,0,48,0.002071197411003236,-1.0577096701844615
unanimous,keren,1,3,0.0021201413427561835,-1.0595146947777168
unanimous,pernyataan,1,4,0.0028268551236749115,-1.060851025142866
unanimous,asy,0,25,0.0010787486515641855,-1.0627623544716285
unanimous,dibanding,0,25,0.0010787486515641855,-1.0627623544716285
unanimous,memperingati,0,25,0.0010787486515641855,-1.0627623544716285
unanimous,د,0,25,0.0010787486515641855,-1.0627623544716285
unanimous,perbuatan,0,42,0.0018122977346278317,-1.0641554197072505
unanimous,the,1,10,0.007067137809187279,-1.0647979219114254
unanimous,mendapatkan,1,5,0.0035335689045936395,-1.0699854829231603
unanimous,dugaan,1,1,0.0007067137809187279,-1.0709810496007974
unanimous,enam,1,1,0.0007067137809187279,-1.0709810496007974
unanimous,from,1,1,0.0007067137809187279,-1.0709810496007974
unanimous,game,1,1,0.0007067137809187279,-1.0709810496007974
unanimous,ganteng,1,1,0.0007067137809187279,-1.0709810496007974
unanimous,japan,1,1,0.0007067137809187279,-1.0709810496007974
unanimous,obat,1,1,0.0007067137809187279,-1.0709810496007974
unanimous,olahraga,1,1,0.0007067137809187279,-1.0709810496007974
unanimous,golongan,0,36,0.0015533980582524273,-1.072795998667321
unanimous,ketiga,1,2,0.0014134275618374558,-1.0751468122979588
unanimous,menjelaskan,1,2,0.0014134275618374558,-1.0751468122979588
unanimous,roket,1,2,0.0014134275618374558,-1.0751468122979588
unanimous,serang,1,3,0.0021201413427561835,-1.077717853934076
unanimous,menghancurkan,0,92,0.003969795037756203,-1.0791547830046633
unanimous,duit,0,58,0.0025026968716289105,-1.0825452980308738
unanimous,admin,1,2,0.0014134275618374558,-1.0835235665149865
unanimous,kuliah,1,2,0.0014134275618374558,-1.0835235665149865
unanimous,play,1,2,0.0014134275618374558,-1.0835235665149865
unanimous,berdasarkan,1,3,0.0021201413427561835,-1.0837137156046326
unanimous,jam,1,8,0.005653710247349823,-1.0839109254063617
unanimous,anggap,0,30,0.0012944983818770227,-1.0848775343530388
unanimous,bumn,0,30,0.0012944983818770227,-1.0848775343530388
unanimous,ibnu,0,30,0.0012944983818770227,-1.0848775343530388
unanimous,kelak,0,30,0.0012944983818770227,-1.0848775343530388
unanimous,ب,0,30,0.0012944983818770227,-1.0848775343530388
unanimous,ن,0,30,0.0012944983818770227,-1.0848775343530388
unanimous,keberadaan,1,1,0.0007067137809187279,-1.0849134443099475
unanimous,gatau,0,41,0.0017691477885652643,-1.0880092948209634
unanimous,gazagenocide,0,41,0.0017691477885652643,-1.0880092948209634
unanimous,bulan,1,7,0.0049469964664310955,-1.0904880306581557
unanimous,23,1,9,0.0063604240282685515,-1.0968599594466566
unanimous,110,1,0,0.0,-1.0972435504308795
unanimous,91,1,0,0.0,-1.0972435504308795
unanimous,adek,1,0,0.0,-1.0972435504308795
unanimous,akbp,1,0,0.0,-1.0972435504308795
unanimous,atasi,1,0,0.0,-1.0972435504308795
unanimous,beregu,1,0,0.0,-1.0972435504308795
unanimous,berkomunikasi,1,0,0.0,-1.0972435504308795
unanimous,bilateral,1,0,0.0,-1.0972435504308795
unanimous,catat,1,0,0.0,-1.0972435504308795
unanimous,cedera,1,0,0.0,-1.0972435504308795
unanimous,chan,1,0,0.0,-1.0972435504308795
unanimous,commissioner,1,0,0.0,-1.0972435504308795
unanimous,dibagikan,1,0,0.0,-1.0972435504308795
unanimous,dihancurkan,1,0,0.0,-1.0972435504308795
unanimous,dimulainya,1,0,0.0,-1.0972435504308795
unanimous,diturunkan,1,0,0.0,-1.0972435504308795
unanimous,diumumkan,1,0,0.0,-1.0972435504308795
unanimous,edy,1,0,0.0,-1.0972435504308795
unanimous,efektif,1,0,0.0,-1.0972435504308795
unanimous,elektronik,1,0,0.0,-1.0972435504308795
unanimous,expo,1,0,0.0,-1.0972435504308795
unanimous,fadillah,1,0,0.0,-1.0972435504308795
unanimous,faktor,1,0,0.0,-1.0972435504308795
unanimous,fan,1,0,0.0,-1.0972435504308795
unanimous,fe,1,0,0.0,-1.0972435504308795
unanimous,iklan,1,0,0.0,-1.0972435504308795
unanimous,inabadminton,1,0,0.0,-1.0972435504308795
unanimous,infeksi,1,0,0.0,-1.0972435504308795
unanimous,institut,1,0,0.0,-1.0972435504308795
unanimous,jae,1,0,0.0,-1.0972435504308795
unanimous,jangka,1,0,0.0,-1.0972435504308795
unanimous,jong,1,0,0.0,-1.0972435504308795
unanimous,jordan,1,0,0.0,-1.0972435504308795
unanimous,kampongtoto,1,0,0.0,-1.0972435504308795
unanimous,kekhawatiran,1,0,0.0,-1.0972435504308795
unanimous,kerabat,1,0,0.0,-1.0972435504308795
unanimous,keuskupan,1,0,0.0,-1.0972435504308795
unanimous,konsultasi,1,0,0.0,-1.0972435504308795
unanimous,konvoi,1,0,0.0,-1.0972435504308795
unanimous,lampung,1,0,0.0,-1.0972435504308795
unanimous,legends,1,0,0.0,-1.0972435504308795
unanimous,logistik,1,0,0.0,-1.0972435504308795
unanimous,lokerbandung,1,0,0.0,-1.0972435504308795
unanimous,manapun,1,0,0.0,-1.0972435504308795
unanimous,menandatangani,1,0,0.0,-1.0972435504308795
unanimous,mengerahkan,1,0,0.0,-1.0972435504308795
unanimous,mengerti,1,0,0.0,-1.0972435504308795
unanimous,meningkatnya,1,0,0.0,-1.0972435504308795
unanimous,opung,1,0,0.0,-1.0972435504308795
unanimous,pbs,1,0,0.0,-1.0972435504308795
unanimous,pilihanku,1,0,0.0,-1.0972435504308795
unanimous,pmi,1,0,0.0,-1.0972435504308795
unanimous,prediksisgp,1,0,0.0,-1.0972435504308795
unanimous,qf,1,0,0.0,-1.0972435504308795
unanimous,rayuan,1,0,0.0,-1.0972435504308795
unanimous,resah,1,0,0.0,-1.0972435504308795
unanimous,road,1,0,0.0,-1.0972435504308795
unanimous,romo,1,0,0.0,-1.0972435504308795
unanimous,ruf,1,0,0.0,-1.0972435504308795
unanimous,satuan,1,0,0.0,-1.0972435504308795
unanimous,score,1,0,0.0,-1.0972435504308795
unanimous,segitu,1,0,0.0,-1.0972435504308795
unanimous,sepenuh,1,0,0.0,-1.0972435504308795
unanimous,shihab,1,0,0.0,-1.0972435504308795
unanimous,sugeng,1,0,0.0,-1.0972435504308795
unanimous,surakarta,1,0,0.0,-1.0972435504308795
unanimous,susu,1,0,0.0,-1.0972435504308795
unanimous,syukur,1,0,0.0,-1.0972435504308795
unanimous,tertua,1,0,0.0,-1.0972435504308795
unanimous,voc,1,0,0.0,-1.0972435504308795
unanimous,wahid,1,0,0.0,-1.0972435504308795
unanimous,wendy,1,0,0.0,-1.0972435504308795
unanimous,widya,1,0,0.0,-1.0972435504308795
unanimous,ybni,1,0,0.0,-1.0972435504308795
unanimous,yuan,1,0,0.0,-1.0972435504308795
unanimous,mengingatkan,1,1,0.0007067137809187279,-1.098655573090053
unanimous,meraih,1,1,0.0007067137809187279,-1.098655573090053
unanimous,tel,1,1,0.0007067137809187279,-1.098655573090053
unanimous,bener2,0,46,0.0019848975188781013,-1.099907628933263
unanimous,musuh,0,68,0.0029341963322545845,-1.1000830223770715
unanimous,diam,0,79,0.0034088457389428264,-1.1005296270401892
unanimous,niat,0,35,0.0015102481121898597,-1.100618777986158
unanimous,babak,1,3,0.0021201413427561835,-1.1014916331834133
unanimous,bapa,0,24,0.001035598705501618,-1.10281088376375
unanimous,iki,0,24,0.001035598705501618,-1.10281088376375
unanimous,patut,0,24,0.001035598705501618,-1.10281088376375
unanimous,krn,0,139,0.005997842502696872,-1.1080303707770953
unanimous,bisu,1,2,0.0014134275618374558,-1.1082450989142254
unanimous,loh,1,2,0.0014134275618374558,-1.1082450989142254
unanimous,berada,1,6,0.004240282685512367,-1.1089545877050297
unanimous,solidaritas,1,1,0.0007067137809187279,-1.1122125785523413
unanimous,c,1,2,0.0014134275618374558,-1.1163530389348948
unanimous,kondisi,1,4,0.0028268551236749115,-1.1165601229530384
unanimous,sebanyak,1,4,0.0028268551236749115,-1.1165601229530384
unanimous,acara,1,3,0.0021201413427561835,-1.1189635259916804
unanimous,jgn,0,61,0.0026321467098166127,-1.1240886192252497
unanimous,pd,0,61,0.0026321467098166127,-1.1240886192252497
unanimous,menurutnya,1,1,0.0007067137809187279,-1.1255893975911566
unanimous,4,1,13,0.009187279151943463,-1.1282936817226545
unanimous,penjahat,0,34,0.0014670981661272923,-1.1292353637745014
unanimous,10,1,21,0.014840989399293287,-1.130740257587541
unanimous,000,1,10,0.007067137809187279,-1.1312372071355072
unanimous,klo,0,157,0.006774541531823085,-1.1344804594472744
unanimous,pembunuhan,0,55,0.0023732470334412083,-1.135318794914549
unanimous,mengenai,1,3,0.0021201413427561835,-1.1361398280474628
unanimous,2006,1,0,0.0,-1.137292079723001
unanimous,87,1,0,0.0,-1.137292079723001
unanimous,auto,1,0,0.0,-1.137292079723001
unanimous,awak,1,0,0.0,-1.137292079723001
unanimous,bca,1,0,0.0,-1.137292079723001
unanimous,berinisial,1,0,0.0,-1.137292079723001
unanimous,beritadunia,1,0,0.0,-1.137292079723001
unanimous,bisniscom,1,0,0.0,-1.137292079723001
unanimous,blinken,1,0,0.0,-1.137292079723001
unanimous,bocorantogel,1,0,0.0,-1.137292079723001
unanimous,chicken,1,0,0.0,-1.137292079723001
unanimous,comeback,1,0,0.0,-1.137292079723001
unanimous,cut,1,0,0.0,-1.137292079723001
unanimous,dada,1,0,0.0,-1.137292079723001
unanimous,daftarkampoengtoto,1,0,0.0,-1.137292079723001
unanimous,dance,1,0,0.0,-1.137292079723001
unanimous,demam,1,0,0.0,-1.137292079723001
unanimous,dengerin,1,0,0.0,-1.137292079723001
unanimous,dilancarkan,1,0,0.0,-1.137292079723001
unanimous,ditambah,1,0,0.0,-1.137292079723001
unanimous,diungkapkan,1,0,0.0,-1.137292079723001
unanimous,draw,1,0,0.0,-1.137292079723001
unanimous,enggan,1,0,0.0,-1.137292079723001
unanimous,flokitoto,1,0,0.0,-1.137292079723001
unanimous,gazapalestina,1,0,0.0,-1.137292079723001
unanimous,gr,1,0,0.0,-1.137292079723001
unanimous,infoterkini,1,0,0.0,-1.137292079723001
unanimous,interview,1,0,0.0,-1.137292079723001
unanimous,job,1,0,0.0,-1.137292079723001
unanimous,kampoengtoto,1,0,0.0,-1.137292079723001
unanimous,kampungtoto,1,0,0.0,-1.137292079723001
unanimous,kewajiban,1,0,0.0,-1.137292079723001
unanimous,ki,1,0,0.0,-1.137292079723001
unanimous,konsumsi,1,0,0.0,-1.137292079723001
unanimous,liburan,1,0,0.0,-1.137292079723001
unanimous,lokercikarang,1,0,0.0,-1.137292079723001
unanimous,memungkinkan,1,0,0.0,-1.137292079723001
unanimous,menara4d,1,0,0.0,-1.137292079723001
unanimous,menyinggung,1,0,0.0,-1.137292079723001
unanimous,meriah,1,0,0.0,-1.137292079723001
unanimous,ngantuk,1,0,0.0,-1.137292079723001
unanimous,pastor,1,0,0.0,-1.137292079723001
unanimous,pembentukan,1,0,0.0,-1.137292079723001
unanimous,penyelesaian,1,0,0.0,-1.137292079723001
unanimous,perekonomian,1,0,0.0,-1.137292079723001
unanimous,permukiman,1,0,0.0,-1.137292079723001
unanimous,poltar,1,0,0.0,-1.137292079723001
unanimous,putaran,1,0,0.0,-1.137292079723001
unanimous,r16,1,0,0.0,-1.137292079723001
unanimous,ragu,1,0,0.0,-1.137292079723001
unanimous,rajin,1,0,0.0,-1.137292079723001
unanimous,rambut,1,0,0.0,-1.137292079723001
unanimous,safe,1,0,0.0,-1.137292079723001
unanimous,serdang,1,0,0.0,-1.137292079723001
unanimous,siaran,1,0,0.0,-1.137292079723001
unanimous,silver,1,0,0.0,-1.137292079723001
unanimous,stock,1,0,0.0,-1.137292079723001
unanimous,su,1,0,0.0,-1.137292079723001
unanimous,tampaknya,1,0,0.0,-1.137292079723001
unanimous,tata,1,0,0.0,-1.137292079723001
unanimous,unrwa,1,0,0.0,-1.137292079723001
unanimous,warung,1,0,0.0,-1.137292079723001
unanimous,ws,1,0,0.0,-1.137292079723001
unanimous,jaman,0,39,0.0016828478964401295,-1.137488497385363
unanimous,pendeta,0,39,0.0016828478964401295,-1.137488497385363
unanimous,menggelar,1,1,0.0007067137809187279,-1.1387907722119646
unanimous,motor,1,1,0.0007067137809187279,-1.1387907722119646
unanimous,kasus,1,4,0.0028268551236749115,-1.1389027841582833
unanimous,40,1,3,0.0021201413427561835,-1.1418013023936096
unanimous,allah,0,487,0.021014023732470334,-1.1442626284359376
unanimous,dipenuhi,0,23,0.0009924487594390506,-1.1445267729770408
unanimous,lgsg,0,23,0.0009924487594390506,-1.1445267729770408
unanimous,maksudnya,0,23,0.0009924487594390506,-1.1445267729770408
unanimous,meresahkan,0,23,0.0009924487594390506,-1.1445267729770408
unanimous,nasrani,0,23,0.0009924487594390506,-1.1445267729770408
unanimous,7,1,13,0.009187279151943463,-1.1465920892224006
unanimous,menegaskan,1,3,0.0021201413427561835,-1.1474313930349431
unanimous,nomor,1,4,0.0028268551236749115,-1.1477045955225436
unanimous,islam,0,474,0.02045307443365696,-1.1477576906952258
unanimous,menghadapi,1,2,0.0014134275618374558,-1.1481497669220149
unanimous,terlihat,1,2,0.0014134275618374558,-1.1481497669220149
unanimous,kapal,1,5,0.0035335689045936395,-1.1484318997600844
unanimous,bareng,1,1,0.0007067137809187279,-1.1518212596561817
unanimous,cb,1,1,0.0007067137809187279,-1.1518212596561817
unanimous,ditangkap,1,1,0.0007067137809187279,-1.1518212596561817
unanimous,muhaimin,1,1,0.0007067137809187279,-1.1518212596561817
unanimous,pusat,1,4,0.0028268551236749115,-1.152077189091979
unanimous,menyesatkan,0,28,0.0012081984897518879,-1.1527865368439716
unanimous,anwar,0,54,0.002330097087378641,-1.1535443647221957
unanimous,sosial,1,6,0.004240282685512367,-1.1585195351154156
unanimous,jahat,0,64,0.002761596548004315,-1.160424632833333
unanimous,sdh,0,64,0.002761596548004315,-1.160424632833333
unanimous,berhasil,1,5,0.0035335689045936395,-1.162716210991821
unanimous,hrs,0,38,0.001639697950377562,-1.1631741488138518
unanimous,global,1,2,0.0014134275618374558,-1.163680870422591
unanimous,sebut,1,6,0.004240282685512367,-1.1645506566075539
unanimous,darurat,1,1,0.0007067137809187279,-1.16468524187692
unanimous,melanjutkan,1,1,0.0007067137809187279,-1.16468524187692
unanimous,5,1,15,0.01060070671378092,-1.1654675530031469
unanimous,malaysia,1,3,0.0021201413427561835,-1.1696448072430004
unanimous,qur,0,48,0.002071197411003236,-1.1696460373786197
unanimous,yg,0,1835,0.07918015102481121,-1.171001810012649
unanimous,konstitusi,0,53,0.0022869471413160735,-1.1721066613433453
unanimous,luar,1,7,0.0049469964664310955,-1.1741222352504426
unanimous,rezim,0,58,0.0025026968716289105,-1.174228820038889
unanimous,2015,1,0,0.0,-1.1758015570950802
unanimous,apriyani,1,0,0.0,-1.1758015570950802
unanimous,bocorantogelchina,1,0,0.0,-1.1758015570950802
unanimous,breakingnews,1,0,0.0,-1.1758015570950802
unanimous,burung,1,0,0.0,-1.1758015570950802
unanimous,chang,1,0,0.0,-1.1758015570950802
unanimous,deni,1,0,0.0,-1.1758015570950802
unanimous,denpasar,1,0,0.0,-1.1758015570950802
unanimous,development,1,0,0.0,-1.1758015570950802
unanimous,ditulis,1,0,0.0,-1.1758015570950802
unanimous,fact,1,0,0.0,-1.1758015570950802
unanimous,fitri,1,0,0.0,-1.1758015570950802
unanimous,gerejakatolik,1,0,0.0,-1.1758015570950802
unanimous,getty,1,0,0.0,-1.1758015570950802
unanimous,grand,1,0,0.0,-1.1758015570950802
unanimous,heri,1,0,0.0,-1.1758015570950802
unanimous,hongkong,1,0,0.0,-1.1758015570950802
unanimous,infografik,1,0,0.0,-1.1758015570950802
unanimous,italia,1,0,0.0,-1.1758015570950802
unanimous,jaminan,1,0,0.0,-1.1758015570950802
unanimous,jawabarat,1,0,0.0,-1.1758015570950802
unanimous,kanada,1,0,0.0,-1.1758015570950802
unanimous,kelurahan,1,0,0.0,-1.1758015570950802
unanimous,kinerja,1,0,0.0,-1.1758015570950802
unanimous,king,1,0,0.0,-1.1758015570950802
unanimous,kontra,1,0,0.0,-1.1758015570950802
unanimous,kpop,1,0,0.0,-1.1758015570950802
unanimous,kupang,1,0,0.0,-1.1758015570950802
unanimous,lamar,1,0,0.0,-1.1758015570950802
unanimous,latihan,1,0,0.0,-1.1758015570950802
unanimous,lokerindonesia,1,0,0.0,-1.1758015570950802
unanimous,manfaat,1,0,0.0,-1.1758015570950802
unanimous,memperluas,1,0,0.0,-1.1758015570950802
unanimous,merinding,1,0,0.0,-1.1758015570950802
unanimous,mini,1,0,0.0,-1.1758015570950802
unanimous,misa,1,0,0.0,-1.1758015570950802
unanimous,mulus,1,0,0.0,-1.1758015570950802
unanimous,palang,1,0,0.0,-1.1758015570950802
unanimous,penampilan,1,0,0.0,-1.1758015570950802
unanimous,pengepungan,1,0,0.0,-1.1758015570950802
unanimous,perahu,1,0,0.0,-1.1758015570950802
unanimous,perut,1,0,0.0,-1.1758015570950802
unanimous,ponsel,1,0,0.0,-1.1758015570950802
unanimous,pragmaticplay,1,0,0.0,-1.1758015570950802
unanimous,prediksiakurat,1,0,0.0,-1.1758015570950802
unanimous,prediksihk,1,0,0.0,-1.1758015570950802
unanimous,raih,1,0,0.0,-1.1758015570950802
unanimous,rehan,1,0,0.0,-1.1758015570950802
unanimous,rivro,1,0,0.0,-1.1758015570950802
unanimous,roma,1,0,0.0,-1.1758015570950802
unanimous,rugi,1,0,0.0,-1.1758015570950802
unanimous,salazar,1,0,0.0,-1.1758015570950802
unanimous,salmasalsabil,1,0,0.0,-1.1758015570950802
unanimous,sarana,1,0,0.0,-1.1758015570950802
unanimous,sea,1,0,0.0,-1.1758015570950802
unanimous,sogotogel,1,0,0.0,-1.1758015570950802
unanimous,tertera,1,0,0.0,-1.1758015570950802
unanimous,tuturnya,1,0,0.0,-1.1758015570950802
unanimous,urus,1,0,0.0,-1.1758015570950802
unanimous,vida,1,0,0.0,-1.1758015570950802
unanimous,wati,1,0,0.0,-1.1758015570950802
unanimous,yunus,1,0,0.0,-1.1758015570950802
unanimous,û,1,0,0.0,-1.1758015570950802
unanimous,perayaan,1,1,0.0007067137809187279,-1.177386934414954
unanimous,pidana,1,1,0.0007067137809187279,-1.177386934414954
unanimous,bunuh,0,68,0.0029341963322545845,-1.1777568219182855
unanimous,kedatangan,1,2,0.0014134275618374558,-1.1789770776908306
unanimous,jelek,0,22,0.0009492988133764832,-1.1880550758639636
unanimous,keliatan,0,22,0.0009492988133764832,-1.1880550758639636
unanimous,kepikiran,0,22,0.0009492988133764832,-1.1880550758639636
unanimous,menyerah,0,22,0.0009492988133764832,-1.1880550758639636
unanimous,sombong,0,22,0.0009492988133764832,-1.1880550758639636
unanimous,ح,0,22,0.0009492988133764832,-1.1880550758639636
unanimous,adu,0,27,0.0011650485436893205,-1.1885478197225392
unanimous,ngakak,0,27,0.0011650485436893205,-1.1885478197225392
unanimous,ع,0,27,0.0011650485436893205,-1.1885478197225392
unanimous,utk,0,118,0.005091693635382956,-1.1889778638833624
unanimous,mrk,0,32,0.0013807982740021575,-1.1890410195629226
unanimous,hobi,0,37,0.0015965480043149947,-1.1895346760784185
unanimous,umar,0,37,0.0015965480043149947,-1.1895346760784185
unanimous,ه,0,37,0.0015965480043149947,-1.1895346760784185
unanimous,kunjungi,1,1,0.0007067137809187279,-1.1899303947198918
unanimous,ruang,1,1,0.0007067137809187279,-1.1899303947198918
unanimous,menjadikan,0,47,0.0020280474649406687,-1.1905233619155051
unanimous,ri,1,5,0.0035335689045936395,-1.1907013722128426
unanimous,tiba,1,3,0.0021201413427561835,-1.1913829700660892
unanimous,keturunan,0,77,0.0033225458468176916,-1.1935004522023136
unanimous,kau,0,82,0.0035382955771305286,-1.1939982502426247
unanimous,mui,1,2,0.0014134275618374558,-1.1940454274440737
unanimous,store,1,2,0.0014134275618374558,-1.1940454274440737
unanimous,dg,0,102,0.004401294498381877,-1.1959940864305139
unanimous,menteri,1,8,0.005653710247349823,-1.1998770335823978
unanimous,bernama,1,2,0.0014134275618374558,-1.2014962696160008
unanimous,03,1,1,0.0007067137809187279,-1.202319529957656
unanimous,super,1,1,0.0007067137809187279,-1.202319529957656
unanimous,13,1,6,0.004240282685512367,-1.2058080454851001
unanimous,19,1,6,0.004240282685512367,-1.2058080454851001
unanimous,laporan,1,3,0.0021201413427561835,-1.2073868277708744
unanimous,id,1,5,0.0035335689045936395,-1.2078121972467493
unanimous,dijadikan,0,56,0.0024163969795037757,-1.2091014469273949
unanimous,itulah,0,56,0.0024163969795037757,-1.2091014469273949
unanimous,nu,0,51,0.0022006472491909383,-1.2102929996724545
unanimous,serikat,1,4,0.0028268551236749115,-1.2114046170426467
unanimous,aditya,1,0,0.0,-1.2128860271857347
unanimous,arifin,1,0,0.0,-1.2128860271857347
unanimous,badmintonindonesia,1,0,0.0,-1.2128860271857347
unanimous,bentar,1,0,0.0,-1.2128860271857347
unanimous,berpartisipasi,1,0,0.0,-1.2128860271857347
unanimous,bertanding,1,0,0.0,-1.2128860271857347
unanimous,business,1,0,0.0,-1.2128860271857347
unanimous,christie,1,0,0.0,-1.2128860271857347
unanimous,close,1,0,0.0,-1.2128860271857347
unanimous,cr,1,0,0.0,-1.2128860271857347
unanimous,dafatoto,1,0,0.0,-1.2128860271857347
unanimous,date,1,0,0.0,-1.2128860271857347
unanimous,deli,1,0,0.0,-1.2128860271857347
unanimous,dian,1,0,0.0,-1.2128860271857347
unanimous,dimas,1,0,0.0,-1.2128860271857347
unanimous,dior,1,0,0.0,-1.2128860271857347
unanimous,disambut,1,0,0.0,-1.2128860271857347
unanimous,east,1,0,0.0,-1.2128860271857347
unanimous,elemen,1,0,0.0,-1.2128860271857347
unanimous,fatih,1,0,0.0,-1.2128860271857347
unanimous,form,1,0,0.0,-1.2128860271857347
unanimous,get,1,0,0.0,-1.2128860271857347
unanimous,hadiri,1,0,0.0,-1.2128860271857347
unanimous,hsbc,1,0,0.0,-1.2128860271857347
unanimous,independen,1,0,0.0,-1.2128860271857347
unanimous,iom,1,0,0.0,-1.2128860271857347
unanimous,iqbal,1,0,0.0,-1.2128860271857347
unanimous,kepedulian,1,0,0.0,-1.2128860271857347
unanimous,kontrak,1,0,0.0,-1.2128860271857347
unanimous,kretek,1,0,0.0,-1.2128860271857347
unanimous,lestari,1,0,0.0,-1.2128860271857347
unanimous,libur,1,0,0.0,-1.2128860271857347
unanimous,lokerbekasi,1,0,0.0,-1.2128860271857347
unanimous,lokerbogor,1,0,0.0,-1.2128860271857347
unanimous,mbahtoto,1,0,0.0,-1.2128860271857347
unanimous,menduga,1,0,0.0,-1.2128860271857347
unanimous,menyesalkan,1,0,0.0,-1.2128860271857347
unanimous,misterius,1,0,0.0,-1.2128860271857347
unanimous,mlbb,1,0,0.0,-1.2128860271857347
unanimous,pangan,1,0,0.0,-1.2128860271857347
unanimous,peneliti,1,0,0.0,-1.2128860271857347
unanimous,petani,1,0,0.0,-1.2128860271857347
unanimous,qory,1,0,0.0,-1.2128860271857347
unanimous,radio,1,0,0.0,-1.2128860271857347
unanimous,rcti,1,0,0.0,-1.2128860271857347
unanimous,rekan,1,0,0.0,-1.2128860271857347
unanimous,salma,1,0,0.0,-1.2128860271857347
unanimous,santoso,1,0,0.0,-1.2128860271857347
unanimous,sindonews,1,0,0.0,-1.2128860271857347
unanimous,spek,1,0,0.0,-1.2128860271857347
unanimous,taipe,1,0,0.0,-1.2128860271857347
unanimous,tentera,1,0,0.0,-1.2128860271857347
unanimous,tergabung,1,0,0.0,-1.2128860271857347
unanimous,tips,1,0,0.0,-1.2128860271857347
unanimous,uji,1,0,0.0,-1.2128860271857347
unanimous,vagabond,1,0,0.0,-1.2128860271857347
unanimous,wawancara,1,0,0.0,-1.2128860271857347
unanimous,wujud,1,0,0.0,-1.2128860271857347
unanimous,yani,1,0,0.0,-1.2128860271857347
unanimous,beri,1,1,0.0007067137809187279,-1.2145581043418594
unanimous,sahabat,0,105,0.004530744336569579,-1.215360799251509
unanimous,ceasefirenow,0,31,0.00133764832793959,-1.2203367708098614
unanimous,ketua,1,5,0.0035335689045936395,-1.2212984014513455
unanimous,solusi,1,2,0.0014134275618374558,-1.2235251689088045
unanimous,alih,0,26,0.001121898597626753,-1.2256322898131937
unanimous,awalnya,1,1,0.0007067137809187279,-1.226649746023502
unanimous,izin,1,1,0.0007067137809187279,-1.226649746023502
unanimous,peran,1,1,0.0007067137809187279,-1.226649746023502
unanimous,times,1,1,0.0007067137809187279,-1.226649746023502
unanimous,unit,1,1,0.0007067137809187279,-1.226649746023502
unanimous,walaupun,1,1,0.0007067137809187279,-1.226649746023502
unanimous,usman,0,55,0.0023732470334412083,-1.227002316922564
unanimous,taipei,1,4,0.0028268551236749115,-1.2277410403722224
unanimous,facebook,1,2,0.0014134275618374558,-1.2307628529727555
unanimous,warna,1,3,0.0021201413427561835,-1.233512564734126
unanimous,membom,0,21,0.0009061488673139158,-1.233560639022528
unanimous,paulus,0,21,0.0009061488673139158,-1.233560639022528
unanimous,politisi,0,21,0.0009061488673139158,-1.233560639022528
unanimous,syaikh,0,21,0.0009061488673139158,-1.233560639022528
unanimous,hancurkan,0,45,0.001941747572815534,-1.233627216659208
unanimous,oh,0,45,0.001941747572815534,-1.233627216659208
unanimous,biaya,1,2,0.0014134275618374558,-1.2379491507994331
unanimous,myanmar,1,2,0.0014134275618374558,-1.2379491507994331
unanimous,bersalah,0,40,0.001725997842502697,-1.2383173427532626
unanimous,merusak,0,40,0.001725997842502697,-1.2383173427532626
unanimous,digelar,1,1,0.0007067137809187279,-1.238597953570534
unanimous,kelinci,1,1,0.0007067137809187279,-1.238597953570534
unanimous,ktp,1,1,0.0007067137809187279,-1.238597953570534
unanimous,memutuskan,1,1,0.0007067137809187279,-1.238597953570534
unanimous,sri,1,1,0.0007067137809187279,-1.238597953570534
unanimous,mirip,0,35,0.0015102481121898597,-1.2444293448645714
unanimous,heran,0,54,0.002330097087378641,-1.2452278867302107
unanimous,2013,1,0,0.0,-1.2486473100643023
unanimous,57,1,0,0.0,-1.2486473100643023
unanimous,76,1,0,0.0,-1.2486473100643023
unanimous,95,1,0,0.0,-1.2486473100643023
unanimous,adam,1,0,0.0,-1.2486473100643023
unanimous,afctogel,1,0,0.0,-1.2486473100643023
unanimous,album,1,0,0.0,-1.2486473100643023
unanimous,anadolu,1,0,0.0,-1.2486473100643023
unanimous,bara,1,0,0.0,-1.2486473100643023
unanimous,bentrokan,1,0,0.0,-1.2486473100643023
unanimous,berujung,1,0,0.0,-1.2486473100643023
unanimous,cepet,1,0,0.0,-1.2486473100643023
unanimous,cuy,1,0,0.0,-1.2486473100643023
unanimous,dijamin,1,0,0.0,-1.2486473100643023
unanimous,dozan,1,0,0.0,-1.2486473100643023
unanimous,fase,1,0,0.0,-1.2486473100643023
unanimous,halim,1,0,0.0,-1.2486473100643023
unanimous,harum,1,0,0.0,-1.2486473100643023
unanimous,have,1,0,0.0,-1.2486473100643023
unanimous,huawei,1,0,0.0,-1.2486473100643023
unanimous,hyo,1,0,0.0,-1.2486473100643023
unanimous,information,1,0,0.0,-1.2486473100643023
unanimous,irene,1,0,0.0,-1.2486473100643023
unanimous,jagoan,1,0,0.0,-1.2486473100643023
unanimous,jajan,1,0,0.0,-1.2486473100643023
unanimous,jantung,1,0,0.0,-1.2486473100643023
unanimous,jonatan,1,0,0.0,-1.2486473100643023
unanimous,kamera,1,0,0.0,-1.2486473100643023
unanimous,kemajuan,1,0,0.0,-1.2486473100643023
unanimous,kiki,1,0,0.0,-1.2486473100643023
unanimous,lokerjabodetabek,1,0,0.0,-1.2486473100643023
unanimous,melewati,1,0,0.0,-1.2486473100643023
unanimous,menempatkan,1,0,0.0,-1.2486473100643023
unanimous,menentukan,1,0,0.0,-1.2486473100643023
unanimous,menerapkan,1,0,0.0,-1.2486473100643023
unanimous,mengangkat,1,0,0.0,-1.2486473100643023
unanimous,menyesuaikan,1,0,0.0,-1.2486473100643023
unanimous,mr,1,0,0.0,-1.2486473100643023
unanimous,ok,1,0,0.0,-1.2486473100643023
unanimous,penurunan,1,0,0.0,-1.2486473100643023
unanimous,perilaku,1,0,0.0,-1.2486473100643023
unanimous,promosi,1,0,0.0,-1.2486473100643023
unanimous,pujian,1,0,0.0,-1.2486473100643023
unanimous,rahman,1,0,0.0,-1.2486473100643023
unanimous,reskrim,1,0,0.0,-1.2486473100643023
unanimous,ridwan,1,0,0.0,-1.2486473100643023
unanimous,rizal,1,0,0.0,-1.2486473100643023
unanimous,semalem,1,0,0.0,-1.2486473100643023
unanimous,sesi,1,0,0.0,-1.2486473100643023
unanimous,sexytogel,1,0,0.0,-1.2486473100643023
unanimous,singkat,1,0,0.0,-1.2486473100643023
unanimous,tangkis,1,0,0.0,-1.2486473100643023
unanimous,terdekat,1,0,0.0,-1.2486473100643023
unanimous,terulang,1,0,0.0,-1.2486473100643023
unanimous,tulang,1,0,0.0,-1.2486473100643023
unanimous,u23,1,0,0.0,-1.2486473100643023
unanimous,ucapnya,1,0,0.0,-1.2486473100643023
unanimous,will,1,0,0.0,-1.2486473100643023
unanimous,orang2,0,68,0.0029341963322545845,-1.249929052692439
unanimous,militan,1,1,0.0007067137809187279,-1.2504061020662416
unanimous,xi,1,1,0.0007067137809187279,-1.2504061020662416
unanimous,aksi,1,5,0.0035335689045936395,-1.2510100080611277
unanimous,tanyakanrl,0,30,0.0012944983818770227,-1.2526408389040886
unanimous,17,1,6,0.004240282685512367,-1.2592845644668227
unanimous,internasional,1,8,0.005653710247349823,-1.2607657590101413
unanimous,lo,0,124,0.00535059331175836,-1.2616258901342132
unanimous,berlanjut,1,1,0.0007067137809187279,-1.2620774488530522
unanimous,dampak,1,1,0.0007067137809187279,-1.2620774488530522
unanimous,day,1,1,0.0007067137809187279,-1.2620774488530522
unanimous,hadiah,1,1,0.0007067137809187279,-1.2620774488530522
unanimous,produksi,1,1,0.0007067137809187279,-1.2620774488530522
unanimous,lu,0,220,0.009492988133764833,-1.2626664671962768
unanimous,bs,0,39,0.0016828478964401295,-1.2633618676419507
unanimous,sbg,0,39,0.0016828478964401295,-1.2633618676419507
unanimous,cewe,0,67,0.002891046386192017,-1.2646784751383988
unanimous,tim,1,5,0.0035335689045936395,-1.2671526149442232
unanimous,rasulullah,0,48,0.002071197411003236,-1.2704407335189272
unanimous,membantai,0,34,0.0014670981661272923,-1.2730459306529147
unanimous,putusan,0,57,0.002459546925566343,-1.2756077424918675
unanimous,25,1,4,0.0028268551236749115,-1.2791003974544093
unanimous,posisi,1,2,0.0014134275618374558,-1.2800275919495485
unanimous,surabaya,1,2,0.0014134275618374558,-1.2800275919495485
unanimous,waras,0,52,0.002243797195253506,-1.2827019146392729
unanimous,aladdin666,1,0,0.0,-1.2831766882783047
unanimous,apri,1,0,0.0,-1.2831766882783047
unanimous,arief,1,0,0.0,-1.2831766882783047
unanimous,bimbingan,1,0,0.0,-1.2831766882783047
unanimous,ceo,1,0,0.0,-1.2831766882783047
unanimous,citra,1,0,0.0,-1.2831766882783047
unanimous,diizinkan,1,0,0.0,-1.2831766882783047
unanimous,diperlukan,1,0,0.0,-1.2831766882783047
unanimous,esports,1,0,0.0,-1.2831766882783047
unanimous,gold,1,0,0.0,-1.2831766882783047
unanimous,hendra,1,0,0.0,-1.2831766882783047
unanimous,ir,1,0,0.0,-1.2831766882783047
unanimous,iwan,1,0,0.0,-1.2831766882783047
unanimous,jago,1,0,0.0,-1.2831766882783047
unanimous,jkt48sayonaracrawl,1,0,0.0,-1.2831766882783047
unanimous,kendali,1,0,0.0,-1.2831766882783047
unanimous,kolaborasi,1,0,0.0,-1.2831766882783047
unanimous,le,1,0,0.0,-1.2831766882783047
unanimous,likeforlikes,1,0,0.0,-1.2831766882783047
unanimous,membentuk,1,0,0.0,-1.2831766882783047
unanimous,memfasilitasi,1,0,0.0,-1.2831766882783047
unanimous,menangtotal,1,0,0.0,-1.2831766882783047
unanimous,mengepung,1,0,0.0,-1.2831766882783047
unanimous,menuturkan,1,0,0.0,-1.2831766882783047
unanimous,muh,1,0,0.0,-1.2831766882783047
unanimous,onic,1,0,0.0,-1.2831766882783047
unanimous,pelatihan,1,0,0.0,-1.2831766882783047
unanimous,posts,1,0,0.0,-1.2831766882783047
unanimous,reaksi,1,0,0.0,-1.2831766882783047
unanimous,rekam,1,0,0.0,-1.2831766882783047
unanimous,ringan,1,0,0.0,-1.2831766882783047
unanimous,seri,1,0,0.0,-1.2831766882783047
unanimous,shanghai,1,0,0.0,-1.2831766882783047
unanimous,sila,1,0,0.0,-1.2831766882783047
unanimous,singapore,1,0,0.0,-1.2831766882783047
unanimous,special,1,0,0.0,-1.2831766882783047
unanimous,sports,1,0,0.0,-1.2831766882783047
unanimous,suasana,1,0,0.0,-1.2831766882783047
unanimous,survei,1,0,0.0,-1.2831766882783047
unanimous,terbanyak,1,0,0.0,-1.2831766882783047
unanimous,teuku,1,0,0.0,-1.2831766882783047
unanimous,tgk,1,0,0.0,-1.2831766882783047
unanimous,timor,1,0,0.0,-1.2831766882783047
unanimous,tutur,1,0,0.0,-1.2831766882783047
unanimous,wisata,1,0,0.0,-1.2831766882783047
unanimous,berjalan,1,1,0.0007067137809187279,-1.2850222101398459
unanimous,ditemukan,1,1,0.0007067137809187279,-1.2850222101398459
unanimous,pemain,1,1,0.0007067137809187279,-1.2850222101398459
unanimous,promo,1,1,0.0007067137809187279,-1.2850222101398459
unanimous,ungkap,1,1,0.0007067137809187279,-1.2850222101398459
unanimous,maha,0,29,0.0012513484358144553,-1.2860204631810193
unanimous,mahasiswa,1,5,0.0035335689045936395,-1.286195016980347
unanimous,dilansir,1,2,0.0014134275618374558,-1.2868737627817959
unanimous,israhell,0,79,0.0034088457389428264,-1.2907247165059572
unanimous,klaim,1,3,0.0021201413427561835,-1.2936058432137103
unanimous,raya,1,2,0.0014134275618374558,-1.2936739706398535
unanimous,tersebut,1,21,0.014840989399293287,-1.294524480949824
unanimous,cek,1,5,0.0035335689045936395,-1.2955856219312285
unanimous,menuntut,1,1,0.0007067137809187279,-1.2963015978261485
unanimous,sekitar,1,6,0.004240282685512367,-1.2996302652097702
unanimous,akal,0,42,0.0018122977346278317,-1.3019651571579967
unanimous,kasar,0,24,0.001035598705501618,-1.3041902964773942
unanimous,kesel,0,24,0.001035598705501618,-1.3041902964773942
unanimous,umumnya,0,24,0.001035598705501618,-1.3041902964773942
unanimous,yak,0,24,0.001035598705501618,-1.3041902964773942
unanimous,kebutuhan,1,1,0.0007067137809187279,-1.3074561395468167
unanimous,terdapat,1,1,0.0007067137809187279,-1.3074561395468167
unanimous,www,1,3,0.0021201413427561835,-1.312873668750824
unanimous,dosa,0,37,0.0015965480043149947,-1.3154080463350064
unanimous,58,1,0,0.0,-1.316556312555235
unanimous,68,1,0,0.0,-1.316556312555235
unanimous,aziz,1,0,0.0,-1.316556312555235
unanimous,bekerjasama,1,0,0.0,-1.316556312555235
unanimous,berkunjung,1,0,0.0,-1.316556312555235
unanimous,bersiap,1,0,0.0,-1.316556312555235
unanimous,bertempat,1,0,0.0,-1.316556312555235
unanimous,beruntung,1,0,0.0,-1.316556312555235
unanimous,buruan,1,0,0.0,-1.316556312555235
unanimous,can,1,0,0.0,-1.316556312555235
unanimous,chinaopen,1,0,0.0,-1.316556312555235
unanimous,david,1,0,0.0,-1.316556312555235
unanimous,des,1,0,0.0,-1.316556312555235
unanimous,desain,1,0,0.0,-1.316556312555235
unanimous,dibenarkan,1,0,0.0,-1.316556312555235
unanimous,eko,1,0,0.0,-1.316556312555235
unanimous,fajri,1,0,0.0,-1.316556312555235
unanimous,fresh,1,0,0.0,-1.316556312555235
unanimous,gabungan,1,0,0.0,-1.316556312555235
unanimous,ganjaruntuksemua,1,0,0.0,-1.316556312555235
unanimous,iii,1,0,0.0,-1.316556312555235
unanimous,jajaran,1,0,0.0,-1.316556312555235
unanimous,kapasitas,1,0,0.0,-1.316556312555235
unanimous,kusuma,1,0,0.0,-1.316556312555235
unanimous,lelah,1,0,0.0,-1.316556312555235
unanimous,lokertangerang,1,0,0.0,-1.316556312555235
unanimous,materi,1,0,0.0,-1.316556312555235
unanimous,mengangkut,1,0,0.0,-1.316556312555235
unanimous,menjalin,1,0,0.0,-1.316556312555235
unanimous,mia,1,0,0.0,-1.316556312555235
unanimous,nyak,1,0,0.0,-1.316556312555235
unanimous,panik,1,0,0.0,-1.316556312555235
unanimous,pengamat,1,0,0.0,-1.316556312555235
unanimous,penipuan,1,0,0.0,-1.316556312555235
unanimous,power,1,0,0.0,-1.316556312555235
unanimous,rt,1,0,0.0,-1.316556312555235
unanimous,sepak,1,0,0.0,-1.316556312555235
unanimous,street,1,0,0.0,-1.316556312555235
unanimous,tercapai,1,0,0.0,-1.316556312555235
unanimous,tergila,1,0,0.0,-1.316556312555235
unanimous,terpisah,1,0,0.0,-1.316556312555235
unanimous,tewaskan,1,0,0.0,-1.316556312555235
unanimous,togelhk,1,0,0.0,-1.316556312555235
unanimous,togelsgp,1,0,0.0,-1.316556312555235
unanimous,u20,1,0,0.0,-1.316556312555235
unanimous,voli,1,0,0.0,-1.316556312555235
unanimous,ʟɪɴᴋ,1,0,0.0,-1.316556312555235
unanimous,angkatan,1,1,0.0007067137809187279,-1.3184885792943917
unanimous,majelis,1,1,0.0007067137809187279,-1.3184885792943917
unanimous,percaya,0,117,0.005048543689320388,-1.3197968942311131
unanimous,menerus,0,28,0.0012081984897518879,-1.3205498413950214
unanimous,hp,1,1,0.0007067137809187279,-1.3294015715798209
unanimous,sulit,1,1,0.0007067137809187279,-1.3294015715798209
unanimous,buang,0,32,0.0013807982740021575,-1.332851586441336
unanimous,ngerti,0,32,0.0013807982740021575,-1.332851586441336
unanimous,pasangan,1,2,0.0014134275618374558,-1.3335437007144844
unanimous,membangun,1,1,0.0007067137809187279,-1.340197685281316
unanimous,meningkat,1,1,0.0007067137809187279,-1.340197685281316
unanimous,babi,0,110,0.004746494066882417,-1.3423375311564105
unanimous,contoh,0,36,0.0015533980582524273,-1.342479935802322
unanimous,tulisan,0,36,0.0015533980582524273,-1.342479935802322
unanimous,instagram,1,4,0.0028268551236749115,-1.342593804079023
unanimous,wakil,1,4,0.0028268551236749115,-1.342593804079023
unanimous,sekutunya,0,23,0.0009924487594390506,-1.345906185690685
unanimous,56,1,0,0.0,-1.3488603806494623
unanimous,79,1,0,0.0,-1.3488603806494623
unanimous,81,1,0,0.0,-1.3488603806494623
unanimous,86,1,0,0.0,-1.3488603806494623
unanimous,ahad,1,0,0.0,-1.3488603806494623
unanimous,belom,1,0,0.0,-1.3488603806494623
unanimous,box,1,0,0.0,-1.3488603806494623
unanimous,capai,1,0,0.0,-1.3488603806494623
unanimous,depok,1,0,0.0,-1.3488603806494623
unanimous,dipungut,1,0,0.0,-1.3488603806494623
unanimous,edukasi,1,0,0.0,-1.3488603806494623
unanimous,episode,1,0,0.0,-1.3488603806494623
unanimous,eurotogel,1,0,0.0,-1.3488603806494623
unanimous,herman,1,0,0.0,-1.3488603806494623
unanimous,inovasi,1,0,0.0,-1.3488603806494623
unanimous,kapolres,1,0,0.0,-1.3488603806494623
unanimous,kebudayaan,1,0,0.0,-1.3488603806494623
unanimous,kenaikan,1,0,0.0,-1.3488603806494623
unanimous,kepritogel,1,0,0.0,-1.3488603806494623
unanimous,lama2,1,0,0.0,-1.3488603806494623
unanimous,laman,1,0,0.0,-1.3488603806494623
unanimous,likeforlike,1,0,0.0,-1.3488603806494623
unanimous,melukai,1,0,0.0,-1.3488603806494623
unanimous,memeriksa,1,0,0.0,-1.3488603806494623
unanimous,memperlihatkan,1,0,0.0,-1.3488603806494623
unanimous,mengkritik,1,0,0.0,-1.3488603806494623
unanimous,menyiapkan,1,0,0.0,-1.3488603806494623
unanimous,onana,1,0,0.0,-1.3488603806494623
unanimous,pengurus,1,0,0.0,-1.3488603806494623
unanimous,ra,1,0,0.0,-1.3488603806494623
unanimous,review,1,0,0.0,-1.3488603806494623
unanimous,seller,1,0,0.0,-1.3488603806494623
unanimous,sembilan,1,0,0.0,-1.3488603806494623
unanimous,silam,1,0,0.0,-1.3488603806494623
unanimous,silaturahmi,1,0,0.0,-1.3488603806494623
unanimous,start,1,0,0.0,-1.3488603806494623
unanimous,stok,1,0,0.0,-1.3488603806494623
unanimous,terdampak,1,0,0.0,-1.3488603806494623
unanimous,tipe,1,0,0.0,-1.3488603806494623
unanimous,togel4d,1,0,0.0,-1.3488603806494623
unanimous,ttg,1,0,0.0,-1.3488603806494623
unanimous,yaaa,1,0,0.0,-1.3488603806494623
unanimous,yi,1,0,0.0,-1.3488603806494623
unanimous,kebencian,0,40,0.001725997842502697,-1.3502537099474208
unanimous,menghadiri,1,1,0.0007067137809187279,-1.3508794072884753
unanimous,sandera,1,1,0.0007067137809187279,-1.3508794072884753
unanimous,silakan,1,1,0.0007067137809187279,-1.3508794072884753
unanimous,kabar,1,2,0.0014134275618374558,-1.352905384102157
unanimous,selasa,1,5,0.0035335689045936395,-1.3560914411198863
unanimous,penjajah,0,174,0.007508090614886731,-1.3561193622814118
unanimous,duluan,0,27,0.0011650485436893205,-1.3563111242735892
unanimous,keji,0,27,0.0011650485436893205,-1.3563111242735892
unanimous,nenek,0,27,0.0011650485436893205,-1.3563111242735892
unanimous,kembali,1,7,0.0049469964664310955,-1.356639359329159
unanimous,area,1,1,0.0007067137809187279,-1.3614491459545994
unanimous,joe,1,1,0.0007067137809187279,-1.3614491459545994
unanimous,konten,1,1,0.0007067137809187279,-1.3614491459545994
unanimous,shifa,1,1,0.0007067137809187279,-1.3614491459545994
unanimous,rabu,1,7,0.0049469964664310955,-1.3631409371017285
unanimous,cawapres,0,199,0.008586839266450918,-1.3636643210098651
unanimous,jepang,1,3,0.0021201413427561835,-1.364054886823982
unanimous,cucu,0,31,0.00133764832793959,-1.3641473376882747
unanimous,م,0,31,0.00133764832793959,-1.3641473376882747
unanimous,ي,0,31,0.00133764832793959,-1.3641473376882747
unanimous,membunuh,0,86,0.003710895361380798,-1.3664056669483908
unanimous,makanya,0,52,0.002243797195253506,-1.3667957743206849
unanimous,propaganda,0,52,0.002243797195253506,-1.3667957743206849
unanimous,pendidikan,1,3,0.0021201413427561835,-1.3685827665609964
unanimous,seolah,0,35,0.0015102481121898597,-1.370302715121159
unanimous,online,1,2,0.0014134275618374558,-1.371904206852221
unanimous,diberikan,1,1,0.0007067137809187279,-1.3719092343691877
unanimous,tribunnews,1,1,0.0007067137809187279,-1.3719092343691877
unanimous,teroris,0,158,0.006817691477885653,-1.3738451843571793
unanimous,mati,0,179,0.007723840345199569,-1.3773086718853276
unanimous,2014,1,0,0.0,-1.3801561318964013
unanimous,73,1,0,0.0,-1.3801561318964013
unanimous,badmintoneurope,1,0,0.0,-1.3801561318964013
unanimous,chinamasters2023,1,0,0.0,-1.3801561318964013
unanimous,dikonfirmasi,1,0,0.0,-1.3801561318964013
unanimous,fancy,1,0,0.0,-1.3801561318964013
unanimous,kemenag,1,0,0.0,-1.3801561318964013
unanimous,ketentuan,1,0,0.0,-1.3801561318964013
unanimous,memindahkan,1,0,0.0,-1.3801561318964013
unanimous,menjabat,1,0,0.0,-1.3801561318964013
unanimous,mewakili,1,0,0.0,-1.3801561318964013
unanimous,project,1,0,0.0,-1.3801561318964013
unanimous,rizky,1,0,0.0,-1.3801561318964013
unanimous,rp1,1,0,0.0,-1.3801561318964013
unanimous,skala,1,0,0.0,-1.3801561318964013
unanimous,south,1,0,0.0,-1.3801561318964013
unanimous,suaramillennial,1,0,0.0,-1.3801561318964013
unanimous,taman,1,0,0.0,-1.3801561318964013
unanimous,tenda,1,0,0.0,-1.3801561318964013
unanimous,tradisional,1,0,0.0,-1.3801561318964013
unanimous,trend,1,0,0.0,-1.3801561318964013
unanimous,willy,1,0,0.0,-1.3801561318964013
unanimous,zhang,1,0,0.0,-1.3801561318964013
unanimous,app,1,1,0.0007067137809187279,-1.38226193346174
unanimous,murah,1,1,0.0007067137809187279,-1.38226193346174
unanimous,toko,1,1,0.0007067137809187279,-1.38226193346174
unanimous,trending,1,1,0.0007067137809187279,-1.38226193346174
unanimous,benci,0,47,0.0020280474649406687,-1.3830015800638278
unanimous,mkmk,0,47,0.0020280474649406687,-1.3830015800638278
unanimous,love,1,2,0.0014134275618374558,-1.3843751677878593
unanimous,muka,0,55,0.0023732470334412083,-1.3887699761451902
unanimous,bela,0,126,0.005436893203883495,-1.3890673673583085
unanimous,dendam,0,22,0.0009492988133764832,-1.389434488577608
unanimous,nabi,0,147,0.006343042071197411,-1.3899913475888552
unanimous,hasil,1,10,0.007067137809187279,-1.3924572150705796
unanimous,kim,1,1,0.0007067137809187279,-1.392509434947194
unanimous,selanjutnya,1,1,0.0007067137809187279,-1.392509434947194
unanimous,bebaskan,0,26,0.001121898597626753,-1.3933955943642435
unanimous,hanyalah,0,30,0.0012944983818770227,-1.396451405782502
unanimous,opini,0,30,0.0012944983818770227,-1.396451405782502
unanimous,artikel,1,2,0.0014134275618374558,-1.3966946455119789
unanimous,pendukung,0,112,0.0048327939590075515,-1.4012600365576473
unanimous,kampus,1,1,0.0007067137809187279,-1.402653864122594
unanimous,muak,0,42,0.0018122977346278317,-1.4027598532983039
unanimous,source,1,2,0.0014134275618374558,-1.4027987276005354
unanimous,klik,1,4,0.0028268551236749115,-1.4057921919988936
unanimous,yahudi,0,665,0.028694714131607336,-1.406722177388205
unanimous,137,1,0,0.0,-1.410504691001554
unanimous,84,1,0,0.0,-1.410504691001554
unanimous,asep,1,0,0.0,-1.410504691001554
unanimous,bazar,1,0,0.0,-1.410504691001554
unanimous,cn,1,0,0.0,-1.410504691001554
unanimous,collegelife,1,0,0.0,-1.410504691001554
unanimous,cox,1,0,0.0,-1.410504691001554
unanimous,dirilis,1,0,0.0,-1.410504691001554
unanimous,doubles,1,0,0.0,-1.410504691001554
unanimous,iron,1,0,0.0,-1.410504691001554
unanimous,jurusan,1,0,0.0,-1.410504691001554
unanimous,kapolsek,1,0,0.0,-1.410504691001554
unanimous,keunggulan,1,0,0.0,-1.410504691001554
unanimous,meluas,1,0,0.0,-1.410504691001554
unanimous,menampilkan,1,0,0.0,-1.410504691001554
unanimous,menawarkan,1,0,0.0,-1.410504691001554
unanimous,mendatangi,1,0,0.0,-1.410504691001554
unanimous,mer,1,0,0.0,-1.410504691001554
unanimous,merespons,1,0,0.0,-1.410504691001554
unanimous,nusa,1,0,0.0,-1.410504691001554
unanimous,operasional,1,0,0.0,-1.410504691001554
unanimous,palembang,1,0,0.0,-1.410504691001554
unanimous,pembelian,1,0,0.0,-1.410504691001554
unanimous,pembicaraan,1,0,0.0,-1.410504691001554
unanimous,penderitaan,1,0,0.0,-1.410504691001554
unanimous,removal,1,0,0.0,-1.410504691001554
unanimous,sedikitnya,1,0,0.0,-1.410504691001554
unanimous,sudirman,1,0,0.0,-1.410504691001554
unanimous,sungai,1,0,0.0,-1.410504691001554
unanimous,tembakan,1,0,0.0,-1.410504691001554
unanimous,thohir,1,0,0.0,-1.410504691001554
unanimous,undangan,1,0,0.0,-1.410504691001554
unanimous,upacara,1,0,0.0,-1.410504691001554
unanimous,well,1,0,0.0,-1.410504691001554
unanimous,young,1,0,0.0,-1.410504691001554
unanimous,yu,1,0,0.0,-1.410504691001554
unanimous,or,1,1,0.0007067137809187279,-1.4126972825239201
unanimous,slotgacor,1,1,0.0007067137809187279,-1.4126972825239201
unanimous,china,1,67,0.04734982332155477,-1.4131403393059463
unanimous,pihak,1,5,0.0035335689045936395,-1.4132414821448356
unanimous,new,1,2,0.0014134275618374558,-1.4208936663388945
unanimous,07,1,1,0.0007067137809187279,-1.422641690451384
unanimous,komunikasi,1,1,0.0007067137809187279,-1.422641690451384
unanimous,kitab,0,57,0.002459546925566343,-1.425453772807235
unanimous,via,1,3,0.0021201413427561835,-1.425686108000928
unanimous,data,1,2,0.0014134275618374558,-1.4268543083993712
unanimous,kemarin,1,2,0.0014134275618374558,-1.4268543083993712
unanimous,pria,1,2,0.0014134275618374558,-1.4268543083993712
unanimous,aceh,1,11,0.0077738515901060075,-1.4283339482586621
unanimous,lagu,1,1,0.0007067137809187279,-1.4324890293709291
unanimous,memastikan,1,1,0.0007067137809187279,-1.4324890293709291
unanimous,desa,1,2,0.0014134275618374558,-1.4327801452241173
unanimous,com,1,6,0.004240282685512367,-1.4330990091274936
unanimous,bukannya,0,21,0.0009061488673139158,-1.4349400517361723
unanimous,dijajah,0,21,0.0009061488673139158,-1.4349400517361723
unanimous,pendukungnya,0,21,0.0009061488673139158,-1.4349400517361723
unanimous,sekolah,1,3,0.0021201413427561835,-1.4384221042598822
unanimous,situs,1,2,0.0014134275618374558,-1.4386715839176751
unanimous,yaman,0,152,0.006558791801510248,-1.439738816640775
unanimous,89,1,0,0.0,-1.4399617876848223
unanimous,ana,1,0,0.0,-1.4399617876848223
unanimous,beragam,1,0,0.0,-1.4399617876848223
unanimous,berpotensi,1,0,0.0,-1.4399617876848223
unanimous,centang,1,0,0.0,-1.4399617876848223
unanimous,detail,1,0,0.0,-1.4399617876848223
unanimous,didampingi,1,0,0.0,-1.4399617876848223
unanimous,dragon,1,0,0.0,-1.4399617876848223
unanimous,fashion,1,0,0.0,-1.4399617876848223
unanimous,jalurgaza,1,0,0.0,-1.4399617876848223
unanimous,ledakan,1,0,0.0,-1.4399617876848223
unanimous,leo,1,0,0.0,-1.4399617876848223
unanimous,mama,1,0,0.0,-1.4399617876848223
unanimous,market,1,0,0.0,-1.4399617876848223
unanimous,memantau,1,0,0.0,-1.4399617876848223
unanimous,menembak,1,0,0.0,-1.4399617876848223
unanimous,menghantam,1,0,0.0,-1.4399617876848223
unanimous,nations,1,0,0.0,-1.4399617876848223
unanimous,oki,1,0,0.0,-1.4399617876848223
unanimous,parahyangan,1,0,0.0,-1.4399617876848223
unanimous,partner,1,0,0.0,-1.4399617876848223
unanimous,penyelidikan,1,0,0.0,-1.4399617876848223
unanimous,perempat,1,0,0.0,-1.4399617876848223
unanimous,regional,1,0,0.0,-1.4399617876848223
unanimous,sdm,1,0,0.0,-1.4399617876848223
unanimous,seharian,1,0,0.0,-1.4399617876848223
unanimous,selebrasi,1,0,0.0,-1.4399617876848223
unanimous,semalam,1,0,0.0,-1.4399617876848223
unanimous,sepakbola,1,0,0.0,-1.4399617876848223
unanimous,tanjung,1,0,0.0,-1.4399617876848223
unanimous,togelhongkong,1,0,0.0,-1.4399617876848223
unanimous,tusuk,1,0,0.0,-1.4399617876848223
unanimous,dgn,0,187,0.008069039913700109,-1.4482297070190007
unanimous,01,1,1,0.0007067137809187279,-1.4518999854783483
unanimous,yayasan,1,1,0.0007067137809187279,-1.4518999854783483
unanimous,mujahidin,0,32,0.0013807982740021575,-1.458724956697924
unanimous,pengungsian,1,1,0.0007067137809187279,-1.4614672114480218
unanimous,sukses,1,1,0.0007067137809187279,-1.4614672114480218
unanimous,jakarta,1,7,0.0049469964664310955,-1.4639730545404837
unanimous,2018,1,0,0.0,-1.4685783734731659
unanimous,65,1,0,0.0,-1.4685783734731659
unanimous,67,1,0,0.0,-1.4685783734731659
unanimous,77,1,0,0.0,-1.4685783734731659
unanimous,adakami,1,0,0.0,-1.4685783734731659
unanimous,arenagacor,1,0,0.0,-1.4685783734731659
unanimous,awards,1,0,0.0,-1.4685783734731659
unanimous,bambang,1,0,0.0,-1.4685783734731659
unanimous,bayu,1,0,0.0,-1.4685783734731659
unanimous,bbtogel,1,0,0.0,-1.4685783734731659
unanimous,berpengalaman,1,0,0.0,-1.4685783734731659
unanimous,bsi,1,0,0.0,-1.4685783734731659
unanimous,democratizeinformation,1,0,0.0,-1.4685783734731659
unanimous,dihadiri,1,0,0.0,-1.4685783734731659
unanimous,diutamakan,1,0,0.0,-1.4685783734731659
unanimous,duniaku_com,1,0,0.0,-1.4685783734731659
unanimous,finansial,1,0,0.0,-1.4685783734731659
unanimous,gempuran,1,0,0.0,-1.4685783734731659
unanimous,harinya,1,0,0.0,-1.4685783734731659
unanimous,ilustrasi,1,0,0.0,-1.4685783734731659
unanimous,indra,1,0,0.0,-1.4685783734731659
unanimous,jabalia,1,0,0.0,-1.4685783734731659
unanimous,jasmani,1,0,0.0,-1.4685783734731659
unanimous,jayagaming,1,0,0.0,-1.4685783734731659
unanimous,ji,1,0,0.0,-1.4685783734731659
unanimous,junior,1,0,0.0,-1.4685783734731659
unanimous,kapolresta,1,0,0.0,-1.4685783734731659
unanimous,karyawan,1,0,0.0,-1.4685783734731659
unanimous,kg,1,0,0.0,-1.4685783734731659
unanimous,kurniawan,1,0,0.0,-1.4685783734731659
unanimous,lantai,1,0,0.0,-1.4685783734731659
unanimous,mengumpulkan,1,0,0.0,-1.4685783734731659
unanimous,menikmati,1,0,0.0,-1.4685783734731659
unanimous,nagaslot,1,0,0.0,-1.4685783734731659
unanimous,ongkir,1,0,0.0,-1.4685783734731659
unanimous,penghargaan,1,0,0.0,-1.4685783734731659
unanimous,perolehan,1,0,0.0,-1.4685783734731659
unanimous,popbela_com,1,0,0.0,-1.4685783734731659
unanimous,popmama_com,1,0,0.0,-1.4685783734731659
unanimous,prince,1,0,0.0,-1.4685783734731659
unanimous,rektor,1,0,0.0,-1.4685783734731659
unanimous,respective,1,0,0.0,-1.4685783734731659
unanimous,sekjen,1,0,0.0,-1.4685783734731659
unanimous,slotgacorhariini,1,0,0.0,-1.4685783734731659
unanimous,spesial,1,0,0.0,-1.4685783734731659
unanimous,togelcasino,1,0,0.0,-1.4685783734731659
unanimous,ungkapnya,1,0,0.0,-1.4685783734731659
unanimous,yanto,1,0,0.0,-1.4685783734731659
unanimous,yummy,1,0,0.0,-1.4685783734731659
unanimous,daerah,1,3,0.0021201413427561835,-1.4716281193067289
unanimous,terbaru,1,3,0.0021201413427561835,-1.4797636839801804
unanimous,aslinya,0,20,0.0008629989212513484,-1.4826112879420175
unanimous,proses,1,2,0.0014134275618374558,-1.484611343769205
unanimous,tanggal,1,3,0.0021201413427561835,-1.487834997429021
unanimous,pertandingan,1,1,0.0007067137809187279,-1.4896364761612606
unanimous,50,1,2,0.0014134275618374558,-1.4902103994374354
unanimous,asia,1,2,0.0014134275618374558,-1.4902103994374354
unanimous,135,1,0,0.0,-1.496401152792003
unanimous,2024menangtotal,1,0,0.0,-1.496401152792003
unanimous,63,1,0,0.0,-1.496401152792003
unanimous,berbasis,1,0,0.0,-1.496401152792003
unanimous,beritaviral,1,0,0.0,-1.496401152792003
unanimous,ganjarpresiden,1,0,0.0,-1.496401152792003
unanimous,hangat,1,0,0.0,-1.496401152792003
unanimous,icha,1,0,0.0,-1.496401152792003
unanimous,kalla,1,0,0.0,-1.496401152792003
unanimous,kantong,1,0,0.0,-1.496401152792003
unanimous,kuning,1,0,0.0,-1.496401152792003
unanimous,livecasino,1,0,0.0,-1.496401152792003
unanimous,mei,1,0,0.0,-1.496401152792003
unanimous,ms,1,0,0.0,-1.496401152792003
unanimous,panasnya,1,0,0.0,-1.496401152792003
unanimous,pelaksanaan,1,0,0.0,-1.496401152792003
unanimous,pendek,1,0,0.0,-1.496401152792003
unanimous,reserved,1,0,0.0,-1.496401152792003
unanimous,resulthariini,1,0,0.0,-1.496401152792003
unanimous,snack,1,0,0.0,-1.496401152792003
unanimous,tas,1,0,0.0,-1.496401152792003
unanimous,transportasi,1,0,0.0,-1.496401152792003
unanimous,tribun,1,0,0.0,-1.496401152792003
unanimous,turnamen,1,0,0.0,-1.496401152792003
unanimous,unjuk,1,0,0.0,-1.496401152792003
unanimous,wei,1,0,0.0,-1.496401152792003
unanimous,slot,1,1,0.0007067137809187279,-1.4988542044119912
unanimous,etik,0,27,0.0011650485436893205,-1.5001216911520026
unanimous,palestinegenocide,0,27,0.0011650485436893205,-1.5001216911520026
unanimous,sok,0,27,0.0011650485436893205,-1.5001216911520026
unanimous,jumlah,1,3,0.0021201413427561835,-1.5116734909681402
unanimous,posting,0,23,0.0009924487594390506,-1.513669490241735
unanimous,zionisme,0,23,0.0009924487594390506,-1.513669490241735
unanimous,s,1,7,0.0049469964664310955,-1.5137745757283076
unanimous,selatan,1,5,0.0035335689045936395,-1.5138189792946644
unanimous,08,1,1,0.0007067137809187279,-1.5170409556435762
unanimous,reuters,1,1,0.0007067137809187279,-1.5170409556435762
unanimous,swt,0,30,0.0012944983818770227,-1.5223247760390899
unanimous,yuk,1,2,0.0014134275618374558,-1.5231718154089788
unanimous,69,1,0,0.0,-1.5234730422593186
unanimous,apresiasi,1,0,0.0,-1.5234730422593186
unanimous,bandartogel,1,0,0.0,-1.5234730422593186
unanimous,beritausk,1,0,0.0,-1.5234730422593186
unanimous,credits,1,0,0.0,-1.5234730422593186
unanimous,fadia,1,0,0.0,-1.5234730422593186
unanimous,fortune,1,0,0.0,-1.5234730422593186
unanimous,fransiskus,1,0,0.0,-1.5234730422593186
unanimous,inatogel,1,0,0.0,-1.5234730422593186
unanimous,ismail,1,0,0.0,-1.5234730422593186
unanimous,jarak,1,0,0.0,-1.5234730422593186
unanimous,jet,1,0,0.0,-1.5234730422593186
unanimous,keluarantogel,1,0,0.0,-1.5234730422593186
unanimous,klasemen,1,0,0.0,-1.5234730422593186
unanimous,lamaran,1,0,0.0,-1.5234730422593186
unanimous,lhokseumawe,1,0,0.0,-1.5234730422593186
unanimous,mcdonald,1,0,0.0,-1.5234730422593186
unanimous,menko,1,0,0.0,-1.5234730422593186
unanimous,perunggu,1,0,0.0,-1.5234730422593186
unanimous,pungkasnya,1,0,0.0,-1.5234730422593186
unanimous,s1,1,0,0.0,-1.5234730422593186
unanimous,sanksi,1,0,0.0,-1.5234730422593186
unanimous,sebagainya,1,0,0.0,-1.5234730422593186
unanimous,senilai,1,0,0.0,-1.5234730422593186
unanimous,seputar,1,0,0.0,-1.5234730422593186
unanimous,struick,1,0,0.0,-1.5234730422593186
unanimous,susi,1,0,0.0,-1.5234730422593186
unanimous,taylor,1,0,0.0,-1.5234730422593186
unanimous,teknik,1,0,0.0,-1.5234730422593186
unanimous,ups,1,0,0.0,-1.5234730422593186
unanimous,vaksin,1,0,0.0,-1.5234730422593186
unanimous,menyebabkan,1,1,0.0007067137809187279,-1.5260129440014814
unanimous,11,1,9,0.0063604240282685515,-1.526232920161505
unanimous,jihad,0,37,0.0015965480043149947,-1.528139109669472
unanimous,ekonomi,1,3,0.0021201413427561835,-1.5311230410623673
unanimous,kejam,0,44,0.0018985976267529665,-1.5324656632999447
unanimous,sah,1,1,0.0007067137809187279,-1.5349059187720318
unanimous,berdosa,0,26,0.001121898597626753,-1.5372061612426569
unanimous,18,1,4,0.0028268551236749115,-1.542674354915501
unanimous,pasar,1,1,0.0007067137809187279,-1.5437212662185638
unanimous,foto,1,8,0.005653710247349823,-1.5440782365293027
unanimous,top,1,2,0.0014134275618374558,-1.5445667785051362
unanimous,0,1,4,0.0028268551236749115,-1.5456507007606963
unanimous,minggu,1,7,0.0049469964664310955,-1.546918183194034
unanimous,0813,1,0,0.0,-1.5498335695238852
unanimous,54,1,0,0.0,-1.5498335695238852
unanimous,adik,1,0,0.0,-1.5498335695238852
unanimous,apple,1,0,0.0,-1.5498335695238852
unanimous,bocoranchina,1,0,0.0,-1.5498335695238852
unanimous,bri,1,0,0.0,-1.5498335695238852
unanimous,court,1,0,0.0,-1.5498335695238852
unanimous,diversityisbeautiful,1,0,0.0,-1.5498335695238852
unanimous,edi,1,0,0.0,-1.5498335695238852
unanimous,import,1,0,0.0,-1.5498335695238852
unanimous,jeda,1,0,0.0,-1.5498335695238852
unanimous,karakter,1,0,0.0,-1.5498335695238852
unanimous,life,1,0,0.0,-1.5498335695238852
unanimous,mark,1,0,0.0,-1.5498335695238852
unanimous,meter,1,0,0.0,-1.5498335695238852
unanimous,mewujudkan,1,0,0.0,-1.5498335695238852
unanimous,next,1,0,0.0,-1.5498335695238852
unanimous,parade,1,0,0.0,-1.5498335695238852
unanimous,pernyataannya,1,0,0.0,-1.5498335695238852
unanimous,putin,1,0,0.0,-1.5498335695238852
unanimous,ramli,1,0,0.0,-1.5498335695238852
unanimous,resulttogel,1,0,0.0,-1.5498335695238852
unanimous,rilis,1,0,0.0,-1.5498335695238852
unanimous,round,1,0,0.0,-1.5498335695238852
unanimous,sahabatganjar,1,0,0.0,-1.5498335695238852
unanimous,sertifikat,1,0,0.0,-1.5498335695238852
unanimous,telepon,1,0,0.0,-1.5498335695238852
unanimous,togelsydney,1,0,0.0,-1.5498335695238852
unanimous,togelterbaik,1,0,0.0,-1.5498335695238852
unanimous,tokopedia,1,0,0.0,-1.5498335695238852
unanimous,tri,1,0,0.0,-1.5498335695238852
unanimous,unilever,1,0,0.0,-1.5498335695238852
unanimous,viva,1,0,0.0,-1.5498335695238852
unanimous,tag,1,2,0.0014134275618374558,-1.54984589919385
unanimous,tdk,0,100,0.004314994606256742,-1.5510142417635524
unanimous,cerdas,0,43,0.001855447680690399,-1.5552371445348652
unanimous,nyerang,0,22,0.0009492988133764832,-1.557197793128658
unanimous,pembela,0,22,0.0009492988133764832,-1.557197793128658
unanimous,seakan,0,22,0.0009492988133764832,-1.557197793128658
unanimous,2024,1,9,0.0063604240282685515,-1.5653607370103475
unanimous,wib,1,4,0.0028268551236749115,-1.5662478526273533
unanimous,3,1,18,0.012720848056537103,-1.5753811457615363
unanimous,ayu,1,0,0.0,-1.575519220952374
unanimous,bagikan,1,0,0.0,-1.575519220952374
unanimous,bni,1,0,0.0,-1.575519220952374
unanimous,datachina,1,0,0.0,-1.575519220952374
unanimous,ditutup,1,0,0.0,-1.575519220952374
unanimous,dok,1,0,0.0,-1.575519220952374
unanimous,erick,1,0,0.0,-1.575519220952374
unanimous,hype,1,0,0.0,-1.575519220952374
unanimous,hyuk,1,0,0.0,-1.575519220952374
unanimous,ide,1,0,0.0,-1.575519220952374
unanimous,jo,1,0,0.0,-1.575519220952374
unanimous,keempat,1,0,0.0,-1.575519220952374
unanimous,kompol,1,0,0.0,-1.575519220952374
unanimous,mempertahankan,1,0,0.0,-1.575519220952374
unanimous,mencakup,1,0,0.0,-1.575519220952374
unanimous,menetapkan,1,0,0.0,-1.575519220952374
unanimous,mengubah,1,0,0.0,-1.575519220952374
unanimous,menyoroti,1,0,0.0,-1.575519220952374
unanimous,pentingnya,1,0,0.0,-1.575519220952374
unanimous,peperangan,1,0,0.0,-1.575519220952374
unanimous,pesisir,1,0,0.0,-1.575519220952374
unanimous,rahayu,1,0,0.0,-1.575519220952374
unanimous,rutin,1,0,0.0,-1.575519220952374
unanimous,sederajat,1,0,0.0,-1.575519220952374
unanimous,single,1,0,0.0,-1.575519220952374
unanimous,sobatgaming,1,0,0.0,-1.575519220952374
unanimous,tajam,1,0,0.0,-1.575519220952374
unanimous,tempo,1,0,0.0,-1.575519220952374
unanimous,ter,1,0,0.0,-1.575519220952374
unanimous,universe,1,0,0.0,-1.575519220952374
unanimous,university,1,0,0.0,-1.575519220952374
unanimous,zona,1,0,0.0,-1.575519220952374
unanimous,zoom,1,0,0.0,-1.575519220952374
unanimous,zionist,0,49,0.0021143473570658035,-1.5756120343888977
unanimous,zionis,0,823,0.03551240560949299,-1.5781135841833263
unanimous,menyebutkan,1,1,0.0007067137809187279,-1.5866796496719262
unanimous,bio,1,3,0.0021201413427561835,-1.587347742498154
unanimous,penguasa,0,28,0.0012081984897518879,-1.5902337785300227
unanimous,kuburan,0,38,0.001639697950377562,-1.5934621044129205
unanimous,perkara,0,38,0.001639697950377562,-1.5934621044129205
unanimous,180,1,0,0.0,-1.6005637458410624
unanimous,2020,1,0,0.0,-1.6005637458410624
unanimous,59,1,0,0.0,-1.6005637458410624
unanimous,72,1,0,0.0,-1.6005637458410624
unanimous,800,1,0,0.0,-1.6005637458410624
unanimous,alami,1,0,0.0,-1.6005637458410624
unanimous,antonio,1,0,0.0,-1.6005637458410624
unanimous,bahrain,1,0,0.0,-1.6005637458410624
unanimous,berupaya,1,0,0.0,-1.6005637458410624
unanimous,bonus,1,0,0.0,-1.6005637458410624
unanimous,cod,1,0,0.0,-1.6005637458410624
unanimous,dicolok,1,0,0.0,-1.6005637458410624
unanimous,ditetapkan,1,0,0.0,-1.6005637458410624
unanimous,email,1,0,0.0,-1.6005637458410624
unanimous,hidayat,1,0,0.0,-1.6005637458410624
unanimous,incredible,1,0,0.0,-1.6005637458410624
unanimous,jawapos,1,0,0.0,-1.6005637458410624
unanimous,pengawasan,1,0,0.0,-1.6005637458410624
unanimous,perserikatan,1,0,0.0,-1.6005637458410624
unanimous,profile,1,0,0.0,-1.6005637458410624
unanimous,rafael,1,0,0.0,-1.6005637458410624
unanimous,rank,1,0,0.0,-1.6005637458410624
unanimous,rezekibaru,1,0,0.0,-1.6005637458410624
unanimous,rian,1,0,0.0,-1.6005637458410624
unanimous,sayap,1,0,0.0,-1.6005637458410624
unanimous,tantangan,1,0,0.0,-1.6005637458410624
unanimous,unggulan,1,0,0.0,-1.6005637458410624
unanimous,و,0,31,0.00133764832793959,-1.6019570751390209
unanimous,dlm,0,78,0.003365695792880259,-1.6025254901052117
unanimous,pantai,1,1,0.0007067137809187279,-1.6033642882779997
unanimous,papua,1,1,0.0007067137809187279,-1.6033642882779997
unanimous,aliran,0,34,0.0014670981661272923,-1.6116503642439683
unanimous,anis,0,24,0.001035598705501618,-1.6157641679068575
unanimous,shallallahu,0,24,0.001035598705501618,-1.6157641679068575
unanimous,putra,1,2,0.0014134275618374558,-1.6160918246227547
unanimous,terlibat,1,1,0.0007067137809187279,-1.619777936288193
unanimous,buzzer,0,37,0.0015965480043149947,-1.619822631677487
unanimous,12,1,10,0.007067137809187279,-1.6205347395931378
unanimous,of,1,4,0.0028268551236749115,-1.622926854327032
unanimous,88,1,0,0.0,-1.6249984235167736
unanimous,awesome,1,0,0.0,-1.6249984235167736
unanimous,bit,1,0,0.0,-1.6249984235167736
unanimous,cctv,1,0,0.0,-1.6249984235167736
unanimous,gameonline,1,0,0.0,-1.6249984235167736
unanimous,jelasnya,1,0,0.0,-1.6249984235167736
unanimous,jitu,1,0,0.0,-1.6249984235167736
unanimous,ketinggalan,1,0,0.0,-1.6249984235167736
unanimous,livedrawchina,1,0,0.0,-1.6249984235167736
unanimous,meeting,1,0,0.0,-1.6249984235167736
unanimous,nomorsatu,1,0,0.0,-1.6249984235167736
unanimous,note,1,0,0.0,-1.6249984235167736
unanimous,nyatakan,1,0,0.0,-1.6249984235167736
unanimous,paris,1,0,0.0,-1.6249984235167736
unanimous,pemilih,1,0,0.0,-1.6249984235167736
unanimous,penjualan,1,0,0.0,-1.6249984235167736
unanimous,polsek,1,0,0.0,-1.6249984235167736
unanimous,tercatat,1,0,0.0,-1.6249984235167736
unanimous,totolotre,1,0,0.0,-1.6249984235167736
unanimous,tranding,1,0,0.0,-1.6249984235167736
unanimous,transaksi,1,0,0.0,-1.6249984235167736
unanimous,tumbuh,1,0,0.0,-1.6249984235167736
unanimous,piala,1,1,0.0007067137809187279,-1.6278858763088622
unanimous,timnas,1,1,0.0007067137809187279,-1.6278858763088622
unanimous,open,1,4,0.0028268551236749115,-1.6284272817315169
unanimous,moral,0,43,0.001855447680690399,-1.6329109440760794
unanimous,alaihi,0,30,0.0012944983818770227,-1.6342611432332481
unanimous,kementerian,1,2,0.0014134275618374558,-1.6356370343527247
unanimous,katolik,1,6,0.004240282685512367,-1.6406125280573503
unanimous,nkri,0,52,0.002243797195253506,-1.6472815977653934
unanimous,chinese,1,4,0.0028268551236749115,-1.6474513963017239
unanimous,berkoordinasi,1,0,0.0,-1.6488522986304868
unanimous,brilliant,1,0,0.0,-1.6488522986304868
unanimous,cv,1,0,0.0,-1.6488522986304868
unanimous,freeport,1,0,0.0,-1.6488522986304868
unanimous,hangzhou2022,1,0,0.0,-1.6488522986304868
unanimous,hoaks,1,0,0.0,-1.6488522986304868
unanimous,jasa,1,0,0.0,-1.6488522986304868
unanimous,jppaus,1,0,0.0,-1.6488522986304868
unanimous,kanwil,1,0,0.0,-1.6488522986304868
unanimous,khawatir,1,0,0.0,-1.6488522986304868
unanimous,lintas,1,0,0.0,-1.6488522986304868
unanimous,lomba,1,0,0.0,-1.6488522986304868
unanimous,mandiri,1,0,0.0,-1.6488522986304868
unanimous,maranatha,1,0,0.0,-1.6488522986304868
unanimous,memaksa,1,0,0.0,-1.6488522986304868
unanimous,mengatasi,1,0,0.0,-1.6488522986304868
unanimous,mengungkap,1,0,0.0,-1.6488522986304868
unanimous,our,1,0,0.0,-1.6488522986304868
unanimous,part,1,0,0.0,-1.6488522986304868
unanimous,pembayaran,1,0,0.0,-1.6488522986304868
unanimous,penyebab,1,0,0.0,-1.6488522986304868
unanimous,poster,1,0,0.0,-1.6488522986304868
unanimous,rights,1,0,0.0,-1.6488522986304868
unanimous,terbang,1,0,0.0,-1.6488522986304868
unanimous,termurah,1,0,0.0,-1.6488522986304868
unanimous,wang,1,0,0.0,-1.6488522986304868
unanimous,wijaya,1,0,0.0,-1.6488522986304868
unanimous,bkn,0,20,0.0008629989212513484,-1.6503745924930675
unanimous,hadits,0,20,0.0008629989212513484,-1.6503745924930675
unanimous,kereta,1,1,0.0007067137809187279,-1.667477970695482
unanimous,wahai,0,32,0.0013807982740021575,-1.6714560200323896
unanimous,sesungguhnya,0,57,0.002459546925566343,-1.671934021040574
unanimous,dibantu,1,0,0.0,-1.6721523890833527
unanimous,keluarganya,1,0,0.0,-1.6721523890833527
unanimous,ketik,1,0,0.0,-1.6721523890833527
unanimous,kong,1,0,0.0,-1.6721523890833527
unanimous,kulit,1,0,0.0,-1.6721523890833527
unanimous,lokerjakarta,1,0,0.0,-1.6721523890833527
unanimous,ly,1,0,0.0,-1.6721523890833527
unanimous,pegawai,1,0,0.0,-1.6721523890833527
unanimous,personel,1,0,0.0,-1.6721523890833527
unanimous,pertanian,1,0,0.0,-1.6721523890833527
unanimous,popular,1,0,0.0,-1.6721523890833527
unanimous,pusing,1,0,0.0,-1.6721523890833527
unanimous,tenang,1,0,0.0,-1.6721523890833527
unanimous,terungkap,1,0,0.0,-1.6721523890833527
unanimous,washington,1,0,0.0,-1.6721523890833527
unanimous,disampaikan,1,1,0.0007067137809187279,-1.6752137077965585
unanimous,seru,1,1,0.0007067137809187279,-1.6752137077965585
unanimous,teknologi,1,1,0.0007067137809187279,-1.6752137077965585
unanimous,otak,0,66,0.0028478964401294497,-1.6785588477830768
unanimous,per,1,1,0.0007067137809187279,-1.6828907260124522
unanimous,link,1,6,0.004240282685512367,-1.6834533353830872
unanimous,diduga,1,2,0.0014134275618374558,-1.6875292779856124
unanimous,achmad,1,0,0.0,-1.6949238703182732
unanimous,berdampak,1,0,0.0,-1.6949238703182732
unanimous,cup,1,0,0.0,-1.6949238703182732
unanimous,ginting,1,0,0.0,-1.6949238703182732
unanimous,hasilnya,1,0,0.0,-1.6949238703182732
unanimous,hidupnya,1,0,0.0,-1.6949238703182732
unanimous,idntimes,1,0,0.0,-1.6949238703182732
unanimous,memperingatkan,1,0,0.0,-1.6949238703182732
unanimous,prediksitogelchina,1,0,0.0,-1.6949238703182732
unanimous,respons,1,0,0.0,-1.6949238703182732
unanimous,santo,1,0,0.0,-1.6949238703182732
unanimous,setiawan,1,0,0.0,-1.6949238703182732
unanimous,transfer,1,0,0.0,-1.6949238703182732
unanimous,anjing,0,105,0.004530744336569579,-1.6976332508592784
unanimous,sallam,0,22,0.0009492988133764832,-1.7010083600070711
unanimous,berkuasa,0,31,0.00133764832793959,-1.7027517712793283
unanimous,anak2,0,37,0.0015965480043149947,-1.7039164913588993
unanimous,ayat,0,40,0.001725997842502697,-1.7044995873183697
unanimous,pt,1,1,0.0007067137809187279,-1.705578264818041
unanimous,thailand,1,1,0.0007067137809187279,-1.705578264818041
unanimous,31,1,1,0.0007067137809187279,-1.7130291069899681
unanimous,drama,1,1,0.0007067137809187279,-1.7130291069899681
unanimous,langkah,1,1,0.0007067137809187279,-1.7130291069899681
unanimous,bogor,1,0,0.0,-1.7171902391292753
unanimous,diharapkan,1,0,0.0,-1.7171902391292753
unanimous,feni,1,0,0.0,-1.7171902391292753
unanimous,kesulitan,1,0,0.0,-1.7171902391292753
unanimous,kiky,1,0,0.0,-1.7171902391292753
unanimous,memenangkan,1,0,0.0,-1.7171902391292753
unanimous,nam,1,0,0.0,-1.7171902391292753
unanimous,ntt,1,0,0.0,-1.7171902391292753
unanimous,pemesanan,1,0,0.0,-1.7171902391292753
unanimous,pengamanan,1,0,0.0,-1.7171902391292753
unanimous,premium,1,0,0.0,-1.7171902391292753
unanimous,r32,1,0,0.0,-1.7171902391292753
unanimous,sari,1,0,0.0,-1.7171902391292753
unanimous,semifinal,1,0,0.0,-1.7171902391292753
unanimous,togelslot,1,0,0.0,-1.7171902391292753
unanimous,toto,1,0,0.0,-1.7171902391292753
unanimous,win,1,0,0.0,-1.7171902391292753
unanimous,yusuf,1,0,0.0,-1.7171902391292753
unanimous,kabupaten,1,2,0.0014134275618374558,-1.7236758297749517
unanimous,bagus,1,1,0.0007067137809187279,-1.7277681912162908
unanimous,meski,1,1,0.0007067137809187279,-1.7277681912162908
unanimous,komunis,0,33,0.0014239482200647249,-1.7327909829352517
unanimous,tukang,0,27,0.0011650485436893205,-1.7379314286027485
unanimous,41,1,0,0.0,-1.738973459661062
unanimous,66,1,0,0.0,-1.738973459661062
unanimous,78,1,0,0.0,-1.738973459661062
unanimous,afrika,1,0,0.0,-1.738973459661062
unanimous,asiangames2023,1,0,0.0,-1.738973459661062
unanimous,atlet,1,0,0.0,-1.738973459661062
unanimous,beritasatu,1,0,0.0,-1.738973459661062
unanimous,deklarasi,1,0,0.0,-1.738973459661062
unanimous,dwi,1,0,0.0,-1.738973459661062
unanimous,halloween,1,0,0.0,-1.738973459661062
unanimous,idn,1,0,0.0,-1.738973459661062
unanimous,ikan,1,0,0.0,-1.738973459661062
unanimous,judul,1,0,0.0,-1.738973459661062
unanimous,jusuf,1,0,0.0,-1.738973459661062
unanimous,ketegangan,1,0,0.0,-1.738973459661062
unanimous,ktt,1,0,0.0,-1.738973459661062
unanimous,masyaallah,1,0,0.0,-1.738973459661062
unanimous,pemindahan,1,0,0.0,-1.738973459661062
unanimous,permasalahan,1,0,0.0,-1.738973459661062
unanimous,pln,1,0,0.0,-1.738973459661062
unanimous,prediksichinapools,1,0,0.0,-1.738973459661062
unanimous,puncak,1,0,0.0,-1.738973459661062
unanimous,rekening,1,0,0.0,-1.738973459661062
unanimous,sarapan,1,0,0.0,-1.738973459661062
unanimous,uzbekistan,1,0,0.0,-1.738973459661062
unanimous,beriman,0,24,0.001035598705501618,-1.7416375381634455
unanimous,ajaran,0,53,0.0022869471413160735,-1.744210321581479
unanimous,jumat,1,4,0.0028268551236749115,-1.7450316088482531
unanimous,س,0,21,0.0009061488673139158,-1.7465139231656355
unanimous,pihaknya,1,1,0.0007067137809187279,-1.7494819881734007
unanimous,kekuasaan,0,41,0.0017691477885652643,-1.752237140416812
unanimous,resmi,1,2,0.0014134275618374558,-1.7542862566315487
unanimous,52,1,0,0.0,-1.760294093872978
unanimous,evakuasi,1,0,0.0,-1.760294093872978
unanimous,irwan,1,0,0.0,-1.760294093872978
unanimous,jatinangor,1,0,0.0,-1.760294093872978
unanimous,men,1,0,0.0,-1.760294093872978
unanimous,mengingat,1,0,0.0,-1.760294093872978
unanimous,menikah,1,0,0.0,-1.760294093872978
unanimous,menyediakan,1,0,0.0,-1.760294093872978
unanimous,newsupdate,1,0,0.0,-1.760294093872978
unanimous,pembukaan,1,0,0.0,-1.760294093872978
unanimous,rangkaian,1,0,0.0,-1.760294093872978
unanimous,rekomendasi,1,0,0.0,-1.760294093872978
unanimous,sabang,1,0,0.0,-1.760294093872978
unanimous,skor,1,0,0.0,-1.760294093872978
unanimous,topik,1,0,0.0,-1.760294093872978
unanimous,r,1,1,0.0007067137809187279,-1.7637033253906755
unanimous,info,1,4,0.0028268551236749115,-1.7668565003971965
unanimous,sempat,1,1,0.0007067137809187279,-1.7707397768500461
unanimous,ngaku,0,26,0.001121898597626753,-1.775015898693403
unanimous,adat,1,0,0.0,-1.7811714184098635
unanimous,adi,1,0,0.0,-1.7811714184098635
unanimous,afp,1,0,0.0,-1.7811714184098635
unanimous,amazing,1,0,0.0,-1.7811714184098635
unanimous,baesuzy,1,0,0.0,-1.7811714184098635
unanimous,ben,1,0,0.0,-1.7811714184098635
unanimous,cape,1,0,0.0,-1.7811714184098635
unanimous,diselenggarakan,1,0,0.0,-1.7811714184098635
unanimous,drone,1,0,0.0,-1.7811714184098635
unanimous,gresik,1,0,0.0,-1.7811714184098635
unanimous,imigrasi,1,0,0.0,-1.7811714184098635
unanimous,inews,1,0,0.0,-1.7811714184098635
unanimous,keluaranchina,1,0,0.0,-1.7811714184098635
unanimous,marsudi,1,0,0.0,-1.7811714184098635
unanimous,menyelesaikan,1,0,0.0,-1.7811714184098635
unanimous,pasokan,1,0,0.0,-1.7811714184098635
unanimous,penempatan,1,0,0.0,-1.7811714184098635
unanimous,produsen,1,0,0.0,-1.7811714184098635
unanimous,senyum,1,0,0.0,-1.7811714184098635
unanimous,situstogel,1,0,0.0,-1.7811714184098635
unanimous,sport,1,0,0.0,-1.7811714184098635
unanimous,tembus,1,0,0.0,-1.7811714184098635
unanimous,terpercaya,1,0,0.0,-1.7811714184098635
unanimous,tes,1,0,0.0,-1.7811714184098635
unanimous,tinggalkan,0,23,0.0009924487594390506,-1.783353427376736
unanimous,penampungan,1,1,0.0007067137809187279,-1.791560429323516
unanimous,photo,1,1,0.0007067137809187279,-1.791560429323516
unanimous,tv,1,1,0.0007067137809187279,-1.791560429323516
unanimous,salaf,0,20,0.0008629989212513484,-1.7941851593714806
unanimous,bani,0,31,0.00133764832793959,-1.7944352932873433
unanimous,30,1,3,0.0021201413427561835,-1.7976733443686543
unanimous,lanjut,1,2,0.0014134275618374558,-1.8006072113848666
unanimous,83,1,0,0.0,-1.8016235295446876
unanimous,bagas,1,0,0.0,-1.8016235295446876
unanimous,bakso,1,0,0.0,-1.8016235295446876
unanimous,berperan,1,0,0.0,-1.8016235295446876
unanimous,champion,1,0,0.0,-1.8016235295446876
unanimous,community,1,0,0.0,-1.8016235295446876
unanimous,delapan,1,0,0.0,-1.8016235295446876
unanimous,menekankan,1,0,0.0,-1.8016235295446876
unanimous,now,1,0,0.0,-1.8016235295446876
unanimous,nurul,1,0,0.0,-1.8016235295446876
unanimous,rohingnya,1,0,0.0,-1.8016235295446876
unanimous,togelindonesia,1,0,0.0,-1.8016235295446876
unanimous,twin,1,0,0.0,-1.8016235295446876
unanimous,un,1,0,0.0,-1.8016235295446876
unanimous,pemahaman,0,25,0.0010787486515641855,-1.8135253760654821
unanimous,16,1,4,0.0028268551236749115,-1.818351331989497
unanimous,follow,1,3,0.0021201413427561835,-1.8211796354801035
unanimous,49,1,0,0.0,-1.8216674376247102
unanimous,arhan,1,0,0.0,-1.8216674376247102
unanimous,cnnindonesia,1,0,0.0,-1.8216674376247102
unanimous,fuji,1,0,0.0,-1.8216674376247102
unanimous,mengutip,1,0,0.0,-1.8216674376247102
unanimous,nyesel,1,0,0.0,-1.8216674376247102
unanimous,penganiayaan,1,0,0.0,-1.8216674376247102
unanimous,saputra,1,0,0.0,-1.8216674376247102
unanimous,tertinggi,1,0,0.0,-1.8216674376247102
unanimous,tvonenews,1,0,0.0,-1.8216674376247102
unanimous,winner,1,0,0.0,-1.8216674376247102
unanimous,group,1,1,0.0007067137809187279,-1.8253377622217606
unanimous,ujar,1,1,0.0007067137809187279,-1.8253377622217606
unanimous,kpd,0,22,0.0009492988133764832,-1.826881730263659
unanimous,pki,0,22,0.0009492988133764832,-1.826881730263659
unanimous,aniesmuhaimin2024,1,0,0.0,-1.8413191522563364
unanimous,badmintonplayer,1,0,0.0,-1.8413191522563364
unanimous,bandarjudi,1,0,0.0,-1.8413191522563364
unanimous,diboikot,1,0,0.0,-1.8413191522563364
unanimous,diklaim,1,0,0.0,-1.8413191522563364
unanimous,halo,1,0,0.0,-1.8413191522563364
unanimous,high,1,0,0.0,-1.8413191522563364
unanimous,hijau,1,0,0.0,-1.8413191522563364
unanimous,kemenkumham,1,0,0.0,-1.8413191522563364
unanimous,kritik,1,0,0.0,-1.8413191522563364
unanimous,masters,1,0,0.0,-1.8413191522563364
unanimous,perak,1,0,0.0,-1.8413191522563364
unanimous,po,1,0,0.0,-1.8413191522563364
unanimous,terowongan,1,0,0.0,-1.8413191522563364
unanimous,truk,1,0,0.0,-1.8413191522563364
unanimous,zhejiang,1,0,0.0,-1.8413191522563364
unanimous,22,1,3,0.0021201413427561835,-1.8441619672178522
unanimous,3d,1,1,0.0007067137809187279,-1.845076538088452
unanimous,agresi,1,1,0.0007067137809187279,-1.845076538088452
unanimous,kegiatan,1,1,0.0007067137809187279,-1.8515716119694867
unanimous,27,1,2,0.0014134275618374558,-1.8566776937584444
unanimous,kantor,1,2,0.0014134275618374558,-1.8566776937584444
unanimous,165,1,0,0.0,-1.860593759297533
unanimous,85,1,0,0.0,-1.860593759297533
unanimous,ajang,1,0,0.0,-1.860593759297533
unanimous,andi,1,0,0.0,-1.860593759297533
unanimous,asasi,1,0,0.0,-1.860593759297533
unanimous,dibandingkan,1,0,0.0,-1.860593759297533
unanimous,fajar,1,0,0.0,-1.860593759297533
unanimous,mendatang,1,0,0.0,-1.860593759297533
unanimous,rekaman,1,0,0.0,-1.860593759297533
unanimous,situasi,1,1,0.0007067137809187279,-1.8644382214761241
unanimous,الله,0,26,0.001121898597626753,-1.8758105948337107
unanimous,diperkirakan,1,0,0.0,-1.8795054905854456
unanimous,gugur,1,0,0.0,-1.8795054905854456
unanimous,jt,1,0,0.0,-1.8795054905854456
unanimous,konfirmasi,1,0,0.0,-1.8795054905854456
unanimous,pengembangan,1,0,0.0,-1.8795054905854456
unanimous,tampil,1,0,0.0,-1.8795054905854456
unanimous,tangerang,1,0,0.0,-1.8795054905854456
unanimous,togelakurat,1,0,0.0,-1.8795054905854456
unanimous,togelhariini,1,0,0.0,-1.8795054905854456
unanimous,togelovers,1,0,0.0,-1.8795054905854456
unanimous,israelterorrist,0,36,0.0015533980582524273,-1.8808344111415825
unanimous,nazi,0,28,0.0012081984897518879,-1.8946483638725033
unanimous,gratis,1,1,0.0007067137809187279,-1.895908005161827
unanimous,balasan,1,0,0.0,-1.8980677872065952
unanimous,festival,1,0,0.0,-1.8980677872065952
unanimous,kunci,1,0,0.0,-1.8980677872065952
unanimous,match,1,0,0.0,-1.8980677872065952
unanimous,memicu,1,0,0.0,-1.8980677872065952
unanimous,music,1,0,0.0,-1.8980677872065952
unanimous,peserta,1,0,0.0,-1.8980677872065952
unanimous,siswa,1,0,0.0,-1.8980677872065952
unanimous,ucap,1,0,0.0,-1.8980677872065952
unanimous,versi,1,0,0.0,-1.8980677872065952
unanimous,tiga,1,2,0.0014134275618374558,-1.9098337132321621
unanimous,kebiadaban,0,30,0.0012944983818770227,-1.9108332210629828
unanimous,bebas,1,1,0.0007067137809187279,-1.914331564974503
unanimous,menyampaikan,1,1,0.0007067137809187279,-1.914331564974503
unanimous,putri,1,1,0.0007067137809187279,-1.914331564974503
unanimous,anime,1,0,0.0,-1.916293357014242
unanimous,antaranya,1,0,0.0,-1.916293357014242
unanimous,beroperasi,1,0,0.0,-1.916293357014242
unanimous,el,1,0,0.0,-1.916293357014242
unanimous,humas,1,0,0.0,-1.916293357014242
unanimous,lahan,1,0,0.0,-1.916293357014242
unanimous,lowongankerja,1,0,0.0,-1.916293357014242
unanimous,mengunjungi,1,0,0.0,-1.916293357014242
unanimous,owner,1,0,0.0,-1.916293357014242
unanimous,pelayanan,1,0,0.0,-1.916293357014242
unanimous,peluang,1,0,0.0,-1.916293357014242
unanimous,polda,1,0,0.0,-1.916293357014242
unanimous,oktober,1,6,0.004240282685512367,-1.9181362881222286
unanimous,news,1,3,0.0021201413427561835,-1.918154345055751
unanimous,pencalonan,0,20,0.0008629989212513484,-1.9200585296280686
unanimous,anggota,1,2,0.0014134275618374558,-1.9208739109790505
unanimous,etika,0,39,0.0016828478964401295,-1.9323561361105523
unanimous,live,1,1,0.0007067137809187279,-1.932426503712862
unanimous,kaum,0,133,0.005738942826321467,-1.9328525275828992
unanimous,43,1,0,0.0,-1.9341942270094108
unanimous,bosku,1,0,0.0,-1.9341942270094108
unanimous,chen,1,0,0.0,-1.9341942270094108
unanimous,city,1,0,0.0,-1.9341942270094108
unanimous,foryou,1,0,0.0,-1.9341942270094108
unanimous,indonesian,1,0,0.0,-1.9341942270094108
unanimous,kesepakatan,1,0,0.0,-1.9341942270094108
unanimous,kombes,1,0,0.0,-1.9341942270094108
unanimous,kristus,1,0,0.0,-1.9341942270094108
unanimous,menangani,1,0,0.0,-1.9341942270094108
unanimous,pertumbuhan,1,0,0.0,-1.9341942270094108
unanimous,terdepan,1,0,0.0,-1.9341942270094108
unanimous,bidang,1,1,0.0007067137809187279,-1.9383871457733386
unanimous,google,1,1,0.0007067137809187279,-1.9383871457733386
unanimous,msh,0,22,0.0009492988133764832,-1.9388180974578173
unanimous,setan,0,41,0.0017691477885652643,-1.94243222988258
unanimous,ah,0,101,0.00435814455231931,-1.950811162577116
unanimous,asiangames,1,0,0.0,-1.9517817911263504
unanimous,ditempatkan,1,0,0.0,-1.9517817911263504
unanimous,official,1,0,0.0,-1.9517817911263504
unanimous,operator,1,0,0.0,-1.9517817911263504
unanimous,original,1,0,0.0,-1.9517817911263504
unanimous,siswi,1,0,0.0,-1.9517817911263504
unanimous,tanggapan,1,0,0.0,-1.9517817911263504
unanimous,tersangka,1,0,0.0,-1.9517817911263504
unanimous,sejumlah,1,2,0.0014134275618374558,-1.9673862462158958
unanimous,world,1,1,0.0007067137809187279,-1.9676763140999098
unanimous,agus,1,0,0.0,-1.9690668538979166
unanimous,perwakilan,1,0,0.0,-1.9690668538979166
unanimous,rohani,1,0,0.0,-1.9690668538979166
unanimous,tenggara,1,0,0.0,-1.9690668538979166
unanimous,tour,1,0,0.0,-1.9690668538979166
unanimous,yogyakarta,1,0,0.0,-1.9690668538979166
unanimous,angka,1,2,0.0014134275618374558,-1.9812833792687068
unanimous,syiah,0,375,0.016181229773462782,-1.984432832161853
unanimous,39,1,0,0.0,-1.9860596704199418
unanimous,ajnn,1,0,0.0,-1.9860596704199418
unanimous,badmintalk,1,0,0.0,-1.9860596704199418
unanimous,dibutuhkan,1,0,0.0,-1.9860596704199418
unanimous,ina,1,0,0.0,-1.9860596704199418
unanimous,kec,1,0,0.0,-1.9860596704199418
unanimous,komitmen,1,0,0.0,-1.9860596704199418
unanimous,maksimal,1,0,0.0,-1.9860596704199418
unanimous,memulai,1,0,0.0,-1.9860596704199418
unanimous,newsone,1,0,0.0,-1.9860596704199418
unanimous,tanda,1,0,0.0,-1.9860596704199418
unanimous,バドミントン,1,0,0.0,-1.9860596704199418
unanimous,paman,0,23,0.0009924487594390506,-1.9960844907112016
unanimous,42,1,0,0.0,-2.0027699829847587
unanimous,60,1,0,0.0,-2.0027699829847587
unanimous,cabang,1,0,0.0,-2.0027699829847587
unanimous,diskon,1,0,0.0,-2.0027699829847587
unanimous,fakultas,1,0,0.0,-2.0027699829847587
unanimous,polres,1,0,0.0,-2.0027699829847587
unanimous,sekretaris,1,0,0.0,-2.0027699829847587
unanimous,kafir,0,34,0.0014670981661272923,-2.004678926652115
unanimous,fitnah,0,43,0.001855447680690399,-2.0049229762130167
unanimous,kelakuan,0,25,0.0010787486515641855,-2.0060035942138046
unanimous,provinsi,1,1,0.0007067137809187279,-2.0073116004581
unanimous,bodoh,0,54,0.002330097087378641,-2.01085303449004
unanimous,penting,1,1,0.0007067137809187279,-2.0183575953512296
unanimous,55,1,0,0.0,-2.019207054711556
unanimous,arif,1,0,0.0,-2.019207054711556
unanimous,dibaca,1,0,0.0,-2.019207054711556
unanimous,gaming,1,0,0.0,-2.019207054711556
unanimous,melayani,1,0,0.0,-2.019207054711556
unanimous,menyusul,1,0,0.0,-2.019207054711556
unanimous,paket,1,0,0.0,-2.019207054711556
unanimous,park,1,0,0.0,-2.019207054711556
unanimous,prof,1,0,0.0,-2.019207054711556
unanimous,resultchina,1,0,0.0,-2.019207054711556
unanimous,tayang,1,0,0.0,-2.019207054711556
unanimous,vietnam,1,0,0.0,-2.019207054711556
unanimous,sabtu,1,3,0.0021201413427561835,-2.0308086695598213
unanimous,terkait,1,3,0.0021201413427561835,-2.0308086695598213
unanimous,24,1,2,0.0014134275618374558,-2.0317833210744127
unanimous,38,1,0,0.0,-2.0353797004642376
unanimous,credit,1,0,0.0,-2.0353797004642376
unanimous,entertainment,1,0,0.0,-2.0353797004642376
unanimous,kambing,1,0,0.0,-2.0353797004642376
unanimous,memanas,1,0,0.0,-2.0353797004642376
unanimous,membahas,1,0,0.0,-2.0353797004642376
unanimous,menambahkan,1,0,0.0,-2.0353797004642376
unanimous,riau,1,0,0.0,-2.0353797004642376
unanimous,segini,1,0,0.0,-2.0353797004642376
unanimous,streaming,1,0,0.0,-2.0353797004642376
unanimous,terdiri,1,0,0.0,-2.0353797004642376
unanimous,tersedia,1,0,0.0,-2.0353797004642376
unanimous,program,1,1,0.0007067137809187279,-2.0454584206089463
unanimous,diketahui,1,1,0.0007067137809187279,-2.0507929410928054
unanimous,harian,1,0,0.0,-2.0512963153151653
unanimous,konferensi,1,0,0.0,-2.0512963153151653
unanimous,mahar,1,0,0.0,-2.0512963153151653
unanimous,menanggapi,1,0,0.0,-2.0512963153151653
unanimous,peningkatan,1,0,0.0,-2.0512963153151653
unanimous,penyelundupan,1,0,0.0,-2.0512963153151653
unanimous,pratama,1,0,0.0,-2.0512963153151653
unanimous,red,1,0,0.0,-2.0512963153151653
unanimous,sahh,1,0,0.0,-2.0512963153151653
unanimous,set,1,0,0.0,-2.0512963153151653
unanimous,羽毛球,1,0,0.0,-2.0512963153151653
unanimous,배드민턴,1,0,0.0,-2.0512963153151653
unanimous,29,1,1,0.0007067137809187279,-2.056099615879104
unanimous,bwf,1,0,0.0,-2.066964900784885
unanimous,net,1,0,0.0,-2.066964900784885
unanimous,pendaftaran,1,0,0.0,-2.066964900784885
unanimous,9,1,4,0.0028268551236749115,-2.0814004819369547
unanimous,dibuka,1,0,0.0,-2.0823930890631663
unanimous,istimewa,1,0,0.0,-2.0823930890631663
unanimous,kehadiran,1,0,0.0,-2.0823930890631663
unanimous,more,1,0,0.0,-2.0823930890631663
unanimous,normal,1,0,0.0,-2.0823930890631663
unanimous,persatuan,1,0,0.0,-2.0823930890631663
unanimous,terupdate,1,0,0.0,-2.0823930890631663
unanimous,09,1,1,0.0007067137809187279,-2.097584627528438
unanimous,han,1,0,0.0,-2.0975881653948965
unanimous,iskandar,1,0,0.0,-2.0975881653948965
unanimous,minyak,1,0,0.0,-2.0975881653948965
unanimous,tunggal,1,0,0.0,-2.0975881653948965
unanimous,victor,1,0,0.0,-2.0975881653948965
unanimous,pukul,1,1,0.0007067137809187279,-2.10265328551377
unanimous,00,1,2,0.0014134275618374558,-2.1046955877548217
unanimous,44,1,0,0.0,-2.112557088795187
unanimous,akses,1,0,0.0,-2.112557088795187
unanimous,bandartogelonline,1,0,0.0,-2.112557088795187
unanimous,ganda,1,0,0.0,-2.112557088795187
unanimous,hindia,1,0,0.0,-2.112557088795187
unanimous,semarang,1,0,0.0,-2.112557088795187
unanimous,tindak,1,0,0.0,-2.112557088795187
unanimous,detikcom,1,0,0.0,-2.1273065112411462
unanimous,industri,1,0,0.0,-2.1273065112411462
unanimous,melaju,1,0,0.0,-2.1273065112411462
unanimous,menilai,1,0,0.0,-2.1273065112411462
unanimous,nur,1,0,0.0,-2.1273065112411462
unanimous,please,1,0,0.0,-2.1273065112411462
unanimous,berbagi,1,0,0.0,-2.1418427954727894
unanimous,lee,1,0,0.0,-2.1418427954727894
unanimous,li,1,0,0.0,-2.1418427954727894
unanimous,pribumi,0,35,0.0015102481121898597,-2.1551374386937585
unanimous,33,1,0,0.0,-2.156172031522315
unanimous,bencana,1,0,0.0,-2.156172031522315
unanimous,digital,1,0,0.0,-2.156172031522315
unanimous,keliru,1,0,0.0,-2.156172031522315
unanimous,membutuhkan,1,0,0.0,-2.156172031522315
unanimous,pribadi,1,0,0.0,-2.156172031522315
unanimous,comment,1,0,0.0,-2.1703000520792397
unanimous,daniel,1,0,0.0,-2.1703000520792397
unanimous,siti,1,0,0.0,-2.1703000520792397
unanimous,staf,1,0,0.0,-2.1703000520792397
unanimous,stay,1,0,0.0,-2.1703000520792397
unanimous,togelterpercaya,1,0,0.0,-2.1703000520792397
unanimous,muslimin,0,44,0.0018985976267529665,-2.1716058641423004
unanimous,kamis,1,3,0.0021201413427561835,-2.18077643303551
unanimous,cariberitaditvone,1,0,0.0,-2.18423244678839
unanimous,chat,1,0,0.0,-2.18423244678839
unanimous,chinapools,1,0,0.0,-2.18423244678839
unanimous,dini,1,0,0.0,-2.18423244678839
unanimous,dokumen,1,0,0.0,-2.18423244678839
unanimous,made,1,0,0.0,-2.18423244678839
unanimous,nasi,1,0,0.0,-2.18423244678839
unanimous,penanganan,1,0,0.0,-2.18423244678839
unanimous,widodo,1,0,0.0,-2.18423244678839
unanimous,selengkapnya,1,4,0.0028268551236749115,-2.1925388875228866
unanimous,bma,1,0,0.0,-2.1979745755684954
unanimous,food,1,0,0.0,-2.1979745755684954
unanimous,kunjungan,1,0,0.0,-2.1979745755684954
unanimous,smk,1,0,0.0,-2.1979745755684954
unanimous,timnasday,1,0,0.0,-2.1979745755684954
unanimous,universitas,1,2,0.0014134275618374558,-2.206599571758448
unanimous,perdana,1,1,0.0007067137809187279,-2.208219597419447
unanimous,angkatogel,1,0,0.0,-2.2115315810307834
unanimous,ditampung,1,0,0.0,-2.2115315810307834
unanimous,jungkook,1,0,0.0,-2.2115315810307834
unanimous,2022,1,1,0.0007067137809187279,-2.2218034169857885
unanimous,j,1,0,0.0,-2.224908400069599
unanimous,fikri,1,0,0.0,-2.2381097746904066
unanimous,indah,1,0,0.0,-2.2381097746904066
unanimous,150,1,0,0.0,-2.2511402621346237
unanimous,beijing,1,0,0.0,-2.2511402621346237
unanimous,harimau,1,0,0.0,-2.2511402621346237
unanimous,perdagangan,1,0,0.0,-2.2511402621346237
unanimous,tai,0,21,0.0009061488673139158,-2.2608957384461164
unanimous,center,1,0,0.0,-2.264004244355362
unanimous,paus,1,0,0.0,-2.264004244355362
unanimous,polresta,1,0,0.0,-2.264004244355362
unanimous,slotonline,1,0,0.0,-2.264004244355362
unanimous,november,1,2,0.0014134275618374558,-2.2736832014947193
unanimous,asiangames2022,1,0,0.0,-2.276705936893396
unanimous,bb,1,0,0.0,-2.276705936893396
unanimous,koordinator,1,0,0.0,-2.276705936893396
unanimous,meuseuraya,1,0,0.0,-2.276705936893396
unanimous,penggunaan,1,0,0.0,-2.276705936893396
unanimous,sambut,1,0,0.0,-2.276705936893396
unanimous,taiwan,1,0,0.0,-2.276705936893396
unanimous,januari,1,1,0.0007067137809187279,-2.2786619055312918
unanimous,prediksijitu,1,0,0.0,-2.289249397198334
unanimous,sektor,1,0,0.0,-2.289249397198334
unanimous,v,1,0,0.0,-2.289249397198334
unanimous,energi,1,0,0.0,-2.301638532436098
unanimous,loker,1,0,0.0,-2.301638532436098
unanimous,size,1,0,0.0,-2.301638532436098
unanimous,2023,1,20,0.014134275618374558,-2.302972420481197
unanimous,sunni,0,30,0.0012944983818770227,-2.3071594996116893
unanimous,kerbau,1,0,0.0,-2.3138771068203017
unanimous,bbfs,1,0,0.0,-2.3259687485019445
unanimous,bulutangkis,1,0,0.0,-2.3259687485019445
unanimous,duta,1,0,0.0,-2.3259687485019445
unanimous,sumatera,1,0,0.0,-2.3259687485019445
unanimous,desember,1,1,0.0007067137809187279,-2.3325200960207333
unanimous,mendorong,1,0,0.0,-2.3379169560489763
unanimous,prediksitogelhariini,1,0,0.0,-2.3379169560489763
unanimous,twins,1,0,0.0,-2.3379169560489763
unanimous,adadikompas,1,0,0.0,-2.349725104544684
unanimous,contact,1,0,0.0,-2.349725104544684
unanimous,meningkatkan,1,0,0.0,-2.349725104544684
unanimous,utamakan,1,0,0.0,-2.349725104544684
unanimous,biadab,0,61,0.0026321467098166127,-2.3518109306670127
unanimous,chinaopen2023,1,0,0.0,-2.3613964513314945
unanimous,kepolisian,1,0,0.0,-2.3613964513314945
unanimous,tulis,1,0,0.0,-2.3613964513314945
unanimous,daftar,1,1,0.0007067137809187279,-2.372100327352992
unanimous,kartu,1,0,0.0,-2.3729341414246536
unanimous,berisi,1,0,0.0,-2.384341212618288
unanimous,forum,1,0,0.0,-2.384341212618288
unanimous,and,1,1,0.0007067137809187279,-2.3875132870352545
unanimous,dewan,1,0,0.0,-2.395620600304591
unanimous,jadwal,1,0,0.0,-2.395620600304591
unanimous,titik,1,0,0.0,-2.4067751420252588
unanimous,sunnah,0,36,0.0015533980582524273,-2.4125196689046327
unanimous,04,1,0,0.0,-2.417807581772834
unanimous,asean,1,0,0.0,-2.417807581772834
unanimous,lokasi,1,1,0.0007067137809187279,-2.4213665506061295
unanimous,banda,1,1,0.0007067137809187279,-2.42505985400248
unanimous,medali,1,0,0.0,-2.4501984097669176
unanimous,usk,1,0,0.0,-2.4501984097669176
unanimous,angkajitu,1,0,0.0,-2.4607681484330417
unanimous,ayam,1,0,0.0,-2.4607681484330417
unanimous,balai,1,0,0.0,-2.4607681484330417
unanimous,jaya,1,0,0.0,-2.47122823684763
unanimous,ular,1,0,0.0,-2.47122823684763
unanimous,usai,1,1,0.0007067137809187279,-2.4754151795988455
unanimous,colok,1,0,0.0,-2.4815809359401824
unanimous,pemeriksaan,1,0,0.0,-2.4815809359401824
unanimous,kualifikasi,1,0,0.0,-2.491828437425636
unanimous,neraka,0,26,0.001121898597626753,-2.5012738082012893
unanimous,beritaterkini,1,0,0.0,-2.5019728666010366
unanimous,hubungi,1,0,0.0,-2.5219606929298264
unanimous,naga,1,0,0.0,-2.5219606929298264
unanimous,korea,1,1,0.0007067137809187279,-2.5267572985793203
unanimous,joko,1,0,0.0,-2.5318080318493714
unanimous,lowongan,1,0,0.0,-2.5318080318493714
unanimous,sebesar,1,0,0.0,-2.5318080318493714
unanimous,tempodunia,1,0,0.0,-2.5318080318493714
unanimous,dajjal,0,29,0.0012513484358144553,-2.5391500591219667
unanimous,minat,1,0,0.0,-2.560786213926464
unanimous,night,1,0,0.0,-2.560786213926464
unanimous,bank,1,0,0.0,-2.579652803131529
unanimous,dimulai,1,0,0.0,-2.579652803131529
unanimous,perjalanan,1,0,0.0,-2.579652803131529
unanimous,keterangan,1,0,0.0,-2.588955478639703
unanimous,informasi,1,1,0.0007067137809187279,-2.591449597046439
unanimous,32,1,0,0.0,-2.5981732068904333
unanimous,bid,0,21,0.0009061488673139158,-2.600936858227252
unanimous,mendesak,1,0,0.0,-2.6163599581220183
unanimous,pertemuan,1,0,0.0,-2.6163599581220183
unanimous,200,1,0,0.0,-2.6253319464799234
unanimous,pengeluaran,1,1,0.0007067137809187279,-2.628397684096297
unanimous,togeljitu,1,0,0.0,-2.660443447096891
unanimous,join,1,0,0.0,-2.6859986521503685
unanimous,badminton,1,0,0.0,-2.694375406367396
unanimous,full,1,0,0.0,-2.694375406367396
unanimous,bali,1,0,0.0,-2.702683290756442
unanimous,hangzhou,1,0,0.0,-2.719096938766635
unanimous,fyp,1,0,0.0,-2.743228237063924
unanimous,4d,1,0,0.0,-2.7590016067744245
unanimous,hadir,1,0,0.0,-2.7667969731739244
unanimous,temukan,1,0,0.0,-2.7667969731739244
unanimous,lengkap,1,0,0.0,-2.7973911470843844
unanimous,penolakan,1,0,0.0,-2.8123481094684104
unanimous,final,1,0,0.0,-2.8270871936947333
unanimous,21,1,1,0.0007067137809187279,-2.835917718763424
unanimous,bangladesh,1,0,0.0,-2.841614692825165
unanimous,joo,1,0,0.0,-2.841614692825165
unanimous,ujarnya,1,0,0.0,-2.8488009906518426
unanimous,togelchina,1,0,0.0,-2.870058779328488
unanimous,order,1,0,0.0,-2.9045258104922635
unanimous,memberi,1,0,0.0,-2.9179907928864997
unanimous,prediksichina,1,0,0.0,-2.9890106967212406
unanimous,juara,1,0,0.0,-2.995227007640269
unanimous,laknatullah,0,42,0.0018122977346278317,-3.002230381848967
unanimous,sesat,0,20,0.0008629989212513484,-3.0308225046360042
unanimous,kadrun,0,18,0.0007766990291262136,-3.0504476983925777
unanimous,togelonline,1,0,0.0,-3.07275309421239
unanimous,whatsapp,1,0,0.0,-3.07275309421239
unanimous,prediksitogel,1,0,0.0,-3.0784784059406975
unanimous,wahabi,0,23,0.0009924487594390506,-3.1097508271148815
unanimous,kecamatan,1,0,0.0,-3.112168611860174
unanimous,pesek,0,23,0.0009924487594390506,-3.141725914003022
unanimous,prize,1,0,0.0,-3.1501119435712477
unanimous,2d,1,0,0.0,-3.212034482297199
unanimous,jackpot,1,0,0.0,-3.2464888742051343
unanimous,tolol,0,21,0.0009061488673139158,-3.291925669613641
unanimous,nasional,1,0,0.0,-3.321122419464231
unanimous,pasaran,1,0,0.0,-3.321122419464231
unanimous,kuala,1,0,0.0,-3.347759029717173
unanimous,games,1,0,0.0,-3.4114590512372764
unanimous,pools,1,0,0.0,-3.4277954745668517
unanimous,asian,1,0,0.0,-3.4438748682190816
unanimous,28,1,0,0.0,-3.5353795330848254
unanimous,kesehatan,1,0,0.0,-3.5498657466683583
unanimous,jp,1,0,0.0,-3.7604592654652933
unanimous,pemenang,1,0,0.0,-3.8528775875606596
unanimous,togel,1,0,0.0,-3.9327597029361727
unanimous,senin,1,0,0.0,-3.952412134661986
unanimous,prediksi,1,0,0.0,-4.043227320298639
unanimous,september,1,0,0.0,-4.19834006868715
unanimous,result,1,0,0.0,-4.226782294066044
unanimous,shio,1,0,0.0,-4.4902533073524085
