text_id,topic,label,pred_label,pred_prob,text,text_preprocessed,error_type
3-2256,Disabilitas,0,1,1.0,"gila dini gila, udah tau ada maag masa iya semaleman begadang jam 5 pagi minum kopi item jam 7 pagi minum kopi sachet😭 pdhl perut blm keiisi samsek🤌🏻",gila dini gila sudah tau ada maag masa iya semaleman begadang jam 5 pagi minum kopi item jam 7 pagi minum kopi sachet menangis pdhl perut belum keiisi samsek,False Positive
2-12507,Jewish,0,1,0.9999993,"katadata #KalauBicaraPakaiData Erdogan akan Seret Israel agar Diadili di Mahkamah Internasional Antara/Media Center G20 ndonesla/Aditya Presiden Turki Recep Tayyip Erdogan kembali mengkritik Israel atas kejahatan perang yang dilakukan mereka di Jalur Gaza. Ia menegaskan, ada banyak bukti untuk menyeret pemerintah Israel ke Mahkamah Pidana Internasional (ICC). 

“Ada banyak bukti untuk mengadili pemerintah Israel di Mahkamah Pidana Internasional. 

“Apa pun hambatannya, kami akan membantu masyarakat di Gaza. Seluruh dunia, terutama negara-negara Islam, harus bergerak memberikan bantuan,” sambungnya.

Cek IG Story @katadatacoid atau klik link di bio untuk baca berita selengkapnya.

#turki #receptayyiperdoğan #receptayyiperdogan #mahkamahinternasional #freepalestine #palestine #palestina #gaza #katadatacoid #katadatanews #kalaubicarapakaidata",katadata erdogan akan seret israel agar diadili di mahkamah internasional antara media center g2o ndonesla aditya presiden turki recep tayyip erdogan kembali mengkritik israel atas kejahatan perang yang dilakukan mereka di jalur gaza ia menegaskan ada banyak bukti untuk menyeret pemerintah israel ke mahkamah pidana internasional icc ada banyak bukti untuk mengadili pemerintah israel di mahkamah pidana internasional apa pun hambatannya kami akan membantu masyarakat di gaza seluruh dunia terutama negara negara islam harus bergerak memberikan bantuan sambungnya cek ig story atau klik link di bio untuk baca berita selengkapnya,False Positive
2-9621,Jewish,0,1,0.99999785,Ilan pape & noam chomsky mengamini kalo dibalik colonialism israel terhadap palestina itu emg ada motif islamophobia. Jd kalo ada yg blg “ih bela palestine mentang2 sesama muslim” Jawab aja : memang ❤️,ilan pape noam chomsky mengamini kalo dibalik colonialism israel terhadap palestina itu memang ada motif islamophobia jadi kalo ada yang blg ih bela palestine mentang2 sesama muslim jawab saja memang cinta,False Positive
1-678,Syiah,0,1,0.99999535,"SUFIYAH DAN SYI'AH BAGAI PINANG DIBELAH DUA Bagi yang telah mengetahui hakikat Sufiyah dan Syi'ah maka jelas mereka akan melihat bahwa keduanya memiliki banyak kesamaan dan keserupaan bagaikan pinang dibelah dua. Diantara kesamaan mereka diantaranya: ✖️Berfaham wahdatul wujud ✖️Beraliran tasawuf ✖️Gemar bertabaruk ✖️Gemar bertawasul pada orang mati ✖️Gemar dengan sholawat-sholawat bid'ah dan kufur ✖️Mengkhultuskan para wali dan imam mereka ✖️Gemar membangun, menghiasi, beribadah, meminta hajat, hingga menyembah kubur ✖️Beribadah dengan tarian, nyanyian dan alat musik ✖️Gemar merayakan maulid dan haul ✖️Juga memiliki banyak sekali kesamaan rupa, hingga amalan-amalan yang lainnya. Bahkan sama-sama menjuluki ahlussunnah sebagai wahabi. Karena mereka mengumpulkan antara pemahaman sufi, ajaran syiah rafidhah dan selain mereka, tidaklah terjadi bencana, kecuali mereka mencocoki salah satu sisi syiah rafidhah atau mencocoki ahli bidah dalam melawan Ahlussunnah. Menyelisihi mereka dalam menyikapi berbagai kejadian dan menyikapi yang lainnya ❞ (Majmu Syarh Aqidat As-Salaf 2/330) Berikut adalah salah satu bukti-bukti bahwa kaum sufiyah dan syi'ah (Rafidhah) memang bagaikan pinang dibelah dua baik dari sisi amalan hingga misi dan tujuan: :=: Channel Telegram",sufiyah dan syi ah bagai pinang dibelah dua bagi yang telah mengetahui hakikat sufiyah dan syi ah maka jelas mereka akan melihat bahwa keduanya memiliki banyak kesamaan dan keserupaan bagaikan pinang dibelah dua diantara kesamaan mereka diantaranya berfaham wahdatul wujud beraliran tasawuf gemar bertabaruk gemar bertawasul pada orang mati gemar dengan sholawat sholawat bid ah dan kufur mengkhultuskan para wali dan imam mereka gemar membangun menghiasi beribadah meminta hajat hingga menyembah kubur beribadah dengan tarian nyanyian dan alat musik gemar merayakan maulid dan haul juga memiliki banyak sekali kesamaan rupa hingga amalan amalan yang lainnya bahkan sama sama menjuluki ahlussunnah sebagai wahabi karena mereka mengumpulkan antara pemahaman sufi ajaran syiah rafidhah dan selain mereka tidaklah terjadi bencana kecuali mereka mencocoki salah satu sisi syiah rafidhah atau mencocoki ahli bidah dalam melawan ahlussunnah menyelisihi mereka dalam menyikapi berbagai kejadian dan menyikapi yang lainnya majmu syarh aqidat as salaf 2 330 berikut adalah salah satu bukti bukti bahwa kaum sufiyah dan syi ah rafidhah memang bagaikan pinang dibelah dua baik dari sisi amalan hingga misi dan tujuan channel telegram,False Positive
2-1861,"Jewish, Disabilitas",0,1,0.99999404,"fandom/kelompok idiot menurut pemilik akun ini : 1. kpopers pembela idol garis keras 2. zionis pesek 3. fans bocil ronaldo messi 4. fans rrq/evos bocil tukang report akun orang 5. fans aremasu 6. buzzer copras capres 7. wota, especially yang p3d0 8. jamet fans bola lokal",fandom kelompok tolol menurut pemilik akun ini 1 kpopers pembela idol garis keras 2 zionis pesek 3 fans bocil ronaldo messi 4 fans rrq evos bocil tukang report akun orang 5 fans aremasu 6 buzzer copras calon presiden 7 wota especially yang pedo 8 jamet fans bola lokal,False Positive
2-5881,"Jewish, Disabilitas",0,1,0.9999839,"ANTARANEWS Pemimpin Hamas: Israel tak akan mencapai tujuan dari perang di Gaza Bahkan insya Allah akan hancur binasa ni israel klo trus membabi buta membunuh anak2, ibu2 dan lansia ,,,",antaranews pemimpin hamas israel tak akan mencapai tujuan dari perang di gaza bahkan insya allah akan hancur binasa ini israel kalau terus membabi buta membunuh anak2 ibu2 dan lansia,False Positive
1-871,Tionghoa,0,1,0.9999745,"‎'‎WALK IN INTERVIEW KOPI LEKER 24 DIBUTUHKAN SEGERA UNTUK POSISI: 1. CHINESE COOK WOK GORENG 2. BUTCHER CUTTER TaHoe COOK HELPER 3. PURCHASING KUALIFIKASI Minimal Pengalaman Bekerja di Restoran Hotel Selama ahun (Tidak Menerima Fresh Graduate) ﷺ AROEM RESTAURANT & BALLROOM Jakarta Pusat WALKIN INTERVIEW Tanggal 2,3 4 October 2023 Start Jam 10:00 17:00 AROEM RESTO & BALLROOM Jalan Abdul Muis No. 14 Petojo, Gambir Jakarta Pusat Wartono: 081294652804‎'‎",walk in interview kopi leker 24 dibutuhkan segera untuk posisi 1 cina cook wok goreng 2 butcher cutter tahoe cook helper 3 purchasing kualifikasi minimal pengalaman bekerja di restoran hotel selama ahun tidak menerima fresh graduate ﷺ aroem restaurant ballroom jakarta pusat walkin interview tanggal 2 3 4 october 2023 start jam 10 00 17 00 aroem resto ballroom jalan abdul muis no 14 petojo gambir jakarta pusat wartono 081294652804,False Positive
2-7090,Jewish,0,1,0.99996984,MENGAPA BANGSA YAHUDI ITU JAHAT DAN KEJAM AJARANNYA YAHUDI YG DISESATKAN FAHAM SETAN KITABNYA SUDAH DIRUBAH OLEH RABI YAHUDI YG MENYESATKAN BANGSA YAHUDI ISRAEL.,mengapa bangsa yahudi itu jahat dan kejam ajarannya yahudi yang disesatkan faham setan kitabnya sudah dirubah oleh rabi yahudi yang menyesatkan bangsa yahudi israel,False Positive
3-1336,Disabilitas,0,1,0.99996614,"Gila puas banget gw nonton holoID konser vivID Criuse tadi, cuman pas udah kelar dan sesi pembagian hp, itu sistemnya jelek bet tai. Ada kali gw ketahan sejam cuman buat nungguin hp gw balik",gila puas banget gue nonton holoid konser vivid criuse tadi cuman pas sudah kelar dan sesi pembagian hp itu sistemnya buruk rupa bet tai ada kali gue ketahan sejam cuman buat nungguin hp gue balik,False Positive
2-6021,Disabilitas,0,1,0.9999572,ril si buta mimpin si buta😭😭😭,ril si buta mimpin si buta menangis menangis,False Positive
2-12718,UNKNOWN,0,1,0.9999497,"Kepada Yth , Guru besar Universitas Indonesia Prof. Rhenald Kasali. Ph .D Di Negara Indonesia . Sayalah Salah Satu Mahluk Yang Sempurna Itu , Dan Saya Tak Setolol Dan Sebodoh Presiden Joko Widodo Yang Munafik Itu . Saya Pun Memohon Kepada Para Guru Besar , Untuk Tidak Menjadikan Rakyat Jelata Berwatak Kambing , Punya Otak Tapi Tak Punya Akal Dan Pikiran , "" Untuk Kedepannya "" Saya Berharap Semoga Para Guru Besar Di Indonesia Tidak Lagi (truncated)",kepada yth guru besar universitas indonesia prof rhenald kasali ph d di negara indonesia sayalah salah satu mahluk yang sempurna itu dan saya tak setolol dan sebodoh presiden joko widodo yang munafik itu saya pun memohon kepada para guru besar untuk tidak menjadikan rakyat jelata berwatak kambing punya otak tapi tak punya akal dan pikiran untuk kedepannya saya berharap semoga para guru besar di indonesia tidak lagi truncated,False Positive
102-53,Disabilitas,0,1,0.99993634,Pilih GP - MD SATU SATUNYA Pasangan bukan org mencela mencle Krn berhianat dr partai lain. Naif bangsa ini g pilih GP-MD Apakah bangsa ini buta hati mmilih pasangan dr hasil penghianatan??,pilih gp md satu satunya pasangan bukan org mencela mencle karena berhianat dr partai lain naif bangsa ini g pilih gp md apakah bangsa ini buta hati mmilih pasangan dr hasil penghianatan,False Positive
2-8886,Jewish,0,1,0.9999361,Harga saham dan surat utang (obligasi) Israel merosot dan banyak bisnis yang tutup sehari setelah serangan kelompok bersenjata Hamas dari Gaza.,harga saham dan surat utang obligasi israel merosot dan banyak bisnis yang tutup sehari setelah serangan kelompok bersenjata hamas dari gaza,False Positive
4-4560,Kristen,0,1,0.999925,@la_lalijah @kegblgnunfaedh Benerr. Kristen pun ini dilarang kok. Ga cuma di islam. Individu nya aja yg ga bener. Bukan agamanya. Ku rasa semua agama melarang ini.,benerr kristen pun ini dilarang kok tidak cuma di islam individu nya saja yang tidak bener bukan agamanya ku rasa semua agama melarang ini,False Positive
2-5402,"Jewish, Rohingya",0,1,0.9999118,"Berdalih Buru Hamas, Israel Serang Kamp Pengungsi di Gaza",berdalih buru hamas israel serang kamp pengungsi di gaza,False Positive
1-3249,Jewish,0,1,0.99985003,"""Atas nama saya dan seluruh umat Islam di Amerika, saya menyatakan dukungan bagi Palestına untuk memerdekakan tanah airnya dan mengusir penjajah Zionis -Muhammad Ali, Petinju Terbaik Dunia Taubatters Perkataan dari Legend, Petinju terbaik di dunia. -Muhammad Ali 🔥🔥🔥

#taubatters #muhammadali #muhammadaliquotes",atas nama saya dan seluruh umat islam di amerika saya menyatakan dukungan bagi palestına untuk memerdekakan tanah airnya dan mengusir penjajah zionis muhammad ali petinju terbaik dunia taubatters perkataan dari legend petinju terbaik di dunia muhammad ali panas panas,False Positive
2-1895,Disabilitas,0,1,0.99983716,"Susah bgt ya seseorang untuk mengakui kehebatan orang lain,bukan gila pengakuan, tapi bukannya sebuah pencapaian atau prestasi pantas untuk dihargai",susah banget ya seseorang untuk mengakui kehebatan orang lain bukan gila pengakuan tapi bukannya sebuah pencapaian atau prestasi pantas untuk dihargai,False Positive
3-1839,Jewish,0,1,0.9998235,"Ikut Aksi Bela Palestina, Walikota Pekalongan Sepakat Boikot Produk Terafiliasi Israel",ikut aksi bela palestina walikota pekalongan sepakat boikot produk terafiliasi israel,False Positive
1-1748,UNKNOWN,0,1,0.9998166,"Yaman itu dibenci dan diperangi oleh Negara Negara Arab. Banyak orang Yaman yang mati dan beberapa tempat infrastruktur di Yaman yang hancur dibombardir oleh Tentara Negara Negara Arab yang dipimpin oleh Arab Saudi. Tidak ada orang Yaman itu yang berani teriak teriak mengaku keturunan Nabi di Arab sana, ya beraninya di Indonesia. Yaman itu dulunya Negeri yang mau menghancurkan Ka'bah yang dipimpin oleh Abrahah dari Negeri Yaman. Itu fakta tentang Yaman, ada yang mau membantah?",yaman itu dibenci dan diperangi oleh negara negara arab banyak orang yaman yang mati dan beberapa tempat infrastruktur di yaman yang hancur dibombardir oleh tentara negara negara arab yang dipimpin oleh arab saudi tidak ada orang yaman itu yang berani teriak teriak mengaku keturunan nabi di arab sana ya beraninya di indonesia yaman itu dulunya negeri yang mau menghancurkan ka bah yang dipimpin oleh abrahah dari negeri yaman itu fakta tentang yaman ada yang mau membantah,False Positive
2-3515,Jewish,0,1,0.99976176,"Ya Allah, teguhkanlah pertahanan para pejuang Palestina melawan musuh2nya (Zionis Israel dan sekutunya). Ya Allah, tolonglah para pejuang Palestina dan menangkanlah mereka atas musuh2nya. #WeStandWithPalestine #FreePalestine #PrayForPalestine",ya allah teguhkanlah pertahanan para pejuang palestina melawan musuh2nya zionis israel dan sekutunya ya allah tolonglah para pejuang palestina dan menangkanlah mereka atas musuh2nya,False Positive
102-29,LGBTQ+,0,1,0.99972826,"‎'‎Insyaa Allah Kajian Islam Rutin Setiap Pekan Ke 2& 2 حنور IMASJID ANNUR Pertemuan ke 12 SIRAH NABAWIYAH Ustadz Mohamad Nursamsul Qamar, Lc Hafidzahullahu Ta Ta'ala Sabtu 出 September 2023 Ba da Subuh Selesai Masjid An-Nur Jl. Bendi Raya No. 42-44 Kebayoran Lama, Jakarta Selatan NO LGBT! LIVE insyaaAllah live Instagram enabung Indonesia S SENABUNG Senabung Indonesia‎'‎",insyaa allah kajian islam rutin setiap pekan ke 2 2 حنور imasjid annur pertemuan ke 12 sirah nabawiyah ustadz mohamad nursamsul qamar lc hafidzahullahu ta ta ala sabtu 出 september 2023 ba da subuh selesai masjid an nur jl bendi raya no 42 44 kebayoran lama jakarta selatan no lgbt live insyaallah live instagram enabung indonesia s senabung senabung indonesia,False Positive
4-4982,Kristen,0,1,0.9996767,Selama Kristen masih Memakai kata Allah sebagai Nama sang Theos Bapa. Selama itu Pula Otak Kalian akan Gue Acak-acak,selama kristen masih memakai kata allah sebagai nama sang theos bapa selama itu pula otak kalian akan gue acak acak,False Positive
2-4657,Jewish,0,1,0.99965894,"Ini bukan trailer film, ini thriller bahkan horor nyata yang terjadi di Gaza. Yang dipertontonkan secara global tanpa rasa malu oleh Israel yang telah bangkrut secara moral dan disupport oleh negara-negara yang telah lama berDNA penjajah dan perampok negeri lain.",ini bukan trailer film ini thriller bahkan horor nyata yang terjadi di gaza yang dipertontonkan secara global tanpa rasa malu oleh israel yang telah bangkrut secara moral dan disupport oleh negara negara yang telah lama berdna penjajah dan perampok negeri lain,False Positive
2-5065,Jewish,0,1,0.9996295,Rejim Zionis melepaskan bom gas air mata ke arah penduduk Baitulmaqdis di kawasan Wadi al-Joz Cara Kino selalu mereka lakukan Bikin warga gak nyaman - intimidasi usir Setelah wilayah mereka kuasai (kosong) mereka mulai memasukan warga haram sebagai oengganti,rejim zionis melepaskan bom maju air mata ke arah penduduk baitulmaqdis di kawasan wadi al joz cara kino selalu mereka lakukan bikin warga tidak nyaman intimidasi usir setelah wilayah mereka kuasai kosong mereka mulai memasukan warga haram sebagai oengganti,False Positive
3-2372,LGBTQ+,0,1,0.9996105,"Wakakaka. Seleb twitter gay yang melakukan hal buruk ke gue (di dating app), gawainya kejambretan di jalan Thamrin wkwkwk. Gue turut sedih dan thank you udah sharing. Gue bisa waspada juga. Tapi entah kenapa, gue ngakak aja setiap lihat dia tertimpa masalah wakakakaka. 🤣🤭",wakakaka seleb twitter gay yang melakukan hal buruk ke gue di dating app gawainya kejambretan di jalan thamrin tertawa wk gue turut sedih dan thank you sudah sharing gue bisa waspada juga tapi entah kenapa gue tertawa saja setiap lihat dia tertimpa masalah wakakakaka tertawa tertawa,False Positive
4-2023,Tionghoa,0,1,0.9995981,[Dood Viral] Ngewe Doggy Brutal https://t.co/D77wLy8TCe Diatas Lebih Seksi https://t.co/j8lq2QnuAD Memek Pink Tembem https://t.co/jX5iGXn0sq Putih Sexy Memek Pink https://t.co/jeE1MAyjUK Cindo Seksi Desah Enak https://t.co/GuwbNwBb29 Cek Terbaru https://t.co/p3QimjfD4J 25249,dood viral ngewe doggy brutal diatas lebih seksi memek pink tembem putih sexy memek pink cindo seksi desah enak cek terbaru 25249,False Positive
1-1466,Tionghoa,0,1,0.99959534,"Yoi, Pendeta belanda itu adalah kakek Wanita Chinese sebelahnya adalah nenek🤘🏻",yoi pendeta belanda itu adalah kakek wanita cina sebelahnya adalah nenek,False Positive
2-9135,Tionghoa,0,1,0.9995845,153 WNA China Terlibat Love Scamming Dideportasi lewat Bandara Hang Nadim Batam,153 wna cina terlibat love scamming dideportasi lewat bandara hang nadim batam,False Positive
3-2634,Disabilitas,0,1,0.9995345,@IndiHomeCare knapaa si internet dr kmrn. Gila bayar 700rb pelayanan kaya bgini. Internet ga bisa,knapaa si internet dr kmrn gila bayar toorb pelayanan kaya bgini internet tidak bisa,False Positive
101-78,UNKNOWN,0,1,0.99953115,Video Kapsul Isi Paku untuk Bunuh Manusia Secara Massal,video kapsul isi paku untuk bunuh manusia secara massal,False Positive
2-9394,Jewish,0,1,0.9995302,"Rabbi Yaron Reuven, Rabbi Yahudi Amerika: “Dalam Torah (Taurat) tidak perlu ada belas kasihan ketika perang sama ada terhadap anak-anak, wanita atau sesiapa.” #FreePalestine #Gaza_Genocide",rabbi yaron reuven rabbi yahudi amerika dalam torah taurat tidak perlu ada belas kasihan ketika perang sama ada terhadap anak anak wanita atau sesiapa,False Positive
1-5180,LGBTQ+,0,1,0.999503,manusia pada dasarnya bisex,manusia pada dasarnya bisex,False Positive
103-115,Kristen,0,1,0.9994708,Foto Anies Baswedan Mengenakan Pakaian Pemimpin Umat Katolik,foto anies baswedan mengenakan pakaian pemimpin umat katolik,False Positive
2-10504,Disabilitas,0,1,0.99944764,"Istana bak dipenuhi kurawa yg pesta pora gila kkuasaan, sementara para pandawa di istana hanya seperti tamu dan penonton yg tidak berdaya. #GibranMenclaMencle",istana bak dipenuhi kurawa yang pesta pora gila kkuasaan sementara para pandawa di istana hanya seperti tamu dan penonton yang tidak berdaya,False Positive
1-5643,Jewish,0,1,0.9993579,"SIAPAKAH HAMAS YANG SERING MENYERANG ISRAEL? Video ini diambil dari posting FB gw 25 Mei 2021  _____ Sumber video: YouTube ""2045tv"" Umat jgn mau Ig dibodohi 🙏🏻",siapakah hamas yang sering menyerang israel video ini diambil dari posting fb gue 25 mei 2021 __ sumber video youtube 2oastu umat jgn mau ig dibodohi doa,False Positive
1-644,Syiah,0,1,0.999302,"*LIMA BELAS CIRI PENGIKUT ALIRAN SYIAH* *_Ciri Pengikut Syiah_* Indonesia tengah menjadi target misionaris Syi’ah besar-besaran. Hingga kini banyak pengikutnya berada di berbagai wilayah Indonesia, terutama di Jawa Barat dan Sulawesi Selatan. Jumlah penganut Syiah di Indonesia Ketua Dewan Syura Ikatan Jamaah Ahlul Bait Indonesia (IJABI) *Jalaluddin Rakhmat,* pernah mengatakan kisaran jumlah penganut Syiah di Indonesia, Perkiraan tertinggi, 5 juta orang. (mereka juga tidak shalat tarwih bersama kaum Muslimin, karena menganggapnya sebagai bid’ah). *Baca Selengkapnya:*  *Barakallahu Fiikum* 📚🔰✍️",lima belas ciri pengikut aliran syiah _ciri pengikut syiah_ indonesia tengah menjadi target misionaris syi ah besar besaran hingga kini banyak pengikutnya berada di berbagai wilayah indonesia terutama di jawa barat dan sulawesi selatan jumlah penganut syiah di indonesia ketua dewan syura ikatan jamaah ahlul bait indonesia ijabi jalaluddin rakhmat pernah mengatakan kisaran jumlah penganut syiah di indonesia perkiraan tertinggi 5 juta orang mereka juga tidak shalat tarwih bersama kaum muslimin karena menganggapnya sebagai bid ah baca selengkapnya barakallahu fiikum,False Positive
2-10277,Jewish,0,1,0.9992736,Ini cuma tweet nggak guna cuma buat bikin isi kepala gua lega.. Amerika pemerintah nya lg bangkrut cuy tapi swasta (elit global nya yg GG) Kalo di kaitin sama teori konspirasi mah kenapa amerika cs + Media barat / company² gedenya bela Israel ya orang dana nya dari kaum sono..,ini cuma tweet tidak guna cuma buat bikin isi kepala gua lega amerika pemerintah nya lg bangkrut cuy tapi swasta elit global nya yang gg kalo di kaitin sama teori konspirasi mah kenapa amerika cs media barat company² gedenya bela israel ya orang dana nya dari kaum sono,False Positive
2-1539,Jewish,0,1,0.9991685,"Ternyata masih banyak yg bingung. Yahudi = kaum yg dilaknat. Israil = Nabiyullah yg mulia, bani Israil = keturunan Israil. Hamas= klmpok radikal, berafiliasi pada akidah firqoh tertentu, Bukn representasi islam. Muslim palestin=korban, Semoga Allah SWT menolong mereka, aamiin.",ternyata masih banyak yang bingung yahudi kaum yang dilaknat israil nabiyullah yang mulia bani israil keturunan israil hamas klmpok radikal berafiliasi pada akidah firqoh tertentu bukn representasi islam muslim palestin korban semoga allah swt menolong mereka aamiin,False Positive
1-5548,UNKNOWN,0,1,0.99905986,Surya Paloh Terciduk Korupsi Di Kementan,surya paloh terciduk korupsi di kementan,False Positive
2-10800,Jewish,0,1,0.99894077,"Gue mah bingung juga sih, ada orang kemakan fitnah bahwa yg teroris sesungguhnya katanya hamas. Aduh ya Allah. Dimana logika nya sih. Mau aja dipropaganda receh sama israel laknatullah😭😭",gue mah bingung juga sih ada orang kemakan fitnah bahwa yang teroris sesungguhnya katanya hamas takjub ya allah dimana logika nya sih mau saja dipropaganda receh sama israel laknatullah menangis menangis,False Positive
1-3878,Disabilitas,0,1,0.9988404,Setelah gue pikir lagi cuma orgil yang menanggapi megumi,setelah gue pikir lagi cuma orgil yang menanggapi megumi,False Positive
2-2337,Jewish,0,1,0.998611,"Itulah berita kitab samuel yang kamu tidak paham. Bahkan kitab-mu pun, kami lebih memahaminya dari pada kalian sendiri. ""Betapa banyak para ibu yang kehilangan anak-anaknya"" (Samuel). Dan samuel 15: 23 itulah yang terjadi pada zionis yahudi (2023).",itulah berita kitab samuel yang kamu tidak paham bahkan kitab mu pun kami lebih memahaminya dari pada kalian sendiri betapa banyak para ibu yang kehilangan anak anaknya samuel dan samuel 15 23 itulah yang terjadi pada zionis yahudi 2023,False Positive
1-6453,UNKNOWN,0,1,0.99857605,“Aurel Hermansyah berbagi hadiah melalui akun Mamah Nur aurel”,aurel hermansyah berbagi hadiah melalui akun mamah nur aurel,False Positive
2-10328,Disabilitas,0,1,0.99750274,Capek.. Baru tanggal 11 udah babak belur Akhir bulan lebih gila lagi pula 🙃 Saya siap Mati pun siap,capek baru tanggal 11 sudah babak belur akhir bulan lebih gila lagi pula sarkas saya siap mati pun siap,False Positive
2-12974,UNKNOWN,0,1,0.9970457,#B 💥📛SEMU'A KELOMPOK MENKLA'IM PEGANGANNYA AL-QUR'AN DAN SUNNAH TAPI MENGAPA TERJADI PERBEDA'AN ADA NU..MUHAMMADIAH.. JAMA'AH TABLIGH.. 💢💢BERFIKIRLAH BAGI ORANG YANG MA'U BERFIKIR  Semoga bermanfa'at Join Grop WA 🌹CINTA SUNNAH🌹  Barakallahu,bom semu a kelompok menkla im pegangannya al qur an dan sunnah tapi mengapa terjadi perbeda an ada nu muhammadiah jama ah tabligh marah marah berfikirlah bagi orang yang ma u berfikir semoga bermanfa at join grop wa cinta sunnah barakallahu,False Positive
2-2506,Jewish,0,1,0.99679875,Anak-anak dijadikan target oleh zionis israel agar generasi palestina terputus. #FreePalestine,anak anak dijadikan target oleh zionis israel agar generasi palestina terputus,False Positive
2-9347,Jewish,0,1,0.99629825,"Kado menyedihkan dihari pahlawan ini, RS Indonesia di Gaza dibom zionis israel babi terkutuk.",kado menyedihkan dihari pahlawan ini rs indonesia di gaza dibom zionis israel babi terkutuk,False Positive
101-23,Kristen,0,1,0.99625385,"Komunitas Katolik Garis Lucu Komunitas Katolik Garis Lucu @KatolikG Semua orang kelak jika mati ingin masuk ke Surga, tapi jika Surga adalah tempat yang damai kenapa manusia harus saling membenci untuk menujunya? Mari kita saling mengasihi dalam segala perbedaan.",komunitas katolik garis lucu komunitas katolik garis lucu semua orang kelak jika mati ingin masuk ke surga tapi jika surga adalah tempat yang damai kenapa manusia harus saling membenci untuk menujunya mari kita saling mengasihi dalam segala perbedaan,False Positive
4-3429,Syiah,0,1,0.99553055,"Ayo kita sambut anggota baru!!! Selamat Bergabung semoga mendapat ilmu yang bermanfaat dan menjadi ladang pahala bagi yang Berbagi resep dan menjadi ladan cuan bagi yang mau belajar 🙏🙏 Aamiinn Lemonaruu Iluj, Ade Djarot, Az Store, Wong Sambat, Rita Wijayanti, Nanang Kurniawan, Merlyn Lanang, Khanif English Stars, Kasni Kahar, Nafisa Naomi Lona, Firman Freeman, Risky, Marya Zein, Misra Wati, Khaniza, Hendry Teguh Widodo, Leni Haryati, Adind Dibda, Welly Masberto, Sandra Kurniawati, Awan, Tri Wahyuni, Her, Hari Yanto, Arjuna Fbkp, Gadih Minang, Heni Mariati, Vanilakopi, Asminah, Suryani Yani Yani, En No, Yan To, Nur Hasanah, Rosi Rosi, Lailatul Chasanah, R-fin Ardiansyah, Ida Syahrul, Cempaka Marwa Linda, Risolany Risolany, Ichsan Babahx Muhammad, Khadijah, Aini Afandi, Strong Hold, Tutut Endang S, Lisa Sahani, Doremi Doremi, Raditya Dimas, Joice Talakua, Nur Aeni, Christina Anselma, Yumna Almahira, Habibi Habibi, Nurita Tahir, Hero, Dwi Prabowo, Desy Langen, Mbak Yayang, Madinah Nur Iman, Idáà Aý, Wiwi Widyah, Rosma, Tom, Putra Aries, Rosy Yusril, Antika, Tiara Bataraa, Muzaiyana Rokhmah, Tic Tac Ardjuna, Tuti Iral, Aldo Arif Hermawan, Germana Dari Making, Met Met, Sagung Wahyu Ari Widodo, Nofrianti Yanti, Triez Noez, Ely Ilhamm, Pukis Legenda, Heri Kusnanto Haya, Zulfadli S S, Deni N, Lina Agustina, Resty Eka Septriyani, Ye, Nur Azizah, Rina Mustika, Sari Indah, Mamih Mamih Naziwa, PangLima Kumbang Kelana, Soekaboemie, Lisah, Rina Anggraeni, Ria Syahraeni, Fika Adi, Naura Azzahra, Alvira Olsholp, Indri Yuliana, Arief Sela, Florencia Eflata, Chevantom, Damar Ramdhani, Dian Bakul Ungkep, Nanik Susanti, Mey Dina, Baud Kendor, Floflo, Eka Ray, Rayaz Almuqarom, Rahel Alula, Ida Ayu Anom Swantari, Agus Kiler, Vierra, Heri Prayitno, Sophia Juanita, Cucu Cutati, Fadri Anne, Ibunya Zaidan Rully Somantri, Claudia Raysa Laurina, Mawar Hiram, Humairoh Ummu Shofiyyah, Upiq Edelweiis Penjelajah Rimba, Sri Suharti, Farida, Nona Kim, Satya Wira Dana, Keyzhi, Lailatul Badriyah, Aizah Aizah, Kang Julid, Dwiana Hindah Murtiani, Mawar Puteh, Wastiah Wals, Linda Canti Lina Edi, Wahyuningsih, Dwi Haryanti, Desta Jaya, Shilla Shilla, Kurni Awan, Rofiq Geni, Jika, Fajar Aminati, Ita Mujawati, Samijo Mijo, Senja Temaram, HadyantiNtrio, Sartono Sartono, Azpi Nur Taopik, Ferdinan Batusalu, Khayla Puspita, Cahaya Dewi, Arummaharani, Bnda Nya Biby Denis, Satria Wijaya Kusuma Kusuma, Mutmainnah Lubis, Muhammad Abi, Shynta Ardi, Mas Qi, Maria Agnes, Yuli, Sariasih, Wiwik Ekasari, Ema Ema, Ika Tryas, Sandika Dika, Liridho Illah, Akhmad Al Hanif, Nur Anita, Arumistore Arumistore, Dika Syg, Rayan Yoyo, Berkat Berkah, Syia Kata, Michelle Alifa Rahma, Ummu Yahya, Sekar Kusumo, Zahra Zahra, Whanny Fonyarty Sanak, Bundaraka Saudah, Diana Diana, Elmi Eel, Aida Savitri, Afry Tymur, Madello Utama, Melati Author, Yenny Ginting, Fina Yuni Wulandari, Dwi Kanssaz, Salwa Hafizhah, Susiani Sail Binti Wasidi, Muhammad Syaiful, Piww Kidiw, Robi Prakoso, Zaki, Rita Sumira, Afifah Fifah, Fanny Bradford Siganna, Anwar Sugito, Melkiano Sinatria, Meldha, Kiki, Fitriyono, Albrian Tunggal, Erni Kartikawati, Camila Mon, Mamak Keysa, Hanz, Nafisah Jamila, Iwan Wawan, Oneng Thok, Rindiyani, Nurul Aini Siregar, Mita, Dapoer Mak Beb, Mbak Liana, Yanthi Natasya, Nazwa Nazila, Anissa Siregar, Nadia Asrarina, Mia, Rizka Lestari, Bagus Faqih, Ariyanti Sutopo, Hans Christian, Citra RA, Ahmad Rozikin, Wan K-mil, Es Doger Shakil, Joko Srikaton, Syahrul, Marcheh Oemah PoelSa Dsb, Ghozali Sangkar Klasik, Bintang Timur, Havit Vit, Imaz Tanjung, Roro Tita, Syaqila Aulia, Agung Wibowo, Dee, Ramdhani Ridho Ilahi, Usman Binaffan, Fajar Pratama, Almuhtar, Duka, Repni, Laras Rosefa, Asep Novossellick, Amorashafa, Susanti Triyani, Santos, Yayah Awwaliyah, Anggraini Anggraini, Nurcahya, Drinz Graphic, Eny Setyarsih, ElLfiana Lero, Mas Bro, Mana Ican, Mayy, Khumairah Khumairah, Sigantengkalem Sigantengkalem, Mamae Miko, Mujiburohman R Raksa Jiwa, Kang Sull, Omahe Cireng, Kyle Tzy, Milha Sirajuddin, Endang Rarassati, Terry Santoso, Massa Sih, Karnawati, Pipit Otni, Rifki Nadin, Emang, Maria Imoet, Yulianti Silvia, Champerenique, Kaysan, Zarmah, Kevin Juned, Rosmalena, Erna Santiani, Arditya Setyo, Inha Alviani, Annisa Nisa, Chan, Kang Fian Putra Garut, Ajrin MauLina, Widodo Kurnianto, Sayyidah Fatimah, Intan Putri, Bunga Yunita, Ummu Aisyah, Satrio Wibowo Putra Cahyandri, Imee Imeel, Ariy Sadja, Aisyah Mualiem Mala, Rosinta Aritonang, Muhammad Rizki, Agnia Adja, Mma Adi, Miftha Siyanada",ayo kita sambut anggota baru selamat bergabung semoga mendapat ilmu yang bermanfaat dan menjadi ladang pahala bagi yang berbagi resep dan menjadi ladan cuan bagi yang mau belajar doa doa aamiinn lemonaruu iluj ade djarot az store wong sambat rita wijayanti nanang kurniawan merlyn lanang khanif english stars kasni kahar nafisa naomi lona firman freeman risky marya zein misra wati khaniza hendry teguh widodo leni haryati adind dibda welly masberto sandra kurniawati awan tri wahyuni her hari yanto arjuna fbkp gadih minang heni mariati vanilakopi asminah suryani yani yani en no yan to nur hasanah rosi rosi lailatul chasanah r fin ardiansyah ida syahrul cempaka marwa linda risolany risolany ichsan babahx muhammad khadijah aini afandi strong hold tutut endang s lisa sahani doremi doremi raditya dimas joice talakua nur aeni christina anselma yumna almahira habibi habibi nurita tahir hero dwi prabowo desy langen mbak yayang madinah nur iman idáà aý wiwi widyah rosma tom putra aries rosy yusril antika tiara bataraa muzaiyana rokhmah tic tac ardjuna tuti iral aldo arif hermawan germana dari making met met sagung wahyu ari widodo nofrianti yanti triez noez ely ilhamm pukis legenda heri kusnanto haya zulfadli s s deni n lina agustina resty eka septriyani ye nur azizah rina mustika sari indah mamih mamih naziwa panglima kumbang kelana soekaboemie lisah rina anggraeni ria syahraeni fika adi naura azzahra alvira olsholp indri yuliana arief sela florencia eflata chevantom damar ramdhani dian bakul ungkep nanik susanti mey dina baud kendor floflo eka ray rayaz almuqarom rahel alula ida ayu anom swantari agus kiler vierra heri prayitno sophia juanita cucu cutati fadri anne ibunya zaidan rully somantri claudia raysa laurina mawar hiram humairoh ummu shofiyyah upiq edelweiis penjelajah rimba sri suharti farida nona kim satya wira dana keyzhi lailatul badriyah aizah aizah kang julid dwiana hindah murtiani mawar puteh wastiah wals linda canti lina edi wahyuningsih dwi haryanti desta jaya shilla shilla kurni awan rofiq geni jika fajar aminati ita mujawati samijo mijo senja temaram hadyantintrio sartono sartono azpi nur taopik ferdinan batusalu khayla puspita cahaya dewi arummaharani bnda nya biby denis satria wijaya kusuma kusuma mutmainnah lubis muhammad abi shynta ardi mas qi maria agnes yuli sariasih wiwik ekasari ema ema ika tryas sandika dika liridho illah akhmad al hanif nur anita arumistore arumistore dika syg rayan yoyo berkat berkah syia kata michelle alifa rahma ummu yahya sekar kusumo zahra zahra whanny fonyarty sanak bundaraka saudah diana diana elmi eel aida savitri afry tymur madello utama melati author yenny ginting fina yuni wulandari dwi kanssaz salwa hafizhah susiani sail binti wasidi muhammad syaiful piww kidiw robi prakoso zaki rita sumira afifah fifah fanny bradford siganna anwar sugito melkiano sinatria meldha kiki fitriyono albrian tunggal erni kartikawati camila mon mamak keysa hanz nafisah jamila iwan wawan oneng thok rindiyani nurul aini siregar mita dapoer mak beb mbak liana yanthi natasya nazwa nazila anissa siregar nadia asrarina mia rizka lestari bagus faqih ariyanti sutopo hans christian citra ra ahmad rozikin wan k mil es doger shakil joko srikaton syahrul marcheh oemah poelsa dsb ghozali sangkar klasik bintang timur havit vit imaz tanjung roro tita syaqila aulia agung wibowo dee ramdhani ridho ilahi usman binaffan fajar pratama almuhtar duka repni laras rosefa asep novossellick amorashafa susanti triyani santos yayah awwaliyah anggraini anggraini nurcahya drinz graphic eny setyarsih ellfiana lero mas bro mana ican mayy khumairah khumairah sigantengkalem sigantengkalem mamae miko mujiburohman r raksa jiwa kang sull omahe cireng kyle tzy milha sirajuddin endang rarassati terry santoso massa sih karnawati pipit otni rifki nadin emang maria imoet yulianti silvia champerenique kaysan zarmah kevin juned rosmalena erna santiani arditya setyo inha alviani annisa nisa chan kang fian putra garut ajrin maulina widodo kurnianto sayyidah fatimah intan putri bunga yunita ummu aisyah satrio wibowo putra cahyandri imee imeel ariy sadja aisyah mualiem mala rosinta aritonang muhammad rizki agnia adja mma adi miftha siyanada,False Positive
2-6339,Jewish,0,1,0.99501365,"Petinggi militer Israel yg ditangkap dan ditawan pasukan Brigade Al Qassam telah diidentifikasi. Ia adalah Mayor Jenderal Nimrod Aloni, salah satu komandan korps pada Israel Defence Force (IDF).",petinggi militer israel yang ditangkap dan ditawan pasukan brigade al qassam telah diidentifikasi ia adalah mayor jenderal nimrod aloni salah satu komandan korps pada israel defence force idf,False Positive
1-6530,UNKNOWN,0,1,0.99487334,: “JUTAAN RELAWAN JOKOWI PINDAH HALUAN DUKUNG ANIES PRESIDEN 2024”,jutaan relawan jokowi pindah haluan mendukung anies presiden 2024,False Positive
1-4840,"Jewish, Disabilitas",0,1,0.99410975,"bayangkan ini yg terjadi di indonesia, masih kamu berfikir membela israel atau bermain di dua kaki yg mengatas namakan (netral)? , minimal klo mata udah buta , hati jangan bodoh! kalau ada korban dari pihak israel, itu karena tidakkan mereka yg mengambil tanah air orang  jangan terlihat otak pinter tp hatinya  satu kata buat saya ""palestina merdeka 🇵🇸"", seperti kita dl yg melawan penjajah belanda dengan rahmat allah indonesia merdeka 🇮🇩 ✊✊✊

credit: @motaz_azaiza 

#freepalestine #savepalestine",bayangkan ini yang terjadi di indonesia masih kamu berfikir membela israel atau bermain di dua kaki yang mengatas namakan netral minimal kalau mata sudah buta hati jangan bodoh kalau ada korban dari pihak israel itu karena tidakkan mereka yang mengambil tanah air orang jangan terlihat otak pintar tapi hatinya satu kata buat saya palestina merdeka seperti kita dulu yang melawan penjajah belanda dengan rahmat allah indonesia merdeka kepalan kepalan credit,False Positive
1-4929,Disabilitas,0,1,0.9940281,open gila babi sial defend,open gila babi sial defend,False Positive
1-523,UNKNOWN,0,1,0.9939971,Gibran Rakabuming Raka Putar Video Porno Saat Presentasi di Depan Kelas,gibran rakabuming raka putar video porno saat presentasi di depan kelas,False Positive
2-8335,Disabilitas,0,1,0.993594,PAKAR GOOGLE KALIAN JUAL DALAM AKUN KALIAN PIKIR GW BUTA PROFILE GW KALIAN SARUKA DALAM SAMARAN,pakar google kalian jual dalam akun kalian pikir gue buta profile gue kalian saruka dalam samaran,False Positive
2-3311,Jewish,0,1,0.9934402,"Perdana Menteri Palestina Mohammad Shtayyeh menyerukan Pengadilan Pidana Internasional (ICC) untuk mengeluarkan surat penangkapan terhadap para pejabat Israel atas konflik yang berlangsung di Jalur Gaza. ""ICC harus mengeluarkan surat penangkapan untuk para kriminal sebagai…",perdana menteri palestina mohammad shtayyeh menyerukan pengadilan pidana internasional icc untuk mengeluarkan surat penangkapan terhadap para pejabat israel atas konflik yang berlangsung di jalur gaza icc harus mengeluarkan surat penangkapan untuk para kriminal sebagai,False Positive
2-6331,Jewish,0,1,0.99272573,"Ketika berdoa sama Allah, kita nggak boleh berdoa yang buruk atau jahat untuk orang lain.. Tapi tidak untuk Zionis Israel dan pendukungnya.. Berharap sekali Allah guncang tempat mereka, kasih mereka tsunami yang besar sehingga menelan mereka hidup hidup kedalam bumi..",ketika berdoa sama allah kita tidak boleh berdoa yang buruk atau jahat untuk orang lain tapi tidak untuk zionis israel dan pendukungnya berharap sekali allah guncang tempat mereka kasih mereka tsunami yang besar sehingga menelan mereka hidup hidup kedalam bumi,False Positive
1-2090,Jewish,0,1,0.9922829,DIINDONESIA MALAH JADI BUDAK YAHUDI,diindonesia malah jadi budak yahudi,False Positive
1-6903,Jewish,0,1,0.9920243,Ketika Ottoman runtuh dan Inggris bagi 2 wilayah utk Israel n Palestina yg dikenal sbg 2 state solution = kolonialisme Ketika Ottoman mampu menguasai daerah di Spanyol dan India = kongratulationz sungguh tidak setan-dar ganda kok kemanusiannya,ketika ottoman runtuh dan inggris bagi 2 wilayah utk israel n palestina yang dikenal sbg 2 state solution kolonialisme ketika ottoman mampu menguasai daerah di spanyol dan india kongratulationz sungguh tidak setan dar ganda kok kemanusiannya,False Positive
2-976,Jewish,0,1,0.99181443,VIDEO: Joe Biden Kasih 2 Miliar Dolar Untuk Israel,video joe biden kasih 2 miliar dolar untuk israel,False Positive
2-3337,UNKNOWN,0,1,0.99137396,"Tidak Ada Upaya Kabur, Polisi Bilang Pengemudi Mobil Ferrari Tabrak Kendaraan di Jaksel Bertindak Kooperatif",tidak ada upaya kabur polisi bilang pengemudi mobil ferrari tabrak kendaraan di jaksel bertindak kooperatif,False Positive
2-5164,Jewish,0,1,0.99127746,Angelina Jolie menuai kritik tajam dari netizen setelah mengeluarkan pernyataan terkait konflik antara Hamas dengan Israel #AngelinaJolie,angelina jolie menuai kritik tajam dari netizen setelah mengeluarkan pernyataan terkait konflik antara hamas dengan israel,False Positive
2-1182,Disabilitas,0,1,0.99078536,"Ganjar Pranowo, matur nuwun kanggo kesederhanaanmu, kang ora gila hormat Ganjar Presiden2024",ganjar pranowo matur nuwun kanggo kesederhanaanmu kang ora gila hormat ganjar presiden2o2a,False Positive
2-6382,Jewish,0,1,0.990307,Buzzer Israel = Buzzer Politik Dinasti. Sama sama gapunya harga diri. Sama sama najis. Mudah mudahan kita semua dicukupkan Rezekinya supaya ga ngelirik tawaran hina macam itu.,buzzer israel buzzer politik dinasti sama sama gapunya harga diri sama sama najis mudah mudahan kita semua dicukupkan rezekinya supaya tidak ngelirik tawaran hina macam itu,False Positive
3-2509,Disabilitas,0,1,0.98677725,"Selamat siang menjelang sore semuanya. Di sini ada yang mau jadi adek kecilku? Aku suka dipanggil mbak (I am 23+), suka direcokin, mau ngajak ‘berantem’ juga oke. Aku bilingual, ODGJ juga (proud to be Javanese), ramah lingkungan, you name it lah. Last but not (cont..)",selamat siang menjelang sore semuanya di sini ada yang mau jadi adek kecilku aku suka dipanggil mbak i am 23 suka direcokin mau ngajak berantem juga oke aku bilingual odgj juga proud to be javanese ramah lingkungan you name it lah last but not cont,False Positive
2-8879,Jewish,0,1,0.9863913,Ngeliat kelakuan penjajah israel di temlen bikin,ngeliat kelakuan penjajah israel di temlen bikin,False Positive
2-6992,Disabilitas,0,1,0.98598844,wak gila ini org sibuk2 bgt gua mo makan siang jdi kaga mantep ya,wak gila ini org sibuk2 banget gua mo makan siang jadi kaga mantep ya,False Positive
4-696,"Kristen, Jewish",0,1,0.98454016,"Negara ISRAEL adalah Negara Sekuler, dimana Muslim adalah Terbesar ke 2 dan terpenting sebagai Bangsa Israel saat ini, Berbeda dengan JUDAISM / Yahudi Dan Kristen juga bukan Judaism. Jadi Negara Israel saat ini Bukan Israel yang dimaksud didalam Kitab-kitab Suci Agama... dan… https://t.co/BFm5n62wR3",negara israel adalah negara sekuler dimana muslim adalah terbesar ke 2 dan terpenting sebagai bangsa israel saat ini berbeda dengan judaism yahudi dan kristen juga bukan judaism jadi negara israel saat ini bukan israel yang dimaksud didalam kitab kitab suci agama dan,False Positive
2-5869,Disabilitas,0,1,0.9840605,"Podium oaHи Kancutmu kelihatan, lo. MOVIE BUTA YAROU: SISTER VENTURING OUT SUDAH ADA DI WEBSITE KESAYANGAN KALIAN! *mpshh ahhh 設ጥ1+ lezgo ges, buat yang paham-paham ajah 😅

#poniidfun #seishunbutayarouwabunnygirlsenpainoyumewominai",podium oahи kancutmu kelihatan lo movie buta yarou sister venturing out sudah ada di website kesayangan kalian mpshh ahh 設ጥ1 lezgo ges buat yang paham paham ajah,False Positive
4-2701,UNKNOWN,0,1,0.983452,: Prabowo tidak hafal Pancasila,prabowo tidak hafal pancasila,False Positive
2-12527,Jewish,0,1,0.98206055,"Hasil Pengeluaran ISRAEL Pools Hari MINGGU, 12 NOVEMBER 2023 Result : 2818 Shio : TIKUS #totolotre #jackpot #jppaus #nomorsatu #fyp #viral #foryou #terdepan #tranding #gaming #gameonline #popular #seru #rezekibaru #indonesia #emas #jakarta #aceh",hasil pengeluaran israel pools hari minggu 12 november 2023 result 2818 shio tikus,False Positive
2-8813,Disabilitas,0,1,0.98130804,Ya Allah kok bisa ya orang² punya badan kurus tapi pipinya chubby. Orng² kok bisa juga yaa makan dikit tapi bisa gendut 😭,ya allah kok bisa ya orang² punya badan kurus tapi pipinya chubby orng² kok bisa juga yaa makan dikit tapi bisa gendut menangis,False Positive
1-1790,Jewish,0,1,0.98098516,"liputan6 LIPUTAN A BIAYA PERANG GAZA DIPREDIKSI SENTUH RP 748,14 TRILIUN ISRAEL RUGI SEKITA USD 270 JUTA PER HARI ",liputan6 liputan a biaya perang gaza diprediksi sentuh rp 748 14 triliun israel rugi sekita usd 270 juta per hari,False Positive
4-1046,Syiah,0,1,0.98097974,"SYIAH SANGAT BERHUTANG BUDI DENGAN AHLI BID'AH . TERUTAMA SANGAT BERHUTANG BUDI KEPADA SUFI ASWAJA / NU , KHAWARIJ , QODARIYAH , MURJIAH , DLL",syiah sangat berhutang budi dengan ahli bid ah terutama sangat berhutang budi kepada sufi aswaja nu khawarij qodariyah murjiah dll,False Positive
2-4182,Jewish,0,1,0.9797127,"Peringatan ⚠️ Adegan yang sangat sulit. Saya tidak menyarankan mereka yang penakut untuk menontonnya, tapi kami menerbitkannya untuk mengungkap kejahatan pendudukan Israel terhadap anak-anak di Gaza. Inilah yang dilakukan tentara Israel terhadap anak-anak di Jalur Gaza.🇵🇸👇",peringatan adegan yang sangat sulit saya tidak menyarankan mereka yang penakut untuk menontonnya tapi kami menerbitkannya untuk mengungkap kejahatan pendudukan israel terhadap anak anak di gaza inilah yang dilakukan tentara israel terhadap anak anak di jalur gaza bawah,False Positive
4-4548,Kristen,0,1,0.97834766,Opini: Mengapa Kristen Barat Mengabaikan Penderitaan Umat Kristen Palestina?,opini mengapa kristen barat mengabaikan penderitaan umat kristen palestina,False Positive
2-8473,Disabilitas,0,1,0.97697896,"🙋: ""Mas nasi goreng gila nya 1 sama nasi goreng ati ampla nya 1 ya !""",angkat tangan mas nasi goreng gila nya 1 sama nasi goreng ati ampla nya 1 ya,False Positive
2-5960,Jewish,0,1,0.9762764,Presenter TV One memakai syal Palestina.Ada yg mengomentari itu tidak etis. Israel itu penjajah.Palestina terjajah.Israel ingin menghancurkan Palestina karena ayat-ayat di kitab sucinya.,presenter tv one memakai syal palestina ada yang mengomentari itu tidak etis israel itu penjajah palestina terjajah israel ingin menghancurkan palestina karena ayat ayat di kitab sucinya,False Positive
4-880,UNKNOWN,0,1,0.9758152,Benarkah Tapol dan Korban Penculikan 98 Kini Dukung Prabowo-Gibran?,benarkah tapol dan korban penculikan 98 kini mendukung prabowo gibran,False Positive
3-728,Disabilitas,0,1,0.975474,"Rakyat bahagia dengan pemimpin yang tdk gila kuasa, seperti Ganjar-Mahfud @OlaAdonara",rakyat bahagia dengan pemimpin yang tidak gila kuasa seperti ganjar mahfud,False Positive
2-8672,Jewish,0,1,0.97357684,"Di sini, #MasjidilAqsha, tak ada sejengkal tanah pun melainkan pernah berdiri di atasnya para nabi dan malaikat menyembah Allah. Lalu najis Zionis menistakannya. Saksikan ya Allah, kami tidak ridha. Kuatkan ya Allah, ummat Rasulullah ﷺ membebaskannya. ⁦@trtworld⁩",di sini tak ada sejengkal tanah pun melainkan pernah berdiri di atasnya para nabi dan malaikat menyembah allah lalu najis zionis menistakannya saksikan ya allah kami tidak ridha kuatkan ya allah ummat rasulullah ﷺ membebaskannya,False Positive
2-2280,"Jewish, Rohingya",0,1,0.9719934,"Pengungsi Yahudi merapat di Palestina pada tahun 1947. Di kapal mereka spanduk yg terbentang begitu menggugah, tertulis: ""Jerman menghancurkan keluarga kami, tolong jangan hancurkan harapan kami..” 🙏 Palestina menerima pengungsi Yahudi dengan hati dan tangan terbuka, namun…",pengungsi yahudi merapat di palestina pada tahun 1947 di kapal mereka spanduk yang terbentang begitu menggugah tertulis jerman menghancurkan keluarga kami tolong jangan hancurkan harapan kami doa palestina menerima pengungsi yahudi dengan hati dan tangan terbuka namun,False Positive
2-622,Jewish,0,1,0.9707226,"Selain menyerukan Israel agar tidak menyerang warga sipil ""tanpa pandang bulu"", Erdogan juga sampaikan kritik terukur terhadap Hamas. Seperti apa?",selain menyerukan israel agar tidak menyerang warga sipil tanpa pandang bulu erdogan juga sampaikan kritik terukur terhadap hamas seperti apa,False Positive
3-2805,Jewish,0,1,0.9705721,Jokowi: Israel Gunakan Narasi Bela Diri dan Lakukan Pembunuhan Rakyat Sipil,jokowi israel gunakan narasi bela diri dan lakukan pembunuhan rakyat sipil,False Positive
2-9902,Jewish,0,1,0.9685606,"posting terus kekejaman zionis israel atas saudara-saudara Palestina, setidaknya ini adalah bentuk dukungan saya dan dimana saya berdiri, kelak ini menjadi saksi di pengadilan-Nya kelak",posting terus kekejaman zionis israel atas saudara saudara palestina setidaknya ini adalah bentuk dukungan saya dan dimana saya berdiri kelak ini menjadi saksi di pengadilan nya kelak,False Positive
4-408,UNKNOWN,0,1,0.9665699,"Untuk kalian yang awalnya hanya sekedar hobi untuk mengarang novel di Fizzo. Lanjutkan saja!! Jangan pikirkan jumlah views atau apapun!! Buatlah karangan dan cerita sebaik mungkin dalam versimu sendiri!! Dan sekali lagi, jangan pikirkan jumlah views!! Mengapa? Memikirkan hasil dari apa yang kita lakukan hanyalah membuang-buang waktu. Kita tak bisa mengendalikan jumlah views atau apapun. Saya ndak maksa, kan saya tak bisa mengendalikan kalian untuk membaca cerita saya. Eh kok malah promosi ya?",untuk kalian yang awalnya hanya sekedar hobi untuk mengarang novel di fizzo lanjutkan saja jangan pikirkan jumlah views atau apapun buatlah karangan dan cerita sebaik mungkin dalam versimu sendiri dan sekali lagi jangan pikirkan jumlah views mengapa memikirkan hasil dari apa yang kita lakukan hanyalah membuang buang waktu kita tak bisa mengendalikan jumlah views atau apapun saya tidak maksa kan saya tak bisa mengendalikan kalian untuk membaca cerita saya eh kok malah promosi ya,False Positive
2-7138,Disabilitas,0,1,0.96587634,Yang Diandalkan Cuma Label Sebagai Anak Presiden Semata Anies Baswedan Ahmad Dhani ODGJ Kiky PKS NGAPAIN AJA Bu Susi Gemoy Muda Bersatu Nyesel Amerika Puan Pagi-pagi Profesor Kamis Polisi Pagiii,yang diandalkan cuma label sebagai anak presiden semata anies baswedan ahmad dhani odgj kiky pks ngapain saja bu susi gemoy muda bersatu nyesel amerika puan pagi pagi profesor kamis polisi pagii,False Positive
2-12643,Disabilitas,0,1,0.9651358,"Arachuu Sedikit Sexy ""PKS NGAPAIN AJA"" ODGJ Puan Nyesel",arachuu sedikit sexy pks ngapain aja odgj puan nyesel,False Positive
2-9523,Disabilitas,0,1,0.9650985,Ga ngerti lg ini gw teh abis mandi 5mnt yg lalu trs udh keringetan lg???? Gila yaa cirebon panas nya nauzubillah yaAllah yarobbiii 😭,tidak ngerti lg ini gue teh habis mandi smnt yang lalu terus sudah keringetan lg gila yaa cirebon panas nya nauzubillah yaallah yarobbii menangis,False Positive
2-7548,Jewish,0,1,0.96433187,EGYPT CADETS MALE 13 EGYPT ISRAEL 3 😍😍😍,egypt cadets male 13 egypt israel 3 kagum kagum,False Positive
4-953,UNKNOWN,0,1,0.9606537,Pada Tahun 2022 Prabowo Dapat Rekor Muri Capres Gagal 3x Beruntun,pada tahun 2022 prabowo dapat rekor muri calon presiden gagal ex beruntun,False Positive
2-8089,Jewish,0,1,0.9605287,"Tapi lo tau kan, kalau israel lebih berhak atas tanah itu?!",tapi lo tau kan kalau israel lebih berhak atas tanah itu,False Positive
2-2601,Jewish,0,1,0.960401,Di akhir riwayat yahudi mereka akan di usir dari negara2 seluruh dunia dan mereka kembali ke palestina untuk mendatangi kuburan mereka,di akhir riwayat yahudi mereka akan di usir dari negara2 seluruh dunia dan mereka kembali ke palestina untuk mendatangi kuburan mereka,False Positive
2-1203,Jewish,0,1,0.95949626,Gadis kecil Rafif memegang sejumlah koin dengan harapan bisa membeli boneka Barbie. Rafif masih belum mengetahui bahwa seluruh anggota keluarganya tewas akibat serangan udara Israel yang menghancurkan rumah keluarganya di Gaza. 30.10.23 #SAVEPALESTINE #Palestina #IsraelTerorist,gadis kecil rafif memegang sejumlah koin dengan harapan bisa membeli boneka barbie rafif masih belum mengetahui bahwa seluruh anggota keluarganya tewas akibat serangan udara israel yang menghancurkan rumah keluarganya di gaza 30 10 23,False Positive
1-729,Tionghoa,0,1,0.9574493,"Sdh sepi dari narasi PKI china,IKN utang, karna sdh sekolam skrg,, 🤣🤣🤣",sudah sepi dari narasi komunis china ikn utang karna sudah sekolam skrg tertawa tertawa,False Positive
4-1100,Jewish,0,1,0.9568836,"‎'‎Aman Palestin aidforfreedom الحدت Mayat para syuhada dari keluarga Khalil yang berada di bawah puing-puing. Rumah keluarga ini di bom pada hari ke-88 penjajahan Israel di Kamp Jabalia, Utara Jalur Gaza. www.amanpalestin.id‎'‎ Para syuhada dari keluarga Khalil syahid setelah penjajah Israel mengebom rumahnya pada hari ke-88 penjajahan Israel.

#AmanPalestinIndonesia #humanity #humanrights #unitednations #aidforfreedom #savepalestine #freepalestine #savegaza #gazaunderattack #genosida #israeltherealterrorist #israhell",aman palestin aidforfreedom الحدت mayat para syuhada dari keluarga khalil yang berada di bawah puing puing rumah keluarga ini di bom pada hari ke bb penjajahan israel di kamp jabalia utara jalur gaza ww amanpalestin id para syuhada dari keluarga khalil syahid setelah penjajah israel mengebom rumahnya pada hari ke bb penjajahan israel,False Positive
1-6983,Jewish,0,1,0.95305675,"Palestina sama israel lagi perang. Meanwhile, “i stand for …”. Bruhhh, gas sana berdiri disana. Digoreng2 media bisa percaya. Bruhhhhh….",palestina sama israel lagi perang meanwhile i stand for bruhh maju sana berdiri disana digoreng2 media bisa percaya bruhh,False Positive
2-5718,Disabilitas,0,1,0.9503592,cewek cakep byk yg gila isi🥱otaknya !!,cewek cakep banyak yang gila isi ngantuk otaknya,False Positive
2-10655,Jewish,0,1,0.94948125,*PALESTINA MEMANGGIL!* Saudara kita di Palestina sedang menderita akibat kebrutalan penjajah Zionis Yahudi yang terus menjajah dan merebut tanah kaum Muslimin di sana. Penguasa negeri-negeri muslim tidak tergerak untuk memberikan bantuan dan dukungan demi membebaskan Palestina,palestina memanggil saudara kita di palestina sedang menderita akibat kebrutalan penjajah zionis yahudi yang terus menjajah dan merebut tanah kaum muslimin di sana penguasa negeri negeri muslim tidak tergerak untuk memberikan bantuan dan dukungan demi membebaskan palestina,False Positive
2-7783,Tionghoa,0,1,0.94902635,"Ada mbakmbak yg entah knp gak mau kalah soal kisah percintaannya. Bilang kalau life path gua dan mbak patjar gak hoki lah secara perhitungan cina trus pamer kalau udah setahun lah sama lakinya. Maksud gua, udah jelas kisah cinta gua tuh banyakan apesnya, ngapain diajak kompetisi?",ada mbakmbak yang entah knp tidak mau kalah soal kisah percintaannya bilang kalau life path gua dan mbak patjar tidak hoki lah secara perhitungan cina terus pamer kalau sudah setahun lah sama lakinya maksud gua sudah jelas kisah cinta gua itu banyakan apesnya ngapain diajak kompetisi,False Positive
2-6646,Jewish,0,1,0.94868815,"MENGERIKAN, Israel Dikepung Badai Pasir Kuning hingga Banjir: Persulit Rencana Invasi ke Gaza",mengerikan israel dikepung badai pasir kuning hingga banjir persulit rencana invasi ke gaza,False Positive
4-3905,Syiah,0,1,0.9480409,"@Papa_Brewook saya bukan syiah , bukan juga bagian dari sempalan kalian! dan ungkapan imam itu cuma distorsi saja ! bahkan sunni jg memanhami ini . akan banyak ulama2 su , ulama² matre , ulama² dunia . kamu membandingkan yang itu . bukan yang baik² 🤣🤣🤣",saya bukan syiah bukan juga bagian dari sempalan kalian dan ungkapan imam itu cuma distorsi saja bahkan sunni juga memanhami ini akan banyak ulama2 su ulama² matre ulama² dunia kamu membandingkan yang itu bukan yang baik² tertawa tertawa,False Positive
2-9995,Disabilitas,0,1,0.9474393,Bocah kos masak gk kelar kelar dr pagi buta,bocah kos masak tidak kelar kelar dr pagi buta,False Positive
1-2810,Disabilitas,0,1,0.9438242,Cinta Memang Buta Tapi Mata MERTUA tidak Buta Jadi persiapkan diri mu dengan Baik 😆,cinta memang buta tapi mata mertua tidak buta jadi persiapkan diri mu dengan baik tertawa,False Positive
4-2194,Rohingya,0,1,0.94361436,"2. Pengungsi Palestina tidak ada yg berbuat kriminal spt Rohingya: SALAH Leila Khaled yg bergabung di PFLP, seorang pengungsi di Jordania, ikut melakukan makar ke Raja Jordan. Peristiwa ini dinamakan Black September. Pengkhianatan ini tentunya kejahatan besar dlm hukum Jordania https://t.co/KANP8R715u",2 pengungsi palestina tidak ada yang berbuat kriminal spt rohingya salah leila khaled yang bergabung di pflp seorang pengungsi di jordania ikut melakukan makar ke raja jordan peristiwa ini dinamakan black september pengkhianatan ini tentunya kejahatan besar dlm hukum jordania,False Positive
2-7820,Jewish,0,1,0.94214326,"Kisah Masjid Al Aqsa Saksi Konflik Israel Palestina, Menyimpan Sejarah Bagi Tiga Agama",kisah masjid al aqsa saksi konflik israel palestina menyimpan sejarah bagi tiga agama,False Positive
2-8154,Jewish,0,1,0.9412807,"Dalam 6 hari, Israel telah mnjatuhkan bom ke Gaza lebih banyak drpd bom yg dijatuhkan AS di Afghanistan dlm 1 thn. Kini, Israel menyuruh 1 jt warga Gaza utk pergi dr rumah2 mrk. Israel jelas melakukan kejahatan perang: GENOSIDA dan PEMBERSIHAN ETNIS. #IsraeliWarCrimes",dalam 6 hari israel telah mnjatuhkan bom ke gaza lebih banyak drpd bom yang dijatuhkan as di afghanistan dlm 1 thn kini israel menyuruh 1 jt warga gaza utk pergi dr rumah2 mrk israel jelas melakukan kejahatan perang genosida dan pembersihan etnis,False Positive
4-214,Disabilitas,0,1,0.9412278,Hp rusak ni Oppo f1S Ram3 sentuhan semua normal tc retak hp budek kadang suka mati normal lagi Rp230 - Cibinong Hp rusak ni Oppo f1S Ram3 sentuhan normal semua hp budek gak ada suara kadang suka mati normal lagi 230 harga net kali ada yang butuh lokasi Cilodong 230 nego dikit bangat,hp rusak ini oppo fis rame sentuhan semua normal tc retak hp budek kadang suka mati normal lagi rp2eo cibinong hp rusak ini oppo fis rame sentuhan normal semua hp budek tidak ada suara kadang suka mati normal lagi 230 harga net kali ada yang butuh lokasi cilodong 230 nego dikit bangat,False Positive
2-5895,Disabilitas,0,1,0.93967044,udah kek gini knp gada yg berani bertindak ih orgil sampe un aja angkat tangan wtf banget,sudah kayak begini knp gada yang berani bertindak jijik orgil sampe un saja angkat tangan wtf banget,False Positive
2-2300,Jewish,0,1,0.9350526,Alasan Dewan Kehormatan Perwira memecat Prabowo secara tidak hormat tag SEE YOU IN 2025 Gibran Palestina Mahkamah Keluarga TB Simatupang Britney Ngedeath Wii U Mangga Heeseung Hamas Peach SEVENTEEN Israel Xbox One Bowser Mega Drive,alasan dewan kehormatan perwira memecat prabowo secara tidak hormat tag see you in 2025 gibran palestina mahkamah keluarga tb simatupang britney ngedeath wii u mangga heeseung hamas peach seventeen israel xbox one bowser mega drive,False Positive
1-5280,LGBTQ+,0,1,0.931168,"Razia Pekat, Belasan PSK dan LGBT di Bukittinggi Diamankan",razia pekat belasan psk dan lgbt di bukittinggi diamankan,False Positive
2-453,Disabilitas,0,1,0.93088824,"Bisa bisanya buat SKU matok harga gede banget gila kali ya ,sebelumnya gw buat di kota yg beda di alamat yg beda ga kyk gtu deh Zzz ini dikampung gw sndiri yg menggilaaww🙃",bisa bisanya buat sku matok harga gede banget gila kali ya sebelumnya gue buat di kota yang beda di alamat yang beda tidak kayak begitu deh zz ini dikampung gue sndiri yang menggilaaww sarkas,False Positive
1-4883,Jewish,0,1,0.927456,tidak bisakah palestina dan israel ini berdamai?,tidak bisakah palestina dan israel ini berdamai,False Positive
2-2509,Tionghoa,0,1,0.9270338,Gak sia-sia beli tiket ama gayanya suka banget 4537 comments 2h freepalestine mirip artis Korea yang nama nya won teol Reply View 235 replies 9831 Grab Konoha mirip artis thailand yang nma nya phan that Reply 42m View 1 reply 225 cha mirip artis cina namanya Xie lit 2h Reply 4878 Emang semirip itu sih,tidak sia sia beli tiket ama gayanya suka banget 4537 comments 2h freepalestine mirip artis korea yang nama nya won teol reply view 235 replies 9831 grab konoha mirip artis thailand yang nma nya phan that reply a2m view 1 reply 225 cha mirip artis cina namanya xie lit 2h reply 4878 memang semirip itu sih,False Positive
4-1241,UNKNOWN,0,1,0.91909975,Instagram meta lite ga bisa ku tulis postingan karena apa.. pencipta bayaran teror ngerasa ku buka strateginya makanya buka fb aja liat dulu dapat jasa apa kagak .. kalo kagak emang ga bener mereka yang ga nau dikritik mau menang sendiri..ga salah dong saya posting ngumpat kesal sama netizen bayaran parpol geng panumbalan daerah tumpang malang jatim.... YA merekA ITU TEROR TURKI TEODORE HERTZ.. CEK Ck CEK RICEK ..,instagram meta lite tidak bisa ku tulis postingan karena apa pencipta bayaran teror ngerasa ku buka strateginya makanya buka fb saja liat dulu dapat jasa apa kagak kalo kagak memang tidak benar mereka yang tidak nau dikritik mau menang sendiri ga salah dong saya posting ngumpat kesal sama netizen bayaran partai politik geng panumbalan daerah tumpang malang jatim ya mereka itu teror turki teodore hertz cek ck cek ricek,False Positive
2-2525,Jewish,0,1,0.91571635,"Warga Israel melakukan unjuk rasa di luar kediaman resmi Benjamin Netanyahu di Yerusalem pada hari Sabtu. Mereka menyuarakan tuntutan agar perdana menteri tersebut mengundurkan diri. 

Para pengunjuk rasa mengibarkan bendera Israel sambil memanggil Netanyahu dengan panggilan ""Bibi"" dan menyebutnya sebagai ""pembunuh."" Beberapa demonstran berusaha menerobos penghalang yang ditempatkan di sekitar kediaman Netanyahu dan bentrok dengan polisi Israel.

Menurut laporan, ratusan orang berkumpul di luar kediaman Netanyahu di Yerusalem dengan seruan lebih tegas agar ia mundur dari jabatan Perdana Menteri. Mereka mengibarkan bendera Israel dan menyerukan, 

""Penjarakan (Netanyahu) sekarang!"" Protes ini datang seiring dengan hasil jajak pendapat yang menunjukkan bahwa lebih dari tiga perempat warga Israel percaya Netanyahu harus mengundurkan diri. 

Netanyahu, yang telah memimpin Israel selama hampir 16 tahun dalam 27 tahun terakhir, sedang menghadapi tiga kasus korupsi di pengadilan.",warga israel melakukan unjuk rasa di luar kediaman resmi benjamin netanyahu di yerusalem pada hari sabtu mereka menyuarakan tuntutan agar perdana menteri tersebut mengundurkan diri para pengunjuk rasa mengibarkan bendera israel sambil memanggil netanyahu dengan panggilan bibi dan menyebutnya sebagai pembunuh beberapa demonstran berusaha menerobos penghalang yang ditempatkan di sekitar kediaman netanyahu dan bentrok dengan polisi israel menurut laporan ratusan orang berkumpul di luar kediaman netanyahu di yerusalem dengan seruan lebih tegas agar ia mundur dari jabatan perdana menteri mereka mengibarkan bendera israel dan menyerukan penjarakan netanyahu sekarang protes ini datang seiring dengan hasil jajak pendapat yang menunjukkan bahwa lebih dari tiga perempat warga israel percaya netanyahu harus mengundurkan diri netanyahu yang telah memimpin israel selama hampir 16 tahun dalam 27 tahun terakhir sedang menghadapi tiga kasus korupsi di pengadilan,False Positive
2-6744,Jewish,0,1,0.9123374,"Hamas dan Israel Memanas, AHY Ajak Pemerintah Perjuangkan Kemerdekaan Palestina Bahkan, AHY mengajak pemerintah Indonesia untuk menyiapkan langkah taktis dan strategis untuk memperjuangkan kemerdekaan Palestina.",hamas dan israel memanas ahy ajak pemerintah perjuangkan kemerdekaan palestina bahkan ahy mengajak pemerintah indonesia untuk menyiapkan langkah taktis dan strategis untuk memperjuangkan kemerdekaan palestina,False Positive
4-1682,LGBTQ+,0,1,0.90692085,Apa ada cwok gay di sini?,apa ada cwok gay di sini,False Positive
1-5128,LGBTQ+,0,1,0.90473783,duh gallery penuh gay memes tp gatau mau ngeshare ke siapa,takjub gallery penuh gay memes tapi gatau mau ngeshare ke siapa,False Positive
2-7173,Disabilitas,0,1,0.90379804,"Bagi org yg bisa dibilang buta jkt, harus berjuang sendiri nyari tempat parkir tuhh bener"" bikin frustasi yahh 😩",bagi org yang bisa dibilang buta jkt harus berjuang sendiri nyari tempat parkir tuhh bener bikin frustasi yahh lelah,False Positive
2-8041,Jewish,0,1,0.9031037,"Benci Tapi Butuh, Israel Pemasok Senjata Dan Mesin Ke RI",benci tapi butuh israel pemasok senjata dan mesin ke ri,False Positive
4-46,Rohingya,0,1,0.9028328,@tanyarlfes Ini sender jangan-jangan yang gencar posting info sesat soal pengungsi Rohingya mulu.🙄,ini sender jangan jangan yang gencar posting info sesat soal pengungsi rohingya mulu sebal,False Positive
2-5607,Jewish,0,1,0.9026837,dari Markas Bawah Tanah Jihad Islam Palestina mereka mengirim Rudal ke alamat di wilayah Israel,dari markas bawah tanah jihad islam palestina mereka mengirim rudal ke alamat di wilayah israel,False Positive
4-1956,UNKNOWN,0,1,0.8995198,Foto Jokowi Membagikan Buku dengan Sampul Prabowo dan Gibran,foto jokowi membagikan buku dengan sampul prabowo dan gibran,False Positive
2-6013,Jewish,0,1,0.8986825,Banyk Ranjau dari Akun Zionis Pesek,banyk ranjau dari akun zionis pesek,False Positive
2-4539,Jewish,0,1,0.89204687,Alesan di jual karna pro israel 😅,alesan di jual karna pro israel,False Positive
1-5921,Disabilitas,0,1,0.8914996,"gila masa masa skrg dipake banget buat belajar utk lebih baik, baca kata-kata ini lgsg nyes bgt ke hati, “ niat lu mau membahagiakan dia, atau emg lu akan bahagia sm dia” intinya disuatu hubungan akan selalu ada 2 case pilihan seperti ini jadi emg harus kritis dlm memilih orang🥰",gila masa masa sekarang dipake banget buat belajar utk lebih baik baca kata kata ini lgsg nyes banget ke hati niat lu mau membahagiakan dia atau memang lu akan bahagia sama dia intinya disuatu hubungan akan selalu ada 2 case pilihan seperti ini jadi memang harus kritis dlm memilih orang sayang,False Positive
1-1593,Jewish,0,1,0.8894939,Video Pengibaran Bendera Israel Bukan Berlokasi di RS Al Shifa,video pengibaran bendera israel bukan berlokasi di rs al shifa,False Positive
1-2128,Jewish,0,1,0.88802,PRO Palestina itu harus action seperti Ganjar menolak tim ISRAEL,pro palestina itu harus action seperti ganjar menolak tim israel,False Positive
1-4403,Kristen,0,1,0.8867589,Analis politik yang juga pengajar Ilmu Komunikasi Politik dan Teori Kritis pada Fakultas Ilmu Sosial Ilmu Politik Universitas Katolik Widya Mandira (Unwira) Kupang Mikhael Raja Muda Bataona mengatakan duet Prabowo Subianto dan Gibran Rakabuming Raka pada Pilpres 2024 tidak mudah…,analis politik yang juga pengajar ilmu komunikasi politik dan teori kritis pada fakultas ilmu sosial ilmu politik universitas katolik widya mandira unwira kupang mikhael raja muda bataona mengatakan duet prabowo subianto dan gibran rakabuming raka pada pemilu presiden 2024 tidak mudah,False Positive
2-9136,Jewish,0,1,0.8796372,"Setelah PM Israel Menyatakan Perang Terbuka atas tindakan pembunuhan ke warga sipil Israel, kini Jubir Hamas Minta Israel menahan diri dan bersedia berunding utk genjatan senjata. Padahal Gaza belum diratakan semua dengan tanah seperti janji PM Netanyahu. #IsraelPalestineWar",setelah pm israel menyatakan perang terbuka atas tindakan pembunuhan ke warga sipil israel kini jubir hamas minta israel menahan diri dan bersedia berunding utk genjatan senjata padahal gaza belum diratakan semua dengan tanah seperti janji pm netanyahu,False Positive
4-4933,Tionghoa,0,1,0.87641674,Karpet bulu import Bade in china Rp250 - Tangerang Jual ni karpet mobil masi sangat bagus lokasi tangrang buat mobil 2 baris,karpet bulu import bade in cina rp2so tangerang jual ini karpet mobil masi sangat bagus lokasi tangrang buat mobil 2 baris,False Positive
1-5447,LGBTQ+,0,1,0.8698614,"Mungkin ini udah dipost berkali2 tapi gak bosen2nya ngingetin mutual di sini: A. Stop sexualizing straight guy B. Stop sexualizing minor Kalau butuh hiburan dewasa itu konten yang memang udah segmented buat gay ada buanyak banget di internet, tinggal dicari aja.",mungkin ini sudah dipost berkali2 tapi tidak bosen2nya ngingetin mutual di sini a stop sexualizing straight guy b stop sexualizing minor kalau butuh hiburan dewasa itu konten yang memang sudah segmented buat gay ada buanyak banget di internet tinggal dicari aja,False Positive
1-3472,Jewish,0,1,0.8655456,"‎'‎MAL ANG RAY INFO د Satpol PP Copot Stiker Bendara Israel yang Viral Ditempel di Jalanan Malang malangraya_info 0815 5540 4040 #malangrayainfo‎'‎ Viral video stiker bendera Israel berukuran besar ditempel di aspal jalanan Kota Malang, Jawa Timur. Satpol PP Malang pun bertindak dan mencopot stiker tersebut.

Dilansir detikJatim, dalam video yang beredar, stiker bendera Israel yang ditempel itu terlihat kotor karena dilindas oleh kendaraan. Dari informasi yang dihimpun, stiker bendera Israel itu terlihat di sejumlah titik pada Rabu (19/10) pagi. Salah satunya di Jalan Tugu atau Bundaran Tugu Balai Kota Malang.

Tak hanya di satu titik, sejumlah warga menyebut stiker Bendera Israel itu juga ditempelkan di aspal jalan di simpang 3 Jalan Sunandar Priyo Sudarmo, traffic light Jalan Ahmad Yani, serta ruas jalan di kawasan jembatan Soekarno-Hatta.

Kepala Satpol PP Kota Malang Heru Mulyono menyampaikan stiker-stiker itu telah dibersihkan pada Rabu (18/10). Pembersihan dilakukan bersama beberapa lembaga pemerintah terkait dan dibantu Polresta Malang Kota.

Heru menyampaikan stiker itu dicabut dengan alasan membahayakan pengguna jalan.

Baca berita selengkapnya di 

Atau kunjungi akun sosial medianya di @detik_jatim",mal ang ray info د satpol pp copot stiker bendara israel yang viral ditempel di jalanan malang malangraya_info 0815 5540 4040 viral video stiker bendera israel berukuran besar ditempel di aspal jalanan kota malang jawa timur satpol pp malang pun bertindak dan mencopot stiker tersebut dilansir detikjatim dalam video yang beredar stiker bendera israel yang ditempel itu terlihat kotor karena dilindas oleh kendaraan dari informasi yang dihimpun stiker bendera israel itu terlihat di sejumlah titik pada rabu 19 10 pagi salah satunya di jalan tugu atau bundaran tugu balai kota malang tak hanya di satu titik sejumlah warga menyebut stiker bendera israel itu juga ditempelkan di aspal jalan di simpang 3 jalan sunandar priyo sudarmo traffic light jalan ahmad yani serta ruas jalan di kawasan jembatan soekarno hatta kepala satpol pp kota malang heru mulyono menyampaikan stiker stiker itu telah dibersihkan pada rabu 18 10 pembersihan dilakukan bersama beberapa lembaga pemerintah terkait dan dibantu polresta malang kota heru menyampaikan stiker itu dicabut dengan alasan membahayakan pengguna jalan baca berita selengkapnya di atau kunjungi akun sosial medianya di,False Positive
3-2711,Disabilitas,0,1,0.8610014,Bodo gila lu rang saja gila play video dia dengan szai zai 😭,bodoh gila lu rang saja gila play video dia dengan szai zai menangis,False Positive
4-747,UNKNOWN,0,1,0.8597987,"Airlangga Hartarto Pindah Haluan, Gibran Terbukti Curang",airlangga hartarto pindah haluan gibran terbukti curang,False Positive
2-6337,"Kristen, Jewish",0,1,0.85674274,"🇮🇱✝️ Wanita Kristen diludahi, ditendang, dicambuk, dicaci maki dan bajunya diseret karena berbicara tentang Yesus di Israel. Israel ternyata bukan teladan dalam kerukunan umat beragama. Tidak heran kalau RS Kristen Al Ahli Baptist di Gaza mereka bom tanpa ampun. 💥😥 credit:…",wanita kristen diludahi ditendang dicambuk dicaci maki dan bajunya diseret karena berbicara tentang yesus di israel israel ternyata bukan teladan dalam kerukunan umat beragama tidak heran kalau rs kristen al ahli baptist di gaza mereka bom tanpa ampun bom sedih credit,False Positive
1-782,Jewish,0,1,0.8518709,"Israel mengakui kekalahan yang signifikan dalam pertempuran digital, di mana narasi pro-Palestina mendominasi Instagram dan TikTok.

Data menunjukkan hanya 7,39 miliar unggahan pro-Israel dibandingkan dengan 109,61 miliar unggahan pro-Palestina dalam 2 bulan terakhir, dengan dugaan bahwa pendukung pro-Palestina di media sosial mungkin telah dibayar.

Liav Refael-Chen, CEO Humanz, mencatat bahwa influencer di luar Israel enggan terlibat dengan kampanye pro-Israel, dan motivasi untuk membagikan konten anti-Hamas juga mengalami penurunan. Transformasi platform Humanz mendukung propaganda pro-Israel selama konflik di Gaza. 

📝 via : faktanyagoogle_official Israel mengakui kekalahan yang signifikan dalam pertempuran digital, di mana narasi pro-Palestina mendominasi Instagram dan TikTok.

Data menunjukkan hanya 7,39 miliar unggahan pro-Israel dibandingkan dengan 109,61 miliar unggahan pro-Palestina dalam 2 bulan terakhir, dengan dugaan bahwa pendukung pro-Palestina di media sosial mungkin telah dibayar.

Liav Refael-Chen, CEO Humanz, mencatat bahwa influencer di luar Israel enggan terlibat dengan kampanye pro-Israel, dan motivasi untuk membagikan konten anti-Hamas juga mengalami penurunan. Transformasi platform Humanz mendukung propaganda pro-Israel selama konflik di Gaza. 

📝 via : faktanyagoogle_official",israel mengakui kekalahan yang signifikan dalam pertempuran digital di mana narasi pro palestina mendominasi instagram dan tiktok data menunjukkan hanya 7 39 miliar unggahan pro israel dibandingkan dengan 109 61 miliar unggahan pro palestina dalam 2 bulan terakhir dengan dugaan bahwa pendukung pro palestina di media sosial mungkin telah dibayar liav refael chen ceo humanz mencatat bahwa influencer di luar israel enggan terlibat dengan kampanye pro israel dan motivasi untuk membagikan konten anti hamas juga mengalami penurunan transformasi platform humanz mendukung propaganda pro israel selama konflik di gaza via faktanyagoogle_official israel mengakui kekalahan yang signifikan dalam pertempuran digital di mana narasi pro palestina mendominasi instagram dan tiktok data menunjukkan hanya 7 39 miliar unggahan pro israel dibandingkan dengan 109 61 miliar unggahan pro palestina dalam 2 bulan terakhir dengan dugaan bahwa pendukung pro palestina di media sosial mungkin telah dibayar liav refael chen ceo humanz mencatat bahwa influencer di luar israel enggan terlibat dengan kampanye pro israel dan motivasi untuk membagikan konten anti hamas juga mengalami penurunan transformasi platform humanz mendukung propaganda pro israel selama konflik di gaza via faktanyagoogle_official,False Positive
2-5302,Disabilitas,0,1,0.8494598,LEBIH GILA DRI PENTHOUSE LA😀,lebih gila dri penthouse la senyum,False Positive
4-2496,Jewish,0,1,0.8488431,“PANGLIMA ISRAEL yang perintah Bakar Mesjid Al Aqsa di tangkap HAMAS”,panglima israel yang perintah bakar mesjid al aqsa di tangkap hamas,False Positive
1-2077,Tionghoa,0,1,0.8478412,"Semoga 0m Ahok ketua KPK,jelas beda sya suka keturunan china cerdas,jujur,pekerja keras,no kepo",semoga om ahok ketua kpk jelas beda sya suka keturunan cina cerdas jujur pekerja keras no kepo,False Positive
2-5943,Tionghoa,0,1,0.8443031,Rencana surya paloh gagal total . . . Gege Pak Prabowo Megumi INDOMY FOR YOONGI terbuka TKA China Poland iOS 17 Jurnalis Mata Najwa Lina 40 T jisoo Suho Macron #LeeMinHo #MovingEp18,rencana surya paloh gagal total gege pak prabowo megumi indomy for yoongi terbuka tka cina poland ios 17 jurnalis mata najwa lina 40 t jisoo suho macron hmouingepib,False Positive
2-3063,Jewish,0,1,0.8380213,"Jika benar Zionis Israel hanya menyerang Hamas, dokumentasi video ini terjadi di Jenin, Tepi Barat. Di Tepi Barat tidak ada Hamas.",jika benar zionis israel hanya menyerang hamas dokumentasi video ini terjadi di jenin tepi barat di tepi barat tidak ada hamas,False Positive
1-5286,LGBTQ+,0,1,0.8368214,"6 Skandal yang Membelit Yoo Ah In, Isu Gay sampai Didakwa Kasus Dugaan Penyalahgunaan Narkoba",6 skandal yang membelit yoo ah in isu gay sampai didakwa kasus dugaan penyalahgunaan narkoba,False Positive
2-7571,Disabilitas,0,1,0.8271109,"saking jarangnya ada org cakep di daerah rumah gua, begitu ada cewe bening pada mlengos semua bapak bapak shock ada yg begitu wkwkwkw tp gila si para bat mancung bajunye gilss u r very lucky mas yg disebelahnye 💪🏼👌🏼",saking jarangnya ada org cakep di daerah rumah gua begitu ada cewe bening pada mlengos semua bapak bapak shock ada yang begitu tertawa wkw tapi gila si para bat mancung bajunye gilss u r very lucky mas yang disebelahnye kuat oke,False Positive
2-5161,Jewish,0,1,0.8253293,Pembantaian zionis beberapa waktu lalu diwilayah jabalia,pembantaian zionis beberapa waktu lalu diwilayah jabalia,False Positive
3-2831,Disabilitas,0,1,0.8201176,"Pratiwi Noviyanthi Pernah Dilempari Batu, Mengaku Tak Menyerah Bantu ODGJ #PratiwiNoviyanthi #ODGJ",pratiwi noviyanthi pernah dilempari batu mengaku tak menyerah bantu odgj,False Positive
2-2760,Jewish,0,1,0.8193207,"Bisa jadi 1400 org itu ya tentara dia sendiri yg koid dihabisin hms. Kan tentara yg sebenernya emg dah habis, skrg tentara² dr mana² ada yg bayaran dr negara lain. Soalnya si zionis sm si netatahu emg ngumpetin tentara mereka yg gugur",bisa jadi 1400 org itu ya tentara dia sendiri yang koid dihabisin hms kan tentara yang sebenarnya memang dah habis sekarang tentara² dr mana² ada yang bayaran dr negara lain karena si zionis sama si netatahu memang ngumpetin tentara mereka yang gugur,False Positive
1-3851,Disabilitas,0,1,0.8111943,Dikit dikit nangis. Takut jadi orgil dah,dikit dikit nangis takut jadi orgil dah,False Positive
2-3446,Jewish,0,1,0.8062878,Hari Ini Israel Serang Rumah Sakit Al Shifa dengan Dalih Sudah Temukan Bunker dan Pusat Komando Hamas di Situ,hari ini israel serang rumah sakit al shifa dengan dalih sudah temukan bunker dan pusat komando hamas di situ,False Positive
4-353,Disabilitas,0,1,0.8061667,"Ass,....kang mas matur nuwun telah banyak memberi manfaat dlm kehidupan para ODGJ semoga Allah SWT senantiasa memberikan keberkahan pada bapak Purnomo sekeluarga alfatihah 🤲🤲🙏",ass kang mas matur nuwun telah banyak memberi manfaat dlm kehidupan para odgj semoga allah swt senantiasa memberikan keberkahan pada bapak purnomo sekeluarga alfatihah doa,False Positive
2-12336,Jewish,0,1,0.80446386,"HUMAN ORGAN FOR TRANSPLANT ANTTS Israel pernah terlibat dalam pencurian dan perdagangan organ warga Palestina. LUARBIOSKOP Jurnalis investigatif Swedia Donald Boström mengungkap bahwa Isra hell telah terlibat dalam pencurian organ dari jenazah warga Palestina yang telah meninggal, sebuah fakta yang dikuaknya dalam penyelidikan. Boström menyatakan bahwa PBB mengetahui hal ini tetapi tidak dapat melakukan tindakan apa pun. Tindakan ini dianggap sebagai pelanggaran hukum kolektif dan Konvensi Jenewa Keempat, meskipun Isra hell tidak meratifikasinya. 

#Luarbioskop #SkandalOrganIsrael #PencurianOrganPalestina #BoströmInvestigasi #YehudaHissPengakuan",human organ for transplant antts israel pernah terlibat dalam pencurian dan perdagangan organ warga palestina luarbioskop jurnalis investigatif swedia donald boström mengungkap bahwa isra hell telah terlibat dalam pencurian organ dari jenazah warga palestina yang telah meninggal sebuah fakta yang dikuaknya dalam penyelidikan boström menyatakan bahwa pbb mengetahui hal ini tetapi tidak dapat melakukan tindakan apa pun tindakan ini dianggap sebagai pelanggaran hukum kolektif dan konvensi jenewa keempat meskipun isra hell tidak meratifikasinya,False Positive
2-8710,Jewish,0,1,0.80318356,"Prabowo langsung mengambil tindakn nyt utk membantu saudara2 kt di palestina yg mnjd krbn konflik antara Israel & hamas @prabowo Menerima kedatangan Duta bsr Mesir,yg Mulia Ashraf Mohamed Moguib Sultan tuk diskusi scr rinci terutama mengenai rencana pengiriman kpl rmh sakit kita.",prabowo langsung mengambil tindakn nyt utk membantu saudara2 kt di palestina yang mnjd krbn konflik antara israel hamas menerima kedatangan duta bsr mesir yg mulia ashraf mohamed moguib sultan tuk diskusi secara rinci terutama mengenai rencana pengiriman kpl rmh sakit kita,False Positive
2-3975,Disabilitas,0,1,0.79951614,"STMJ, dapet cerita dari yg jual pernah ada yg nelen telor 35 biji disini, orang gila macam apa dia",stmj dapet cerita dari yang jual pernah ada yang nelen telor 35 biji disini orang gila macam apa dia,False Positive
2-947,Jewish,0,1,0.7933016,"Hasil Pengeluaran ISRAEL Pools Hari SABTU, 04 NOVEMBER 2023 Result : 6830 Shio : ANJING #dafatoto #togel #togelonline #togelhongkong #togelsingapore #togelsydney #togelterpercaya #togelsgp #togelhk #togelindonesia #togeljitu #prediksitogel #togelakurat #bocorantogel",hasil pengeluaran israel pools hari sabtu 04 november 2023 result 6830 shio anjing,False Positive
1-4494,Kristen,0,1,0.7832097,"[TIM FORMATUR] Shallom, tidak terasa sebentar lagi masa kepengurusan periode 2023 akan segera selesai, pelayanan dan regenerasi harus tetap dilanjutkan. Sebagai wujud dari regenerasi dalam sistem kepengurusan, telah terpilih calon ketua UKM Kristen periode 2024.",tim formatur shallom tidak terasa sebentar lagi masa kepengurusan periode 2023 akan segera selesai pelayanan dan regenerasi harus tetap dilanjutkan sebagai wujud dari regenerasi dalam sistem kepengurusan telah terpilih calon ketua ukm kristen periode 2024,False Positive
2-10321,Jewish,0,1,0.7762894,@anwaribrahim kehadapan pemimpin Negara Islam tanah Melayu ? Adalah anda terlalu layu utk bantu saudara islam kamu di Palestine ? Cuma bertanya kenapa US boleh bantu Yahudi dri segi Senjata dan tentera tetapi tidak Malaysia Negara Berdaulat ?,kehadapan pemimpin negara islam tanah melayu adalah anda terlalu layu utk bantu saudara islam kamu di palestine cuma bertanya kenapa us boleh bantu yahudi dri segi senjata dan tentera tetapi tidak malaysia negara berdaulat,False Positive
2-952,Disabilitas,0,1,0.7710557,"Nyari yang mau jadi teman tu banyak, tapi cari yang benar-benar nerima apa adanya, sefrekuensi dan rada gila itu susah, lu bakal lupa kalo lu lagi punya problem kalo lagi bareng dia, lu juga ga perlu banyak uang buat bisa temanan sama dia, sama2 effort dan saling ngasi feedback.",nyari yang mau jadi teman itu banyak tapi cari yang benar benar nerima apa adanya sefrekuensi dan rada gila itu susah lu bakal lupa kalo lu lagi punya problem kalo lagi bareng dia lu juga tidak perlu banyak uang buat bisa temanan sama dia sama2 effort dan saling ngasi feedback,False Positive
2-11533,Jewish,0,1,0.7684927,Capres dan pendukungnya yang membela israel jangan dipilih. Berarti dia gak paham konstitusi 🤔😐,calon presiden dan pendukungnya yang membela israel jangan dipilih berarti dia tidak paham konstitusi pikir datar,False Positive
1-3613,"Tionghoa, Jewish",0,1,0.75753003,"Setelah Rusia, Kini Anti-Yahudi Meroket di China",setelah rusia kini anti yahudi meroket di cina,False Positive
1-1470,Tionghoa,0,1,0.7498023,"China Murka atas Memburuknya Situasi Gaza, Negara Bermoral Tidak Akan Biarkan Itu Berlanjut",cina murka atas memburuknya situasi gaza negara bermoral tidak akan biarkan itu berlanjut,False Positive
2-3797,Disabilitas,0,1,0.73906565,Semua yang mereka putuskan sudah salah dari awal dan ini adalah cacat hukum Cawapres Cacat Hukum,semua yang mereka putuskan sudah salah dari awal dan ini adalah cacat hukum calon wakil presiden cacat hukum,False Positive
1-419,Disabilitas,0,1,0.73665255,"Dua priode jadi presiden dari negara berpenduduk 280jt jiwa masih di anggap petugas partai,,,emangnya yg milih cuma simpatisan partai?, gila lo jerrr,, Pdhl 7 x ikut pemilu belum pernah nyoblos partai selain PDIP dari masih PDI, tapi 2024 mohon maaf, #SayaBersamaJokowi",dua priode jadi presiden dari negara berpenduduk 2bojt jiwa masih di anggap petugas partai emangnya yang milih cuma simpatisan partai gila lo jerr pdhl 7 x ikut pemilu belum pernah mencoblos partai selain pdip dari masih pdi tapi 2024 mohon maaf,False Positive
2-11894,Tionghoa,0,1,0.7365468,China utara ambil langkah atasi gelombang dingin parah ://,cina utara ambil langkah atasi gelombang dingin parah,False Positive
4-2628,"Kristen, LGBTQ+, Jewish, Rohingya",0,1,0.73164874,"Pada 1865, enam veteran berkulit putih yang terdidik kembali ke rumah mereka setelah kekalahannya di perang saudara. Perang saudara berakhir dan membawa kebebasan dan perlindungan untuk orang Amerika kulit hitam.

Namun, ketika orang kulit hitam mencoba menggunakan hak barunya, mereka dihadapkan oleh kelompok berpakaian aneh yang memburu dan meneror mereka. Kelompok itu dimulai oleh enam veteran di atas, kelompok yang mereka beri nama “Ku Klux Klan”.

Ku Klux Klan yang kita kenal dan masih ada hingga sekarang ini berakar dari kebencian terhadap orang Amerika kulit hitam bahkan sebelum kelompok itu didirikan. Namun yang dilakukan Ku Klux Klan bukan semata kebencian, melainkan sikap nativisme yang diaplikasikan dalam teror, pembunuhan, pemerkosaan, perusakan, dan intimidasi terhadap orang Amerika berkulit hitam.

Selain itu, mereka juga menyerang orang Yahudi, imigran, orang LGBT, dan Katolik. Bukankah sebelumnya orang Amerika kulit putih adalah imigran juga bukan?

Sehari sebelum Natal pada 1865, enam orang veteran yang bernama James Crowe, Richard Reed, Calvin Jones, John Lester, Frank McCord, dan John Kennedy bertemu di Pulaski, Tennessee. Pertemuan mereka menghasilkan pembentukan suatu kelompok kecil yang bernama “the circle.” John Kennedy mengusulkan kata lain, yaitu “kuklos” dari Bahasa Yunani untuk nama kelompok mereka.

Selengkapnya di Netralnewsdotcom 

#sejarah #klukluxklan #sektekukluxklan #sejarahkukluxklan #updateberita #beritaterkini #beritaviral #nnc #netralnews #netralnewsdotcom Pada 1865, enam veteran berkulit putih yang terdidik kembali ke rumah mereka setelah kekalahannya di perang saudara. Perang saudara berakhir dan membawa kebebasan dan perlindungan untuk orang Amerika kulit hitam.

Namun, ketika orang kulit hitam mencoba menggunakan hak barunya, mereka dihadapkan oleh kelompok berpakaian aneh yang memburu dan meneror mereka. Kelompok itu dimulai oleh enam veteran di atas, kelompok yang mereka beri nama “Ku Klux Klan”.

Ku Klux Klan yang kita kenal dan masih ada hingga sekarang ini berakar dari kebencian terhadap orang Amerika kulit hitam bahkan sebelum kelompok itu didirikan. Namun yang dilakukan Ku Klux Klan bukan semata kebencian, melainkan sikap nativisme yang diaplikasikan dalam teror, pembunuhan, pemerkosaan, perusakan, dan intimidasi terhadap orang Amerika berkulit hitam.

Selain itu, mereka juga menyerang orang Yahudi, imigran, orang LGBT, dan Katolik. Bukankah sebelumnya orang Amerika kulit putih adalah imigran juga bukan?

Sehari sebelum Natal pada 1865, enam orang veteran yang bernama James Crowe, Richard Reed, Calvin Jones, John Lester, Frank McCord, dan John Kennedy bertemu di Pulaski, Tennessee. Pertemuan mereka menghasilkan pembentukan suatu kelompok kecil yang bernama “the circle.” John Kennedy mengusulkan kata lain, yaitu “kuklos” dari Bahasa Yunani untuk nama kelompok mereka.

Selengkapnya di Netralnewsdotcom 

#sejarah #klukluxklan #sektekukluxklan #sejarahkukluxklan #updateberita #beritaterkini #beritaviral #nnc #netralnews #netralnewsdotcom",pada 1865 enam veteran berkulit putih yang terdidik kembali ke rumah mereka setelah kekalahannya di perang saudara perang saudara berakhir dan membawa kebebasan dan perlindungan untuk orang amerika kulit hitam namun ketika orang kulit hitam mencoba menggunakan hak barunya mereka dihadapkan oleh kelompok berpakaian aneh yang memburu dan meneror mereka kelompok itu dimulai oleh enam veteran di atas kelompok yang mereka beri nama ku klux klan ku klux klan yang kita kenal dan masih ada hingga sekarang ini berakar dari kebencian terhadap orang amerika kulit hitam bahkan sebelum kelompok itu didirikan namun yang dilakukan ku klux klan bukan semata kebencian melainkan sikap nativisme yang diaplikasikan dalam teror pembunuhan pemerkosaan perusakan dan intimidasi terhadap orang amerika berkulit hitam selain itu mereka juga menyerang orang yahudi imigran orang lgbt dan katolik bukankah sebelumnya orang amerika kulit putih adalah imigran juga bukan sehari sebelum natal pada 1865 enam orang veteran yang bernama james crowe richard reed calvin jones john lester frank mccord dan john kennedy bertemu di pulaski tennessee pertemuan mereka menghasilkan pembentukan suatu kelompok kecil yang bernama the circle john kennedy mengusulkan kata lain yaitu kuklos dari bahasa yunani untuk nama kelompok mereka selengkapnya di netralnewsdotcom pada 1865 enam veteran berkulit putih yang terdidik kembali ke rumah mereka setelah kekalahannya di perang saudara perang saudara berakhir dan membawa kebebasan dan perlindungan untuk orang amerika kulit hitam namun ketika orang kulit hitam mencoba menggunakan hak barunya mereka dihadapkan oleh kelompok berpakaian aneh yang memburu dan meneror mereka kelompok itu dimulai oleh enam veteran di atas kelompok yang mereka beri nama ku klux klan ku klux klan yang kita kenal dan masih ada hingga sekarang ini berakar dari kebencian terhadap orang amerika kulit hitam bahkan sebelum kelompok itu didirikan namun yang dilakukan ku klux klan bukan semata kebencian melainkan sikap nativisme yang diaplikasikan dalam teror pembunuhan pemerkosaan perusakan dan intimidasi terhadap orang amerika berkulit hitam selain itu mereka juga menyerang orang yahudi imigran orang lgbt dan katolik bukankah sebelumnya orang amerika kulit putih adalah imigran juga bukan sehari sebelum natal pada 1865 enam orang veteran yang bernama james crowe richard reed calvin jones john lester frank mccord dan john kennedy bertemu di pulaski tennessee pertemuan mereka menghasilkan pembentukan suatu kelompok kecil yang bernama the circle john kennedy mengusulkan kata lain yaitu kuklos dari bahasa yunani untuk nama kelompok mereka selengkapnya di netralnewsdotcom,False Positive
2-8356,Tionghoa,0,1,0.72928274,China Longgarkan Aturan Asuransi untuk Investasi di Saham,cina longgarkan aturan asuransi untuk investasi di saham,False Positive
2-5627,Disabilitas,0,1,0.72582436,"Tidak di sponsori siapapun , apa apa tuh sendiri , maka lancarkanlah rezeki laki laki yg tidak gila wanita ini ya allah",tidak di sponsori siapapun apa apa itu sendiri maka lancarkanlah rezeki laki laki yang tidak gila wanita ini ya allah,False Positive
2-6352,Jewish,0,1,0.7223402,"Jabaliya, Gaza Utara. Setelah dihujani rudal penjajah zionis israel. Laporan @RamAbdu #GazaGarisPertahananKita #Gaza17TahunDikepung",jabaliya gaza utara setelah dihujani rudal penjajah zionis israel laporan hgazaittahundikepung,False Positive
1-4784,Jewish,0,1,0.7152496,"BREAKING NEWS Perkembangan Terkini Dari Gaza AI-Qassam: Tidak lama  Sepucuk surat daripada sejumlah tahanan Zionis kepada Netanyahu dan kerajaan Zionis. Sumber: S4Muslim  MyAqsa Defenders S MUSLIM Al-Qassam: 

Tidak lama  Sepucuk surat daripada sejumlah tahanan Zionis kepada Netanyahu dan kerajaan Zionis",breaking news perkembangan terkini dari gaza ai qassam tidak lama sepucuk surat daripada sejumlah tahanan zionis kepada netanyahu dan kerajaan zionis sumber samuslim myaqsa defenders s muslim al qassam tidak lama sepucuk surat daripada sejumlah tahanan zionis kepada netanyahu dan kerajaan zionis,False Positive
2-749,Jewish,0,1,0.71511674,Tiap hari sekitar 1 sekolah kosong di Palestina di bunuh Zionis Israel. Bayangkan itu terjadi di Aceh!,tiap hari sekitar 1 sekolah kosong di palestina di bunuh zionis israel bayangkan itu terjadi di aceh,False Positive
2-9102,"Jewish, Rohingya",0,1,0.7128839,"Bani Mamad Perang Israel lawan Hamas kini *pindah tempat* ke Amerika, antara imigran Arab dg yg pro israel. sudah numpang bikin onar lagi",bani mamad perang israel lawan hamas kini pindah tempat ke amerika antara imigran arab dg yang pro israel sudah numpang bikin onar lagi,False Positive
2-6835,Jewish,0,1,0.7113997,Doa membinasakan yahudi itu sama aja pikiran genosida. Padahal bisa menolak zionist tanpa membenci Yahudi. Cuma emang orang Indo susah ngebedainnya karena kadung ngeliat bendera Israel dengan bintang davidnya yang berlaku kejam ke orang palestina.,doa membinasakan yahudi itu sama saja pikiran genosida padahal bisa menolak zionist tanpa membenci yahudi cuma memang orang indo susah ngebedainnya karena kadung ngeliat bendera israel dengan bintang davidnya yang berlaku kejam ke orang palestina,False Positive
2-2582,Jewish,0,1,0.7111231,Noh si abu jendes kena skak mate. Masih mau main lagi Israel ditolak di pildun20.. sokor!!,noh si abu jendes kena skak mate masih mau main lagi israel ditolak di pildun2o sokor,False Positive
4-4227,Kristen,0,1,0.7111227,"@diajengemy @Manyomi29 Saran saya untuk kakak, cobalah untuk bersikap begini ""bagiku agamaku dan bagimu agamamu"" saya muslimah dan saya tak pernah mau menonton ceramah otanv kristen ataupun hindu budha, karena saya yakin dengan tuhan saya, nah lakukanlah sebagaimana orang muslim demikian",amanyomi2g saran saya untuk kakak cobalah untuk bersikap begini bagiku agamaku dan bagimu agamamu saya muslimah dan saya tak pernah mau menonton ceramah otanv kristen ataupun hindu budha karena saya yakin dengan tuhan saya nah lakukanlah sebagaimana orang muslim demikian,False Positive
2-6103,Disabilitas,0,1,0.7103248,"Emng bner apk X bawa pengaruh buruk,move ke WA mah anak2 gw pada jadi baik napa di X kek orgil",emng bner apk x bawa pengaruh buruk move ke wa mah anak2 gue pada jadi baik napa di x kayak orgil,False Positive
3-1846,LGBTQ+,0,1,0.7043172,Ten top paling mengoda🫢 Tidur gaza hanas kebangun jodie hamil cowok pijat gay kece ganteng semarang jogja solo bandung jakarta medan pekanbaru viral iphone anti muscle bunuh diri paragon paparazi duit kerjaan capek mirna jesica ice cold,ten top paling mengoda tidur gaza hanas kebangun jodie hamil cowok pijat gay kece ganteng semarang jogja solo bandung jakarta medan pekanbaru viral iphone anti muscle bunuh diri paragon paparazi duit kerjaan capek mirna jesica ice cold,False Positive
3-195,Jewish,0,1,0.6992166,Serangan Israel ada 350 anak syahid meninggal dunia dijalur Gaza n 😢😭 Islam masih diam n mereka byk lari ke turki,serangan israel ada 350 anak syahid meninggal dunia dijalur gaza n menangis menangis islam masih diam n mereka banyak lari ke turki,False Positive
4-1106,Syiah,0,1,0.6935271,SYIAH AGAMA IBLIS,syiah agama setan,False Positive
1-4433,Kristen,0,1,0.68812245,Keanya gue harus jadi orang Kristen biar jadi punya bapak,keanya gue harus jadi orang kristen supaya jadi punya bapak,False Positive
3-748,Jewish,0,1,0.6813909,Salah satu Menteri Israel Amihai Eliyahu mengatakan bahwa menjatuhkan bom atom di Gaza adalah “salah satu pilihan yang tepat”. Salah satu Menteri Israel Amihai Eliyahu mengatakan bahwa menjatuhkan bom atom di Gaza adalah “salah satu pilihan yang tepat”.,salah satu menteri israel amihai eliyahu mengatakan bahwa menjatuhkan bom atom di gaza adalah salah satu pilihan yang tepat salah satu menteri israel amihai eliyahu mengatakan bahwa menjatuhkan bom atom di gaza adalah salah satu pilihan yang tepat,False Positive
1-1479,Tionghoa,0,1,0.6688866,"Wts Yu yu yu LD Golden China nya, albumnya bisa ditinggal kalau mau ld only 😘 dari GO @starlightkstf #Luckydraw #Golden #Jungkook #ld #album",wts yu yu yu ld golden cina nya albumnya bisa ditinggal kalau mau ld only cium dari go,False Positive
1-5490,LGBTQ+,0,1,0.66026264,Apa bener kpop itu grupnya ada yg LGBT atau minimal mendukung LGBT?,apa benar kpop itu grupnya ada yang lgbt atau minimal mendukung lgbt,False Positive
1-1571,UNKNOWN,0,1,0.6419253,Gambar tangkapan layar artikel “BALIHO DUET PRABOWO -JAN ETHES MUNCUL DI LABUHAN BAJO”,gambar tangkapan layar artikel baliho duet prabowo jan ethes muncul di labuhan bajo,False Positive
3-1249,UNKNOWN,0,1,0.6414588,Erdogan yang di banggakan oleh sebagian warga Indonesia malah membuka hubungan diplomatik dengan I#PrabowoGibran2024,erdogan yang di banggakan oleh sebagian warga indonesia malah membuka hubungan diplomatik dengan ihprabowogibran2o2a,False Positive
2-8070,Disabilitas,0,1,0.63905644,KIM DOYOUNG ASTAGHFIRULLAH LU MAU GUE GILA YA🥲,kim doyoung astaghfirullah lu mau gue gila ya,False Positive
2-7435,Disabilitas,0,1,0.63753337,"Gila ya, perkara tanah abang doang satu indonesia stop jualan di Tiktok. Kalau salah satu pusat perbelanjaan di mksr ngeluh jg sepi pembeli, mungkin kah shopee Live di tutup juga? OH TENTU TYDAC, kan makassar ada di Konoha, sdgkan Tanah Abang di Jakarta, Pulau Jawa Indonesia🙂👍",gila ya perkara tanah abang doang satu indonesia stop jualan di tiktok kalau salah satu pusat perbelanjaan di mksr ngeluh juga sepi pembeli mungkin kah shopee live di tutup juga oh tentu tydac kan makassar ada di konoha sdgkan tanah abang di jakarta pulau jawa indonesia senyum setuju,False Positive
2-6691,Jewish,0,1,0.6345763,"Obrolan bareng istri 🧕 : yah, sekarang jangan beli lagi MCD 🙎‍♂️ : iya pro zionis israel 🧕 : iya kasian warga palestina 🙎‍♂️ : kasian juga dompet ayah kalo beli MCD 😄 🧕 : dompet ayah mh gpp, ga usah dikasihanin 🙎‍♂️: 🥲🥲🥲",obrolan bareng istri yah sekarang jangan beli lagi mcd sebal iya pro zionis israel iya kasihan warga palestina sebal kasihan juga dompet ayah kalo beli mcd senyum dompet ayah mh gpp tidak usah dikasihanin sebal,False Positive
2-11250,Jewish,0,1,0.63426334,Presiden Turki Erdogan : Israel Lakukan Kejahatan Perang ://,presiden turki erdogan israel lakukan kejahatan perang,False Positive
3-1721,Tionghoa,0,1,0.63378036,Benarkah negara cina sekarang sedang menuju kebangkrutan setelah investor2 Amerika dkk hengkang dari sana? #2024SambutPerubahan #2024IndonesiaBangkit,benarkah negara cina sekarang sedang menuju kebangkrutan setelah inuestor2 amerika dkk hengkang dari sana h2o2asambutperubahan h2o2aindonesiabangkit,False Positive
2-2411,Jewish,0,1,0.62264127,Ganjar Pranowo ajak ada kolaborasi budaya antara Jawa dan Bali Mahkamah Keluarga | Gibran | Palestina | Berani | Mangga | #BABYMONSTER | Harum | Ngedeath | Siang 10 Oktober | Hamas | BTS BTS BTS #TwinklingWatermelonEp6 Israel | SEE YOU IN 2025 | JINNY | #PramuKajen,ganjar pranowo ajak ada kolaborasi budaya antara jawa dan bali mahkamah keluarga gibran palestina berani mangga harum ngedeath siang 10 oktober hamas bts bts bts htwinklingwatermelonep6 israel see you in 2025 jinny,False Positive
2-7277,Jewish,0,1,0.61667,"Serangan Israel sasar masjid di Gaza, dikhawatirkan banyak korban jiwa",serangan israel sasar masjid di gaza dikhawatirkan banyak korban jiwa,False Positive
1-1567,UNKNOWN,0,1,0.61343634,Jawaban Siswa Saat Ditanya Jokowi Cita-citanya “Pengen Prabowo Menang”,jawaban siswa saat ditanya jokowi cita citanya pengen prabowo menang,False Positive
2-897,Kristen,0,1,0.61232245,Ponakan gw minta pindah agama jadi kristen katanya biar bisa ke Inggris,ponakan gue minta pindah agama jadi kristen katanya supaya bisa ke inggris,False Positive
4-2102,Kristen,0,1,0.61109453,LOGIKA DAN IMAN BAGI YANG HIDUP BERDASARKAN HUKUM TAURAT... KATANYA TAAT PADA PERINTAH ALLAH DAN IMAN PADA HUKUM TAURAT DAN TIDAK PERCAYA INJIL... APAKAH TELAH LUNAS DAN TUNAI... BAGI ORANG YANG BERIMAN... SELAMAT KARENA ANDA BAKAL CALON KRISTEN DAN SEMAKIN PERCAYA PADA TUHAN YESUS...,logika dan iman bagi yang hidup berdasarkan hukum taurat katanya taat pada perintah allah dan iman pada hukum taurat dan tidak percaya injil apakah telah lunas dan tunai bagi orang yang beriman selamat karena anda bakal calon kristen dan semakin percaya pada tuhan yesus,False Positive
2-9873,Disabilitas,0,1,0.5993353,gila lu wi hajoon itu suara apa palung? deep betullll,gila lu wi hajoon itu suara apa palung deep betull,False Positive
1-4900,Jewish,0,1,0.5917944,"Pengamat: yang Dilakukan Israel Sekarang Persis Seperti AS ke Irak, Carpet Bombing",pengamat yang dilakukan israel sekarang persis seperti as ke irak carpet bombing,False Positive
4-1157,Rohingya,0,1,0.59134746,"Keliru, Klaim bahwa Etnis Rohingya Tinggalkan Kamp Pengungsian Mewah di Bangladesh karena Malas Bekerja",keliru klaim bahwa etnis rohingya tinggalkan kamp pengungsian mewah di bangladesh karena malas bekerja,False Positive
2-2052,Tionghoa,0,1,0.578737,Program belt and road china sdh sampe ke NKRI via Rempang dan Galang Riau Kepulauan,program belt and road cina sudah sampe ke nkri via rempang dan galang riau kepulauan,False Positive
3-2035,Jewish,0,1,0.5718136,Anjing di Tel Aviv merobek spanduk bergambar PM Israel Benyamin Netanyahu. Anjing saja marah pada penjahat perang ini.,anjing di tel aviv merobek spanduk bergambar pm israel benyamin netanyahu anjing saja marah pada penjahat perang ini,False Positive
4-3504,Rohingya,0,1,0.5698087,"Hapus @UNHCRIndo hanya menyusahkan masyarakat,lebih baik membantu saudaramu di PAPUA yang keparan ketimbang PENGUNGSI ROHINGYA yang tidak tahu diri !!!",hapus hanya menyusahkan masyarakat lebih baik membantu saudaramu di papua yang keparan ketimbang pengungsi rohingya yang tidak tahu diri,False Positive
2-5899,Jewish,0,1,0.5612021,Bingung kok yg dulung israel gak demo turun ke jalan juga,bingung kok yang dulung israel tidak demo turun ke jalan juga,False Positive
3-524,Jewish,0,1,0.5563365,"andinianita374 GIMANA CARA NGASIH TAU COWO KALO GANTI PERUSAHAAN OLI PRODUK NYA LAKU, ingat itu penting ga harus ganti tiap bulan sekali ganti oli cukup saat sudah kering aja Scoopy gw dah tahun pernah ganti tetap aja para COwO bisa bodohin sama teori ganti nohh motor listrik ga pake oli tetap bisa jalan Balas andinianita374 @andinianita374 lagian juga produk buatan Amer pabr juga mendukung Israel jadi jika kalian ganti maka kalian sama dengar menyumbangkan butir peluru untuk penduduk Gaza jadi stop oli DITARUH DIMANA LOGIKA NYA ?  Gini Amat Ya 

SEMUA BARANG BRANDED SEGERA DI LELANG 0 RUPIAH CEK @ATZOOM.CO DIJAMIN KALIAN BAKAL CUAN✅",andinianitaeta bagaimana cara ngasih tau cowo kalo ganti perusahaan oli produk nya laku ingat itu penting tidak harus ganti tiap bulan sekali ganti oli cukup saat sudah kering saja scoopy gue dah tahun pernah ganti tetap saja para cowo bisa bodohin sama teori ganti nohh motor listrik tidak pake oli tetap bisa jalan balas andinianitaeta aandinianitaeta lagian juga produk buatan amer pabr juga mendukung israel jadi jika kalian ganti maka kalian sama dengar menyumbangkan butir peluru untuk penduduk gaza jadi stop oli ditaruh dimana logika nya begini amat ya semua barang branded segera di lelang 0 rupiah cek co dijamin kalian bakal cuan benar,False Positive
1-1529,UNKNOWN,0,1,0.55598056,Prabowo Gagal Nyapres Karena Batasan Usia,prabowo gagal nyapres karena batasan usia,False Positive
3-943,Jewish,0,1,0.5499852,"Bangsa Yahudi Di Zaman Khalifah Umar Al-Faruq BUMN Barisan Ummat Neo @barisan_umat_neo Assalamualaikum warrahmatullahi wabarakatuh
Marhaba Ya Ummat Neo

Saat Khalifah Umar mengunjungi Damaskus pasca penaklukannya, seorang rabi Yahudi menyongsong beliau dan menyanjung Khalifah dengan gelar messianik ""Faruq"" yang dalam bahasa Aram artinya Juruselamat (ܦ݁ܳܪܽܘܩܳܐ: Paruqā). Dia membujuk Khalifah agar secepatnya mengambil alih Baitul Maqdis dari Bizantium. Khalifah kemudian mengirimkan pasukan untuk mengepung Yerusalem di bawah komando Amr bin Ash dan Abu Ubaidah bin Jarrah tahun 637 M. Seeing Islam as other Saw it: a survey and evaluation of Christian, Jewish, and Zoroastrian writing on early Islam. New Jersey: The Darwin Press.",bangsa yahudi di zaman khalifah umar al faruq bumn barisan ummat neo assalamualaikum warrahmatullahi wabarakatuh marhaba ya ummat neo saat khalifah umar mengunjungi damaskus pasca penaklukannya seorang rabi yahudi menyongsong beliau dan menyanjung khalifah dengan gelar messianik faruq yang dalam bahasa aram artinya juruselamat ܦ ܪ ܘܩ ܐ paruqā dia membujuk khalifah agar secepatnya mengambil alih baitul maqdis dari bizantium khalifah kemudian mengirimkan pasukan untuk mengepung yerusalem di bawah komando amr bin ash dan abu ubaidah bin jarrah tahun 637 m seeing islam as other saw it a survey and evaluation of christian jewish and zoroastrian writing on early islam new jersey the darwin press,False Positive
3-2330,Disabilitas,0,1,0.54833585,masih waras walaupun gila dikitt 🙏🏻 untung bsk masuk siang dahh 🫠🫠🫠🫠,masih waras walaupun gila dikitt doa untung bsk masuk siang dahh,False Positive
2-2282,Jewish,0,1,0.54173154,"Kecam Serangan ke Gaza, Erdogan: Israel Penjahat Perang",kecam serangan ke gaza erdogan israel penjahat perang,False Positive
1-2526,Jewish,0,1,0.5338647,"#PRAY FOR PALESTINE The quran path. quran. harian BASIC PERJUANGAN KITA DI SINI UNTUK PALESTINA ADALAH SHALAT BERJAMAAH DI MASJID Seorang penguasa yahudi pernah berkata, ""Kami baru takut terhadap umat Islam jika mereka telah melaksanakan shalat Shubuh berjamaah seperti melaksanakan shalat Jum'at."" from: salaf uCи-00 uuucumo ⬇️⬇️⬇️

Allah Ta'ala berfirman :
“Bertasbih kepada Allah di masjid-masjid yang telah diperintahkan untuk dimuliakan dan disebut nama-Nya di dalamnya, pada waktu pagi dan waktu petang, laki-laki yang tidak dilalaikan oleh perniagaan dan tidak (pula) oleh jual beli dari mengingati Allah, dan (dari) mendirikan sembahyang, dan (dari) membayarkan zakat. Dan Allah menjanjikan orang yang melakukannya dengan pahala besar. Maka terdapat celaan bagi orang yang tidak menghadiri masjid untuk shalat di sana” (Al Mulakhas Al Fiqhi, 103).

© 2023 
Sumber: 

#poster #dakwah #the #quran #path #pray #for #palestine #shalat #berjamaah #masjid #indonesia #indonesiabertauhid",for palestine the quran path quran harian basic perjuangan kita di sini untuk palestina adalah shalat berjamaah di masjid seorang penguasa yahudi pernah berkata kami baru takut terhadap umat islam jika mereka telah melaksanakan shalat shubuh berjamaah seperti melaksanakan shalat jum at from salaf ucи oo uucumo allah ta ala berfirman bertasbih kepada allah di masjid masjid yang telah diperintahkan untuk dimuliakan dan disebut nama nya di dalamnya pada waktu pagi dan waktu petang laki laki yang tidak dilalaikan oleh perniagaan dan tidak pula oleh jual beli dari mengingati allah dan dari mendirikan sembahyang dan dari membayarkan zakat dan allah menjanjikan orang yang melakukannya dengan pahala besar maka terdapat celaan bagi orang yang tidak menghadiri masjid untuk shalat di sana al mulakhas al fiqhi 103 2023 sumber,False Positive
2-6484,Jewish,0,1,0.5219,mungkin YAHUDI mau lomba tartil QURAN,mungkin yahudi mau lomba tartil quran,False Positive
1-4549,UNKNOWN,0,1,0.51028913,Video Negara-negara Arab Mulai Maju ke Gaza untuk Membantu,video negara negara arab mulai maju ke gaza untuk membantu,False Positive
2-165,Jewish,1,0,6.5134106e-11,Semoga kita semua diwafatkan dalam keadaan Iman dan Islam. Aamiin. Kecuali zionis beserta antek²nya. #FreePalestine,semoga kita semua diwafatkan dalam keadaan iman dan islam aamiin kecuali zionis beserta antek²nya,False Negative
3-1149,Jewish,1,0,5.4959454e-10,"Israel tersebar luas. Hal ini membuat konsumen semakin selektif dalam memilih produk yang mereka beli. Salah satu merek yang mendapat sorotan adalah Kelinci, yang dikabarkan memiliki hubungan bisnis dengan perusahaan Israel. Sebagai konsumen yang",israel tersebar luas hal ini membuat konsumen semakin selektif dalam memilih produk yang mereka beli salah satu merek yang mendapat sorotan adalah kelinci yang dikabarkan memiliki hubungan bisnis dengan perusahaan israel sebagai konsumen yang,False Negative
3-1803,Jewish,1,0,1.3279208e-09,"Lagi masak mie nyemek, eh suami nyletuk ""ini produk israel bukan?"" 😩😩😩😩",lagi masak mie nyemek eh suami nyletuk ini produk israel bukan lelah lelah,False Negative
1-3789,Disabilitas,1,0,9.054825e-09,"💚 ternyata ninggalin orangntu rasanya juga sakit banget ya 😟 kayak gak tega banget, tapi kalau diterusin juga nanti aku yang gila",ternyata ninggalin orangntu rasanya juga sakit banget ya khawatir seperti tidak tega banget tapi kalau diterusin juga nanti aku yang gila,False Negative
1-5181,Kristen,1,0,4.3809184e-08,"Sumpah ini aksi demonstrasi coldplay pada bego apa gimanasii, kan dia kesini nyanyi : Lu denger lagu taylor swift kristen. Trs lu nyanyi/suka lagu dia lu jadi kristen or dukung kristen gitu? Gblk! Otak pake",sumpah ini aksi demonstrasi coldplay pada bego apa gimanasii kan dia kesini nyanyi lu denger lagu taylor swift kristen terus lu nyanyi suka lagu dia lu jadi kristen or mendukung kristen gitu gblk otak pake,False Negative
1-4451,"Kristen, Jewish",1,0,5.7134343e-08,"Emang logika netizen ini pada amburadul, deh. Bawa2 sikap Paus Fransiskus terkait konflik Israel-Hamas utk salahkan khususnya umat Katolik di Indonesia yg dianggap pro-Israel. Lah emangnya Paus mengecam kekerasan oleh Israel itu berarti Paus anti-Yahudi/anti-Israel? 😁🤭😅🤣🤣🤣",memang logika netizen ini pada amburadul deh bawa2 sikap paus fransiskus terkait konflik israel hamas utk salahkan khususnya umat katolik di indonesia yang dianggap pro israel lah emangnya paus mengecam kekerasan oleh israel itu berarti paus anti yahudi anti israel senyum tertawa tertawa tertawa,False Negative
2-12437,LGBTQ+,1,0,7.830848e-08,LGBT jangan sampai datang apalagi jika dibawa oleh Qory dan Willy Dozan. Lupakan KDRT karena kita akan Fix You di Hindia demi tercapainya Persatuan Indonesia oleh TNI AU #ColdplayInJakarta #lvonline #slotgacor #slotonline #slotpulsa #slotdepositpulsa,lgbt jangan sampai datang apalagi jika dibawa oleh qory dan willy dozan lupakan kdrt karena kita akan fix you di hindia demi tercapainya persatuan indonesia oleh tni au,False Negative
1-2222,Disabilitas,1,0,8.2148176e-08,"NEWS UPDATE PREMS PR 107.5 FM Respons Pemkot Bandung soal Diduga ODGJ Viral Berhubungan Badan di Pinggir Jalan Moh Toha Foto: Freepik @prfmnews PMwsC PRFM News Channel 0818811075 Radio PRFM 107,5 News Channel",news update prems pr 107 5 fm respons pemkot bandung soal diduga odgj viral berhubungan badan di pinggir jalan moh toha foto freepik pmwsc prfm news channel 0818811075 radio prfm 107 5 news channel,False Negative
1-3660,Tionghoa,1,0,9.3915524e-08,China Open 2023: 5 Wakil Indonesia Melaju ke Babak 16 Besar #parboaboa #chinaopen2023 #bulutangkis #olahraga #indonesia #changzhou,cina open 2023 5 wakil indonesia melaju ke babak 16 besar hchinaopen2o2e,False Negative
1-3566,Tionghoa,1,0,1.2777261e-07,"Victor China Open 2023 32 Besar: XD: Rehan Naufal Kusharjanto/ Lisa Ayu Kusumawati 🇮🇩 vs Tang Chun Man/ Tse Ying Suet 🇭🇰 16-21, 12-21 Rehan/Lisa belum berhasil lolos ke babak selanjutnya, terima kasih atas perjuangannya. 📷: PBSI #ChinaOpen2023 #ChinaOpenSuper1000",victor cina open 2023 32 besar tertawa rehan naufal kusharjanto lisa ayu kusumawati vs tang chun man tse ying suet 16 21 12 21 rehan lisa belum berhasil lolos ke babak selanjutnya terima kasih atas perjuangannya pbsi hchinaopen2o2e hchinaopensuperioo,False Negative
1-3558,Tionghoa,1,0,1.3299041e-07,"🐈 binus! Guys mandarin beelingua kl kt kerjain gmau make stroke, tp make keyboard itu cara ngetik di keyboardnya gmn?! sender udh jadiin chinese simplified tp ga ngerti ngetiknya😔",binus guys mandarin beelingua kalau kt kerjain gmau make stroke tapi make keyboard itu cara ngetik di keyboardnya gmn sender sudah jadiin cina simplified tapi tidak ngerti ngetiknya sedih,False Negative
2-3587,Disabilitas,1,0,1.3989009e-07,Akun sangeann brondong gila yg buat brondong chat aj #brondong #chatbrondong,akun sangeann brondong gila yang buat brondong chat saja,False Negative
1-4517,UNKNOWN,1,0,4.1454493e-07,"Jokowi Merencanakan Kecurangan Pemilu 2024,  Mengintruksikan Aparat Desa Memenangkan Salah Satu Capres",jokowi merencanakan kecurangan pemilu 2024 mengintruksikan aparat desa memenangkan salah satu calon presiden,False Negative
1-3402,Jewish,1,0,4.3324985e-07,"FSV Mainz 05 resmi memutus kontrak Anwar El Ghazi terkait postingan dukungannya terhadap Palestina.

Awalnya El Ghazi posting dukungan terhadap Palestina di Insta-storynya.

Klub Mainz merespon dengan melakukan banned pada El Ghazi dari pertandingan dan latihan Mainz sampai waktu yang belum ditentukan.

Beberapa hari setelahnya zionis Israel semakin menunjukkan kekejamannya. Pada tanggal 27 Oktober dan 1 November El Ghazi pun kembali menyuarakan dukungannya dan tak memperdulikan lagi sanksi yang ia terima.

Hari ini, Mainz 05 secara resmi mengumumkan pemutusan kontrak Anwar El Ghazi.

Salut dengan keberaniannya dan pendirian El Ghazi, sob 👏

Respect ❤️

#Elghazi #Mainz #Sepakbola #Palestina #Indosport FSV Mainz 05 resmi memutus kontrak Anwar El Ghazi terkait postingan dukungannya terhadap Palestina.

Awalnya El Ghazi posting dukungan terhadap Palestina di Insta-storynya.

Klub Mainz merespon dengan melakukan banned pada El Ghazi dari pertandingan dan latihan Mainz sampai waktu yang belum ditentukan.

Beberapa hari setelahnya zionis Israel semakin menunjukkan kekejamannya. Pada tanggal 27 Oktober dan 1 November El Ghazi pun kembali menyuarakan dukungannya dan tak memperdulikan lagi sanksi yang ia terima.

Hari ini, Mainz 05 secara resmi mengumumkan pemutusan kontrak Anwar El Ghazi.

Salut dengan keberaniannya dan pendirian El Ghazi, sob 👏

Respect ❤️

#Elghazi #Mainz #Sepakbola #Palestina #Indosport",fsv mainz 05 resmi memutus kontrak anwar el ghazi terkait postingan dukungannya terhadap palestina awalnya el ghazi posting dukungan terhadap palestina di insta storynya klub mainz merespon dengan melakukan banned pada el ghazi dari pertandingan dan latihan mainz sampai waktu yang belum ditentukan beberapa hari setelahnya zionis israel semakin menunjukkan kekejamannya pada tanggal 27 oktober dan 1 november el ghazi pun kembali menyuarakan dukungannya dan tak memperdulikan lagi sanksi yang ia terima hari ini mainz 05 secara resmi mengumumkan pemutusan kontrak anwar el ghazi salut dengan keberaniannya dan pendirian el ghazi sob tepuk tangan respect cinta fsv mainz 05 resmi memutus kontrak anwar el ghazi terkait postingan dukungannya terhadap palestina awalnya el ghazi posting dukungan terhadap palestina di insta storynya klub mainz merespon dengan melakukan banned pada el ghazi dari pertandingan dan latihan mainz sampai waktu yang belum ditentukan beberapa hari setelahnya zionis israel semakin menunjukkan kekejamannya pada tanggal 27 oktober dan 1 november el ghazi pun kembali menyuarakan dukungannya dan tak memperdulikan lagi sanksi yang ia terima hari ini mainz 05 secara resmi mengumumkan pemutusan kontrak anwar el ghazi salut dengan keberaniannya dan pendirian el ghazi sob tepuk tangan respect cinta,False Negative
1-3831,Disabilitas,1,0,5.0903947e-07,GILAAAA EVOS CINTA BANGET GILA VELDORA BRANZ JAGO BANGET kapan lagi liat onic di ayam ayamin 🫢,gilaa evos cinta banget gila veldora branz jago banget kapan lagi liat onic di ayam ayamin,False Negative
1-4485,Kristen,1,0,8.5803646e-07,Vivat [A Thread] Emang bowleh r*mo se-c*8ul itu? Emang bowleh r*mo mainin b*a mahasiswi? Emang bowleh r*mo megang-megang mahasiswi? Bowlehhh kok kalo di kampus katolik m*** ****i*a*,vivat a thread memang bowleh r mo se c bul itu memang bowleh r mo mainin b a mahasiswi memang bowleh r mo megang megang mahasiswi bowlehh kok kalo di kampus katolik m i a,False Negative
3-2308,Disabilitas,1,0,9.159753e-07,"Kok ada ya orang yang berani ngutang padahal ga punya kerjaan, trus gimana cara lu buat ganti uangnya? Gila",kok ada ya orang yang berani ngutang padahal tidak punya kerjaan terus bagaimana cara lu buat ganti uangnya gila,False Negative
1-3129,Tionghoa,1,0,1.0778261e-06,"BWF Super 1000 V VICTOR CHINAOPEN ICTOR BADMINTALK China Open 2023 Women's Doubles Quarter Final Apriyani Rahayu Siti Fadia Silva Ramadhanti Baek Ha Na [2] Lee So Hee  15 21 10 21 18 21 Photo: Badmintalk Results Update of China Open 2023 - QF

Apri/Fadia harus akui kehebatan unggulan kedua. Tetap semangat! 

Foto: Badmintalk 

#china #chinaopen2023 #badmintalk #badmintoneurope #juara #champion #winner #brilliant #amazing #incredible #awesome #badminton #badmintonplayer #love #indonesia #bulutangkis #羽毛球 #バドミントン #배드민턴",bwf super 100 v victor chinaopen ictor badmintalk cina open 2023 women s doubles quarter final apriyani rahayu siti fadia silva ramadhanti baek ha na 2 lee so hee 15 21 10 21 18 21 photo badmintalk results update of cina open 2023 qf apri fadia harus akui kehebatan unggulan kedua tetap semangat foto badmintalk hchinaopen2o2e,False Negative
1-2506,Jewish,1,0,1.1711367e-06,"Indonesia di PBB resmi tuntut Israel di Pengadilan Internasional terkait Genosida di Gaza. FAKTANYA GOOGLE Menteri Luar Negeri Retno Marsudi menyatakan Indonesia mendukung membawa Israel ke pengadilan internasional terkait genosida di Palestina. Pernyataan ini muncul setelah Sidang Majelis Umum PBB di New York, di mana Retno menilai serangan Israel di Gaza sebagai pelanggaran hukum internasional.

Retno menekankan akar masalah konflik Palestina adalah pendudukan ilegal Israel. Menteri Luar Negeri Yordania, Ayman Safadi, juga menyerukan Israel bertanggung jawab atas serangan di Gaza, menyebutnya kekerasan yang tak dapat diterima di mata dunia.",indonesia di pbb resmi tuntut israel di pengadilan internasional terkait genosida di gaza faktanya google menteri luar negeri retno marsudi menyatakan indonesia mendukung membawa israel ke pengadilan internasional terkait genosida di palestina pernyataan ini muncul setelah sidang majelis umum pbb di new york di mana retno menilai serangan israel di gaza sebagai pelanggaran hukum internasional retno menekankan akar masalah konflik palestina adalah pendudukan ilegal israel menteri luar negeri yordania ayman safadi juga menyerukan israel bertanggung jawab atas serangan di gaza menyebutnya kekerasan yang tak dapat diterima di mata dunia,False Negative
1-3085,Disabilitas,1,0,1.604859e-06,"Ada sepuluh pemain yang akan masuk radar Real Madrid musim ini. Jika mereka terus bersinar, pintu terbuka bagi mereka untuk kembali pada tahun 2024;

• Sergio Arribas — CAM/CM
• Rafa Marin — CB
• Reinier Jesús — CAM
• Miguel Gutiérrez — LB
• Juanmi Latasa — ST
• Antonio Blanco — CDM
• Carlos Dotor — CM
• Mario Gila — CB
• Marvin Park — RW/RB
• Pablo Ramón — CB/RB

[Sumber: AS]

Siapa yang memiliki peluang lebih besar untuk menyusul Fran Garcia dan bergabung ke tim utama? 😋

➖➖➖➖➖➖➖➖➖➖➖➖➖➖➖
Follow @188BETIndonesia
sponsor resmi formula 1 dan total bwf thomas & uber cup 2020

Agen Bola & Slot Online Terpercaya @

Follow @oxl.88id Situs Online Jaminan Modal Rakyat Jadi Ningrat
➖➖➖➖➖➖➖➖➖➖➖➖➖➖➖
#realmadrid #halamadrid #rmcffans
➖➖➖➖➖➖➖➖➖➖➖➖➖➖➖ Ada sepuluh pemain yang akan masuk radar Real Madrid musim ini. Jika mereka terus bersinar, pintu terbuka bagi mereka untuk kembali pada tahun 2024;

• Sergio Arribas — CAM/CM
• Rafa Marin — CB
• Reinier Jesús — CAM
• Miguel Gutiérrez — LB
• Juanmi Latasa — ST
• Antonio Blanco — CDM
• Carlos Dotor — CM
• Mario Gila — CB
• Marvin Park — RW/RB
• Pablo Ramón — CB/RB

[Sumber: AS]

Siapa yang memiliki peluang lebih besar untuk menyusul Fran Garcia dan bergabung ke tim utama? 😋

➖➖➖➖➖➖➖➖➖➖➖➖➖➖➖
Follow @188BETIndonesia
sponsor resmi formula 1 dan total bwf thomas & uber cup 2020

Agen Bola & Slot Online Terpercaya @

Follow @oxl.88id Situs Online Jaminan Modal Rakyat Jadi Ningrat
➖➖➖➖➖➖➖➖➖➖➖➖➖➖➖
#realmadrid #halamadrid #rmcffans
➖➖➖➖➖➖➖➖➖➖➖➖➖➖➖",ada sepuluh pemain yang akan masuk radar real madrid musim ini jika mereka terus bersinar pintu terbuka bagi mereka untuk kembali pada tahun 2024 sergio arribas cam cm rafa marin cb reinier jesús cam miguel gutiérrez lb juanmi latasa st antonio blanco cdm carlos dotor cm mario gila cb marvin park rw rb pablo ramón cb rb sumber as siapa yang memiliki peluang lebih besar untuk menyusul fran garcia dan bergabung ke tim utama enak follow aibbetindonesia sponsor resmi formula 1 dan total bwf thomas uber cup 2020 agen bola slot online terpercaya follow aoxl bbid situs online jaminan modal rakyat jadi ningrat ada sepuluh pemain yang akan masuk radar real madrid musim ini jika mereka terus bersinar pintu terbuka bagi mereka untuk kembali pada tahun 2024 sergio arribas cam cm rafa marin cb reinier jesús cam miguel gutiérrez lb juanmi latasa st antonio blanco cdm carlos dotor cm mario gila cb marvin park rw rb pablo ramón cb rb sumber as siapa yang memiliki peluang lebih besar untuk menyusul fran garcia dan bergabung ke tim utama enak follow aibbetindonesia sponsor resmi formula 1 dan total bwf thomas uber cup 2020 agen bola slot online terpercaya follow aoxl bbid situs online jaminan modal rakyat jadi ningrat,False Negative
1-6941,Jewish,1,0,1.821044e-06,"Aku ingin menghidupkan Hitler kembali, koyok e sing wani bikin mati Israel mek hitler deh :)",aku ingin menghidupkan hitler kembali koyok e sing wani bikin mati israel mek hitler deh senyum,False Negative
1-1356,Tionghoa,1,0,1.8591633e-06,Jika benar ini cina mulai dari mana dari mana.. dari mata nya matanya kau lihat tidak ada~ Habis kucing bogel terbitlah kucing cipit 🤣😭👍🏻,jika benar ini cina mulai dari mana dari mana dari mata nya matanya kau lihat tidak ada habis kucing bogel terbitlah kucing cipit tertawa menangis setuju,False Negative
1-6067,Ahmadiyah,1,0,2.5546517e-06,"FAKTA DAN DATA AHMADIYAH MENODAI ISLAM Penulis : M. Amin Djamaluddin Penerbit : LPPI Berat 500 gr Segel Pecah, Original, Berkualitas Rp.55.000 Pemesanan Buku :  S T BukaLapak kbs230515",fakta dan data ahmadiyah menodai islam penulis m amin djamaluddin penerbit lppi berat 500 gr segel pecah original berkualitas rp ss oo pemesanan buku s t bukalapak kbs2eosis,False Negative
3-1125,Jewish,1,0,2.627854e-06,Istri boz grab blunder (Keluarin sumbangan untuk Palestina) Anak boz MNC dan poto poto pak boz buat rame(langsung sumbang dana ke dubes Palestina) Sekarang boz scarlet fely pro Israel bnyk netizen siap boikot nih..,istri boz grab blunder keluarin sumbangan untuk palestina anak boz mnc dan poto poto pak boz buat rame langsung sumbang dana ke dubes palestina sekarang boz scarlet fely pro israel banyak netizen siap boikot nih,False Negative
2-10296,Disabilitas,1,0,2.834172e-06,Pencawapresan Gibran Cacat Legitimasi? Ini Kata Pakar Hukum Tata Negara,pencawapresan gibran cacat legitimasi ini kata pakar hukum tata negara,False Negative
1-75,Disabilitas,1,0,2.8867541e-06,"Kadrun molai klojotan,, karena pendukung Anis semakin lama semakin menurun🤣🤣🤣🤣🤣. Nanti jangan gila ya druun kalo Anis nyungsep,, tabahkan hatimu pada kadrun",kadrun molai klojotan karena pendukung anis semakin lama semakin menurun tertawa tertawa nanti jangan gila ya druun kalo anis nyungsep tabahkan hatimu pada kadrun,False Negative
1-4150,Kristen,1,0,2.9218938e-06,"Komunitas Katolk GarisLucu Komunitas Katolik Garis Lucu @KatolikG Orang Katolik tidak berat, tidak perlu bicara benar atau salah iman orang lain, cukup ramah pada tetangga, mengulurkan tangan saat orang ain susah dan ke Gereja secukupnya.",komunitas katolk garislucu komunitas katolik garis lucu orang katolik tidak berat tidak perlu bicara benar atau salah iman orang lain cukup ramah pada tetangga mengulurkan tangan saat orang ain susah dan ke gereja secukupnya,False Negative
1-1888,Jewish,1,0,3.2665e-06,"Kita semua tahu, Cak Imin sangat berambisi jadi wakil presiden. Beginilah hasilnya. Jadi pelawak politik 😂 . . Israel Neymar Gibran suga Putus Palestina SEE YOU IN 2025 Andrew Tate Yahudi Mba Taylor namjoon Gaza Mangga UN Human Rights Council Pagii #BaeSuzy Nestle 10 Oktober",kita semua tahu cak imin sangat berambisi jadi wakil presiden beginilah hasilnya jadi pelawak politik tertawa israel neymar gibran suga putus palestina see you in 2025 andrew tate yahudi mba taylor namjoon gaza mangga un human rights council pagii nestle 10 oktober,False Negative
1-2384,Jewish,1,0,3.2900791e-06,"SHINNG စး SI BRRIGH สง Br SELEB Sukai Unggahan Bela Israel Gal Gadot, Tarra Budiman Minta Maaf !nsertlive Insert Artis Tarra Budiman akhirnya memberikan klarifikasi soal aksinya menyukai unggahan Gal Gadot di Instagram. Suami Gya Sadiqah itu ketahuan menyukai atau like unggahan Gal Gadot yang berisi pembelaan terhadap Israel di tengah konfliknya dengan Palestina. Gegara aksi itu, Tarra pun dituduh pro Israel dan mendapatkan banyak kecaman dari netizen.

Cek selengkapnya di Insta Stories ya, Insertizen

Jangan lupa nonton Insert Trans TV setiap hari ya. Kalian juga bisa nonton siaran streamingnya di 

Source: Instagram tarabudiman
#TaraBudimanDikecam #GalgadotBelaIsrael #InsertLive",shinng စ si brrigh สง br seleb sukai unggahan bela israel gal gadot tarra budiman minta maaf nsertlive insert artis tarra budiman akhirnya memberikan klarifikasi soal aksinya menyukai unggahan gal gadot di instagram suami gya sadiqah itu ketahuan menyukai atau like unggahan gal gadot yang berisi pembelaan terhadap israel di tengah konfliknya dengan palestina gegara aksi itu tarra pun dituduh pro israel dan mendapatkan banyak kecaman dari netizen cek selengkapnya di insta stories ya insertizen jangan lupa nonton insert trans tv setiap hari ya kalian juga bisa nonton siaran streamingnya di source instagram tarabudiman,False Negative
2-3808,Disabilitas,1,0,3.501696e-06,Aduh gua bisa gila ini anj kangen bgt fakkkk,takjub gua bisa gila ini anjing kangen banget fakk,False Negative
1-2244,Jewish,1,0,3.8918383e-06,"FILM PROPAGANDA ISRAEL YANG DIUSUNG GAL GADOT SEPI PENONTON infipop Pemutaran film propaganda Israel yang berisi serangan Hamas ke Israel pada 7 Oktober dikabarkan gagal memenuhi harapan jumlah penonton. Sebab, Gal Gadot yang mengusung pemutaran film ini di Los Angeles pun tidak hadir begitu pula dengan para undangan.

Lokasi pemutaran yang seharusnya tidak diketahui, dibocorkan oleh salah satu media. Hal ini menyebabkan lokasi pemutaran, Museum Tolerance, mendapatkan ancaman. Kemudian, polisi Amerika Serikat mengirimkan pasukannya untuk pemeriksaan keamanan sebab terjadi perkelahian di lokasi.

Apa tanggapan lo, Guys?🤨

📷: gal_gadot 

#GalGadot #filmpropagandaIsrael #LosAngeles",film propaganda israel yang diusung gal gadot sepi penonton infipop pemutaran film propaganda israel yang berisi serangan hamas ke israel pada 7 oktober dikabarkan gagal memenuhi harapan jumlah penonton sebab gal gadot yang mengusung pemutaran film ini di los angeles pun tidak hadir begitu pula dengan para undangan lokasi pemutaran yang seharusnya tidak diketahui dibocorkan oleh salah satu media hal ini menyebabkan lokasi pemutaran museum tolerance mendapatkan ancaman kemudian polisi amerika serikat mengirimkan pasukannya untuk pemeriksaan keamanan sebab terjadi perkelahian di lokasi apa tanggapan lo guys ragu gal_gadot,False Negative
1-1652,UNKNOWN,1,0,5.5382975e-06,Rakyat juga ragu apa bener orang yg suka film porno bisa se-religius itu sampai tampil di tayangan adzan,rakyat juga ragu apa benar orang yang suka film porno bisa se religius itu sampai tampil di tayangan adzan,False Negative
1-3943,Jewish,1,0,6.4793603e-06,"Hari ke-5 Serangan ‘Badai Al-Aqsha’, 1200 Israel Tewas dan 2900 Terluka @suaraislamID_",hari ke s serangan badai al aqsha 1200 israel tewas dan 2900 terluka,False Negative
2-686,LGBTQ+,1,0,7.586077e-06,"Ga cuma orgnya, hpnya juga bisa buat nangkep sinyal gay",tidak cuma orgnya hpnya juga bisa buat nangkep sinyal gay,False Negative
101-96,UNKNOWN,1,0,8.807347e-06,JOKOWI SIAPKAN PERANG MELAWAN RAKYAT MELAYU,jokowi siapkan perang melawan rakyat melayu,False Negative
1-1773,Disabilitas,1,0,1.1462523e-05,"dawuh GURU ""Rata-rata orang gila itu laki-laki. Karena seorang lelaki terkadang bingung mau curhat ke siapa."" Ustadzah Mumpun Handayayekti dawuhguru ""Rata-rata orang gila itu laki-laki. Karena seorang lelaki terkadang bingung mau curhat ke siapa.""

{Ustadzah Mumpuni Handayayekti}
•
Support akun ini 👇 dengan cara follow:
@dawuhgurujateng @dawuhgurujateng
•
Dan jangan lupa :
♡ㅤ   ❍ㅤ     ⎙ㅤ     ⌲
ˡⁱᵏᵉ  ᶜᵒᵐᵐᵉⁿᵗ    ˢᵃᵛᵉ    ˢʰᵃʳᵉ
•
#ulamasalaf #ulamaindonesia #ulamanusantara #ulamanu #nahdlatululama #nuonline #mbahmoen #wejangan #wejanganurip #wasiat #dawuhkyai #dawuhguru #kyainu #kyaiku #khanwarzahid #gusiqdammuhammad #gusiqdam #qulhuwaelek #quotesislami #gusbaha #dawuhepusat #lblb💙 #lb #lfl❤️ #habibsyech #habibluthfibinyahya #habibumarbinhafidz #khmaimoenzubair #caknun #khhasyimasyari",dawuh guru rata rata orang gila itu laki laki karena seorang lelaki terkadang bingung mau curhat ke siapa ustadzah mumpun handayayekti dawuhguru rata rata orang gila itu laki laki karena seorang lelaki terkadang bingung mau curhat ke siapa ustadzah mumpuni handayayekti support akun ini bawah dengan cara follow dan jangan lupa ㅤ ㅤ ㅤ ˡⁱᵏᵉ ᶜᵒᵐᵐᵉⁿᵗ ˢᵃᵛᵉ ˢʰᵃʳᵉ cinta,False Negative
2-10823,Disabilitas,1,0,1.243996e-05,cape bgt nurutin orgil,cape banget nurutin orgil,False Negative
2-2776,Jewish,1,0,1.2709362e-05,Israel mah bagusnya langsung ditegur aja sama yang diatas.,israel mah bagusnya langsung ditegur saja sama yang diatas,False Negative
4-1856,Jewish,1,0,1.3215916e-05,Aksi boikot produk pro Israel berdampak pada lesunya bisnis McDonald's. Bos McDonald's mengungkapkan dampak dari aksi boikot ini.,aksi boikot produk pro israel berdampak pada lesunya bisnis mcdonald s bos mcdonald s mengungkapkan dampak dari aksi boikot ini,False Negative
1-5544,UNKNOWN,1,0,1.3598042e-05,"Keliru, Foto yang Diklaim Pemimpin Militer AS Tewas di Gaza pada 2023",keliru foto yang diklaim pemimpin militer as tewas di gaza pada 2023,False Negative
1-2565,Disabilitas,1,0,1.4002564e-05,"ANTARA SENANG ATAU SEDIH YANG DILALUI OLEH PRIA INI SENANG NYA, BISA NIKMATIN IBU, ANAK DAN JUGA MAID SEDIH NYA.. PACAR NYA JADI GILA JADI IDOL FORNO 💯
Tapi terlalu brutal juga njir,,,
Sampek makan ta** 🤪
. 
. 
#anime #animeindo #katabyanimeindolovers08",antara senang atau sedih yang dilalui oleh pria ini senang nya bisa nikmatin ibu anak dan juga maid sedih nya pacar nya jadi gila jadi idol forno sempurna tapi terlalu brutal juga njir sampek makan ta gila hkatabyanimeindolouersob,False Negative
4-1723,Kristen,1,0,1.4756901e-05,Pernah liat vidio surganya kristen lucu malah main perang perangan udah gitu tuhanya ikut perang lawan naga kaya film indosiar dulu wkwk,pernah liat vidio surganya kristen lucu malah main perang perangan sudah begitu tuhanya ikut perang lawan naga kaya film indosiar dulu tertawa,False Negative
1-3966,Disabilitas,1,0,1.6975157e-05,"Putusin lah anjir, gila aja suami orang di pacarin",putusin lah anjir gila saja suami orang di pacarin,False Negative
1-5334,LGBTQ+,1,0,1.7272276e-05,Oh iyaa Btw Aku menyarankan untuk orang Surabaya atau Indonesia sekalipun. Jangan membuat liga di Gelora Bung Tomo! Karena kalo disingkat nanti jadi LGBT Liga Gelora Bung Tomo,oh iyaa btw aku menyarankan untuk orang surabaya atau indonesia sekalipun jangan membuat liga di gelora bung tomo karena kalo disingkat nanti jadi lgbt liga gelora bung tomo,False Negative
2-365,Disabilitas,1,0,2.40939e-05,"seinget gue dulu mantan gue pushrank ga gila kek olip deh. dia pushrank masih ingat dunia, masih inget gue, masih tau apa yg harus dilakukannya di dunia. tapi olip pushrank kayak lupa dunia",seinget gue dulu mantan gue pushrank tidak gila kayak olip deh dia pushrank masih ingat dunia masih inget gue masih tau apa yang harus dilakukannya di dunia tapi olip pushrank seperti lupa dunia,False Negative
1-5352,LGBTQ+,1,0,2.4974852e-05,"💚 cw // lgbt wkt sklh aku punya temen melambai tapi dia suka nutupin kl dia gt tapi ttp ak udh tau sih, pas udh lulus dan gak ketemu tmn tmn sklh dia malah menjadi jadi gini😭",cw lgbt wkt sklh aku punya teman melambai tapi dia suka nutupin kalau dia begitu tapi ttp ak sudah tau sih pas sudah lulus dan tidak ketemu teman teman sklh dia malah menjadi jadi begini menangis,False Negative
3-2210,Jewish,1,0,2.8002505e-05,Berkat berbagai inovasi yang dilakukan Ganjar terhadap dunia UMKM sekarang UMKM jawa tengah semakin kokoh . TAG Shopeepay Ngelunjak Gaza Pak Jokowi Alwi Israel Dana Yahudi Hamas Holocaust Chiara Karni Ilyas Iran Kompas WE LOVE YOU TAEHYUNG Siang Nduk,berkat berbagai inovasi yang dilakukan ganjar terhadap dunia umkm sekarang umkm jawa tengah semakin kokoh tag shopeepay ngelunjak gaza pak jokowi alwi israel dana yahudi hamas holocaust chiara karni ilyas iran kompas we love you taehyung siang nduk,False Negative
3-2437,Disabilitas,1,0,2.8435383e-05,Kalo yg butuh sendiri ya fast respon. Tapi giliran dibutuhin pura² buta dan,kalo yang butuh sendiri ya fast respon tapi giliran dibutuhin pura² buta dan,False Negative
1-2560,Jewish,1,0,2.84636e-05,"Do Hak Cipta Milik: PinterPolitik Segala Bentuk Plagiat Bisa Ditindak PICTURES AMERIKA SERIKAT MULAI DITINGGALKAN AS-Israel makin ditinggal sendirian Terlihat dari voting Resolusi PBB Terkait perlindungan warga sipil di konflik Israel-Palestina Negara-negara Barat sudah tidak satu suara ""Menekankan pada hak Israel untuk melindungi diri dari teroris"" Linda Thomas-Greenfield, Dubes AS untuk PBB (30/10) Barat Beda Sikap di Resolusi PBB Amerika Serikat: Against Britania Raya: Abstention Spanyol: In Favour Sumber: UN Watch, The Guardian, berbagai sumber, Sumber Gambar: Berbagai Sumber A43 E95  pinterpolitikdotcom pinterpolitik pinterpolitik Prancis: In Favour P Nggak punya temen, nggak punya temen~ 🫥

Amerika Serikat (AS) tampak semakin ditinggalkan oleh banyak negara. Ini terlihat dari hasil pemungutan suara di Majelis Umum Perserikatan Bangsa-bangsa (MU PBB) mengenai perlindungan warga sipil di konflik Palestina dan Israel.

Sebanyak 120 negara mendukung gencatan senjata dengan alasan humaniter di Israel dan Palestina. Sementara, hanya 14 negara – termasuk AS dan Israel – menolak. Britania Raya, misalnya, memilih untuk abstain. Di sisi lain, Prancis dan Spanyol justru menyetujui adanya gencatan senjata.

Hmm, mungkinkah ini pertanda bahwa Paman Sam semakin tidak punya teman – bahkan di circle-nya sendiri? Gimana menurut kalian, guys? Share your thoughts in the comments ya! ✌🏼💬

#amerikaserikat #AS #israel #palestina #spanyol #prancis #britaniaraya #pbb #pinterpolitik #beritapolitik #infografis #politik #politikIndonesia",do hak cipta milik pinterpolitik segala bentuk plagiat bisa ditindak pictures amerika serikat mulai ditinggalkan as israel makin ditinggal sendirian terlihat dari voting resolusi pbb terkait perlindungan warga sipil di konflik israel palestina negara negara barat sudah tidak satu suara menekankan pada hak israel untuk melindungi diri dari teroris linda thomas greenfield dubes as untuk pbb 30 10 barat beda sikap di resolusi pbb amerika serikat against britania raya abstention spanyol in favour sumber un watch the guardian berbagai sumber sumber gambar berbagai sumber aae egs pinterpolitikdotcom pinterpolitik pinterpolitik prancis in favour p tidak punya temen tidak punya temen amerika serikat as tampak semakin ditinggalkan oleh banyak negara ini terlihat dari hasil pemungutan suara di majelis umum perserikatan bangsa bangsa mu pbb mengenai perlindungan warga sipil di konflik palestina dan israel sebanyak 120 negara mendukung gencatan senjata dengan alasan humaniter di israel dan palestina sementara hanya 14 negara termasuk as dan israel menolak britania raya misalnya memilih untuk abstain di sisi lain prancis dan spanyol justru menyetujui adanya gencatan senjata hmm mungkinkah ini pertanda bahwa paman sam semakin tidak punya teman bahkan di circle nya sendiri bagaimana menurut kalian guys share your thoughts in the comments ya menang,False Negative
1-3835,Disabilitas,1,0,2.865012e-05,gue sayang bgt sama mark gila sayangnya pake bgttttt,gue sayang banget sama mark gila sayangnya pake bgtt,False Negative
2-10427,Jewish,1,0,3.3632823e-05,"Israel hanya berani membantai anak anak, perempuan, dan masyarakat sipil pada umumnya.",israel hanya berani membantai anak anak perempuan dan masyarakat sipil pada umumnya,False Negative
1-5938,Disabilitas,1,0,4.2214186e-05,"Mangkanya kenapa twitan isinya keributan, ini akibat orang-orang yang masih buta pada lalu lalang melintas memenuhi jalan raya",mangkanya kenapa twitan isinya keributan ini akibat orang orang yang masih buta pada lalu lalang melintas memenuhi jalan raya,False Negative
2-956,Disabilitas,1,0,4.7680194e-05,ga pernah berani juga soalnya aku buta juling :(,tidak pernah berani juga karena aku buta juling sedih,False Negative
3-130,Disabilitas,1,0,6.744223e-05,"lo berubah semenjak mengenal dunia itu, lo bukan lagi cwek yg gua kenal dulu, cwek sederhana dengan tatapan yg begitu teduh,sekarang lo ga lebih dari seorang pel**ur yg gila akan kemewahan",lo berubah semenjak mengenal dunia itu lo bukan lagi cwek yang gua kenal dulu cwek sederhana dengan tatapan yang begitu teduh sekarang lo tidak lebih dari seorang pel ur yang gila akan kemewahan,False Negative
1-1610,UNKNOWN,1,0,7.24847e-05,Judul Artikel Jadwal Kunker RI 1 dan RI 3 di Daerah NTT,judul artikel jadwal kunker ri 1 dan ri 3 di daerah ntt,False Negative
1-5132,LGBTQ+,1,0,8.078917e-05,Nomor 1 Anies – Muhaimin #AniesMuhaimin2024 #AMINAjaDulu #AMINNo1Juara1 Menang Total 15 M Freeport No 1 2 No 3 Bu Mega KDRT Kami Muak #TimnasDay Freeport TNI AU LGBT 15 M Biden Fix You Hindia EXO LAY KDRT Qory #Sweet18withGARAM Ji Da Bin #pesawatjatuh SCBD FOMO Irak Indonesia U17,nomor 1 anies muhaimin haniesmuhaimin2o2a haminnoijuarai menang total 15 m freeport no 1 2 no 3 bu mega kdrt kami muak freeport tni au lgbt 15 m biden fix you hindia exo lay kdrt qory hsweetibwithgaram ji da bin scbd fomo irak indonesia uit,False Negative
1-2258,"Jewish, Disabilitas",1,0,0.000100767415,"Gempuran Israel yang semakin membabi buta ke Jalur Gaza Palestina hingga saling serang Tel Aviv dengan milisi Hizbullah di Lebanon masih menjadi sorotan berita internasional.

Berikut kilas berita internasional pada Kamis (2/11):

Kelompok militan Hizbullah di Lebanon meluncurkan sekitar 25 hingga 30 roket ke Kiryat Shmona, sebuah kota di utara Israel, Kamis (2/11).

Radio militer Israel mengunggah beberapa foto di media sosial yang menunjukkan sejumlah kendaraan di kota tersebut terbakar. Belum diketahui adanya korban.

Sebuah roket dilaporkan mengenai hunian di sana, dikutip Al Jazeera. Beberapa ledakan juga terdengar di pangkalan Angkatan Laut Naqoura. Beberapa ledakan juga terdengar di pangkalan Angkatan Laut Naqoura. Hizbullah mengakui telah meluncurkan drone berbekal bahan peledak dan menargetkan pusat komando Israel di arah timur.

( … )

sc/

Follow Akun @
Follow Akun @
Official Partner @lokita_purworejo | @bakpia_jeane

#purworejo #punyapurworejo #purworejonan #purworejoterkini #purworejoku #infopurworejo
CEK STORY!",gempuran israel yang semakin membabi buta ke jalur gaza palestina hingga saling serang tel aviv dengan milisi hizbullah di lebanon masih menjadi sorotan berita internasional berikut kilas berita internasional pada kamis 2 11 kelompok militan hizbullah di lebanon meluncurkan sekitar 25 hingga 30 roket ke kiryat shmona sebuah kota di utara israel kamis 2 11 radio militer israel mengunggah beberapa foto di media sosial yang menunjukkan sejumlah kendaraan di kota tersebut terbakar belum diketahui adanya korban sebuah roket dilaporkan mengenai hunian di sana dikutip al jazeera beberapa ledakan juga terdengar di pangkalan angkatan laut naqoura beberapa ledakan juga terdengar di pangkalan angkatan laut naqoura hizbullah mengakui telah meluncurkan drone berbekal bahan bom dan menargetkan pusat komando israel di arah timur sc follow akun follow akun official partner cek story,False Negative
2-313,Jewish,1,0,0.00010160377,"Ini tuh udah enak ya masalah Palestina udah banyak sepakat fokus utamanya di HAM, bukan persoalan Yahudi Islam. Nah tiba2 datang nih orang benturin ini sama masalah pelarangan Ibadah. Kira2 orang makin simpati gak ya sama masalah pelarang Ibadah? Atau malah makin antipati?",ini itu sudah enak ya masalah palestina sudah banyak sepakat fokus utamanya di ham bukan persoalan yahudi islam nah tiba2 datang ini orang benturin ini sama masalah pelarangan ibadah kira2 orang makin simpati tidak ya sama masalah pelarang ibadah atau malah makin antipati,False Negative
2-255,Disabilitas,1,0,0.00010547462,PARK SEONGHWA BRENGSEKKKKKK GUE GILA GEGARA ELUUUUU ANJING GUE PALING GATAHAN TEMA KERAJAAN GINI ANJINGGGG,park seonghwa brengsekk gue gila gegara eluu anjing gue paling gatahan tema kerajaan begini anjingg,False Negative
1-138,Disabilitas,1,0,0.000109563945,"KADRUN PADA MENCRET BERAK DICELANA LIHAT PRESTASI GANJAR, SLAMA INI KADRUN BUTA DAN TULI TIDAK TAU PRIHAL JATENG HANYA DENGER HOAX🤣🤣",kadrun pada mencret berak dicelana lihat prestasi ganjar slama ini kadrun buta dan tuli tidak tau prihal jateng hanya denger hoaks tertawa tertawa,False Negative
2-1744,Disabilitas,1,0,0.00011942159,sinyal by'U makin hari makin cacat nih!,sinyal by u makin hari makin cacat nih,False Negative
2-5885,Tionghoa,1,0,0.00012022564,"Gue bilang juga apa, abis ini Giginya Imin dan Paloh akan Hangus uk padamin Berita Bibib.. Susah² Paloh ngajakin Anies ikut Nyanyi-nyanyi Kebaktian ke Gereja & jadi Warga Kehormatan Tionghoa. Klimaksnya Gini doang 🤣🤣 Jangan pilih pemimpin yg terindikasi dengan Kelompok Radikal dan Intoleran. #IngatTragediPilkadaJakarta",gue bilang juga apa habis ini giginya imin dan paloh akan hangus uk padamin berita bibib susah² paloh ngajakin anies ikut nyanyi nyanyi kebaktian ke gereja jadi warga kehormatan tionghoa klimaksnya begini doang tertawa tertawa jangan pilih pemimpin yang terindikasi dengan kelompok radikal dan intoleran,False Negative
4-858,LGBTQ+,1,0,0.00013143638,Gue pasang iklan kerja di olx knpa bnyak yg chat gay ajak pacaran ya serem bner ada yg sama kaya gue ga?,gue pasang iklan kerja di olx knpa bnyak yang chat gay ajak pacaran ya menakutkan bner ada yang sama kaya gue ga,False Negative
1-5056,LGBTQ+,1,0,0.00015713615,ngapain transgender mahal mahal kalau ga jumatan 3x udah cukup buat ganti kelamin @jarit1140,ngapain transgender mahal mahal kalau tidak jumatan ex sudah cukup buat ganti kelamin ajaritiiao,False Negative
2-4088,Disabilitas,1,0,0.00016680826,stop bilang gue gila cmn gara gara ngobrol sama kucing,stop bilang gue gila cmn gara gara ngobrol sama kucing,False Negative
2-497,Tionghoa,1,0,0.00018149905,"Memperketat masuknya Tenaga Kerja Asing adalah sebuah upaya u/ melindungi tenaga kerja dalam negeri . . Selain itu isu TKA Cina sering menjadi bahan Agitasi,rawan berubah menjadi masalah sosial politik yg bisa mengancam stabilitas Negara From This. To This",memperketat masuknya tenaga kerja asing adalah sebuah upaya u melindungi tenaga kerja dalam negeri selain itu isu tka cina sering menjadi bahan agitasi rawan berubah menjadi masalah sosial politik yang bisa mengancam stabilitas negara from this to this,False Negative
1-5863,Tionghoa,1,0,0.00018392448,"Nah loh,  dah  ky jaman penjajahan bos nya  org asing centeng2  nya  bangsa sendiri. 

Apk ponzi, pinjol, software  judi online, love scamming  kenapa pelakunya kebanyakan  china mainland?

Kok bukan org vietnam  or  org kamboja  or  jepang  gt

WNA  kalo kerja legal n bermanfaat  welcome ,  ini gw sorotin yg kerjanya  nyedot  duit bangsa indonesia secara  ilegal/  gak manusiawi Nah loh,  dah  ky jaman penjajahan bos nya  org asing centeng2  nya  bangsa sendiri. 

Apk ponzi, pinjol, software  judi online, love scamming  kenapa pelakunya kebanyakan  china mainland?

Kok bukan org vietnam  or  org kamboja  or  jepang  gt

WNA  kalo kerja legal n bermanfaat  welcome ,  ini gw sorotin yg kerjanya  nyedot  duit bangsa indonesia secara  ilegal/  gak manusiawi",nah loh dah ky jaman penjajahan bos nya org asing centeng2 nya bangsa sendiri apk ponzi pinjol software judi online love scamming kenapa pelakunya kebanyakan cina mainland kok bukan org vietnam or org kamboja or jepang begitu wna kalo kerja legal n bermanfaat welcome ini gue sorotin yang kerjanya nyedot duit bangsa indonesia secara ilegal tidak manusiawi nah loh dah ky jaman penjajahan bos nya org asing centeng2 nya bangsa sendiri apk ponzi pinjol software judi online love scamming kenapa pelakunya kebanyakan cina mainland kok bukan org vietnam or org kamboja or jepang begitu wna kalo kerja legal n bermanfaat welcome ini gue sorotin yang kerjanya nyedot duit bangsa indonesia secara ilegal tidak manusiawi,False Negative
1-3073,Jewish,1,0,0.00018486775,"rj  Jawa Barat Nasional Politik Ekonomi Hadiri Do'a Bersama di Pesantren Minggir Sleman Yogyakarta, Mahfud MD Minta Allah Binasakan Israel Amus Mustaqim Minggu, 5 November 2023 10:31 WIB Waduh idolaku kok doanya begini ya?

By: HT





",rj jawa barat nasional politik ekonomi hadiri do a bersama di pesantren minggir sleman yogyakarta mahfud md minta allah binasakan israel amus mustaqim minggu 5 november 2023 10 31 wib waduh idolaku kok doanya begini ya by ht,False Negative
3-1805,Jewish,1,0,0.0001896997,Jalur Gaza terus mengalami kehancuran. Pembantaian terus dilakukan oleh ZIONIS NAZI ISRAEL TERORIS STATE,jalur gaza terus mengalami kehancuran pembantaian terus dilakukan oleh zionis nazi israel teroris state,False Negative
2-9116,Disabilitas,1,0,0.00019909939,"GILA BELANDAAA, NIKUNGNYA GILA BANGETTTT",gila belandaa nikungnya gila bangett,False Negative
2-7723,Jewish,1,0,0.00019977825,GAZA UNDER ATTACK‼️ Hingga saat ini pembataian penduduk palestina di Gaza sangat masif dilakukan oleh pesawat tempur zionis israel dengan target menyasar ke pemukiman yang padat penduduknya. #FreePalestine #IsraelTerrorists #MoslemUnited #Fight2Freedom,gaza under attack hingga saat ini pembataian penduduk palestina di gaza sangat masif dilakukan oleh pesawat tempur zionis israel dengan target menyasar ke pemukiman yang padat penduduknya hfight2freedom,False Negative
1-2109,Jewish,1,0,0.0002017107,"#Saatnya Pembuktian !!!... Dulu Ganjar Pranowo dikecam karena menolak Timnas Piala Dunia U 20 Israel hadir di Indonesia, yg sekaligus berimbas pada batalnya pelaksanaan FIFA WC U 20 di Indonesia, jika ditarik kebelakang 'berarti ada yg benci Ganjar Pranowo dan pro Israel ketika itu, Kini kita (termasuk Parah Tokoh Nasional) semua mengecam Israel karena anti Palestina, Pertanyaannya kini, Beranikah mereka yg dulu mengecam Ganjar Pranowo buka suara ?... Salam Perjuangan & Kemenangan !!!, Ganjar Pranowo & Machfud MD Untuk Presiden dan Wkl Presiden priode 2024/2029.",pembuktian dulu ganjar pranowo dikecam karena menolak timnas piala dunia u 20 israel hadir di indonesia yang sekaligus berimbas pada batalnya pelaksanaan fifa wc u 20 di indonesia jika ditarik kebelakang berarti ada yang benci ganjar pranowo dan pro israel ketika itu kini kita termasuk parah tokoh nasional semua mengecam israel karena anti palestina pertanyaannya kini beranikah mereka yang dulu mengecam ganjar pranowo buka suara salam perjuangan kemenangan ganjar pranowo machfud md untuk presiden dan wkl presiden priode 2024 2029,False Negative
2-1106,Jewish,1,0,0.00021202036,"Hahahaha kasian banget, lupus dijadiin alesan🤭 Giliran lagi mgewar ga boleh bawa bawa penyakit. Tapi giliran like postingan Israel bawa bawa penyakit. Emang boleh segemeter itu tangannya? Btw, like postingan ig harus 2x tap loh. Fyi aja, takut lo ga tau🥴",hahahaha kasihan banget lupus dijadiin alesan tertawa giliran lagi mgewar tidak boleh bawa bawa penyakit tapi giliran like postingan israel bawa bawa penyakit memang boleh segemeter itu tangannya btw like postingan ig harus 2x tap loh fyi aja takut lo tidak tau,False Negative
1-6908,Jewish,1,0,0.00021418303,As boleh kirim senjata u bantu israel kenapa negara lain tdk boleh krm bantuan senjata ke palestina. AS Kirim Kapal Perang & Jet Tempur Bantu Israel Serang Hamas,as boleh kirim senjata u bantu israel kenapa negara lain tidak boleh krm bantuan senjata ke palestina as kirim kapal perang jet tempur bantu israel serang hamas,False Negative
4-3649,Syiah,1,0,0.00021781049,"@Muhamma70893310 @AsbabulKop51425 Dia Syiah Majusi, mereka punya mushab sendiri namanya mushab fatimiyah https://t.co/Ot5O0TbrSp",amuhammatobgeeio aasbabulkopsia2s dia syiah majusi mereka punya mushab sendiri namanya mushab fatimiyah,False Negative
1-2731,Jewish,1,0,0.0002280683,Rudal ayssah 250 dari Brigade Al-Qassam👉 Berhasil mengguncang Kota Tel Aviv ( wilayah zionis Israel ) sebagai respons atas pembantaian yang dilakukan Zionis terhadap warga sipil di Gaza. Palestina,rudal ayssah 250 dari brigade al qassam kanan berhasil mengguncang kota tel aviv wilayah zionis israel sebagai respons atas pembantaian yang dilakukan zionis terhadap warga sipil di gaza palestina,False Negative
2-1456,Jewish,1,0,0.00023101628,"Hari pertama ngeliat postingan tentang palestine biasa aja , mungkin karna sudah terlalu sering , tapi pas ngeliat anak kecil palestine kena bom , wahhh memang asu israel ..",hari pertama ngeliat postingan tentang palestine biasa saja mungkin karna sudah terlalu sering tapi pas ngeliat anak kecil palestine kena bom wahh memang asu israel,False Negative
2-3909,Jewish,1,0,0.00023143693,"Habisi Ratusan Pohon Di Monas, Anies Tak Paham Aturan Israel Mirna Opung EMANG BOLEHHH Hamas Paha Hansol Sunda #SelaluMenggoda Gaza Guru Hari Sabtu Rehan CONGRATULATIONS SUGA Real Life Jake Opung",habisi ratusan pohon di monas anies tak paham aturan israel mirna opung memang bolehh hamas paha hansol sunda gaza guru hari sabtu rehan congratulations suga real life jake opung,False Negative
1-2742,Jewish,1,0,0.00023489472,"Pihak berwenang Israel September lalu melarang Menlu Inggris James Cleverly mengunjungi sebuah desa di Tepi Barat yg seluruh penduduk Palestinanya telah diusir oleh pemukim Israel, mnurut Middle East Eye. Namun Inggris tetap bungkam atas kejahatan Israel di Palestina yg diduduki.",pihak berwenang israel september lalu melarang menlu inggris james cleverly mengunjungi sebuah desa di tepi barat yang seluruh penduduk palestinanya telah diusir oleh pemukim israel mnurut middle east eye namun inggris tetap bungkam atas kejahatan israel di palestina yang diduduki,False Negative
1-6565,Tionghoa,1,0,0.00026672773,Dijaman Soeharto pemerintah bagi bagi tanah untuk rakyat kecil dlm bentuk  ditanggung hidupnya selama  banyak yg sukses. Dijaman orde IJASAH PALSU rakyat diusir dari kampungnya untuk cina..,dijaman soeharto pemerintah bagi bagi tanah untuk rakyat kecil dlm bentuk ditanggung hidupnya selama banyak yang sukses dijaman orde ijasah palsu rakyat diusir dari kampungnya untuk cina,False Negative
2-6922,Disabilitas,1,0,0.00026897425,"GA HABIS PIKIR DAH, SINTING BANGET CAPEK. ORGIL BANGET TUHAN",tidak habis pikir dah sinting banget capek orgil banget tuhan,False Negative
2-6009,Jewish,1,0,0.0002853484,Prabowo sosok yang kejam dan tidak tahu terimakasih tag CONGRATULATIONS JIN Gibran Kiai Thoifur Saw X UNPAR Karma Zionis Shani Emma Piala Asia Kamis Hamas Rabu 11 Oktober 2023 Israel Ahhhh Gaza Mangga,prabowo sosok yang kejam dan tidak tahu terimakasih tag congratulations jin gibran kiai thoifur saw x unpar karma zionis shani emma piala asia kamis hamas rabu 11 oktober 2023 israel ahh gaza mangga,False Negative
2-8823,Disabilitas,1,0,0.00030394693,"Sampai kapan anda akan membenci keluarga sendiri , kamu kaya tapi hatimu , mulutmu sudah buta dengan dunia ,terutama soal uang padahal bukan itu yang di ajarkan sesuai agama mu , anda haji dan anak2 kamu akan menyesal",sampai kapan anda akan membenci keluarga sendiri kamu kaya tapi hatimu mulutmu sudah buta dengan dunia terutama soal uang padahal bukan itu yang di ajarkan sesuai agama mu anda haji dan anak2 kamu akan menyesal,False Negative
4-2529,Jewish,1,0,0.0003188617,"Hebat israel nih, banyak negara budaknya ikut bela genocide nya",hebat israel nih banyak negara budaknya ikut bela genocide nya,False Negative
1-3981,LGBTQ+,1,0,0.00033422568,Anies itu sungguh sangat naif . . . FISIP UI Adakami Seword LGBT Rempang Umur 22 iOS 17 Pinjol Hoax Bahlul Senin Merangkul WE LOVE YOU JENNIE Canadian Citizen Selasa Greta #Tiffanyandco,anies itu sungguh sangat naif fisip ui adakami seword lgbt rempang umur 22 ios 17 pinjol hoaks bahlul senin merangkul we love you jennie canadian citizen selasa greta,False Negative
4-2849,Rohingya,1,0,0.00033517304,"@1nl4nd3r @Pai_C1 Sampah2 rohingya itu Suruh hidup dirumahnya kalo gitu, enak aja dikasih kewarganegaraan. Tolol",ainlander apai_ci sampah2 rohingya itu suruh hidup dirumahnya kalo gitu enak saja dikasih kewarganegaraan tolol,False Negative
2-11098,Disabilitas,1,0,0.00034528662,"Sosok Romlah, Wanita ODGJ Lahiran Sendiri dan Mandikan Bayinya di Selokan, Ternyata Dulunya TKW @tribunnews",sosok romlah wanita odgj lahiran sendiri dan mandikan bayinya di selokan ternyata dulunya tenaga kerja wanita,False Negative
1-5400,LGBTQ+,1,0,0.00035030767,"Konyol! Indonesia Jadi Bahan Olok-olok Dunia, Hukum Dilanggar Demi Anak Penguasa Bisa Maju sebagai Cawapres LGBT TNI AU KDRT 15 M Fix You My Universe Hindia Qory Coty Chris Martin willy dozan Nabil SMTOWN",konyol indonesia jadi bahan olok olok dunia hukum dilanggar demi anak penguasa bisa maju sebagai calon wakil presiden lgbt tni au kdrt 15 m fix you my universe hindia qory coty chris martin willy dozan nabil smtown,False Negative
1-3790,Disabilitas,1,0,0.0003571616,Orang paling sinting no 1 di dunia ini jatuh kepada Robi Chandra,orang paling sinting no 1 di dunia ini jatuh kepada robi chandra,False Negative
2-504,Disabilitas,1,0,0.00036585462,"EH SINTING KALI YA LU BERUDA, GUE BENERAN ABIS NULIS AU LO BERDUA DAN LO UPLAOD, BLOK BANGET MAKASIH BAHANNYA KO",eh sinting kali ya lu beruda gue beneran habis nulis au lo berdua dan lo uplaod blok banget makasih bahannya ko,False Negative
2-12638,Jewish,1,0,0.00038476236,"MUI Tetapkan Fatwa Haram Beli Produk Yang Pro Kepada Israel VIRALTIMELINE 11/11/2023 MUI secara sah menetapkan fatwa haram membeli produk yang pro kepada Israel. 

Berikut secara lengkap, Fatwa MUI Nomor 83 Tahun 2023 tentang Hukum Dukungan terhadap Perjuangan Palestina, sebagai berikut:

Ketentuan Hukum

1. Mendukung perjuangan kemerdekaan Palestina atas agresi Israel hukumnya wajib.

2. Pemerintah diimbau untuk mengambil langkah-langkah tegas membantu perjuangan Palestina, seperti melalui jalur diplomasi di PBB untuk menghentikan perang dan sanksi pada Israel, pengiriman bantuan kemanusiaan, dan konsolidasi negara-negara Organisasi Kerja sama Islam (OKI) untuk menekan Israel menghentikan agresi.

3. Umat Islam diimbau untuk semaksimal mungkin menghindari transaksi dan penggunaan produk Israel dan yang terafiliasi dengan Israel serta yang mendukung penjajahan dan zionisme.

Bagaimana pendapat kalian?

Cairin limit paylater bisa di
@kedaicecilions",mui tetapkan fatwa haram beli produk yang pro kepada israel viraltimeline 11 11 2023 mui secara sah menetapkan fatwa haram membeli produk yang pro kepada israel berikut secara lengkap fatwa mui nomor 83 tahun 2023 tentang hukum dukungan terhadap perjuangan palestina sebagai berikut ketentuan hukum 1 mendukung perjuangan kemerdekaan palestina atas agresi israel hukumnya wajib 2 pemerintah diimbau untuk mengambil langkah langkah tegas membantu perjuangan palestina seperti melalui jalur diplomasi di pbb untuk menghentikan perang dan sanksi pada israel pengiriman bantuan kemanusiaan dan konsolidasi negara negara organisasi kerja sama islam oki untuk menekan israel menghentikan agresi 3 umat islam diimbau untuk semaksimal mungkin menghindari transaksi dan penggunaan produk israel dan yang terafiliasi dengan israel serta yang mendukung penjajahan dan zionisme bagaimana pendapat kalian cairin limit paylater bisa di,False Negative
2-1094,Tionghoa,1,0,0.00042768402,"Kirain sekte pengemis cuma ada di film2 china aja, ternyata di +62 ada jga setiap pagi lewat jalan itu pasti udh duduk2 bawa karung dipinggir2 jln bawa anak ny lagi di suruh tidur pinggir jln malah ada yg masih bayi juga.",kirain sekte pengemis cuma ada di film2 cina aja ternyata di 62 ada juga setiap pagi lewat jalan itu pasti sudah duduk2 bawa karung dipinggir2 jln bawa anak ny lagi di suruh tidur pinggir jln malah ada yang masih bayi juga,False Negative
3-1674,"Tionghoa, Disabilitas",1,0,0.00043173524,"Kmrm ada yang bercanda (dia kl bercanda tuh nyata, kek ngatain org gendut, ya emg org nya gendut gt), nah dia bercandain gw, bilang gini di depan kelas pake logat2 cina brcnda ""Muka kaya (nama q) mana ada yang mau looo"" Jujur dr dulu prnh diginiin jg tp baru kali ini terang2an",kmrm ada yang bercanda dia kalau bercanda itu nyata kayak ngatain org gendut ya memang org nya gendut gt nah dia bercandain gw bilang begini di depan kelas pake logat2 cina brcnda muka kaya nama q mana ada yang mau loo jujur dr dulu prnh diginiin juga tapi baru kali ini terang2an,False Negative
4-4479,Kristen,1,0,0.0004347571,"@eleventwice @ismailfahmi @SumitroYoel Pemilu ini terlalu tidak islam vs kristen kaya pemilu2 sebelumnya, makanya butuh ada yang angkat isu ini lagi buat polarisasi. Mana sudi bajingan2 itu kalo isu ini gak naik pas pemilu. Pengadu domba kaya gini dan SJW yang menyetujuinya cuma bisa dibalaa di hari pembalasan.",pemilu ini terlalu tidak islam vs kristen kaya pemilu2 sebelumnya makanya butuh ada yang angkat isu ini lagi buat polarisasi mana sudi bajingan2 itu kalo isu ini tidak naik pas pemilu pengadu hasut kaya begini dan sjw yang menyetujuinya cuma bisa dibalaa di hari pembalasan,False Negative
2-11278,Disabilitas,1,0,0.00045113472,"Gw jadi codebluuu ngamuk sihh, makan gulai kepala ikan kakap harganya 205rb tapi dagingnya amis di payakumbuah, sedangkan gw beli ini deket rumah, cuma 20rb di warung padang rumahan. Hahahaha gila ://",gue jadi codebluu ngamuk sihh makan gulai kepala ikan kakap harganya 2osrb tapi dagingnya bau di payakumbuah sedangkan gue beli ini deket rumah cuma 2orb di warung padang rumahan hahahaha gila,False Negative
1-2285,Jewish,1,0,0.00045430526,"islamgate enlighten BREAKING NEWS Yaov Gallant: semua pendukung Hamas di seluruh dunia harus mati. Israel criminal Menteri Pertahanan Israel, Yoav Gallant mengatakan bahwa semua pendukung Hamas di Dunia harus mati.

Monggo mampir gaes @ 

Repost @islamsgate",islamgate enlighten breaking news yaov gallant semua pendukung hamas di seluruh dunia harus mati israel criminal menteri pertahanan israel yoav gallant mengatakan bahwa semua pendukung hamas di dunia harus mati monggo mampir gaes repost,False Negative
3-2723,Jewish,1,0,0.00046628277,👉Reporter ini Tak Tahan Menahan Haru melihat Keadaan yg terjadi di Gaza Palestina akibat Kebiadaban zionis Israel Beliau menceritakan sambil 😭 menangis Anak umur sebulan tewas Ada juga kepala anak yg lepas dari badan nya,kanan reporter ini tak tahan menahan haru melihat keadaan yang terjadi di gaza palestina akibat kebiadaban zionis israel beliau menceritakan sambil menangis menangis anak umur sebulan tewas ada juga kepala anak yang lepas dari badan nya,False Negative
1-5122,LGBTQ+,1,0,0.00048851117,"📢RUPIAH89 Situs Slot Online Paling Gacor Terpercaya, Gampang Maxwin Minimal Deposit Hanya 5k 🔍Cari Kami Di Google Ketik : RUPIAH89 #RUPIAH89 #slotgacor #slotonline #slotdana #slotthailand #slotkamboja #slotvietnam LGBT Coldplay IsraelTerrorism Hindia Feni No 3 Kami Muak",rupiahbg situs slot online paling gacor terpercaya gampang maxwin minimal deposit hanya sk cari kami di google ketik rupiahbg hrupiahbg lgbt coldplay israelterrorism hindia feni no 3 kami muak,False Negative
3-836,Jewish,1,0,0.0005258474,"BAZNAS LAZNAS AZNAS JATNAS 050 A BAZNAS 23 Bantuan ke Palestina dari Indonesia Tertahan di Mesir, Tunggu Izin dari Israel Duta Besar Pa Ies tina untuk Indonesia, Zu hair Al Shun mengatakan, bantuan kemanusiaan dari Indonesia masih tertahan di Mesir. 

“Semua bantuan kemanusiaan, bahkan dari pemerintah Indonesia, ada di El Ar ish, Mesir, menunggu izin dari para ‘pem bu nuh’ ls ra eI,” kata Zu hair usai penerimaan 22 calon kadet Pa Ies tina di Kantor Kementerian Pertahanan, Jakarta Pusat, Rabu (8/11/2023). 

Bahkan, Zu hair menyebutkan, pemerintah Pa les tina pun kesulitan masuk ke Jalur Ga za. 

Presiden menyampaikan, bantuan yang diberangkatkan berupa makanan, alat medis, selimut, tenda, dan barang logistik lainnya yang sudah disesuaikan dengan kebutuhan di Ga za. (Kompas)

@",baznas laznas aznas jatnas 050 a baznas 23 bantuan ke palestina dari indonesia tertahan di mesir tunggu izin dari israel duta besar pa ies tina untuk indonesia zu hair al shun mengatakan bantuan kemanusiaan dari indonesia masih tertahan di mesir semua bantuan kemanusiaan bahkan dari pemerintah indonesia ada di el ar ish mesir menunggu izin dari para pem bu nuh ls ra ei kata zu hair usai penerimaan 22 calon kadet pa ies tina di kantor kementerian pertahanan jakarta pusat rabu 8 11 2023 bahkan zu hair menyebutkan pemerintah pa les tina pun kesulitan masuk ke jalur tidak za presiden menyampaikan bantuan yang diberangkatkan berupa makanan alat medis selimut tenda dan barang logistik lainnya yang sudah disesuaikan dengan kebutuhan di tidak za kompas,False Negative
2-9058,Disabilitas,1,0,0.0005804532,Udah gila kali lu gue disuruh ngulikin lagu dream theater wkwk,sudah gila kali lu gue disuruh ngulikin lagu dream theater tertawa,False Negative
2-7688,Jewish,1,0,0.0005858509,ada temen kuliah gatau malu nya kek zionis,ada teman kuliah gatau malu nya kayak zionis,False Negative
3-1241,Disabilitas,1,0,0.0007313733,"Pagi buta malah ketemu opini jelek. Lagian kalo dipikir-pikir jelek banget solusi two state solutions tuh, ibarat nih orang dateng, caplok tanah kamu, terus ujung-ujungnya dikasih tanah, sedangkan kamu yang punya tanah harus rela bagi tanahnya dengan kondisi udah babak belur.",pagi buta malah ketemu opini jelek lagian kalo dipikir pikir buruk rupa banget solusi two state solutions tuh ibarat ini orang dateng caplok tanah kamu terus ujung ujungnya dikasih tanah sedangkan kamu yang punya tanah harus rela bagi tanahnya dengan kondisi sudah babak belur,False Negative
2-710,Disabilitas,1,0,0.0007313733,"Pagi buta malah ketemu opini jelek. Lagian kalo dipikir-pikir jelek banget solusi two state solutions tuh, ibarat nih orang dateng, caplok tanah kamu, terus ujung-ujungnya dikasih tanah, sedangkan kamu yang punya tanah harus rela bagi tanahnya dengan kondisi udah babak belur.",pagi buta malah ketemu opini jelek lagian kalo dipikir pikir buruk rupa banget solusi two state solutions tuh ibarat ini orang dateng caplok tanah kamu terus ujung ujungnya dikasih tanah sedangkan kamu yang punya tanah harus rela bagi tanahnya dengan kondisi sudah babak belur,False Negative
3-1828,Jewish,1,0,0.0007407586,Sejak 1967 pejuang Palestina di cap sebagai teroris oleh Israel dan hal yang sama dilakukan oleh Indonesia terhadap pejuang kemerdekaan West Papua di cap sebagai teroris. Jadi apakah Indonesia sedang mendukung Hamas sebagai teroris?,sejak 1967 pejuang palestina di cap sebagai teroris oleh israel dan hal yang sama dilakukan oleh indonesia terhadap pejuang kemerdekaan west papua di cap sebagai teroris jadi apakah indonesia sedang mendukung hamas sebagai teroris,False Negative
1-2219,Jewish,1,0,0.00082309736,"CNBC INDONESIA Israel Israe Deklarasi Perang setelah Diserang Habis oleh Palestina Perdana Menteri Israel Benjamin Netanyahu resmi menyatakan keadaan perang setelah Hamas meluncurkan 5.000 roket dan serangan darat, Sabtu (7/10/2023).

""Warga Israel. Kami sedang perang dan kami akan menang,"" ungkap Netanyahu melalui pernyataan publiknya, dikutip dari Times of Israel, Sabtu (7/10/2023).

""Musuh (Hamas) akan menanggung akibat yang belum pernah mereka alami sebelumnya,"" lanjut Netanyahu lima jam sejak Kelompok Islam Palestina, Hamas, melakukan serangan kepada Israel.

Sementara itu, Israel Defense Forces (IDF) atau Pasukan Pertahanan Israel turut mengatakan bahwa Israel ""dalam keadaan perang"" menyusul serangan mendadak Hamas.

""IDF telah menyatakan keadaan perang. Kami berada di dalam keadaan perang,"" ujar Juru Bicara Utama IDF, Daniel Hagari, dalam pernyataan video.

""Lebih dari 2.000 roket telah ditembakkan. Angkatan Udara juga telah melakukan serangan di Gaza,"" tegas Hagari.

Mayor Jenderal Ghassan Alian dari IDF mengatakan bahwa Hamas telah melakukan kesalahan besar, yakni membuka ""gerbang neraka"" di Jalur Gaza.

Akibat hal itu, ia menegaskan bahwa pihaknya akan membuat Hamas jera.

Sementara itu layanan darurat Israel, Magen David Adom, mengatakan bahwa setidaknya 22 orang tewas akibat serangan besar-besaran yang dilakukan oleh Hamas. Lalu, sekitar 70 orang lainnya mengalami luka berat.

#internasional",cnbc indonesia israel israe deklarasi perang setelah diserang habis oleh palestina perdana menteri israel benjamin netanyahu resmi menyatakan keadaan perang setelah hamas meluncurkan 5 00 roket dan serangan darat sabtu 7 10 2023 warga israel kami sedang perang dan kami akan menang ungkap netanyahu melalui pernyataan publiknya dikutip dari times of israel sabtu 7 10 2023 musuh hamas akan menanggung akibat yang belum pernah mereka alami sebelumnya lanjut netanyahu lima jam sejak kelompok islam palestina hamas melakukan serangan kepada israel sementara itu israel defense forces idf atau pasukan pertahanan israel turut mengatakan bahwa israel dalam keadaan perang menyusul serangan mendadak hamas idf telah menyatakan keadaan perang kami berada di dalam keadaan perang ujar juru bicara utama idf daniel hagari dalam pernyataan video lebih dari 2 00 roket telah ditembakkan angkatan udara juga telah melakukan serangan di gaza tegas hagari mayor jenderal ghassan alian dari idf mengatakan bahwa hamas telah melakukan kesalahan besar yakni membuka gerbang neraka di jalur gaza akibat hal itu ia menegaskan bahwa pihaknya akan membuat hamas jera sementara itu layanan darurat israel magen david adom mengatakan bahwa setidaknya 22 orang tewas akibat serangan besar besaran yang dilakukan oleh hamas lalu sekitar 70 orang lainnya mengalami luka berat,False Negative
4-1939,LGBTQ+,1,0,0.00083136495,Padang Pelit FREE - Bengkulu Semua Orang Padang terlalu Pelit minta ampun dan Kejam tergalau sama cak orang Lintang gay mati masuk neraka,padang pelit free bengkulu semua orang padang terlalu pelit minta takjub dan kejam tergalau sama cak orang lintang gay mati masuk neraka,False Negative
1-2656,Jewish,1,0,0.00088363624,emak2 hijabi sebenernya dukung palestina ato israel nih 🫢,emak2 hijabi sebenarnya mendukung palestina ato israel ini,False Negative
2-11195,Jewish,1,0,0.0009348486,"Konflik Makin Panas, Iran Ancam Bakal Ikut Campur Apabila Israel Terus Lancarkan Serangan ke Gaza ://",konflik makin panas iran ancam bakal ikut campur apabila israel terus lancarkan serangan ke gaza,False Negative
1-2451,Jewish,1,0,0.00097329385,"Paket P bantuan militer AS senilai Rp225 Triliun untuk Israel disetujui DPR AS. FAKTANYA GOOGLE Pada tanggal 2 November 2023, Dewan Perwakilan Rakyat Amerika Serikat menyetujui paket bantuan militer mandiri senilai US$ 14,3 miliar untuk Israel dalam konteks invasi Tel Aviv di Jalur Gaza.

Namun, kemungkinan besar undang-undang tersebut tidak akan disetujui oleh Senat yang dikuasai oleh Partai Demokrat. DPR memberikan suara sebanyak 226-196 untuk mengeluarkan Undang-Undang Alokasi Tambahan Keamanan Israel tahun 2024 dari majelis.

Presiden Joe Biden mengancam akan memveto rancangan undang-undang tersebut karena tidak mencakup dana tambahan senilai lebih dari US$ 105 miliar yang dia minta pada Kongres pada akhir Oktober.",paket p bantuan militer as senilai rp22s triliun untuk israel disetujui dpr as faktanya google pada tanggal 2 november 2023 dewan perwakilan rakyat amerika serikat menyetujui paket bantuan militer mandiri senilai us 14 3 miliar untuk israel dalam konteks invasi tel aviv di jalur gaza namun kemungkinan besar undang undang tersebut tidak akan disetujui oleh senat yang dikuasai oleh partai demokrat dpr memberikan suara sebanyak 226 196 untuk mengeluarkan undang undang alokasi tambahan keamanan israel tahun 2024 dari majelis presiden joe biden mengancam akan memveto rancangan undang undang tersebut karena tidak mencakup dana tambahan senilai lebih dari us 105 miliar yang dia minta pada kongres pada akhir oktober,False Negative
3-243,Jewish,1,0,0.0009959054,"Cuplikan pengeboman issrael yg 7 jam yang lalu sedang berlangsung di area tengah kota gaza di palestina, di luput oleh reporter motas palestina, Benar baenar kejam zionis biadab ezrael #FrePalestina #IndonesiaBelaPalestina",cuplikan pengeboman issrael yang 7 jam yang lalu sedang berlangsung di area tengah kota gaza di palestina di luput oleh reporter motas palestina benar baenar kejam zionis sial ezrael,False Negative
2-2234,Disabilitas,1,0,0.0010216258,"Lagi jalan terus di cat calling sama orang. Mau gua teriakin gila, ehh pas noleh emang orang gila ternyata 😭",lagi jalan terus di cat calling sama orang mau gua teriakin gila ehh pas noleh memang orang gila ternyata menangis,False Negative
2-4222,Tionghoa,1,0,0.0010607737,KOMUNIS DAJJAL CANIBAL sering membunuh KOMUNIS CHINA KORUT RUSIA pake uang 1 miliar rupiah/komunis,komunis dajjal canibal sering membunuh komunis cina korut rusia pake uang 1 miliar rupiah komunis,False Negative
1-3503,Disabilitas,1,0,0.0010944381,Kasus tragis siswi kelas 2 SD Negeri di Gresik yg matanya buta gegara dicolok tusuk bakso oleh si kakak kelas masih diselidiki polisi. Semoga pelaku segera ditangkap dan diberi hukuman setimpal! #JusticeForSAH #StopBullying,kasus tragis siswi kelas 2 sd negeri di gresik yang matanya buta gegara dicolok tusuk bakso oleh si kakak kelas masih diselidiki polisi semoga pelaku segera ditangkap dan diberi hukuman setimpal,False Negative
2-1545,Jewish,1,0,0.001117783,Perdana Menteri Israel Benjamin Netanyahu kembali menolak seruan gencatan senjata dan berjanji akan menghancurkan Hamas.,perdana menteri israel benjamin netanyahu kembali menolak seruan gencatan senjata dan berjanji akan menghancurkan hamas,False Negative
1-1975,Jewish,1,0,0.0012431088,Israel semakin mudah ditemukan. Mari kita semua berjuang bersama untuk keadilan dan kemerdekaan Palestina! 🇵 🇸 ✊,israel semakin mudah ditemukan mari kita semua berjuang bersama untuk keadilan dan kemerdekaan palestina kepalan,False Negative
1-3360,Jewish,1,0,0.0012817377,"SAHABAT AL-AQSHA #UPDATE GAZA Waktu Subuh tadi, Senin 9/10/2023, jet tempur Zionis menghancurkan Masjid Al-Yarmuk di Gaza Sumber: gazalive2 Masjid pun dihancurkan!

Update #Gaza 

Waktu Subuh tadi, Senin 9/10/2023, jet tempur Zionis menarget dan menghancurkan Masjid Al-Yarmuk di #Gaza sampai tinggal puing-puing!

#GazaGarisPertahananKita",sahabat al aqsha gaza waktu subuh tadi senin 9 10 2023 jet tempur zionis menghancurkan masjid al yarmuk di gaza sumber gazaliue2 masjid pun dihancurkan update waktu subuh tadi senin 9 10 2023 jet tempur zionis menarget dan menghancurkan masjid al yarmuk di sampai tinggal puing puing,False Negative
1-3154,Disabilitas,1,0,0.0013183113,Trauma itu ibarat selamat dari kecelakaan tapi cacat seumur hidup🥀 Trauma itu ibarat selamat dari kecelakaan tapi cacat seumur hidup🥀,trauma itu ibarat selamat dari kecelakaan tapi cacat seumur hidup trauma itu ibarat selamat dari kecelakaan tapi cacat seumur hidup,False Negative
2-5984,Jewish,1,0,0.0014816455,YaAllah terserah sekarang jodoh ku mau orang mana juga yang penting jangan orang israel,yaallah terserah sekarang jodoh ku mau orang mana juga yang penting jangan orang israel,False Negative
3-1819,Disabilitas,1,0,0.001583,PutusanMKMKTOk.!!! . Putusan MKMK Paman Gibran Bersalah Ada yang masih tidak percaya bahwa Putusan MAHKAMAH KONSTITUSI Cacat hukum?? Ayo jadilah manusia yang realistis demi ke adilan Bangsa ini. Bahwa MK sudah dikangkangi Keluarga Pak Lurah untuk melancarkan Putranya. ✍🏻,putusanmkmktok putusan mkmk paman gibran bersalah ada yang masih tidak percaya bahwa putusan mahkamah konstitusi cacat hukum ayo jadilah manusia yang realistis demi ke adilan bangsa ini bahwa mk sudah dikangkangi keluarga pak lurah untuk melancarkan putranya,False Negative
2-4660,Jewish,1,0,0.0016493188,Raja Yordania Abdullah II: ▫️Kami mengutuk pembantaian yang dilakukan terhadap warga sipil di Gaza dan eskalasi Israel di Tepi Barat. ▫️Adalah tugas negara-negara Arab untuk memberikan tekanan pada komunitas internasional dan kekuatan internasional yang aktif untuk menghentikan,raja yordania abdullah ii kami mengutuk pembantaian yang dilakukan terhadap warga sipil di gaza dan eskalasi israel di tepi barat adalah tugas negara negara arab untuk memberikan tekanan pada komunitas internasional dan kekuatan internasional yang aktif untuk menghentikan,False Negative
1-1034,Tionghoa,1,0,0.0017664747,Presiden Soeharto bagi-bagi tanah untuk rakyat Jokowi mengusir rakyat demi ngutang ke Cina,presiden soeharto bagi bagi tanah untuk rakyat jokowi mengusir rakyat demi ngutang ke cina,False Negative
3-275,Jewish,1,0,0.0018618531,|| MKMK Pagii Biadab Yahudi Ivan Gunawan Guru Panglima TNI Yaman Rabu BI Fast Joget Panjangin Tinggi Siang Ngadem ||,mkmk pagii sial yahudi ivan gunawan guru panglima tni yaman rabu bi fast joget panjangin tinggi siang ngadem,False Negative
1-5044,LGBTQ+,1,0,0.0018987438,"akademi keluarga ASHRI Akademi Keluarga Molesitkan #8 Keluarga AwaliRumah Rumah Tangga dengan Ilmu Islami NOV 2023 Zaidul Akbar (Penggagas ""Manajemen Kesehatan Keluarga"" 12.30-14.00 NOV Era Digital"" Prof. Dr.l Euis Sunarti, (KetuaU ""Menjaga Ketahanan Keluarga 19.30-21.30 WIB 10 2023 NOV Haniva Hasna, M.Krim. Sekitar Rumah Kita"" ""Kenakalan & Kekerasan NOV 2023 Rennta Chrisdiana, M.Sc. ""Cegah Keluarga dari Penyimpangan 19.30- LGBT 17 Cahyadi Takariawan, ""Visi Keluarga Sakinah"" 15.30- Apt. KELAS ONLINE Segera daftar di:  Pendaftaran: 06 Oktober 05 November 2023 More Info: 7681 7511 INFAK TERBAIK",akademi keluarga ashri akademi keluarga molesitkan keluarga awalirumah rumah tangga dengan ilmu islami nov 2023 zaidul akbar penggagas manajemen kesehatan keluarga 12 30 14 00 nov era digital prof dr l euis sunarti ketuau menjaga ketahanan keluarga 19 30 21 30 wib 10 2023 nov haniva hasna m krim sekitar rumah kita kenakalan kekerasan nov 2023 rennta chrisdiana m sc cegah keluarga dari penyimpangan 19 30 lgbt 17 cahyadi takariawan visi keluarga sakinah 15 30 apt kelas online segera daftar di pendaftaran 06 oktober 05 november 2023 more info 7681 7511 infak terbaik,False Negative
1-1067,UNKNOWN,1,0,0.0019015264,"Buku ini adalah sebuah buku istimewa tentang analisis sejarah yang sangat menarik. Di dalamnya akan kita dapati sebab-sebab kelemahan umat Islam, berbagai konflik yang terjadi, Perang Salib, pembebasan Al-Quds, invasi bangsa Tartar hingga seputar ditutup dan dibukanya kembali pintu ijtihad. #ResensiBuku — [Resensi Buku Wajah Dunia Islam (Dari Bani Umayyah hingga Imperialisme Modern)] Sejarah Peradaban Islam, Bukan Hanya dari Sirah Rasulullah ﷺ  — Peresensi: Nindira Aryudhani, S.Pi., M.Si. Wallahualam bissawab. [MNews/Rgl]",buku ini adalah sebuah buku istimewa tentang analisis sejarah yang sangat menarik di dalamnya akan kita dapati sebab sebab kelemahan umat islam berbagai konflik yang terjadi perang salib pembebasan al quds invasi bangsa tartar hingga seputar ditutup dan dibukanya kembali pintu ijtihad resensi buku wajah dunia islam dari bani umayyah hingga imperialisme modern sejarah peradaban islam bukan hanya dari sirah rasulullah ﷺ peresensi nindira aryudhani s pi m si wallahualam bissawab mnews rgl,False Negative
2-928,Jewish,1,0,0.0019201247,"Kebrutalan ini bukan hanya tentang beberapa hari ini saja. Penjajahan, pendudukan tanah, pengusiran, pembantaian dan kejahatan perang oleh Zionis Israel sudah berlangsung sejak lama, hingga detik ini. #BelaPalestina",kebrutalan ini bukan hanya tentang beberapa hari ini saja penjajahan pendudukan tanah pengusiran pembantaian dan kejahatan perang oleh zionis israel sudah berlangsung sejak lama hingga detik ini,False Negative
2-617,Tionghoa,1,0,0.0020491604,"Isu Prabowo Cekik Wamentan, Gerindra Ungkap Nasdem Penyebar Awalnya! . . Rabu Siang Tante Lina Mata Najwa 40 T Malang Terbuka Mba Nana Ganjar Paling Solutif INDOMY FOR YOONGI Kirgistan Jurnalis 3 Bacapres Bicara Gagasan Hugo Samir TKA China Felix WHO IN RIIZE",isu prabowo cekik wamentan gerindra ungkap nasdem penyebar awalnya rabu siang tante lina mata najwa 40 t malang terbuka mba nana ganjar paling solutif indomy for yoongi kirgistan jurnalis 3 bacapres bicara gagasan hugo samir tka cina felix who in riize,False Negative
1-1649,Disabilitas,1,0,0.0021590434,"NEPOTISME DAN POLITIK SAYANG ANAK ... Politik nepotisme, bermuara pada ambisi kerakusan politik keluarga Kedaulatan tertinggi eksekutif pada bapak, pembuat hukum pada kolega, dan penentu hukum pada sauadara kandung Nepotisme masa lalu, sumber kolusi dan berujung korupsi Kedaulatan selera darah, kalahkan akal sehat nalar kolektif mayoritas Putaran kekuasaan bertungpu pada dinasti, satu jari dan otoritarisasi seseorang Nepotisme, kkn; Masa lalu sebagai ""momok"" Karenanya orde baru tumbang Nepotisme masa kemaren sebagai ""prilaku memalukan"", kumpulnya darah geneologis semua tatar politik Awal reformasi, wacana prestise simbol anti nepotisme Seiring kenikmatan eforea politis, partai sebagai wadah kedaulatan trah keluarga Kekuasaan politik terjebak pada pusaran darah geneologi, etnosentrisme dan keluarga Politik berserikat pada ""Anak, saudara, pendukung, kolega, ikatan primordial dan pengikut setia"" Karenanya beban sosial mengular dan mengerumun Kospolitik berakibat fatal, bentuk mental teknokrat dan kosmopolit populis Budaya kosmopolit jadi bentuk gaya prilaku politik populer tanpa ritme kelayakan dan kapabilitas Nepotisme sekarang Kedaulatan berpusat pada jemari trah darah keluarga Berdalih kelanjutan pembagunan sempurna Berpaling dari doktrin reformasi yang anti nepotisme Tinggalkan demokrasi daulat rakyat, tapi junjung tinggi daulat keluarga atas nama demokrasi Logika nepotisme berawal dari politik agungkan arogansi dan keangkuhan diri Kebenaran tertinggi adalah kehendak diri Kekuasaan tertinggi adalah kedaulatan diri dan darahnya sendiri Pertiwi terjerembab pada hilangnya logika pluralisme dan kecendikiawanan Banyi baru lahir, kalahkan kiprah politik berdarah dan sidihkan politikus matang yang sudah makan asam garam Tabeat sumpah negeri berpanji tumpah darah, terganti titik darah Filosofi ikrar pertiwi berkonsesi nyawa dan tanah air, bukan ikrar rasislisme sempit pada trah turunan ""daulat tuanku raja"" Identitas tekad persada pada kesadaran bahasa kesatuan dan kehormatan pada sesama, bukan identitas poitik oligarchi dan nepotisme semata Politik sayang anak Karpet kekuasaan bagi keturunan darah sendiri Bangun peluang luas bagi para pengikut setianya dan bangun watak taklid buta semata Andalkan satu harapan sebagai politik hukum karet, yang bisa menjadi pembela dan tembok pelindung politiknya ikuti dinamika aman Hanya restui nepotisme sebagai praktek demokrasi yang sah dan legal, bagai politik dinasti kerajaan Politik sayang anak Meraih politik sorga lamggar prinsip kedaulatan sesama anak bangsa #fajri 2 11 2023",nepotisme dan politik sayang anak politik nepotisme bermuara pada ambisi kerakusan politik keluarga kedaulatan tertinggi eksekutif pada bapak pembuat hukum pada kolega dan penentu hukum pada sauadara kandung nepotisme masa lalu sumber kolusi dan berujung korupsi kedaulatan selera darah kalahkan akal sehat nalar kolektif mayoritas putaran kekuasaan bertungpu pada dinasti satu jari dan otoritarisasi seseorang nepotisme kkn masa lalu sebagai momok karenanya orde baru tumbang nepotisme masa kemaren sebagai prilaku memalukan kumpulnya darah geneologis semua tatar politik awal reformasi wacana prestise simbol anti nepotisme seiring kenikmatan eforea politis partai sebagai wadah kedaulatan trah keluarga kekuasaan politik terjebak pada pusaran darah geneologi etnosentrisme dan keluarga politik berserikat pada anak saudara pendukung kolega ikatan primordial dan pengikut setia karenanya beban sosial mengular dan mengerumun kospolitik berakibat fatal bentuk mental teknokrat dan kosmopolit populis budaya kosmopolit jadi bentuk gaya prilaku politik populer tanpa ritme kelayakan dan kapabilitas nepotisme sekarang kedaulatan berpusat pada jemari trah darah keluarga berdalih kelanjutan pembagunan sempurna berpaling dari doktrin reformasi yang anti nepotisme tinggalkan demokrasi daulat rakyat tapi junjung tinggi daulat keluarga atas nama demokrasi logika nepotisme berawal dari politik agungkan arogansi dan keangkuhan diri kebenaran tertinggi adalah kehendak diri kekuasaan tertinggi adalah kedaulatan diri dan darahnya sendiri pertiwi terjerembab pada hilangnya logika pluralisme dan kecendikiawanan banyi baru lahir kalahkan kiprah politik berdarah dan sidihkan politikus matang yang sudah makan asam garam tabeat sumpah negeri berpanji tumpah darah terganti titik darah filosofi ikrar pertiwi berkonsesi nyawa dan tanah air bukan ikrar rasislisme sempit pada trah turunan daulat tuanku raja identitas tekad persada pada kesadaran bahasa kesatuan dan kehormatan pada sesama bukan identitas poitik oligarchi dan nepotisme semata politik sayang anak karpet kekuasaan bagi keturunan darah sendiri bangun peluang luas bagi para pengikut setianya dan bangun watak taklid buta semata andalkan satu harapan sebagai politik hukum karet yang bisa menjadi pembela dan tembok pelindung politiknya ikuti dinamika aman hanya restui nepotisme sebagai praktek demokrasi yang sah dan legal bagai politik dinasti kerajaan politik sayang anak meraih politik sorga lamggar prinsip kedaulatan sesama anak bangsa 2 11 2023,False Negative
2-2507,Jewish,1,0,0.0021814413,"Kementerian Kesihatan di Gaza: Jumlah syuhada' yang terbunuh dalam serangan pencerobohan rejim Israel sejak pagi tadi (yang direkodkan pada 2 jam lalu) meningkat kepada 178 syahid sementara 589 yang lain cedera. Sumber: Shehab Agency Allahuakbar 😔 Langit Gaza kini kembali menjadi terang benderang akibat serangan rejim Zionis yang tanpa henti meskipun dalam keadaan ketiadaan elektrik. 

Hasbunallah wanikmal wakeel 😭 Sama-sama kita panjatkan Qunut Nazilah dalam setiap rakaat terakhir solat kita semua inshaaAllah 💪😔",kementerian kesihatan di gaza jumlah syuhada yang terbunuh dalam serangan pencerobohan rejim israel sejak pagi tadi yang direkodkan pada 2 jam lalu meningkat kepada 178 syahid sementara 589 yang lain cedera sumber shehab agency allahuakbar sedih langit gaza kini kembali menjadi terang benderang akibat serangan rejim zionis yang tanpa henti meskipun dalam keadaan ketiadaan elektrik hasbunallah wanikmal wakeel menangis sama sama kita panjatkan qunut nazilah dalam setiap rakaat terakhir solat kita semua inshaallah kuat sedih,False Negative
1-3681,Disabilitas,1,0,0.0025185274,Ada gila gilanya yh ngurusin toddler,ada gila gilanya yh ngurusin toddler,False Negative
4-2997,Jewish,1,0,0.0026368706,"Teroris israel terus membantai anak anak palestina sejak saat ini Ada video seru, cek sekarang juga! https://t.co/5pXNO0FSlE",teroris israel terus membantai anak anak palestina sejak saat ini ada video seru cek sekarang juga,False Negative
2-9265,Kristen,1,0,0.0027219858,Duh gda kurangnya minus katolik doang,takjub gda kurangnya minus katolik doang,False Negative
1-5960,Jewish,1,0,0.0027594757,Gua search tentang Ndrewstjan dan kurang dari seminggu terakhir dia udah dapet gelar tambahan sebagai Zionis pesek sawo matang & anti children This Guy,gua search tentang ndrewstjan dan kurang dari seminggu terakhir dia sudah dapet gelar tambahan sebagai zionis pesek sawo matang anti children this guy,False Negative
2-3154,Disabilitas,1,0,0.002807617,"Gua muak sama semua status cinta buta, logika nya ga main. Gini bangett rasanya nggapunya temen gila",gua muak sama semua status cinta buta logika nya tidak main begini bangett rasanya nggapunya teman gila,False Negative
1-5043,LGBTQ+,1,0,0.0028261864,"Massa mengatasnamakan Geranati LGBT menggelar aksi menolak band Coldplay manggung di Jakarta. Massa aksi ricuh.

Massa menggelar aksi di Jalan Gerbang Pemuda dekat kantor Kemenpora. Pantauan di lokasi, Rabu (15/11/2023), massa ricuh menendang barikade polisi. Massa saat ini masih bertahan di lokasi. Massa sebelumnya sempat ricuh dengan menendang barikade polisi.

#detikcom #Demo #Coldplay #ColdplayJakarta #DemoColdplay",massa mengatasnamakan geranati lgbt menggelar aksi menolak band coldplay manggung di jakarta massa aksi ricuh massa menggelar aksi di jalan gerbang pemuda dekat kantor kemenpora pantauan di lokasi rabu 15 11 2023 massa ricuh menendang barikade polisi massa saat ini masih bertahan di lokasi massa sebelumnya sempat ricuh dengan menendang barikade polisi,False Negative
4-1534,Jewish,1,0,0.0028330036,gua ngopi di starbucks bukan berarti gua dukung israel babi kan :) kepikiran abis minum kopinya https://t.co/4aRdWshHCW,gua ngopi di starbucks bukan berarti gua mendukung israel babi kan senyum kepikiran habis minum kopinya,False Negative
1-3885,Disabilitas,1,0,0.0028549968,Muhammadiyah Titipkan Kepercayaan Kepada Pasangan Ganjar-Mahfud Anak BEM BMTH Cawapres Cacat Hukum Kecap Bu Susi,muhammadiyah titipkan kepercayaan kepada pasangan ganjar mahfud anak bem bmth calon wakil presiden cacat hukum kecap bu susi,False Negative
1-2380,Jewish,1,0,0.0031266361,"ANTARANEWS Setelah sebelumnya membuat komentar panas srael dan dikabarkan merugi, Elon Musk nyatakan dukung Israel melawan Hamas llustro REUTERS/Moham antaranews antaranewsdotcom antaranewscom Pebisnis teknologi Elon Musk pada Senin menyatakan mendukung upaya Israel dalam melawan kelompok pejuang Palestina Hamas.

Dia mengatakan salah satu tantangannya adalah menghentikan propaganda yang mendorong kelompok itu melakukan pembunuhan massal yang kemudian memicu perang di Gaza.

Pemilik media sosial X itu melakukan kunjungan tidak biasa ke Israel selama jeda pertempuran yang berlangsung empat hari. Dia berdiskusi dengan PM Israel Benjamin Netanyahu yang disiarkan langsung secara daring di X Spaces.

""Harus dihentikan, propaganda yang melatih orang untuk menjadi pembunuh di masa datang. Dan kemudian, membuat Gaza sejahtera. Dan jika itu terjadi, saya pikir itu akan menjadi masa depan yang baik."" kata Musk.

Selengkapnya klik link pada bio.

#elonmusk #seranganisrael #benjaminnetanyahu #hamas #antaranews #antaranewscom #SejarahPanjangMenujuMasaGemilang 

Penerjemah: Anton Santoso
Grafis: Della Savira",antaranews setelah sebelumnya membuat komentar panas srael dan dikabarkan merugi elon musk nyatakan mendukung israel melawan hamas llustro reuters moham antaranews antaranewsdotcom antaranewscom pebisnis teknologi elon musk pada senin menyatakan mendukung upaya israel dalam melawan kelompok pejuang palestina hamas dia mengatakan salah satu tantangannya adalah menghentikan propaganda yang mendorong kelompok itu melakukan pembunuhan massal yang kemudian memicu perang di gaza pemilik media sosial x itu melakukan kunjungan tidak biasa ke israel selama jeda pertempuran yang berlangsung empat hari dia berdiskusi dengan pm israel benjamin netanyahu yang disiarkan langsung secara daring di x spaces harus dihentikan propaganda yang melatih orang untuk menjadi pembunuh di masa datang dan kemudian membuat gaza sejahtera dan jika itu terjadi saya pikir itu akan menjadi masa depan yang baik kata musk selengkapnya klik link pada bio penerjemah anton santoso grafis della savira,False Negative
2-1676,"Jewish, Rohingya",1,0,0.0031338735,"CE Tentara Israel serbu RS Al-Shifa, sandera lebih dari 5 ribu pasien, nakes, sampai pengungsi. Ketika pengungsi menjadi penjajah yang brut4l

#freepalestine #freegaza",ce tentara israel serbu rs al shifa sandera lebih dari 5 ribu pasien nakes sampai pengungsi ketika pengungsi menjadi penjajah yang brutal,False Negative
1-1349,Tionghoa,1,0,0.003249557,cuman lawan china taipei doang riweuhnya kek lawan brazil🤪,cuman lawan cina taipei doang riweuhnya kayak lawan brazil gila,False Negative
2-1662,Jewish,1,0,0.0035397743,"Rakyat Palestina Didesak Mengungsi ke Mesir, Eks Menlu Israel Gagu Ditanya Mengapa Tidak ke Israel",rakyat palestina didesak mengungsi ke mesir eks menlu israel gagu ditanya mengapa tidak ke israel,False Negative
1-3435,Jewish,1,0,0.003540772,"✪✪✪ Sejarah Baru Peradaban Dunia ®

Sejarah akan mencatat, bahwa ada Perang Manusia vs Tank Lapis Baja Terbaik (Merkava). Sejarah juga akan mencatat, ada kota kecil yang tak lebih besar dari Jakarta, bernama Gaza, melawan Negara-negara Zionis & Teroris sendirian (Perancis - Kanada - Inggris - Italia - Amerika - Israel) hanya dengan senjata murah. Sejarah juga pasti akan mencatat, Siapa Teroris sebenarnya, Siapa Pecundang Sebenarnya, dan Siapa Pahlawan sebenarnya. Jangan lagi berdebat untuk hal-hal kecil yang tidak ada gunanya. Dan gunakan seluruh akal dan indera yang kalian punya untuk melihat dan mencari kebenaran, bukan Kebenaran yang ambigu, karena kebenaran itu Absolute.

“Lebih Baik Kita Menempatkan Adab Di Atas Kepala, Dan Otak Kita Letakkan Di Tumit, Daripada Sebaliknya”

#PresidenteMedia #PresidenteGenks #Kopassus",sejarah baru peradaban dunia sejarah akan mencatat bahwa ada perang manusia vs tank lapis baja terbaik merkava sejarah juga akan mencatat ada kota kecil yang tak lebih besar dari jakarta bernama gaza melawan negara negara zionis teroris sendirian perancis kanada inggris italia amerika israel hanya dengan senjata murah sejarah juga pasti akan mencatat siapa teroris sebenarnya siapa pecundang sebenarnya dan siapa pahlawan sebenarnya jangan lagi berdebat untuk hal hal kecil yang tidak ada gunanya dan gunakan seluruh akal dan indera yang kalian punya untuk melihat dan mencari kebenaran bukan kebenaran yang ambigu karena kebenaran itu absolute lebih baik kita menempatkan adab di atas kepala dan otak kita letakkan di tumit daripada sebaliknya,False Negative
1-5025,LGBTQ+,1,0,0.003690431,"Waspada! Jumlah LGBT di Pekanbaru Capai 3 Ribu Orang Jumat, 06 Januari 2023-11:27:21WIB 11:27:21 WIB 2023 f X",waspada jumlah lgbt di pekanbaru capai 3 ribu orang jumat 06 januari 2o2e ii 2t 2iwib 11 27 21 wib 2023 f x,False Negative
1-145,Disabilitas,1,0,0.0038366802,khusus buat keturunan yaman gak boleh dibilang gila & stress. tapi wajib di panggil WALI ALLOH dan wajib di agungkan. drunnn.. mana akal sehatmu !,khusus buat keturunan yaman tidak boleh dibilang gila stress tapi wajib di panggil wali alloh dan wajib di agungkan drunn mana akal sehatmu,False Negative
4-3536,Syiah,1,0,0.0042309063,MAU DONG NGETOKIN KEPALA ORANG ORANG SYIAH Adakah disini orang syiah yg berminat sy ketok kepalanya ?,mau dong ngetokin kepala orang orang syiah adakah disini orang syiah yang berminat saya ketok kepalanya,False Negative
2-8691,Disabilitas,1,0,0.004420413,Udah gila kali yak..,sudah gila kali yak,False Negative
2-11092,LGBTQ+,1,0,0.004463993,Buat yang mau join group telegram video gay full versi barat dan lokal indo bisa ya klik langsung link telegram dibawah ini #gym #Naked #muscle #fyp #viralmesum Thanks !!!,buat yang mau join group telegram video gay full versi barat dan lokal indo bisa ya klik langsung link telegram dibawah ini thanks,False Negative
1-5112,LGBTQ+,1,0,0.004476798,"Ngentottt emg gay gay di gym gini, gangguuuu lo kontllll elah",ngentott memang gay gay di gym gini gangguu lo kontll elah,False Negative
1-998,Jewish,1,0,0.0045102932,Yahudi kiy ket jaman Gusti Yesus kiy cen Bajingan !!,yahudi kiy ket jaman gusti yesus kiy cen bajingan,False Negative
1-5156,LGBTQ+,1,0,0.004653155,gue boleh bilang postan sunwoo di ig kaya postan gay typical bgt ga,gue boleh bilang postan sunwoo di ig kaya postan gay typical banget tidak,False Negative
2-47,Jewish,1,0,0.00470104,"tolong yaa para biadab israel ini, cukupp cukuppp, gue gakuat kalau liat tuh, udh terlalu banyak innocent people yang jadi korban lu",tolong yaa para sial israel ini cukupp cukupp gue gakuat kalau liat tuh sudah terlalu banyak innocent people yang jadi korban lu,False Negative
1-2009,Jewish,1,0,0.00498444,"Keliru, Video yang Diklaim Serangan Israel di Jalur Gaza 2023",keliru video yang diklaim serangan israel di jalur gaza 2023,False Negative
3-1110,LGBTQ+,1,0,0.005119331,"Gini ya ngik, sie THV udah jelas ngmg “gw terinspirasi dari film gay” gw suka nonton film BL, musik gay, make baju gay, pake hoodie gay Lah trus lu dtg² ngmg “dia cemen ga akui cweknya, eh malah main ama temennya” gblok atau gmna?du²k 1 ruangan & ngbrol lu kata dia caper? +",begini ya ngik sie thv sudah jelas ngmg gw terinspirasi dari film gay gue suka nonton film bl musik gay make baju gay pake hoodie gay lah terus lu dtg² ngmg dia cemen tidak akui cweknya eh malah main ama temennya goblok atau gmna du²k 1 ruangan ngbrol lu kata dia caper,False Negative
2-7561,Disabilitas,1,0,0.005119914,"Agustus sama september kmrn mens maju, rasanya normal kayak biasanya. Bulan ini telat 5 hari gila sakit bangettt. Knp mens kalo telat sakitnya lebih parah drpd kalo maju sih? Anjir sumpah sakit bgt 🥲",agustus sama september kemarin mens maju rasanya normal seperti biasanya bulan ini telat 5 hari gila sakit bangett knp mens kalo telat sakitnya lebih parah drpd kalo maju sih anjing sumpah sakit banget,False Negative
1-6642,UNKNOWN,1,0,0.005260423,Sekarang Kadrun Lagi Musim Ngemis2 Suara NU.. Kan Bedebah.. 😂,sekarang kadrun lagi musim ngemis2 suara nu kan bedebah tertawa,False Negative
3-2190,Jewish,1,0,0.0054945406,"Di G, Anda akan mati kehausan! ⚠️Dua setengah juta warga Gaza telah kekurangan air selama 10 hari akibat kebiadaban teroris zionis Israel #FreePalistine #IsraelTerorrist #IsraelAttack #IsraeliNewNazism",di g anda akan mati kehausan dua setengah juta warga gaza telah kekurangan air selama 10 hari akibat kebiadaban teroris zionis israel,False Negative
4-1841,Rohingya,1,0,0.005525142,“pengungsi Rohingya bakar gudang di Aceh karena gak dikasih uang”,pengungsi rohingya bakar gudang di aceh karena tidak dikasih uang,False Negative
1-3170,Disabilitas,1,0,0.0057630325,TribunNetwork nNetwork enjangk TribunP NEWS ODGJ di Padang Pariaman Disetubuhi Pria Tua Asal Agam Pelaku Diciduk Anak Korban TribunP TribunP TribunP TribunP,tribunnetwork nnetwork enjangk tribunp news odgj di padang pariaman disetubuhi pria tua asal agam pelaku diciduk anak korban tribunp tribunp tribunp tribunp,False Negative
2-7118,Kristen,1,0,0.0068093827,• Perang Salib = Perebutan Yerusalem Palestina oleh Islam vs Kristen maupun rivalitas di internal Kristen itu sendiri • Perang Dunia 2 = Perebutan Eropa oleh Sekutu vs Nazi vs Soviet • Perang Indonesia nanti nya = Perebutan Indonesia oleh Nazi vs Komunis vs Radikalis Muslim,perang salib perebutan yerusalem palestina oleh islam vs kristen maupun rivalitas di internal kristen itu sendiri perang dunia 2 perebutan eropa oleh sekutu vs nazi vs soviet perang indonesia nanti nya perebutan indonesia oleh nazi vs komunis vs radikalis muslim,False Negative
1-2834,Jewish,1,0,0.006942954,"Sekali lagi, apa yang terjadi pada 7 Oktober 2023 adalah habisnya kesabaran rakyat Palestina, dibawah bendera HAMAS. Terhadap penindasan yang dilakukan oleh pemerintah Zionis Israel.",sekali lagi apa yang terjadi pada 7 oktober 2023 adalah habisnya kesabaran rakyat palestina dibawah bendera hamas terhadap penindasan yang dilakukan oleh pemerintah zionis israel,False Negative
4-2594,Tionghoa,1,0,0.0069564036,"@ruthnats Ya statement kamu menjijikan soalnya...soft campaign tau gak???gw jg tionghoa tp gak membikin keruh dan membuat statement yang menjijikan kek loe,nanti kalau pecah perang kek 98 lagi mau gimana kita kalau kita selalu menggosok mereka dengan minoritas dan mayoritas mlulu",ya statement kamu menjijikan soalnya soft campaign tau gak gw juga tionghoa tapi tidak membikin keruh dan membuat statement yang menjijikan kayak loe nanti kalau pecah perang kayak 98 lagi mau bagaimana kita kalau kita selalu menggosok mereka dengan minoritas dan mayoritas mlulu,False Negative
1-5081,LGBTQ+,1,0,0.007003258,Selamat Malam Minggu Malming Fizi Saosin Audrey Pengen banget Fun DM yok Gay Jogja Brondong Jogja Gay Jogjakarta Jogja crot Jogja lendir Jogja birahi pasutri jogja,selamat malam minggu malming fizi saosin audrey ingin banget fun dm yok gay jogja brondong jogja gay jogjakarta jogja crot jogja lendir jogja birahi pasutri jogja,False Negative
1-4380,"Kristen, Jewish",1,0,0.0073040845,kok islam ... !!! aku 100 tahun pulang di 7 surga .. makanya ada orang mati aku suruh beli mesjid uang halal sedekah anak yatim mungkin di tendang mulutmu kaloo ibadah 2 tadi saya bukan yahudi kristen,kok islam aku 100 tahun pulang di 7 surga makanya ada orang mati aku suruh beli mesjid uang halal sedekah anak yatim mungkin di tendang mulutmu kaloo ibadah 2 tadi saya bukan yahudi kristen,False Negative
1-2008,Rohingya,1,0,0.007304154,"Akun UNHCR Minta Pemerintah RI Sediakan Rumah, KTP dan Makanan Bagi Rakyat Rohingya",akun unhcr minta pemerintah ri sediakan rumah ktp dan makanan bagi rakyat rohingya,False Negative
3-2051,LGBTQ+,1,0,0.007554989,It's sad when company hire queer employee only to be used as a token employee. Atau ketika ngehire queer dengan stereotipikal tertentu (cowok gay feminim misalnya) untuk dipake buat lucu2an doang.,it s sad when company hire queer employee only to be used as a token employee atau ketika ngehire queer dengan stereotipikal tertentu cowok gay feminim misalnya untuk dipake buat lucu2an doang,False Negative
4-2661,Rohingya,1,0,0.007906636,"Wajar Ditolak di Aceh, Lha Wong Kelakuannya Kayak Gini Kok 

Diduga pengungsi Rohingya bakal menempati tanah-tanah di Arab Saudi untuk bermukim secara permanen.

Dilansir dari media setempat, beberapa pengungsi Rohingya menempati perbukitan di Arab Saudi.

Diduga mereka hendak menetap selama beberapa waktu di sana.

Tidak hanya itu, mereka juga bersikap kurang sopan, seperti membuang sampah sembarangan, hingga kurang menjaga kebersihan.

Wajar jika warga Indonesia menolak kedatangan mereka untuk mengungsi, termasuk di Aceh yang menjadi kawasan utama sasaran pengungsi Rohingya.

#rohingya #mekah #arabsaudi #pengungsi #aceh #viral #sampah #videoviral #pengungsirohingya #sikaprohingya #acehtolakrohingya #magelangekspres #magelang Wajar Ditolak di Aceh, Lha Wong Kelakuannya Kayak Gini Kok 

Diduga pengungsi Rohingya bakal menempati tanah-tanah di Arab Saudi untuk bermukim secara permanen.

Dilansir dari media setempat, beberapa pengungsi Rohingya menempati perbukitan di Arab Saudi.

Diduga mereka hendak menetap selama beberapa waktu di sana.

Tidak hanya itu, mereka juga bersikap kurang sopan, seperti membuang sampah sembarangan, hingga kurang menjaga kebersihan.

Wajar jika warga Indonesia menolak kedatangan mereka untuk mengungsi, termasuk di Aceh yang menjadi kawasan utama sasaran pengungsi Rohingya.

#rohingya #mekah #arabsaudi #pengungsi #aceh #viral #sampah #videoviral #pengungsirohingya #sikaprohingya #acehtolakrohingya #magelangekspres #magelang",wajar ditolak di aceh lha wong kelakuannya seperti begini kok diduga pengungsi rohingya bakal menempati tanah tanah di arab saudi untuk bermukim secara permanen dilansir dari media setempat beberapa pengungsi rohingya menempati perbukitan di arab saudi diduga mereka hendak menetap selama beberapa waktu di sana tidak hanya itu mereka juga bersikap kurang sopan seperti membuang sampah sembarangan hingga kurang menjaga kebersihan wajar jika warga indonesia menolak kedatangan mereka untuk mengungsi termasuk di aceh yang menjadi kawasan utama sasaran pengungsi rohingya wajar ditolak di aceh lha wong kelakuannya seperti begini kok diduga pengungsi rohingya bakal menempati tanah tanah di arab saudi untuk bermukim secara permanen dilansir dari media setempat beberapa pengungsi rohingya menempati perbukitan di arab saudi diduga mereka hendak menetap selama beberapa waktu di sana tidak hanya itu mereka juga bersikap kurang sopan seperti membuang sampah sembarangan hingga kurang menjaga kebersihan wajar jika warga indonesia menolak kedatangan mereka untuk mengungsi termasuk di aceh yang menjadi kawasan utama sasaran pengungsi rohingya,False Negative
4-1913,Kristen,1,0,0.007923445,Ketika banyak yang muallaf Umat kristen kehabisan pengikut banyak gereja dijual dan beralih fungsi karena bangkrut Sekarang mereka sedang merekrut orang Dengan cara memurtadkan orang muslim agar keluar dari islam Makanya mereka berusaha memasukan ajaran trinitas dan menyetarakan kedudukan isa as dalam quran dengan Allah Agar umat muslim terpedaya🤭🤭🤭,ketika banyak yang muallaf umat kristen kehabisan pengikut banyak gereja dijual dan beralih fungsi karena bangkrut sekarang mereka sedang merekrut orang dengan cara memurtadkan orang muslim agar keluar dari islam makanya mereka berusaha memasukan ajaran trinitas dan menyetarakan kedudukan isa as dalam quran dengan allah agar umat muslim terpedaya tertawa tertawa,False Negative
2-11277,Tionghoa,1,0,0.008534936,Mobil listrik inilah yang membuat pak tuan Luhut ngotot pakai mobil bekas listrik China ke ruwetnesia K🤣🤣🤣 Negara ini masih di jajah oleh KOMUNIS #PDI_P dan #China 😝😝,mobil listrik inilah yang membuat pak tuan luhut ngotot pakai mobil bekas listrik cina ke ruwetnesia k tertawa tertawa negara ini masih di jajah oleh komunis dan,False Negative
4-2466,Rohingya,1,0,0.0085641835,"@lilaccountz Daripada membantu warga rohingya yg gajelas maksud dan tujuannya,masih banyak banget fakir miskin yang jauh lebih membutuhkan,gausah bicara kemanusiaan,mereka terdampar karena mau mereka,bukan karena diusir dan ga diterima dinegara lain,",daripada membantu warga rohingya yang gajelas maksud dan tujuannya masih banyak banget fakir miskin yang jauh lebih membutuhkan gausah bicara kemanusiaan mereka terdampar karena mau mereka bukan karena diusir dan tidak diterima dinegara lain,False Negative
1-5930,Disabilitas,1,0,0.0085934885,Cuaca kaya orgil guntur guntur doang ujan kaga tlolll,cuaca kaya orgil guntur guntur doang ujan kaga tloll,False Negative
1-2239,Tionghoa,1,0,0.008614432,"CNBC Indonesia Wabah Misterius Muncul Lagi di China, Trauma Covid Terulang? hari lalu M Wabah Pneumonia Misterius Menjangkiti Anak-anak di China, Dunia Mulai Waspada 6 jam lalu Viva O ATLMμIMIAW Wabah Pneumonia Misterius Serang China, Ribuan Anak Dilarikan ke RS Alami Masalah Pernapasan Parah 15 jam lalu UH CNN Indonesia Yang Harus Diketahui Tentang Pneumonia Misterius China Jauh hari firasat sudah bersuara soal wabah yang akan terjadi  dalam waktu dekat, tetapi banyak yang diam dan acuh seakan tidak peduli. Ini sekarang uda ramai mereka gaungkan, kita semua seakan terlihat santai seolah tidak terjadi apa-apa. Nanti tiba2 yang berwenang ketok palu dan mengesahkan aturan baru Tok Tok T Terpenting bisa berjalan rencananya🙌🏻🙌🏻🙌🏻🙌🏻 Capedehhh Gilaaaa memang, master firasat saja sakit kepala melihat kekonyolan ini tapi ya tidak bisa berbuat apa-apa. Cuma bisa menghimbau jangan panik jangan ikut arus cerita cerita dongeng🤭🙌🏻",cnbc indonesia wabah misterius muncul lagi di china trauma covid terulang hari lalu m wabah pneumonia misterius menjangkiti anak anak di china dunia mulai waspada 6 jam lalu viva o atlmμimiaw wabah pneumonia misterius serang china ribuan anak dilarikan ke rs alami masalah pernapasan parah 15 jam lalu uh cnn indonesia yang harus diketahui tentang pneumonia misterius cina jauh hari firasat sudah bersuara soal wabah yang akan terjadi dalam waktu dekat tetapi banyak yang diam dan acuh seakan tidak peduli ini sekarang uda ramai mereka gaungkan kita semua seakan terlihat santai seolah tidak terjadi apa apa nanti tiba2 yang berwenang ketok palu dan mengesahkan aturan baru tok tok t terpenting bisa berjalan rencananya puji puji puji puji capedehh gilaa memang master firasat saja sakit kepala melihat kekonyolan ini tapi ya tidak bisa berbuat apa apa cuma bisa menghimbau jangan panik jangan ikut arus cerita cerita dongeng tertawa puji,False Negative
4-4579,Kristen,1,0,0.011241877,Yesus aja bertuhan kepada Allah kenapa kristen Masi bebal,yesus saja bertuhan kepada allah kenapa kristen masi bebal,False Negative
2-7451,Jewish,1,0,0.011752512,Tayeb Al-Qassam mengebom “Eilat” dengan rudal “Ayyash 250” sbagai tanggapan atas pembantaian yg dilakukan Zionis Israe laknat terhadap warga sipil,tayeb al qassam mengebom eilat dengan rudal ayyash 250 sbagai tanggapan atas pembantaian yang dilakukan zionis israe laknat terhadap warga sipil,False Negative
1-6315,Syiah,1,0,0.012144613,Kok anak2x cewek si anies pada gak pake hijab ? Padahal KADRUN selalu bilang anak perempuan kalau ga berhijab maka bapaknya akan dimintai pertanggung-jawaban sama Allah SWT kelak di Yaumil Akhir. Ya iyalah buat mazhab SYIAH berhijab itu ga terlalu penting. Monggo dikomen DRUN 🤣,kok anak2x cewek si anies pada tidak pake hijab padahal kadrun selalu bilang anak perempuan kalau tidak berhijab maka bapaknya akan dimintai pertanggung jawaban sama allah swt kelak di yaumil akhir ya iyalah buat mazhab syiah berhijab itu tidak terlalu penting monggo dikomen drun tertawa,False Negative
2-12762,UNKNOWN,1,0,0.012298927,boleh di hukum pancung QISHOS ' terima ganggu tentremnya NEGARA,boleh di hukum pancung qishos terima ganggu tentremnya negara,False Negative
2-4098,Disabilitas,1,0,0.013098987,ini orang-orang yang nyerang raksasa emang rada gila ya (elu),ini orang orang yang nyerang raksasa memang rada gila ya elu,False Negative
4-2167,Rohingya,1,0,0.0132733695,@RevoNugroho @akankulepas @sclgysm @adriansyahyasin Jadi pengungsi rohingya punya hak memperkosa warga lokal tempat mereka mengungsi?,jadi pengungsi rohingya punya hak memperkosa warga lokal tempat mereka mengungsi,False Negative
101-79,UNKNOWN,1,0,0.014315765,PDIP Tidak Butuh Suara Umat Islam,pdip tidak butuh suara umat islam,False Negative
1-1570,UNKNOWN,1,0,0.014315765,PDIP Tidak Butuh Suara Umat Islam,pdip tidak butuh suara umat islam,False Negative
1-2012,Jewish,1,0,0.015058074,Dalam Video Ini Sandiwara Zionis saat Perang,dalam video ini sandiwara zionis saat perang,False Negative
4-3794,Syiah,1,0,0.015091348,"Banyak anakan2 Syiah d grub ini yg bergentayangan,berbicara tentang Islam emangnya Syiah Islam gitu????",banyak anakan2 syiah d grub ini yang bergentayangan berbicara tentang islam emangnya syiah islam gitu,False Negative
1-2567,Disabilitas,1,0,0.015834933,"も ぐ で Manga Kanokari KAPAN GW TAMAT cOK! WTF! PADA CHAPTER 305 KAZUYA BERTEMU DENGAN ALIEN?? GILA DI MILKING TERUS INI MANGA AMPAS. d  Yoredaze Nanti apa lagi hah? Ada Titan lagi jogging? Fak lah kata gw teh.

Milking dalam konteks ini Mengeruk / memerah keuntungan dari suatu produk / karya, Tanpa memikirkan apakah karya tersebut layak untuk diperpanjang atau tidak.

Btw di X Author Manga Kanojo okarishimasu udah banyak yang protes juga terkait cerita Manga ini yang semakin hari semakin gak jelas.

GWS dah buat lu yang masih ngikutin nih Manga, Gw tau info ini dari user Facebook : Reinaldy (Ezra Dragnell)",も ぐ で manga kanokari kapan gue tamat cok wtf pada chapter 305 kazuya bertemu dengan alien gila di milking terus ini manga ampas d yoredaze nanti apa lagi hah ada titan lagi jogging fak lah kata gue teh milking dalam konteks ini mengeruk memerah keuntungan dari suatu produk karya tanpa memikirkan apakah karya tersebut layak untuk diperpanjang atau tidak btw di x author manga kanojo okarishimasu sudah banyak yang protes juga terkait cerita manga ini yang semakin hari semakin tidak jelas gws dah buat lu yang masih ngikutin ini manga gue tau info ini dari user facebook reinaldy ezra dragnell,False Negative
2-10589,"Jewish, Disabilitas",1,0,0.01827455,YaAllah semoga zionis ni cepat cepat lenyap. Semoga tenteranya semua gila dan mati tersiksa,yaallah semoga zionis ini cepat cepat lenyap semoga tenteranya semua gila dan mati tersiksa,False Negative
2-9771,Jewish,1,0,0.018797345,Inilah yang dilakukan rezim parasit zionis israel terhadap Khan Younis di Gaza. Setiap kutukan dalam setiap bahasa dari setiap orang di setiap bagian dunia tidak cukup untuk penyakit Dajjalic yang jahat ini 🤬 #Gaza_Genocide #IsraeliNewNazism,inilah yang dilakukan rezim parasit zionis israel terhadap khan younis di gaza setiap kutukan dalam setiap bahasa dari setiap orang di setiap bagian dunia tidak cukup untuk penyakit dajjalic yang jahat ini marah,False Negative
1-942,Jewish,1,0,0.019002866,"Bolivia memberi tahu Majelis Umum PBB tentang keputusannya untuk memutuskan hubungan diplomatik dengan Israel Empati kpd penderitaan dan penjajahan Palestine justru dari Bangsa yg jauh dari Palestine Tetangga Palestine ( Mesir, Yordania, UEA dan Arab Saudi) ? ANJING",bolivia memberi tahu majelis umum pbb tentang keputusannya untuk memutuskan hubungan diplomatik dengan israel empati kpd penderitaan dan penjajahan palestine justru dari bangsa yang jauh dari palestine tetangga palestine mesir yordania uea dan arab saudi anjing,False Negative
2-4044,Disabilitas,1,0,0.01902707,denial trs sampe gila,denial terus sampe gila,False Negative
3-2249,Jewish,1,0,0.020573234,Kecewa banget sama Grab padahal gue udah langganan lama makanya sekarang langsung #UninstallGrabNow dan kasih bintang 1 juga di play store buat para pendukung Israel,kecewa banget sama grab padahal gue sudah langganan lama makanya sekarang langsung dan kasih bintang 1 juga di play store buat para pendukung israel,False Negative
1-2625,Disabilitas,1,0,0.020602042,• #NotedThis Mblo ! Masih percaya CSIS ? 😅 Kecuali kamu sudah Gila !!! 🤣,mblo masih percaya csis kecuali kamu sudah gila tertawa,False Negative
1-5821,Kristen,1,0,0.020743342,"*Kamu tuh baca sejarah yg mana?

Perhatikan foto ini baik2.

Ini adalah kota Jaffa. Palestina. 

Di kota ini dulu, ada Arab Islam, Arab Kristen, dll dsbgnya. 

Berhentilah termakan propganda artis2, pesohor2 yg bahkan tidak pernah baca sejarah. Kamu percaya mana? Soekarno atau selebgram2? Najis deh!

*Tere Liye",kamu itu baca sejarah yang mana perhatikan foto ini baik2 ini adalah kota jaffa palestina di kota ini dulu ada arab islam arab kristen dll dsbgnya berhentilah termakan propganda artis2 pesohor2 yang bahkan tidak pernah baca sejarah kamu percaya mana soekarno atau selebgram2 najis deh tere liye,False Negative
3-2389,Jewish,1,0,0.020806324,ANJINGGGG vaseline dukung israel juga??? 😭😭😭😭 badmood banget asliii bodycare dan lipcare ku pake,anjingg vaseline mendukung israel juga menangis menangis badmood banget aslii bodycare dan lipcare ku pake,False Negative
1-2944,Jewish,1,0,0.021679847,Wartawan Mohamed Al Aloul dari Agensi Anadolu mengucapkan selamat jalan kepada empat anaknya dan empat orang Saudaranya👉 yang Syahid dalam serangan udara pesawat zionis laknat Israel di kem Al-Maghazi di tengah Gaza Palestina,wartawan mohamed al aloul dari agensi anadolu mengucapkan selamat jalan kepada empat anaknya dan empat orang saudaranya kanan yang syahid dalam serangan udara pesawat zionis laknat israel di kem al maghazi di tengah gaza palestina,False Negative
4-126,UNKNOWN,1,0,0.022106526,"IPK GIBRAN 2,3",ipk gibran 2 3,False Negative
2-7477,Jewish,1,0,0.023070605,Gudang Bulan Sabit Merah Pusat di Gaza dibom Zionis Israel sehingga tidak dapat dipakai untuk menyimpan bahan dan barang kebutuhan medis #StopGenocideInGaza,gudang bulan sabit merah pusat di gaza dibom zionis israel sehingga tidak dapat dipakai untuk menyimpan bahan dan barang kebutuhan medis,False Negative
2-5761,Tionghoa,1,0,0.023189828,Banyak trik aja china taipei anjing😁 #TimnasDay,banyak trik saja cina taipei anjing senyum,False Negative
2-11844,Disabilitas,1,0,0.02490477,Bakalan jadi bumerang nih buat koalisi mereka sendiri dong Cawapres Cacat Hukum ://,bakalan jadi bumerang ini buat koalisi mereka sendiri dong calon wakil presiden cacat hukum,False Negative
3-1874,Jewish,1,0,0.025964694,"yaAllah emosi bgt influencer yg upload2 anak anak israel di socmed trus ngeinfluence pake kata2 # bringtemback seolah2 they're the victim. gprnh liat video anak2 palestina yg berdarah2, badan tanpa kepala, diseret mobil, atau video tentara israel joget2 ngejek palestina kah???!!!",yaallah marah banget influencer yang upload2 anak anak israel di socmed terus ngeinfluence pake kata2 bringtemback seolah2 they re the victim gprnh liat video anak2 palestina yang berdarah2 badan tanpa kepala diseret mobil atau video tentara israel joget2 ngejek palestina kah,False Negative
1-6860,Disabilitas,1,0,0.026917756,"💚 kaget tiba² org ini kirim² sticker 18plus bbrp hari ini. Udh dibilang jgn n aku hapus ttp dia kirim. Gue jarang on tele, ternyata pas dibuka itu isinya sticker 18plus muka member twice semua. Gila ini plchan woi!Gue block ni orang gila.",kaget tiba² org ini kirim² sticker ibplus bbrp hari ini sudah dibilang jgn n aku hapus ttp dia kirim gue jarang on tele ternyata pas dibuka itu isinya sticker ibplus muka member twice semua gila ini plchan woi gue block ini orang gila,False Negative
1-3954,Jewish,1,0,0.026942983,Washington Pasok Rudal Tamir (Iron Dome) Untuk Pertahanan Udara Israel,washington pasok rudal tamir iron dome untuk pertahanan udara israel,False Negative
2-10594,Jewish,1,0,0.027216105,"Ditunda hari Selasa katanya perang darat Israel mau ke Gaza.Menunda karena banjir,atau takut keok😁🇵🇸🥁 #PalestineIsraelwar Persiapan,Hamas",ditunda hari selasa katanya perang darat israel mau ke gaza menunda karena banjir atau takut keok senyum persiapan hamas,False Negative
2-8574,Disabilitas,1,0,0.027324582,"dia yg selingkuh dia yg bilang kalo bukan cuma kamu aja yg tersakiti, manusia gila",dia yang selingkuh dia yang bilang kalo bukan cuma kamu saja yang tersakiti manusia gila,False Negative
2-12483,Jewish,1,0,0.027535481,"EGAMEDIA lofisrael 3h Nelson Road Again  Day13 we'gf' we're fightingfo 100th Independence Day Sumber: Haaretz Ratusan Tentara Israel Alami Gangguan Psikologis Usai Dibombardir Netizen Indonesia di Social Media. Kabar terbaru dilaporkan surat kabar Israel, Haaretz, ratusan tentara Israel alami gangguan psikologi. Usut punya usut, ternyata gangguan psikologi yang dialami ratusan tentara Israel usai dibombardir netizen Indonesia. Mereka menyerang masing-masing akun Instagram pribadi tentara Israel. ensiklopediabebas Ada yang mulai kena mental nih ceritanya 🥱

#Beeuptodate #army #israel #idf #palestina #gaza #data #aplikasi #egamedia #post #share #faktaunik #faktaterbaru #faktaviral #ensiklopedia #fakta #berita #kabarterkini #faktabebas #uptodate #indonesia #ios #android",egamedia lofisrael eh nelson road again dayie we gf we re fightingfo iooth independence day sumber haaretz ratusan tentara israel alami gangguan psikologis usai dibombardir netizen indonesia di social media kabar terbaru dilaporkan surat kabar israel haaretz ratusan tentara israel alami gangguan psikologi usut punya usut ternyata gangguan psikologi yang dialami ratusan tentara israel usai dibombardir netizen indonesia mereka menyerang masing masing akun instagram pribadi tentara israel ensiklopediabebas ada yang mulai kena mental ini ceritanya ngantuk,False Negative
2-3552,Kristen,1,0,0.027836066,"Tiap jumat ada kelas agama, yang Islam dari beberapa kelas dijadiin satu, begitu pun yang katolik dan protestan. Nggak jarang kita yang muslim kalau pas deket2 natal sampe ikut apal lagu pujian.. "" burung Pipit yang kecil "" 🤣🤣🤣",tiap jumat ada kelas agama yang islam dari beberapa kelas dijadiin satu begitu pun yang katolik dan protestan tidak jarang kita yang muslim kalau pas deket2 natal sampe ikut apal lagu pujian burung pipit yang kecil tertawa tertawa,False Negative
2-4986,LGBTQ+,1,0,0.028245019,CALL ME BY YOUR NAME!! Dari sini harus pada tau sih kalau taehyung nonton film GAY cok!! Semua yang ada di taekook berbau LGBT!! Dari pakaian film lagu panutan!! Mereka memang tidak pernah bicara kalau mereka pencinta LGBT tetapi mereka selalu menunjukan! JANGAN SALTY! #taekook,call me by your name dari sini harus pada tau sih kalau taehyung nonton film gay cok semua yang ada di taekook berbau lgbt dari pakaian film lagu panutan mereka memang tidak pernah bicara kalau mereka pencinta lgbt tetapi mereka selalu menunjukan jangan salty,False Negative
2-5322,Jewish,1,0,0.029315362,"Alhamdulillah kampung kami dapat hujan lagi, cukup deras Semoga di Gaza sana, juga dapat hujan yg lebih deras, badai supaya Merkava Zionis pada selip di lumpur Amiin",alhamdulillah kampung kami dapat hujan lagi cukup deras semoga di gaza sana juga dapat hujan yang lebih deras badai supaya merkava zionis pada selip di lumpur amiin,False Negative
2-4757,"Jewish, Disabilitas",1,0,0.029462155,"Negara2 yang sudah membantu hamaz pada serangan 7 oktober, tidak boleh ragu2 lagi untuk menghancurkan israel, menyerang israel membabi buta adalah langkah yang paling tepat untuk menghentikan netanyahu..",negara2 yang sudah membantu hamaz pada serangan 7 oktober tidak boleh ragu2 lagi untuk menghancurkan israel menyerang israel membabi buta adalah langkah yang paling tepat untuk menghentikan netanyahu,False Negative
1-1026,UNKNOWN,1,0,0.030497063,Tank dan Pasukan Bersenjata Dalam Video Ini Situasi Pulau Rempang Siap Tempur,tank dan pasukan bersenjata dalam video ini situasi pulau rempang siap tempur,False Negative
1-3116,Jewish,1,0,0.031453256,10h Mengapa Orang ISRAEL A Pada Orang JAWA 😱,ioh mengapa orang israel a pada orang jawa takut,False Negative
3-2604,Jewish,1,0,0.031502318,Jadikan gaza kuburan mileter Zionis laknatullahi alaihi #FreeGaza #FreePalestine #IsraelTerrorism,jadikan gaza kuburan mileter zionis laknatullahi alaihi,False Negative
3-1089,Jewish,1,0,0.033990946,Rumah Sakit Anak di Gaza Ikut Jadi Sasaran Serangan Penjajah Israel,rumah sakit anak di gaza ikut jadi sasaran serangan penjajah israel,False Negative
2-532,Disabilitas,1,0,0.035646338,"Ganjar-Mahfud, bukan cawapres yang gila kuasa, melainkan yang bertanggung jawab @denmaspudji",ganjar mahfud bukan calon wakil presiden yang gila kuasa melainkan yang bertanggung jawab,False Negative
2-1125,Jewish,1,0,0.035983834,Sempet kegocek sama tulisan org kriatiani kalau Allah SWT tidak melaknat Israel berpuluh-puluh tahun karna ZIONIS ini memang diberi tanah yg dijanjikan. Aku harus gimana?,sempet kegocek sama tulisan org kriatiani kalau allah swt tidak melaknat israel berpuluh puluh tahun karna zionis ini memang diberi tanah yang dijanjikan aku harus gimana,False Negative
4-1324,Syiah,1,0,0.036046423,"Kaum Muslim beriman pada Allah Dia lah Allah, Rabb para Nabi dan Rosul Al quran itu Firman Allah, yg di bawa Nabi Muhammad Salallahu Alaihi Wasallam dan di Imani Kaum Muslimin Adapun Syiah tidak ber Iman pd Allah (Al Quran /Firman Allah) melainkan beriman pd 12 Imam sebagai Tuhan, oleh karena nya mreka meyakini / beriman pada Mushaf Fatima yg di bawa para Imam",kaum muslim beriman pada allah dia lah allah rabb para nabi dan rosul al quran itu firman allah yang di bawa nabi muhammad salallahu alaihi wasallam dan di imani kaum muslimin adapun syiah tidak ber iman pd allah al quran firman allah melainkan beriman pd 12 imam sebagai tuhan oleh karena nya mereka meyakini beriman pada mushaf fatima yang di bawa para imam,False Negative
1-1697,Jewish,1,0,0.038914148,Ternyata cari dukungan Israel ? #WaspadaCapresBonekaAsing #WaspadaParpolProKoruptor #WaspadaOrmasTerlarang,ternyata cari dukungan israel,False Negative
1-2465,Jewish,1,0,0.039364893,"SIND ÛNEWS. .com BEYOND HEADLINES PERANG UTANG MESIN UANG ISRAEL HANCUR AKIBAT SERANG GAZA Terbelit Utang Sejak perang Israel telah menambah utang sebanyak Rp120,9 triliun. Dunia Usaha Porak-poranda Satu dari tiga bisnis di Israel ditutup atau beroperasi dengan kapasitas 20%. Sejak membombardir Palestina secara brutal dengan dalih memerangi Hamas, negara zionis itu sudah menambah utang sebesar USD7,8 miliar atau setara Rp120,9 triliun (kurs Rp15.500).

Tak cuma itu, banyak sendi-sendi perekonomian Israel yang juga terganggu, mulai dari lapangan pekerjaan hingga pariwisata. 

Simak sederet fakta-fakta ekonomi Israel akibat perang di infografis!

Temukan berita menarik lainnya di: 

#SindoNews #SindoGrafis",sind ûnews com beyond headlines perang utang mesin uang israel hancur akibat serang gaza terbelit utang sejak perang israel telah menambah utang sebanyak rpi2o g triliun dunia usaha porak poranda satu dari tiga bisnis di israel ditutup atau beroperasi dengan kapasitas 20 sejak membombardir palestina secara brutal dengan dalih memerangi hamas negara zionis itu sudah menambah utang sebesar usdt b miliar atau setara rpi2o g triliun kurs rpis soo tak cuma itu banyak sendi sendi perekonomian israel yang juga terganggu mulai dari lapangan pekerjaan hingga pariwisata simak sederet fakta fakta ekonomi israel akibat perang di infografis temukan berita menarik lainnya di,False Negative
2-2645,Tionghoa,1,0,0.039401032,"@pln_123 mati lampu listrik udah 4 jam di Jl. Sulawesi, Makassar. Agak rasis ya giliran matinya jam 9 malem++, mentang2 daerah China Town",apln_i2e mati lampu listrik sudah 4 jam di jl sulawesi makassar agak rasis ya giliran matinya jam 9 malem mentang2 daerah cina town,False Negative
1-6069,Jewish,1,0,0.040359963,"*ࣧ͜❨ ͜ ͡Mųțîăŕą Ąśwàjá Mâ'íš 1-15❨ ͜ ͡* *السلام عليكم ورحمة اللّه وبركاته* *اَللَّٰہُمَّ صَلِّ وَسَلِّمْ عَلَیٰ سَیِّدِنَا مُحَمَّدِِ عَبْدڪََِ وَرَسُوْلِڪَ النَّبِيِّ الْأُمِّيِّ وعَلَی آلِــهِ وَصَحْبِـهِ وَسَلِّمْ تَسْلِيـمََا ڪَثِيْـرََا* *BAB. TENTANG WAHABI* *BAGIAN, PERTAMA (1)* *SEJARAH MUNCULNYA FAHAM WAHABI DAN BERDIRINYA KERAJAAN SAUDI ARABIA?* (Persekongkolan Yahudi untuk memecah-belah dan melemahkan Islam dari dalam, dengan dalih *""Pemurnian Aqidah Tauhid""*) *Apa itu Wahabi (Wahabiyah)* ? Wahabi merupakan faham yang dicetuskan oleh *Muhammad Ibnu Abdul Wahab* (bukan Abdul Wahhab Ibnu Rustum). Faham ini di nisbatkan kepada nama bapaknya (Abdul Wahhab) sebagai nama ajarannya yaitu Wahabiyah. Ibnu Saud setuju dengan tawaran itu, maka bergabunglah dua orang ini mengembangkan ajaran Wahabi. Dalam mengembangkan ajarannya Ibnu Abdul Wahab mengeluarkan fatwa, _""Sesungguhnya aku mengajak kalian (truncated)",mųțîăŕą ąśwàjá mâ íš 1 15 السلام عليكم ورحمة الل ه وبركاته ا لل ہ م ص ل و س ل م ع ل ی س ی د ن ا م ح م د ع ب دڪ و ر س و ل ڪ الن ب ي ال أ م ي وع ل ی آل ــه و ص ح ب ـه و س ل م ت س ل يـم ا ڪ ث ي ـر ا bab tentang wahabi bagian pertama 1 sejarah munculnya faham wahabi dan berdirinya kerajaan saudi arabia persekongkolan yahudi untuk memecah belah dan melemahkan islam dari dalam dengan dalih pemurnian aqidah tauhid apa itu wahabi wahabiyah wahabi merupakan faham yang dicetuskan oleh muhammad ibnu abdul wahab bukan abdul wahhab ibnu rustum faham ini di nisbatkan kepada nama bapaknya abdul wahhab sebagai nama ajarannya yaitu wahabiyah ibnu saud setuju dengan tawaran itu maka bergabunglah dua orang ini mengembangkan ajaran wahabi dalam mengembangkan ajarannya ibnu abdul wahab mengeluarkan fatwa _ sesungguhnya aku mengajak kalian truncated,False Negative
1-5601,UNKNOWN,1,0,0.04096638,Menkeu Sri Mulyani Jadi Timses Ganjar-Mahfud,menkeu sri mulyani jadi timses ganjar mahfud,False Negative
1-6631,Tionghoa,1,0,0.048120346,"CARI LAH ILMU KE NEGRI CINA,BEGITU KATA AGAMA,LALU KENPA AGAMA TIDAK MENYURUH CARI ILMU KE NEGRI ARAB,KARNEA (PKI) YG SEUNGGUH NYA BERJUBAH BERJANGGUT DAN SUKA MENJUAL AGAMA",cari lah ilmu ke negri cina begitu kata agama lalu kenpa agama tidak menyuruh cari ilmu ke negri arab karnea pki yang seungguh nya berjubah berjanggut dan suka menjual agama,False Negative
1-6007,UNKNOWN,1,0,0.05010291,"Assalamualaikum.. FITNAH MUNCULNYA NABI PALSU Fitnah adalah kebohongan yang dituduhkan kepada sesorang atau suatu kelompok. Laknat Allah Maha Keras Azab-Nya akan ditimpakan kepada orang yang memfitnah, seperti tuduhannya kepada seseorang atau suatu kelompok. (QS. An-Nisaa: (truncated)",assalamualaikum fitnah munculnya nabi palsu fitnah adalah kebohongan yang dituduhkan kepada sesorang atau suatu kelompok laknat allah maha keras azab nya akan ditimpakan kepada orang yang memfitnah seperti tuduhannya kepada seseorang atau suatu kelompok qs an nisaa truncated,False Negative
1-1114,Tionghoa,1,0,0.051195387,Jawa + Tionghoa = Bokep,jawa tionghoa bokep,False Negative
1-3460,Jewish,1,0,0.051232327,"Selebriti sekaligus penyanyi, Aldi Taher merupakan salah satu artis Tanah Air yang ikut berdonasi untuk membantu Palestina. Aldi Taher bahkan rela mendonasikan honor syutingnya untuk membantu rakyat Palestina. Hal itu diunggah melalui akun Instagramnya. 

Dalam unggahan tersebut, ia juga mengajak para capres dan cawapres yang akan bertarung di Pemilu Presiden 2024 untuk ikut serta membela Palestina. Selain itu, di unggahan lainnya dirinya memuji sikap artis dunia Angelina Jolie yang terus menyuarakan kemerdekaan dan hak-hak rakyat Palestina yang direnggut akibat agresi yang dilakukan Israel ke Palestina.

Apa pendapatmu tentang sikap Aldi Taher yang membantu Palestina dengan menyumbangkan honor syutingnya?

#PerangIsraelHamas #DonasiPalestina #ArtisDukungPalestina #Palestina #Israel #BeritaSatu",selebriti sekaligus penyanyi aldi taher merupakan salah satu artis tanah air yang ikut berdonasi untuk membantu palestina aldi taher bahkan rela mendonasikan honor syutingnya untuk membantu rakyat palestina hal itu diunggah melalui akun instagramnya dalam unggahan tersebut ia juga mengajak para calon presiden dan calon wakil presiden yang akan bertarung di pemilu presiden 2024 untuk ikut serta membela palestina selain itu di unggahan lainnya dirinya memuji sikap artis dunia angelina jolie yang terus menyuarakan kemerdekaan dan hak hak rakyat palestina yang direnggut akibat agresi yang dilakukan israel ke palestina apa pendapatmu tentang sikap aldi taher yang membantu palestina dengan menyumbangkan honor syutingnya,False Negative
1-996,Tionghoa,1,0,0.051383264,"ajg jam segini baru kelar nugas, mata gua uda kek cindo sipit bgt cokkk",ajg jam segini baru kelar nugas mata gua uda kayak cindo sipit banget cokk,False Negative
4-1042,Rohingya,1,0,0.05182051,"@wjhjunpie @UNHCRIndo @australian Jelas lah you know imigran disana udah di tenggelamkan langsung di laut kok pernah beberapa tahun yang lalu, tapi si DONGOK @Refugees @UNHCRIndo ga koar2 Karena. Negara itu bekingan nya USA, sama2 negara hasil rampok dari orang lokal",jelas lah you know imigran disana sudah di tenggelamkan langsung di laut kok pernah beberapa tahun yang lalu tapi si dongok tidak koar2 karena negara itu bekingan nya usa sama2 negara hasil rampok dari orang lokal,False Negative
1-5385,LGBTQ+,1,0,0.053459074,"yuk yang mau bo,lc rental gf boleh dm no gay ya ges#tante girang#ceweksange",ajak yang mau bo lc rental gf boleh dm no gay ya ges girang,False Negative
1-5152,LGBTQ+,1,0,0.05451531,Propaganda LGBT Untuk Diterima Masyarakat @YouTube,propaganda lgbt untuk diterima masyarakat,False Negative
4-3170,Syiah,1,0,0.05462365,SYIAH IRAN BERENCANA MENGHANCURKAN MAKKAH AL MUKAROMAH : NAUDZUBILLAH MINDZALIK,syiah iran berencana menghancurkan makkah al mukaromah naudzubillah mindzalik,False Negative
1-391,Disabilitas,1,0,0.061440278,"Bener bener gila bgt sodara bokap,Dateng kerumah cuma minta !!",benar benar gila banget sodara bokap dateng kerumah cuma minta,False Negative
2-3182,Disabilitas,1,0,0.06146532,Udah gila ni orang @kesenggolpelor,sudah gila ini orang,False Negative
4-1794,Disabilitas,1,0,0.06214034,"@KompasTV Paling gampang ya lupa, gak tahu, atau pura2 gila",paling gampang ya lupa tidak tahu atau pura2 gila,False Negative
2-5902,Jewish,1,0,0.06511188,"miris banget si israel udah pernah di genosid* hitler malah sendirinya juga nge-genocid* wkwkwk mana di negara orang pula, dan anehnya mereka ngaku-ngaku jadi victim ini si hitler bisa dihidupin lagi aja gak sih?",miris banget si israel sudah pernah di genosid hitler malah sendirinya juga nge genocid tertawa wk mana di negara orang pula dan anehnya mereka ngaku ngaku jadi victim ini si hitler bisa dihidupin lagi saja tidak sih,False Negative
2-4767,Jewish,1,0,0.0652468,Ya allah ya rabb tolong segera turun kan azab yang sangat pedih dan menyiksa untuk setan zionis yang terkutuk itu #PalestinianLivesMatter #Genocide_of_Palestinians #FreePalestineFromIsrael,ya allah ya rabb tolong segera turun kan azab yang sangat pedih dan menyiksa untuk setan zionis yang terkutuk itu,False Negative
2-11050,Jewish,1,0,0.06697531,"CNN Home Nasional Internasional Ekonomi Perang Israel Palestina Home Olahraga Teknologi Mahfud MD Nasional Otomotif Pemilu Pilpres2024 2024 Hiburan Gaya Hidup Pendaftaran Capres Cawapres Cawapres Gibran Terbang ke Jakarta Jelang Penentuan Cawapres Prabowo CNN Indonesia Jumat, 20 Okt 2023 17:45 WIB Bagikan: Wali Kota Solo Gibran Rakabuming menuju Jakarta Subianto Pilpres 2024 (Arsip Istimewa) tengah isu bakal ditunjuk menjadi cawapres pendamping Prabowo ah lagi-lagi media, mana CNN lagi..
kok seneng banget membuat kami2 pendukung Pak Jokowi ini resah gelisah dan 

Kalian jahat ya!",cnn home nasional internasional ekonomi perang israel palestina home olahraga teknologi mahfud md nasional otomotif pemilu pilpres2o2a 2024 hiburan gaya hidup pendaftaran calon presiden calon wakil presiden calon wakil presiden gibran terbang ke jakarta jelang penentuan calon wakil presiden prabowo cnn indonesia jumat 20 okt 2023 17 45 wib bagikan wali kota solo gibran rakabuming menuju jakarta subianto pemilu presiden 2024 arsip istimewa tengah isu bakal ditunjuk menjadi calon wakil presiden pendamping prabowo ah lagi lagi media mana cnn lagi kok senang banget membuat kami2 pendukung pak jokowi ini resah gelisah dan kalian jahat ya,False Negative
2-7622,Jewish,1,0,0.070632495,jika para teroris hamas konsisten dengan cita-cita nya yaitu mati sahid dan bisa pesta sex dgn bidadari syuurrga seharusnya mereka berterima kasih sama tentara Israel sebab keberangkatannya dipercepat paham son !!,jika para teroris hamas konsisten dengan cita cita nya yaitu mati sahid dan bisa pesta sex dengan bidadari syuurrga seharusnya mereka berterima kasih sama tentara israel sebab keberangkatannya dipercepat paham son,False Negative
4-3903,Syiah,1,0,0.070870474,"Kelompok preman bersorban Hizbullah kehilangan 6 teroris lagi hari ini, sehingga total 152 teroris lenyap dari Bumi Hizbullah kelompok pembunuh manusia ber-aliran shia Iran seperti-halnya Hamas dan Houthi https://t.co/CDYfp4sTLI",kelompok preman bersorban hizbullah kehilangan 6 teroris lagi hari ini sehingga total 152 teroris hancur dari bumi hizbullah kelompok pembunuh manusia ber aliran shia iran seperti halnya hamas dan houthi,False Negative
2-3647,Jewish,1,0,0.071165696,Sejumlah warga Palestina terluka dalam pemboman Israel di utara kota Gaza. 30.10.23 #SAVEPALESTINE #Palestina #IsraelTerorist,sejumlah warga palestina terluka dalam pemboman israel di utara kota gaza 30 10 23,False Negative
2-10546,Jewish,1,0,0.07254008,"Teroris Hamas menculik lebih dr 100 orang dlm serangan multi-front yg mengejutkan & menewaskan lebih dr 700 orang, menjadikan Sabtu (7/10/2023) sbg hari paling mematikan dlm sejarah Israel. Media Israel mengatakan bahwa jml korban tewas tlh meningkat menjadi 900 orang.",teroris hamas menculik lebih dr 100 orang dlm serangan multi front yang mengejutkan menewaskan lebih dr 700 orang menjadikan sabtu 7 10 2023 sbg hari paling mematikan dlm sejarah israel media israel mengatakan bahwa jml korban tewas tlh meningkat menjadi 900 orang,False Negative
3-1329,Jewish,1,0,0.07290978,Ada 2 alasan Iran dendam sekali dengan Israel beberapa tahun terakhir dan ini soal intelijen 1. Dibunuhnya kepala riset proyek besar nuklir Iran 2. Dibunuhnya jendral tinggi Iran dan ini sebenarnya campur tangan AS 2 kejadian ini cukup Iran murka.,ada 2 alasan iran dendam sekali dengan israel beberapa tahun terakhir dan ini soal intelijen 1 dibunuhnya kepala riset proyek besar nuklir iran 2 dibunuhnya jendral tinggi iran dan ini sebenarnya campur tangan as 2 kejadian ini cukup iran murka,False Negative
2-5054,Disabilitas,1,0,0.07325907,"Ini tuh bulan bahagia Jimin dan fans2nya tpi gra2 satu orang gila ini smuanya jdi kacau, bner2 yah tks perlu bnget di musnahin klakuannya ke anjing semua, hobi bnget cari validasi, ngga ada yg peduli jg lo tks atau bkan setan",ini itu bulan bahagia jimin dan fans2nya tapi gra2 satu orang gila ini smuanya jadi kacau bner2 yah tks perlu banget di musnahin klakuannya ke anjing semua hobi banget cari validasi tidak ada yang peduli juga lo tks atau bkan setan,False Negative
2-981,Disabilitas,1,0,0.07403922,sange yuk mana top yg suka cowok gendut #gaysurabaya,sange ajak mana top yang suka cowok gendut,False Negative
4-1567,Disabilitas,1,0,0.07725864,"@yozariam @PolaRize_G Sumpah? Wah gila sih. Lu dan otak lu yg terlalu kotor, sukanya ngerusak anak orang ni pasti. Pasti lu jg ga terima kalo dibilang jelek kan, kok bisa bisanya ngomong gitu. Kesel bgt🤬",sumpah wah gila sih lu dan otak lu yang terlalu kotor sukanya ngerusak anak orang ini pasti pasti lu juga tidak terima kalo dibilang buruk rupa kan kok bisa bisanya ngomong gitu sebal banget marah,False Negative
3-1434,Jewish,1,0,0.07737932,"#IndonesiaBelaPalestina cek panduan boikot produk ISRAEL di website 👇👇👇👇👇 , kenapa dan bagaimana cara boikotnya.. #Palestina #boikotprodukisrael",cek panduan boikot produk israel di website bawah bawah kenapa dan bagaimana cara boikotnya,False Negative
4-1639,Syiah,1,0,0.07778651,"Oposisi Islam Penulis: Dr. Neveen Abdul Khalik Mustafa Penerbit : LKIS Harga : Rp.110.000 Pemesanan: wa.me/6287719354101 Dibandingkan dengan madzhab lainya, seperti Syiah, Khawarij, dan Mu'tazilah, madzhab Ahlussunah wal jama'ah (aswaja) tampak lebih moderat dalam melakukan teoretisasi ""oposisi"" vi a vis kekuatan. Jika, misalnya, syiah tidak membuka ruang pada oposisi karena kedudukannya seorang imam yang sinlessness (ma'shum) maka aswaja yang mendasarkan teori oposisi keislamannya pada syari'at, prinsip syura, dan amar ma'ruf nahi mungkar memberi peran orisinil bagi oposisi sebagai sebuah tugas dalam kehidupan politik, baik dalam prosses trasmutasi kekuasaan maupun kontrol kekuasaan. #bingbookstore #oposisiislam #bukuoposisiislam",oposisi islam penulis dr neveen abdul khalik mustafa penerbit lkis harga rp iio oo pemesanan wa me 62bttigesaioi dibandingkan dengan madzhab lainya seperti syiah khawarij dan mu tazilah madzhab ahlussunah wal jama ah aswaja tampak lebih moderat dalam melakukan teoretisasi oposisi vi a vis kekuatan jika misalnya syiah tidak membuka ruang pada oposisi karena kedudukannya seorang imam yang sinlessness ma shum maka aswaja yang mendasarkan teori oposisi keislamannya pada syari at prinsip syura dan amar ma ruf nahi mungkar memberi peran orisinil bagi oposisi sebagai sebuah tugas dalam kehidupan politik baik dalam prosses trasmutasi kekuasaan maupun kontrol kekuasaan,False Negative
2-660,Jewish,1,0,0.07796896,"Ikut Demo Bela Palestina, Anwar Ibrahim: Barat Lantang Bicara Soal HAM, Tapi Bungkam atas Kezaliman Israel",ikut demo bela palestina anwar ibrahim barat lantang bicara soal ham tapi bungkam atas kezaliman israel,False Negative
1-1689,Disabilitas,1,0,0.078646764,"Setuju jika Anak muda bisa maju dan ikut serta pencapresan,akan tetapi cacat jika UU ini di sahkan karna hanya ingin meMajukan anak Muda yg tidak lain dan tidak bukan karna Kehebatan Bapak nya, bukan karna kehebatan Anak Muda tersebut. . . . Ganjar Mahfud yakin bisa",setuju jika anak muda bisa maju dan ikut serta pencapresan akan tetapi cacat jika jijik ini di sahkan karna hanya ingin memajukan anak muda yang tidak lain dan tidak bukan karna kehebatan bapak nya bukan karna kehebatan anak muda tersebut ganjar mahfud yakin bisa,False Negative
2-10090,Jewish,1,0,0.07891084,"Israel dan Amerika lah TERORIS sesungguhnya. Ayo buka mata klean yahudi pesek, jangan karena klean di bayar klean rela jual harga diri klean. #FreePalestine",israel dan amerika lah teroris sesungguhnya ayo buka mata klean yahudi pesek jangan karena klean di bayar klean rela jual harga diri klean,False Negative
4-3137,Syiah,1,0,0.085651934,Assalamualaikum bapak ibu KK khusus nya yang ada di grup ini semua pasti marah marah dengan postingan yang saya buat ustadz ustadz salafi tapi sumpah saya tidak pernah mengedit ustadz kalian itu saya ambil dari postingan postingan yang ada digrup ini mohon maaf jika saya banyak salah Poin 2 Saya tidak akan memberikan postingan yang membuat hati anda sakit jika kalian tidak menghina kami dengan mengedit ulama Aswaja Ahlu Sunnah waljamaah diedit dengan Syiah laknatulah apalahi dengan zionisme dan kalian tidak boleh menghina amalan amalan kami seperti seperti memperingati kelahiran nabi Muhammad Saw khusus nya jika menurut kalian itu bid'ah sudah katakan dihati anda saja jangan teriak di mimbar mimbar dan sering mendengar Ahlu bid'ah kuburiyun masuk neraka itu gak boleh sama saja kalian membuat gaduh dan bisa saja perang saudara ini yang yang saya tidak mau Sebenarnya saya itu sayang sama kalian Walaikumsalam warahmatullahi wabarakatuh,assalamualaikum bapak ibu kk khusus nya yang ada di grup ini semua pasti marah marah dengan postingan yang saya buat ustadz ustadz salafi tapi sumpah saya tidak pernah mengedit ustadz kalian itu saya ambil dari postingan postingan yang ada digrup ini mohon maaf jika saya banyak salah poin 2 saya tidak akan memberikan postingan yang membuat hati anda sakit jika kalian tidak menghina kami dengan mengedit ulama aswaja ahlu sunnah waljamaah diedit dengan syiah laknatulah apalahi dengan zionisme dan kalian tidak boleh menghina amalan amalan kami seperti seperti memperingati kelahiran nabi muhammad saw khusus nya jika menurut kalian itu bid ah sudah katakan dihati anda saja jangan teriak di mimbar mimbar dan sering mendengar ahlu bid ah kuburiyun masuk neraka itu tidak boleh sama saja kalian membuat gaduh dan bisa saja perang saudara ini yang yang saya tidak mau sebenarnya saya itu sayang sama kalian walaikumsalam warahmatullahi wabarakatuh,False Negative
1-5570,UNKNOWN,1,0,0.08644013,Foto Baliho Prabowo Subianto Sebagai Capres dan Jan Ethes Sebagai Cawapres,foto baliho prabowo subianto sebagai calon presiden dan jan ethes sebagai calon wakil presiden,False Negative
2-9134,Jewish,1,0,0.08779205,BuzzeRp Yahudi Pesek secara nyata dibayar mendukung propaganda & membenarkan Pembataian 4.412 anak-anak & 2.918 wanita serta melukai 8.663 anak & 6.327 wanita di Jalur Gaza oleh super teroris Israel. #TolakDanoneAqua #GazaHolocaust #CeasefireInGazaNOW Iran #FreePalestineNow,buzzerp yahudi pesek secara nyata dibayar mendukung propaganda membenarkan pembataian 4 412 anak anak 2 918 wanita serta melukai 8 663 anak 6 327 wanita di jalur gaza oleh super teroris israel iran,False Negative
2-10381,Disabilitas,1,0,0.08970444,Liatt ignya di alfii kocak amadd ituu orang pd nyangka Taeyong wwkwkwk Ampe dikejar² dan masuknya pkee Security wkwk gila gila fans Indonesia wkwkw,liatt ignya di alfii lucu amadd ituu orang pd nyangka taeyong w tertawa wk ampe dikejar² dan masuknya pkee security tertawa gila gila fans indonesia tertawa w,False Negative
1-2695,Jewish,1,0,0.09026595,"Mulai gerah, PM Australia memperingatkan Israel untuk mematuhi aturan perang, dengan mengatakan nyawa orang Israel dan Palestina sama2 berharga, dan komunitas internasional tidak akan mentolerir kematian warga sipil yang tidak bersalah.",mulai gerah pm australia memperingatkan israel untuk mematuhi aturan perang dengan mengatakan nyawa orang israel dan palestina sama2 berharga dan komunitas internasional tidak akan mentolerir kematian warga sipil yang tidak bersalah,False Negative
4-2205,UNKNOWN,1,0,0.09431563,Foto Presiden Jokowi Bagikan Sembako di Depan Istana Merdeka Terkait Pemilu 2024,foto presiden jokowi bagikan sembako di depan istana merdeka terkait pemilu 2024,False Negative
1-2070,Disabilitas,1,0,0.098852836,"Buat pembaca yg cerdas🇲🇨 Pak Jokowi di berbagai kesempatan berkata : *_➡️""mengelola negara besar spt Indonesia dg 278 juta penduduk, ribuan pulau besar, kecil membutuhkan seorang pemimpin eksekutor, berani melawan intimidasi Asing, Aseng untuk menguasai isi perut bumi pertiwi""_* Calon Pemimpin 2024, *banyak umbar omong di depan media, banyak beri janji* sudah terbukti : ➡️tidak mampu *Memberikan hasil kinerja sesuai ekspetasi pendukungnya dan rakyat waras.* Contoh simpel : *RUU Perampasan Aset Koruptor,* yg diajukan Presiden Jokowi : 👉diulur-ulur terus Pdhal sdh direvisi & sdh masuk agenda pembahasan di Senayan, Anda  koruptor sukar diberantas, koruptor era Jokowi lbh massive dibandingkan pemerintahan sebelumnya, 👉pertanyaan *_siapa yg gila ❓._* Kalau parpol saja, ogah *nge-goal-kan* RUU Perampasan Aset Koruptor : _➡️JANGAN MIMPI⬅️_ ♦️Parpol, ♦️Capres, Cawapres ♦️Anggota Dewan, ♦️Pejabat publik *#Bersih hasil kinerjanya nanti dari _KORUPSI._* *#Indonesia Bersih Korupsi*🤝🇲🇨🤝",buat pembaca yang cerdas pak jokowi di berbagai kesempatan berkata _ mengelola negara besar spt indonesia dg 278 juta penduduk ribuan pulau besar kecil membutuhkan seorang pemimpin eksekutor berani melawan intimidasi asing aseng untuk menguasai isi perut bumi pertiwi _ calon pemimpin 2024 banyak umbar omong di depan media banyak beri janji sudah terbukti tidak mampu memberikan hasil kinerja sesuai ekspetasi pendukungnya dan rakyat waras contoh simpel ruu perampasan aset koruptor yang diajukan presiden jokowi kanan diulur ulur terus pdhal sudah direvisi sudah masuk agenda pembahasan di senayan anda koruptor sukar diberantas koruptor era jokowi lebih massive dibandingkan pemerintahan sebelumnya kanan pertanyaan _siapa yang gila _ kalau partai politik saja ogah nge goal kan ruu perampasan aset koruptor _ jangan mimpi _ parpol capres calon wakil presiden anggota dewan pejabat publik hasil kinerjanya nanti dari _korupsi _ bersih korupsi jabat tangan jabat tangan,False Negative
1-2542,"Jewish, Disabilitas",1,0,0.1019942,"ISRAEL SEMAKIN MEMBABI BUTA TARGET WARGA SIPIL DI JALUR GAZA. GENOSIDA TERANG- TERANGAN TENGAH DIBERLAKUKAN DI HADAPAN MILIARAN KASAT MATA DUNIA. AKSES INTERNET, LISTRIK KINI TERPUTUS. KAMI BELUM ÛUS KABAR MENDAPATKA HUSEIN DI JALUR GAZA. MOHON DOA TEMAN-TEMAN SEMUA Anda pejabat muslim yang mempunyai wewenang lebih sedang membaca postingan ini, jabatan dan amanah yang anda emban akan dipertanggungjawabkan di hari akhirat kelak.

#Repost @abumuslim_gaza",israel semakin membabi buta target warga sipil di jalur gaza genosida terang terangan tengah diberlakukan di hadapan miliaran kasat mata dunia akses internet listrik kini terputus kami belum ûus kabar mendapatka husein di jalur gaza mohon doa teman teman semua anda pejabat muslim yang mempunyai wewenang lebih sedang membaca postingan ini jabatan dan amanah yang anda emban akan dipertanggungjawabkan di hari akhirat kelak,False Negative
2-11295,Disabilitas,1,0,0.10515865,Gibran Cawapres Cacat Hukum bisa menjadi bumerang bagi pasangan Prabowo Gibran. Ayo berpikir logis dan masuk logika..!! ://,gibran calon wakil presiden cacat hukum bisa menjadi bumerang bagi pasangan prabowo gibran ayo berpikir logis dan masuk logika,False Negative
2-8929,LGBTQ+,1,0,0.11037942,"(4//10) overrated anjir, makin lama makin keluar konteks, mana pemainnya ganti2 oplas aneh disusupi lgbt hadeehh",4 10 overrated anjir makin lama makin keluar konteks mana pemainnya ganti2 oplas aneh disusupi lgbt hadeehh,False Negative
1-2592,Jewish,1,0,0.110667616,"biarin lah Gal Gadot orang israel bos, masa lu suruh bela lawan nya.",biarin lah gal gadot orang israel bos masa lu suruh bela lawan nya,False Negative
1-6252,"Syiah, Jewish",1,0,0.111413375,"AQIDAH SYIAH RAFIDHAH TENTANG MASJID AL-AQSHA

Dalam salah satu referensi kitab tafsir Syiah Rafidhah yang berjudul Tafsir Al-'Ayyasyi -tafsir surat Al-Isra' ayat pertama- disebutkan sebuah riwayat dari Salam bin Hanath dari seseorang dari Abu Abdillah (Husain bin Ali bin Abi Thalib) 'alaihi As-Salam, orang itu berkata: Aku bertanya kepada beliau tentang masjid-masjid yang memiliki keutamaan, maka beliau menjawab: Masjid Al-Haram dan Masjid Rasul (Nabawi). Aku berkata: Bagaimana dengan Masjid Al-Aqsha? Beliau menjawab: Itu ada di atas langit, kepadanya diisra'kan Rasulullah ﷺ. Aku berkata: Orang-orang mengatakan Masjid Al-Aqsha adalah Baitul maqdis? Maka beliau menjawab: Masjid Kufah lebih Afdhal darinya.
(Tafsir Al-'Ayyasyi 2/302)

Dengan keyakinan mereka seperti di atas, masih percayakah anda dengan propaganda Syiah Rafidhah Iran dan Hizbu Syiah Rafidhah Lebanon bahwa mereka mau memerdekakan masjid Al-Aqsha di Palestina dari tangan Yahudi yang terlaknat?!",aqidah syiah rafidhah tentang masjid al aqsha dalam salah satu referensi kitab tafsir syiah rafidhah yang berjudul tafsir al ayyasyi tafsir surat al isra ayat pertama disebutkan sebuah riwayat dari salam bin hanath dari seseorang dari abu abdillah husain bin ali bin abi thalib alaihi as salam orang itu berkata aku bertanya kepada beliau tentang masjid masjid yang memiliki keutamaan maka beliau menjawab masjid al haram dan masjid rasul nabawi aku berkata bagaimana dengan masjid al aqsha beliau menjawab itu ada di atas langit kepadanya diisra kan rasulullah ﷺ aku berkata orang orang mengatakan masjid al aqsha adalah baitul maqdis maka beliau menjawab masjid kufah lebih afdhal darinya tafsir al ayyasyi 2 302 dengan keyakinan mereka seperti di atas masih percayakah anda dengan propaganda syiah rafidhah iran dan hizbu syiah rafidhah lebanon bahwa mereka mau memerdekakan masjid al aqsha di palestina dari tangan yahudi yang terlaknat,False Negative
3-1165,Tionghoa,1,0,0.11767324,"Pengobatan alternatif,pistolnya buatan china loh. Kadrun kalo ngeliat begini apa pendapatnya ya? Musrikah?,Kafirkah?Thogutkah?atw Bid'ah 😅😅",pengobatan alternatif pistolnya buatan cina loh kadrun kalo ngeliat begini apa pendapatnya ya musrikah kafirkah thogutkah atw bid ah,False Negative
1-3686,Tionghoa,1,0,0.1246512,Rusia & China 🫶🏻,rusia cina,False Negative
2-5084,Tionghoa,1,0,0.12591255,"""kamu ini orang china jangan kayak orang cibaduyut"" 😭😭😭😭",kamu ini orang cina jangan seperti orang cibaduyut menangis menangis,False Negative
1-64,UNKNOWN,1,0,0.1267636,"A+plus.. Orang cerdas A--MIN.. Orang bodoh, Pilih pemimpin ITU yg cerdas, jangan yg BODOH, GETOE aja kok repot😄😆🤣",a plus orang pandai a min orang bodoh pilih pemimpin itu yang cerdas jangan yang bodoh getoe saja kok repot senyum tertawa tertawa,False Negative
2-869,Jewish,1,0,0.12693422,"Dari sini saya mengimbau Israel dan seluruh dunia. Israel, Anda dapat menganggap Hamas sebagai organisasi teroris. Barat berhutang banyak padamu.",dari sini saya mengimbau israel dan seluruh dunia israel anda dapat menganggap hamas sebagai organisasi teroris barat berhutang banyak padamu,False Negative
3-1993,Jewish,1,0,0.13027553,"Say no Israel Israel Team Hell You Tube CLAUDYVAS NETIZEN TANDAI ARTIS DAN SELEBGRAM LOKAL YANG DIDUGA PRO ISRAEL You Tube VASNEWS Warganet kini berbondong-bondong mengekspos sederet selebriti, artis, dan influencer yang kedapatan memberikan like kepada unggahan bernada pro-Israel.

Unggahan tersebut salah satunya soal foto bergambar Bintang Daud simbol bendera Israel dan bertuliskan ""I stand with Israel (Aku berdiri dengan Israel)"" yang diunggah oleh aktris ternama Gal Gadot.Sontak, warganet menyerukan untuk berhenti mengikuti para selebriti tersebut lantaran dituding pro-zionis di tengah-tengah konflik Palestina-Israel.

Nah kan, emang siapa sih? 

[ source:  ]",saya no israel israel team hell you tube claudyvas netizen tandai artis dan selebgram lokal yang diduga pro israel you tube vasnews warganet kini berbondong bondong mengekspos sederet selebriti artis dan influencer yang kedapatan memberikan like kepada unggahan bernada pro israel unggahan tersebut salah satunya soal foto bergambar bintang daud simbol bendera israel dan bertuliskan i stand with israel aku berdiri dengan israel yang diunggah oleh aktris ternama gal gadot sontak warganet menyerukan untuk berhenti mengikuti para selebriti tersebut lantaran dituding pro zionis di tengah tengah konflik palestina israel nah kan memang siapa sih source,False Negative
1-18,Disabilitas,1,0,0.13099219,"LUR ATI2 TERNYATA ORG YG SUKA BACOT, NEBENG DI GROUP KITA TERNYATA ORANG2 PENYANDANG ODGJ LUR, NDK PERLU DI KOMENI OK,?",lur ati2 ternyata org yang suka bacot nebeng di group kita ternyata orang2 penyandang odgj lur ndk perlu di komeni ok,False Negative
1-5482,LGBTQ+,1,0,0.1352639,"Ready Bo💦 Melayani Khusus Wanita, No Gay !! Mengutamakan Privasy 📍Sby #pijatsurabaya #pijatpanggilansurabaya #massagesurabaya #ExpoSurabaya",ready bo keringat melayani khusus wanita no gay mengutamakan privasy sby,False Negative
4-3937,Rohingya,1,0,0.13727728,"Bagian dari Jihad fi Sabilillah, menyelamatkan agama Allah dari para pendusta yang mengatasnamakan Allah dan Rasulullah SAW. *SIAPAKAH HABIB - BA'ALAWI INI?* Jangan sekali-kali Melupakan Sejarah: 1. Th 1800an pasca perang Diponegoro, Imigran yaman didatangkan ke Indonesia sbg pekerja, sebagian menjadi kapiten arab sebagian yg mempunyai ilmu agama dr marga baalawi dipekerjakan sbg mufti spt Usman bin Yahya dg diberi label cucu nabi. 15. Pilihan saat ini terserah Panjenengan, mau menyerahkan nasib anak cucu kepada mereka dan akan terus terjajah ataukah kita #BANGKIT_MELAWAN!!! #2023_ALAP_ALAP_NUSANTARA",bagian dari jihad fi sabilillah menyelamatkan agama allah dari para pendusta yang mengatasnamakan allah dan rasulullah saw siapakah habib ba alawi ini jangan sekali kali melupakan sejarah 1 th ibooan pasca perang diponegoro imigran yaman didatangkan ke indonesia sbg pekerja sebagian menjadi kapiten arab sebagian yang mempunyai ilmu agama dr marga baalawi dipekerjakan sbg mufti spt usman bin yahya dg diberi label cucu nabi 15 pilihan saat ini terserah panjenengan mau menyerahkan nasib anak cucu kepada mereka dan akan terus terjajah ataukah kita h2o2e_alap_alap_nusantara,False Negative
1-412,Disabilitas,1,0,0.14244337,"‼️🚨 Seorang ayah mengeluh kepada LaLiga bahwa ultras Barça melecehkan putranya yang autis karena mengenakan syal Madrid di #ElClásico akhir pekan kemarin: “Mereka mulai menghina putra saya yang berusia 7 tahun karena dia mengenakan syal Madrid. Mereka memanggilnya 'anjing,…",seorang ayah mengeluh kepada laliga bahwa ultras barça melecehkan putranya yang autis karena mengenakan syal madrid di akhir pekan kemarin mereka mulai menghina putra saya yang berusia 7 tahun karena dia mengenakan syal madrid mereka memanggilnya anjing,False Negative
2-7512,"Tionghoa, Disabilitas",1,0,0.14384618,Yaah gw gak bisa ngelamar disini dong yaah. Berhubung gw buta huruf mandarin alias gak bisa bahasa cina so gak jadi 🔚🤠,yaah gue tidak bisa ngelamar disini dong yaah berhubung gue buta huruf mandarin alias tidak bisa bahasa cina so tidak jadi,False Negative
1-6371,"Syiah, Jewish",1,0,0.14608969,Wahabi: Cobaan Palestin itu krn DOSA (jauh dr agama) rakyatnya (bkn ISRAEL) Cr lemahkn prjuangan Palestin 1.Hamas Troris 2.Yg Angkat senjata salah/kawan Syiah 3.Demo & musik pjuangan Palestin Haram 4Wajib Hijrah 5Rakyat Palestin jauh dr agama 6Jgn cela Israel krn nama nabi 7dst,wahabi cobaan palestin itu karena dosa jauh dr agama rakyatnya bkn israel cr lemahkn prjuangan palestin i hamas troris 2 yg angkat senjata salah kawan syiah e demo musik pjuangan palestin haram awajib hijrah srakyat palestin jauh dr agama 6jgn cela israel karena nama nabi tdst,False Negative
1-1990,Jewish,1,0,0.14966957,Israel ambil kesempatan banget buat bombardir Gaza,israel ambil kesempatan banget buat bombardir gaza,False Negative
1-5313,LGBTQ+,1,0,0.15097794,"Capek anj dikira cewek muluu, aku cowokk anjengg gak gay juga asuuu",capek anjing dikira cewek muluu aku cowokk anjengg tidak gay juga asuu,False Negative
1-1419,Tionghoa,1,0,0.15106283,SM ini udah gak tau budaya china tapi sok sok an pake ngeluarin bg china hadeh.,sama ini sudah tidak tau budaya cina tapi sok sok an pake ngeluarin bg cina hadeh,False Negative
1-5071,LGBTQ+,1,0,0.15368356,"JCAA Fuck you GAYS CAN UNITG QUEER MUSE MUSEYENT EN NOT BetasHpmestenad BeinsHomesteal Youthe 0쇼포화포쇼] Instagram @CatatanEntrepreneur UU ANTI-LGBTQ TERBERAT DI DUNIA BERAKSI! UGANDA TELAH MENANGKAP 2 ORANG DALAM KEJAHATAN ""HOMOS KSUALITAS PARAH"" DENGAN ANCAMAN HUKUMAN MATI Dua orang pria Uganda berusia 20 tahun dan 43 tahun menghadapi dakwaan berdasarkan undang-undang anti-LGBTQ+ yang baru.

Pria 20 tahun itu memperkaos pria dewasa berusia 41 tahun yang disable, sedangkan pria yang 43 tahun memperkaos seorang anak lelaki berusia 12 tahun.

Kedua pria tersebut didakwa melakukan ""homos*ksualitas parah,"" sebuah kejahatan yang dapat dihukum mati di Uganda. Ini menandai penangkapan pertama berdasarkan undang-undang baru. (Source: People's World)
#catatanentrepreneur 

---------------------------------
Suka konten seperti ini? Follow untuk konten motivasi menarik lainnya! 🚀
🔸 @catatanentrepreneur
🔸 @catatanentrepreneur
🔸 @catatanentrepreneur",jcaa fuck you gays can unitg queer muse museyent en not betashpmestenad beinshomesteal youthe 0쇼포화포쇼 instagram jijik anti lgbtq terberat di dunia beraksi uganda telah menangkap 2 orang dalam kejahatan homos ksualitas parah dengan ancaman hukuman mati dua orang pria uganda berusia 20 tahun dan 43 tahun menghadapi dakwaan berdasarkan undang undang anti lgbtq yang baru pria 20 tahun itu memperkaos pria dewasa berusia 41 tahun yang disable sedangkan pria yang 43 tahun memperkaos seorang anak lelaki berusia 12 tahun kedua pria tersebut didakwa melakukan homos ksualitas parah sebuah kejahatan yang dapat dihukum mati di uganda ini menandai penangkapan pertama berdasarkan undang undang baru source people s world suka konten seperti ini follow untuk konten motivasi menarik lainnya,False Negative
1-6130,Syiah,1,0,0.15371907,"73 GOLONGAN BERSATU DIGABUNG SEMUA AGAMA ITU BENAR TUJUAN NYA KEBAIKAN YAITU MENCEGAH DARI PERBUATAN KEJI DAN MUNGKAR QS, AL-ANKABUT AYAT 45 DAN AL MU'MINUN AYAT 53. HARUS DISATUKAN 73 GOLONGAN BUKAN HANYA 1 YANG BENAR MERASA RASA BENAR DENGAN KEEGOISAN NYA.DISATUKAN DIGABUNG 73 GOLONGAN. 73 golongan hanya 1 yang benar yang mengikuti al qur'an dan sunnah,72 golongan benar juga sebenarnya disatukan jadi 73 golongan benar semua karena dari Al qur'an juga 73 golongan itu,karena saling bangga dengan golongan masing-masing akhirnya terpecah,mana kecerdasan fatonah nya jika sesama islam berperang? , sebenarnya bukan hanya satu yang benar tapi 73 DISATUKAN 73 GOLONGAN JADI 1 AHAD,ada syiah lah ada sunni lah ada wahabi lah tasawuf lah syariat lah tarekat lah hakikat lah ma'rifatlah semua nya benar 73 golongan itu DISATUKAN DIGABUNG,jangan saling menyalahkan itu bodoh namaNya berbuat keji dan mungkar berperang sesama islam ya bodoh sedangkan sesama islam bersaudara bersaudari adaNya diciptakan dari diri yang 1 adam annisa ayat 1, mana kecerdasan mana fatonahNya jika 73 golongan saling bangga dengan golongan masing-masing?disatukan 73 itu jadi 1 itu agar tidak terpecah belah agar tidak terjadi permusuhan karena ke -73 golongan islam juga, perdebatan adalah perbuatan keji dan mungkar sesama islam, sedangkan tujuan sholat adalah mencegah dari perbuatan keji dan mungkar, jadi bersatulah 73 golongan agar kuat DIGABUNG PASUKAN 73 DIJAMIN KUAT JIKA DIGABUNGKAN BERSATULAH 73 GOLONGAN. TERLIHAT KAN JADI BERSATULAH 73 GOLONGAN BERSATULAH JADI 1 AHAD, AHMAD BILAL MIM, SEMUA AGAMA ITU BENAR ADANYA INTINYA BISMILLAHIRRAHMANIRRAHIM LAH BERKASIH SAYANG LAH SESAMA ISLAM DAN KEPADA SELURUH ALAM SEMESTA NUR MUHAMMAD, DISATUKAN 73 GOLONGAN DIGABUNG. TERIMA KASIH DARI ANGIN SAJA TIADA TAPI ADA, ADA TAPI TIADA TAPI ADA, DISATUKAN ZAHIR BATIN NYATA DAN GHAIB BERSATULAH 73 GOLONGAN DIGABUNGKAN.",73 golongan bersatu digabung semua agama itu benar tujuan nya kebaikan yaitu mencegah dari perbuatan sial dan mungkar qs al ankabut ayat 45 dan al mu minun ayat 53 harus disatukan 73 golongan bukan hanya 1 yang benar merasa rasa benar dengan keegoisan nya disatukan digabung 73 golongan 73 golongan hanya 1 yang benar yang mengikuti al qur an dan sunnah t2 golongan benar juga sebenarnya disatukan jadi 73 golongan benar semua karena dari al qur an juga 73 golongan itu karena saling bangga dengan golongan masing masing akhirnya terpecah mana kecerdasan fatonah nya jika sesama islam berperang sebenarnya bukan hanya satu yang benar tapi 73 disatukan 73 golongan jadi 1 ahad ada syiah lah ada sunni lah ada wahabi lah tasawuf lah syariat lah tarekat lah hakikat lah ma rifatlah semua nya benar 73 golongan itu disatukan digabung jangan saling menyalahkan itu bodoh namanya berbuat sial dan mungkar berperang sesama islam ya bodoh sedangkan sesama islam bersaudara bersaudari adanya diciptakan dari diri yang 1 adam annisa ayat 1 mana kecerdasan mana fatonahnya jika 73 golongan saling bangga dengan golongan masing masing disatukan 73 itu jadi 1 itu agar tidak terpecah belah agar tidak terjadi permusuhan karena ke 73 golongan islam juga perdebatan adalah perbuatan sial dan mungkar sesama islam sedangkan tujuan sholat adalah mencegah dari perbuatan sial dan mungkar jadi bersatulah 73 golongan agar kuat digabung pasukan 73 dijamin kuat jika digabungkan bersatulah 73 golongan terlihat kan jadi bersatulah 73 golongan bersatulah jadi 1 ahad ahmad bilal mim semua agama itu benar adanya intinya bismillahirrahmanirrahim lah berkasih sayang lah sesama islam dan kepada seluruh alam semesta nur muhammad disatukan 73 golongan digabung terima kasih dari angin saja tiada tapi ada ada tapi tiada tapi ada disatukan zahir batin nyata dan ghaib bersatulah 73 golongan digabungkan,False Negative
3-1630,Jewish,1,0,0.15629798,"Mengapa Israel menunda melakukan operasi darat, apakah mereka takut masuk jalur gaza? #اعصار_تيج #مستشفى_القدس #IsraelPalestineConflict #adp2023",mengapa israel menunda melakukan operasi darat apakah mereka takut masuk jalur gaza hadp2o2e,False Negative
2-1043,Disabilitas,1,0,0.16114832,lama lama jadi odgj,lama lama jadi odgj,False Negative
3-1582,UNKNOWN,1,0,0.1721822,"JDI WALIKOTA SOLO 2X, JADI GUBERNUR DKI 1, JADI PRESIDEN 2X DAN LO MASIH NGRIBUTIN IJASAH JOKOWI, KENP KADRUN GK RIBUT SAAT JOKOWI DAFTAR WALIKOTA SOLO, KLO SKRG TELAT JADI PRESIDENYA JUGA MAU TAMAT... HAHAHA KDRUN BODOH.. 🤣🤣",jadi walikota solo 2x jadi gubernur dki 1 jadi presiden 2x dan lo masih ngributin ijasah jokowi kenp kadrun tidak ribut saat jokowi daftar walikota solo kalau sekarang telat jadi presidenya juga mau tamat hahaha kdrun bodoh tertawa tertawa,False Negative
1-6658,UNKNOWN,1,0,0.1721822,"JDI WALIKOTA SOLO 2X, JADI GUBERNUR DKI 1, JADI PRESIDEN 2X DAN LO MASIH NGRIBUTIN IJASAH JOKOWI, KENP KADRUN GK RIBUT SAAT JOKOWI DAFTAR WALIKOTA SOLO, KLO SKRG TELAT JADI PRESIDENYA JUGA MAU TAMAT... HAHAHA KDRUN BODOH.. 🤣🤣",jadi walikota solo 2x jadi gubernur dki 1 jadi presiden 2x dan lo masih ngributin ijasah jokowi kenp kadrun tidak ribut saat jokowi daftar walikota solo kalau sekarang telat jadi presidenya juga mau tamat hahaha kdrun bodoh tertawa tertawa,False Negative
2-2662,Disabilitas,1,0,0.18181004,wah gila jauh jauh gua dr Jabodetabek ketemuan sm org Jogja diblock orang waktu ketemu ajg baru pertama kali kena beginian,wah gila jauh jauh gua dr jabodetabek ketemuan sama org jogja diblock orang waktu ketemu ajg baru pertama kali kena beginian,False Negative
1-3035,Jewish,1,0,0.18241832,"DUNIA B BERNAM Bernamaofficial Negara-negara Arab kutuk keras kenyataan menteri Israel guna senjata nuklear di Gaza Bernamaofficial Bernamadotcom Bernamaofficial Bernamaofficial Menurut Kementerian Luar Arab Saudi kegagalan untuk segera memecat menteri itu dan hanya menggantung tugasnya mencerminkan sikap tidak peduli terhadap nilai kemanusiaan, etika, agama dan undang-undang oleh Israel, lapor Agensi Berita Arab Saudi.

Berita penuh di IG story.

#BernamaNews #Palestin",dunia b bernam bernamaofficial negara negara arab kutuk keras kenyataan menteri israel guna senjata nuklear di gaza bernamaofficial bernamadotcom bernamaofficial bernamaofficial menurut kementerian luar arab saudi kegagalan untuk segera memecat menteri itu dan hanya menggantung tugasnya mencerminkan sikap tidak peduli terhadap nilai kemanusiaan etika agama dan undang undang oleh israel lapor agensi berita arab saudi berita penuh di ig story,False Negative
2-2967,Disabilitas,1,0,0.1927631,masi galauin orang padahal dah putus lama = sinting,masi galauin orang padahal dah putus lama sinting,False Negative
2-3526,Jewish,1,0,0.19768173,Ya Allah ratakan bumi israel Agar mrk fokus ke negera nya sendiri yg hancur sehingga lupa menghancurkan tanah orang #FreePalestine,ya allah ratakan bumi israel agar mereka fokus ke negera nya sendiri yang hancur sehingga lupa menghancurkan tanah orang,False Negative
3-2324,Disabilitas,1,0,0.1979696,"Yaas lagi liat drama pemilu. Gila si, gue bukan pendukung jkw, tp pas flashback apa yg dia alami, emg gatau diri juga itu emaknya, wajar kalau strateginya mateng. Its like he wanna show us the truth, keliatan si skrg semua cara dilakuin sama si emak saking takut gagal plannya dia",yaas lagi liat drama pemilu gila si gue bukan pendukung jkw tapi pas flashback apa yang dia alami memang gatau diri juga itu emaknya wajar kalau strateginya mateng its like he wanna show us the truth keliatan si sekarang semua cara dilakuin sama si emak saking takut gagal plannya dia,False Negative
1-6234,UNKNOWN,1,0,0.20870653,"BISMILLAH.. SEMUA KELOMPOK MENCLAIM PEGANGANNYA AL-QUR'AN DAN SUNNAH TAPI MENGAPA TERJADI PERBEDAAN 💥Semua kelompok, aliran, organisasi, sekte, dan isme-isme semisalnya dll bahkan semua orang yang mengaku dirinya Islam, pasti juga mengaku mengikuti Al-Qur'an dan Sunnah.. 💥Tak akan ada yang mengatakan : ""Kami tidak ikut Al-Qur'an dan Sunnah.."" Gak ada, dan gak akan pernah ada.. BERFIKIRLAH BAGI ORANG YANG MAU BERFIKIR .😊 Semoga bermanfa'at Barakallahu fiikum. •••",bismillah semua kelompok menclaim pegangannya al qur an dan sunnah tapi mengapa terjadi perbedaan bom semua kelompok aliran organisasi sekte dan isme isme semisalnya dll bahkan semua orang yang mengaku dirinya islam pasti juga mengaku mengikuti al qur an dan sunnah bom tak akan ada yang mengatakan kami tidak ikut al qur an dan sunnah tidak ada dan tidak akan pernah ada berfikirlah bagi orang yang mau berfikir senyum semoga bermanfa at barakallahu fiikum,False Negative
1-2142,UNKNOWN,1,0,0.21417329,Walopun saya orang desa tidak pengalaman orang bodoh tapi saya tidak mau di bodohin saya tetep pk ganjar mahmud harus jadi orang no 1,walopun saya orang desa tidak pengalaman orang bodoh tapi saya tidak mau di bodohin saya tetep pk ganjar mahmud harus jadi orang no 1,False Negative
2-12440,Jewish,1,0,0.220298,"Path SUNNAHY ERTAUHID Bangsa Yahudi secara pasti tidak memiliki hak tempat tinggal di Palestina akan tetapi siapa yang akan mengeluarkan mereka? Yang akan mengusir mereka adalah kaum muslimin mu' minin yang mereka adalah orang orang yang bertauhid secara benar. Imam Albani rahimahullah Fatawas Sayyarah 89  📖 Fatawas Sayyarah / 89 | 

@sunnah_way1 @thesunnah_path
 
Follow Sunnah Way 👇
Instagram


Facebook
&mibextid=9R9pXO",path sunnahy ertauhid bangsa yahudi secara pasti tidak memiliki hak tempat tinggal di palestina akan tetapi siapa yang akan mengeluarkan mereka yang akan mengusir mereka adalah kaum muslimin mu minin yang mereka adalah orang orang yang bertauhid secara benar imam albani rahimahullah fatawas sayyarah 89 fatawas sayyarah 89 asunnah_wayi follow sunnah way bawah instagram facebook mibextid grgpxo,False Negative
2-351,Jewish,1,0,0.22150365,"Seorang Influenser betina Israel mengejek ribuan ibu Gaza, yang anak-anak mereka Wafat dan terkubur di reruntuhan bangunan dalam serangan mematikan pesawat Israel. #IsraelAttack #GenocideinGaza #Gaza #Hamas",seorang influenser betina israel mengejek ribuan ibu gaza yang anak anak mereka wafat dan terkubur di reruntuhan bangunan dalam serangan mematikan pesawat israel,False Negative
1-8,UNKNOWN,1,0,0.22309197,"Jangan pernah memilih buah yg sudah terlalu mateng bahkan bosok dan buah yg muda tapi dikarbit paksa mateng, pasti rasanya sangat sangat tidak enak sekali, Pilihlah buah yh benar benar mateng alami dan masih segar pasti sangat nikmat rasanya. Hanya orang pintar yg mengerti dan paham maksudnya, dan Hanya orang ""BODOH"" yg mau memilih dan menikmati buah busuk dan buah muda karbitan🙏🏻 SALAM WARAS🙏🏻🙏🏻👍🏻👍🏻👍🏻",jangan pernah memilih buah yang sudah terlalu mateng bahkan bosok dan buah yang muda tapi dikarbit paksa mateng pasti rasanya sangat sangat tidak enak sekali pilihlah buah yh benar benar mateng alami dan masih segar pasti sangat enak rasanya hanya orang pintar yang mengerti dan paham maksudnya dan hanya orang bodoh yang mau memilih dan menikmati buah busuk dan buah muda karbitan doa salam waras doa doa setuju setuju setuju,False Negative
3-2115,UNKNOWN,1,0,0.22309197,"Jangan pernah memilih buah yg sudah terlalu mateng bahkan bosok dan buah yg muda tapi dikarbit paksa mateng, pasti rasanya sangat sangat tidak enak sekali, Pilihlah buah yh benar benar mateng alami dan masih segar pasti sangat nikmat rasanya. Hanya orang pintar yg mengerti dan paham maksudnya, dan Hanya orang ""BODOH"" yg mau memilih dan menikmati buah busuk dan buah muda karbitan🙏🏻 SALAM WARAS🙏🏻🙏🏻👍🏻👍🏻👍🏻",jangan pernah memilih buah yang sudah terlalu mateng bahkan bosok dan buah yang muda tapi dikarbit paksa mateng pasti rasanya sangat sangat tidak enak sekali pilihlah buah yh benar benar mateng alami dan masih segar pasti sangat enak rasanya hanya orang pintar yang mengerti dan paham maksudnya dan hanya orang bodoh yang mau memilih dan menikmati buah busuk dan buah muda karbitan doa salam waras doa doa setuju setuju setuju,False Negative
4-2994,"Jewish, Disabilitas",1,0,0.25639766,"@dawiguna @ephemeralvirtu @visegrad24 @Valhallaah Boneka matalu picek a? Anda ini terlihat seperti orang tua yang dewasa, tapi buta ngga bisa melihat yang benar! Dasar munafik memang! Suka sekali menjilat kaki zionis! Apakah anda juga sekalian ingin ikut serta dalam kutukan 8 dekade!?",auisegrad2a boneka matalu picek a anda ini terlihat seperti orang tua yang dewasa tapi buta tidak bisa melihat yang benar dasar munafik memang suka sekali menjilat kaki zionis apakah anda juga sekalian ingin ikut serta dalam kutukan 8 dekade,False Negative
1-3643,Disabilitas,1,0,0.26581883,JANGAN SALAHKAN KALO GW BUTA DOWN KALIAN,jangan salahkan kalo gue buta down kalian,False Negative
2-1162,Jewish,1,0,0.27115124,"Aksi Bantu Palestina, Seribuan Siswa Galang Donasi dan Serukan Boikot Produk Israel di Medan",aksi bantu palestina seribuan siswa galang donasi dan serukan boikot produk israel di medan,False Negative
1-2264,Jewish,1,0,0.2732166,"SM SukaMauTau CEWS BOYKOT HAYBER Rexona ALO เกรอ MAJELIS ULAMA INDONESIA RESMI KELUARKAN FATWA HARAM, BELI PRODUK PENDUKUNG ISRAEL Majelis Ulama Indonesia mengeluarkan fatwa baru yaitu haram membeli produk dari produsen yang mendukung agresi Israel. 

“Mendukung pihak yang diketahui mendukung agresi Israel, baik langsung maupun tidak langsung, seperti dengan membeli produk dari produsen yang secara nyata mendukung agresi Israel, hukumnya haram,” kata Asrorun Niam Sholeh selaku Ketua Bidang Fatwa MUI. 

Ketua Bidang Fatwa MUI, Asrorun Niam Sholeh juga mengungkapkan wajib hukumnya Indonesia mendukung kemerdekaan Palestina.

📷 via : Detik 
📝 via : winnews_",sama sukamautau cews boykot hayber rexona alo เกรอ majelis ulama indonesia resmi keluarkan fatwa haram beli produk pendukung israel majelis ulama indonesia mengeluarkan fatwa baru yaitu haram membeli produk dari produsen yang mendukung agresi israel mendukung pihak yang diketahui mendukung agresi israel baik langsung maupun tidak langsung seperti dengan membeli produk dari produsen yang secara nyata mendukung agresi israel hukumnya haram kata asrorun niam sholeh selaku ketua bidang fatwa mui ketua bidang fatwa mui asrorun niam sholeh juga mengungkapkan wajib hukumnya indonesia mendukung kemerdekaan palestina via detik via winnews_,False Negative
1-2236,Jewish,1,0,0.2767153," Fatwa MUI: Haram Membeli Produk Pihak yang Mendukung Israel -FLASH TIRTO- μτμ T P S Majelis Ulama Indonesia (MUI) mengeluarkan fatwa haram mendukung Israel dan tindakan agresinya ke Palestina. MUI juga mewajibkan umat Islam untuk mendukung Palestina dalam perjuangan kemerdekaannya.

Ketua MUI Bidang Fatwa Asrorun Niam Sholeh mengatakan, fatwa tersebut teregistrasi dengan Nomor 83 Tahun 2023 Tentang Hukum Dukungan terhadap Palestina.

“Mendukung pihak yang diketahui mendukung agresi Israel, baik langsung maupun tidak langsung, seperti dengan membeli produk dari produsen yang secara nyata mendukung agresi Israel hukumnya haram,"" kata Asrorun Niam dalam keterangannya secara tertulis pada Jumat (10/11/2023).

Sebagai bentuk nyata pengharaman dukungan kepada Israel, Asrorun menegaskan, umat Islam diharuskan untuk menghindari segala transaksi dan penggunaan produk Israel atau yang terafiliasi pada negara tersebut. Dia menyebut setiap produk yang berasal atau terafiliasi dengan Israel memiliki kaitan terhadap zionisme dan penjajahan Palestina. #FlashTirto",fatwa mui haram membeli produk pihak yang mendukung israel flash tirto μτμ t p s majelis ulama indonesia mui mengeluarkan fatwa haram mendukung israel dan tindakan agresinya ke palestina mui juga mewajibkan umat islam untuk mendukung palestina dalam perjuangan kemerdekaannya ketua mui bidang fatwa asrorun niam sholeh mengatakan fatwa tersebut teregistrasi dengan nomor 83 tahun 2023 tentang hukum dukungan terhadap palestina mendukung pihak yang diketahui mendukung agresi israel baik langsung maupun tidak langsung seperti dengan membeli produk dari produsen yang secara nyata mendukung agresi israel hukumnya haram kata asrorun niam dalam keterangannya secara tertulis pada jumat 10 11 2023 sebagai bentuk nyata pengharaman dukungan kepada israel asrorun menegaskan umat islam diharuskan untuk menghindari segala transaksi dan penggunaan produk israel atau yang terafiliasi pada negara tersebut dia menyebut setiap produk yang berasal atau terafiliasi dengan israel memiliki kaitan terhadap zionisme dan penjajahan palestina,False Negative
4-1346,Kristen,1,0,0.28474566,@sutanyola Dari namanya kyk orang kristen tp bahasanya setan,dari namanya kayak orang kristen tapi bahasanya setan,False Negative
1-6885,Jewish,1,0,0.28637853,Kenapa ?ada apa sih dengan Israel ?kenapa semua seakan akan tunduk sama setan2 itu ? Israel dengan pelanggaran perang segudangpun PBB diam.,kenapa ada apa sih dengan israel kenapa semua seakan akan tunduk sama setan2 itu israel dengan pelanggaran perang segudangpun pbb diam,False Negative
2-10822,Jewish,1,0,0.29125035,"Bgmn Hkm Mmbunuh Rkyt Sipil dlm Perang? Israel msh trs melancarkn serangannya kpd Palestina, baik mll darat maupun udara. Israel jg mnggunakan senjata2 yg dilarang o/ hkm internasional. Kndisi ini tntunya akan smakin mnambah jmlh korban sipil yg mninggal.",bgmn hkm mmbunuh rkyt sipil dlm perang israel msh terus melancarkn serangannya kpd palestina baik mll darat maupun udara israel juga mnggunakan senjata2 yang dilarang o hkm internasional kndisi ini tntunya akan smakin mnambah jmlh korban sipil yang mninggal,False Negative
4-2203,LGBTQ+,1,0,0.29142457,FT UGM sebut larangan LGBT dipicu mahasiswa pakaian perempuan pakai toilet perempuan.,ft ugm sebut larangan lgbt dipicu mahasiswa pakaian perempuan pakai toilet perempuan,False Negative
3-869,Jewish,1,0,0.29611024,"Itulah mengapa orang-orang Yahudi adalah kaum yang dimurkai, salah satunya membunuh orang-orang yang beriman kepada Allah",itulah mengapa orang orang yahudi adalah kaum yang dimurkai salah satunya membunuh orang orang yang beriman kepada allah,False Negative
2-10481,Disabilitas,1,0,0.30389678,ORANG GILA SATU INI ADA AJA GEBRAKANNYAA,orang gila satu ini ada saja gebrakannyaa,False Negative
2-7852,Disabilitas,1,0,0.3051844,Jika Anwar Usman terbukti langgar Etik berarti pencalonan Gibran cacat hukum dan etika dong.. Artinya Gibran Cawapres Cacat Hukum ?,jika anwar usman terbukti langgar etik berarti pencalonan gibran cacat hukum dan etika dong artinya gibran calon wakil presiden cacat hukum,False Negative
2-7950,Jewish,1,0,0.3080849,israel ini emang setan sampe ke akarnya ya,israel ini memang setan sampe ke akarnya ya,False Negative
1-2859,Jewish,1,0,0.3091638,"Produk Israel yang Mendunia, Tapi Kebunnya di Tanah Palestina",produk israel yang mendunia tapi kebunnya di tanah palestina,False Negative
2-5099,Jewish,1,0,0.3159372,Dua kata lucu: Zionis pesek.,dua kata lucu zionis pesek,False Negative
4-2854,Jewish,1,0,0.3166127,Fakta IsraHell hanya merampas tanah Palestina.. Yahudi sendiri bicara 🫵,fakta israhell hanya merampas tanah palestina yahudi sendiri bicara,False Negative
1-40,Disabilitas,1,0,0.32185572,"Siapapun lawan yang akan kita hadapi, jangan gentar. Jika putusan MK tetap memperbolehkan pasang Prabowo-Gibran maju, tak masalah. Rakyat Indonesia cukup pintar, dan tidak mau memilih pasangan yg cacat moral politik. Mari bergerak lebih lincah meraih dukungan. S",siapapun lawan yang akan kita hadapi jangan gentar jika putusan mk tetap memperbolehkan pasang prabowo gibran maju tak masalah rakyat indonesia cukup pintar dan tidak mau memilih pasangan yang cacat moral politik mari bergerak lebih lincah meraih dukungan s,False Negative
2-3456,"Jewish, Disabilitas",1,0,0.3234447,"cuma orang gila yg dukung israel, 0% humanity😔",cuma orang gila yang mendukung israel 0 humanity sedih,False Negative
2-7812,Jewish,1,0,0.33785743,"[TITIK NADIR KEMANUSIAAN DI JALUR GAZA: PENINDASAN TAK BERKESUDAHAN ISRAEL TERHADAP PALESTINA] Konflik Palestina-Israel telah berlangsung selama 75 tahun. Pun, tak kunjung ada solusi untuk permasalahan yang telah menelan ratusan juta korban jiwa. #FreePalestineFromZionist",titik nadir kemanusiaan di jalur gaza penindasan tak berkesudahan israel terhadap palestina konflik palestina israel telah berlangsung selama 75 tahun pun tak kunjung ada solusi untuk permasalahan yang telah menelan ratusan juta korban jiwa,False Negative
1-5060,LGBTQ+,1,0,0.35351315,"Kapten Sheffield United, Anel Ahmedhodžić, menolak mengenakan ban kapten pelangi di laga vs Liverpool tengah pekan kemarin.

Ia menjadi kapten pertama dalam 7 tahun terakhir yang menolak ikut dalam kampanye LGBT Premier League. ✋🏻 Kapten Sheffield United, Anel Ahmedhodžić, menolak mengenakan ban kapten pelangi di laga vs Liverpool tengah pekan kemarin.

Ia menjadi kapten pertama dalam 7 tahun terakhir yang menolak ikut dalam kampanye LGBT Premier League. ✋🏻",kapten sheffield united anel ahmedhodžić menolak mengenakan ban kapten pelangi di laga vs liverpool tengah pekan kemarin ia menjadi kapten pertama dalam 7 tahun terakhir yang menolak ikut dalam kampanye lgbt premier league berhenti kapten sheffield united anel ahmedhodžić menolak mengenakan ban kapten pelangi di laga vs liverpool tengah pekan kemarin ia menjadi kapten pertama dalam 7 tahun terakhir yang menolak ikut dalam kampanye lgbt premier league berhenti,False Negative
3-589,Jewish,1,0,0.36183602,Apa yang harus kita lakukan jika melihat tentara Israel terdampar di Indonesia kelak? Bunuh!!!!!!,apa yang harus kita lakukan jika melihat tentara israel terdampar di indonesia kelak bunuh,False Negative
1-4301,"Kristen, Jewish",1,0,0.363608,"Mana nih suaranya umat Kristen yg dihinakan , umatnya diintimidasi oleh zionis. Jika palestine dianggap kemanusiaan biasa Anda salah besar, karena zionis israel akan menjadi musuh semua umat beragama #IsraelAttack #IsraelTerorrist #GazaHospital #Gaza",mana ini suaranya umat kristen yang dihinakan umatnya diintimidasi oleh zionis jika palestine dianggap kemanusiaan biasa anda salah besar karena zionis israel akan menjadi musuh semua umat beragama,False Negative
1-1506,UNKNOWN,1,0,0.38015312,"“Mulai Panas, Megawati Janji Akan Minum Baygon Jika Kalah Di Pilpres 2024”",mulai panas megawati janji akan minum baygon jika kalah di pemilu presiden 2024,False Negative
1-5244,LGBTQ+,1,0,0.39898407,#Terpopuler Elon Musk buka-bukaan soal putranya yang kini jadi transgender wanita. Elon menyalahkan sekolah atas perubahan yang dialami sang putra.,elon musk buka bukaan soal putranya yang kini jadi transgender wanita elon menyalahkan sekolah atas perubahan yang dialami sang putra,False Negative
2-5780,Disabilitas,1,0,0.40882105,Coba bertahan dengan pekerjaan yang isinya sinting semua,coba bertahan dengan pekerjaan yang isinya sinting semua,False Negative
1-1052,Tionghoa,1,0,0.41062143,10 thn sdh Hutang ke cina Pabrik dari cina Pekerja dari cina Teknologi dari cina Ada yg bilang katanya ini PRIBUMI. MAU DI LANJUT apa PERUBAHAN.,10 tahun sudah hutang ke cina pabrik dari cina pekerja dari cina teknologi dari cina ada yang bilang katanya ini pribumi mau di lanjut apa perubahan,False Negative
2-2782,Jewish,1,0,0.41111654,"Stuasi terkini, massa pendemo di Amerika terus bertahan, mengecam zionis penjajah #FreePalestineNow #FreePalaestine #FreePalestineFromIsrael #Gaza_Geniocide",stuasi terkini massa pendemo di amerika terus bertahan mengecam zionis penjajah,False Negative
2-184,Jewish,1,0,0.4179164,boikot produk yang mendukung Israel adalah bentuk dukungan terhadap Palestina.,boikot produk yang mendukung israel adalah bentuk dukungan terhadap palestina,False Negative
2-1794,Jewish,1,0,0.4259794,Catat Beli Produk Pendukung Israel Haram,catat beli produk pendukung israel haram,False Negative
1-6237,Ahmadiyah,1,0,0.42718548,"Bismillahirrahmanirrahim Pengertian Manhaj Salaf/Salafi dan seputar tentang manhaj salaf : 👉SALAFI BUKANLAH SEKTE, ALIRAN, PARTAI ATAU ORGANISASI MASSA❗ 💥Sebagian orang mengira Salafi adalah sebuah sekte, aliran dll sebagaimana : 🔥Jama’ah Tabligh(Quba) 🔥Ahmadiyah 🔥Naqsabandiyah 🔥LDII dll 👉Atau bukan juga sebuah organisasi massa sebagaimana 💥NU 💥Muhammadiyah 💥PERSIS 💥Ikhwanul Muslimin 💥Hizbut Tahrir 💥Wahdah Islamiyah dll 🔷TANGGAPAN : Ini adalah salah ❗ ⭕ Salafi bukanlah sekte, aliran, partai atau organisasi massa dll. ⭕ Namun salafi adalah manhaj (metode beragama), yaitu berusaha mengikuti orang-orang terdahulu dalam cara beragama mereka yaitu Rasulullah shallallahu alaihi wa sallam, para sahabat, tabi'in, tabi'ut tabi'in dst dari para ulama yang telah mengikuti mereka dengan baik. ⭕ Salafi suka menjelaskan bahwa cara beragama harus berdasarkan dalil-dalil yang shohih, ada contohnya atau pernah diamalkan atau dipahami oleh Rasul dan para sahabatnya, para tabi'in dan ulama-ulama yang mengikuti jejak mereka, karena cara seperti itulah yang diinginkan Allah dan Rasul-Nya dalam beragama. ✖️Bukan oleh Syaikh Muhammad bin Abdul Wahab bersama saudaranya Imam Muhammad Bin Su’ud ✖️Tidak juga oleh Syaikhul Islam Ibnu Taimiyah dan murid-muridnya ✖️Bukan pula oleh Imam Mazhab yang empat ✖️Bukan pula oleh salah seorang tabi’in, bukan pula oleh sahabat, bukan pula oleh Nabi shallallahu ’alaihi wa sallam 👉Karena para Nabi dan orang sesudah mereka menyampaikan syariat yang berasal dari Allah Subhanahu Wa Ta'ala 🌿Oleh karena itu, tidak ada yang dapat dijadikan rujukan melainkan nash dan ijma' (Ushul Wa Qowaid Fii Manhajis Salaf) ♨️Oleh karena itu, dalam dakwah Salafiyyah tidak ada : ● Ketua umum Salafi ● Salafi Cabang Jogja ( ed : atau daerah lain nya ) ● Salafi Daerah ● Tata tertib Salafi ● AD ART Salafi ● Alur Kaderisasi Salafi ● Dan tidak ada muassis (tokoh pendiri) Salafi ● Tidak ada pendiri salafi melainkan Allah dan RosulNya ● Tidak ada AD ART Salafi melainkan Al qur'an dan Sunnah dengan pemahaman para sahabat Rasulullah ﷺ Semoga dapat dipahami Wallahu 'alam bissawaab.. Follow & gabung 👇 &id=102943485770767&mibextid=Nif5oz",bismillahirrahmanirrahim pengertian manhaj salaf salafi dan seputar tentang manhaj salaf kanan salafi bukanlah sekte aliran partai atau organisasi massa bom sebagian orang mengira salafi adalah sebuah sekte aliran dll sebagaimana panas jama ah tabligh quba panas ahmadiyah panas naqsabandiyah panas ldii dll kanan atau bukan juga sebuah organisasi massa sebagaimana bom nu bom muhammadiyah bom persis bom ikhwanul muslimin bom hizbut tahrir bom wahdah islamiyah dll tanggapan ini adalah salah salafi bukanlah sekte aliran partai atau organisasi massa dll namun salafi adalah manhaj metode beragama yaitu berusaha mengikuti orang orang terdahulu dalam cara beragama mereka yaitu rasulullah shallallahu alaihi wa sallam para sahabat tabi in tabi ut tabi in dst dari para ulama yang telah mengikuti mereka dengan baik salafi suka menjelaskan bahwa cara beragama harus berdasarkan dalil dalil yang shohih ada contohnya atau pernah diamalkan atau dipahami oleh rasul dan para sahabatnya para tabi in dan ulama ulama yang mengikuti jejak mereka karena cara seperti itulah yang diinginkan allah dan rasul nya dalam beragama bukan oleh syaikh muhammad bin abdul wahab bersama saudaranya imam muhammad bin su ud tidak juga oleh syaikhul islam ibnu taimiyah dan murid muridnya bukan pula oleh imam mazhab yang empat bukan pula oleh salah seorang tabi in bukan pula oleh sahabat bukan pula oleh nabi shallallahu alaihi wa sallam kanan karena para nabi dan orang sesudah mereka menyampaikan syariat yang berasal dari allah subhanahu wa ta ala oleh karena itu tidak ada yang dapat dijadikan rujukan melainkan nash dan ijma ushul wa qowaid fii manhajis salaf oleh karena itu dalam dakwah salafiyyah tidak ada ketua umum salafi salafi cabang jogja ed atau daerah lain nya salafi daerah tata tertib salafi ad art salafi alur kaderisasi salafi dan tidak ada muassis tokoh pendiri salafi tidak ada pendiri salafi melainkan allah dan rosulnya tidak ada ad art salafi melainkan al qur an dan sunnah dengan pemahaman para sahabat rasulullah ﷺ semoga dapat dipahami wallahu alam bissawaab follow gabung bawah id io2gaeabsttot6t mibextid nifsoz,False Negative
2-7730,Jewish,1,0,0.42801797,Kapal induk sipaling ikut campur dikabarkan menuju Israel 🙄 #غزة_الآن #طوفان_الأقصى #طوفان_الاقصى_ #Gaza,kapal induk sipaling ikut campur dikabarkan menuju israel sebal,False Negative
1-6132,Ahmadiyah,1,0,0.43207374,"Bismillahirrahmanirrahim Assalamualaikum warahmatullahi wabarakaatuh. *Pengertian Manhaj Salaf/Salafi Dan Seputar Tentang Manhaj Salaf :* SALAFI BUKANLAH SEKTE, ALIRAN, PARTAI ATAU ORGANISASI MASSA❗ Sebagian orang mengira Salafi adalah sebuah sekte, aliran dll sebagaimana : Jama’ah Tabligh(Quba) Ahmadiyah Naqsabandiyah LDII dll Atau bukan juga sebuah organisasi massa sebagaimana : NU Muhammadiyah PERSIS Ikhwanul Muslimin Hizbut Tahrir Wahdah Islamiyah, dll 🔷TANGGAPAN : Ini adalah salah ❗ ⭕ Salafi bukanlah sekte, aliran, partai atau organisasi massa dll. ⭕ Namun salafi adalah manhaj (metode beragama), yaitu berusaha mengikuti orang-orang terdahulu dalam cara beragama mereka yaitu Rasulullah shallallahu alaihi wa sallam, para sahabat, tabi'in, tabi'ut tabi'in dst dari para ulama yang telah mengikuti mereka dengan baik. ✖️Bukan oleh Syaikh Muhammad bin Abdul Wahab bersama saudaranya Imam Muhammad Bin Su’ud ✖️Tidak juga oleh Syaikhul Islam Ibnu Taimiyah dan murid-muridnya ✖️Bukan pula oleh Imam Mazhab yang empat ✖️Bukan pula oleh salah seorang tabi’in, bukan pula oleh sahabat, bukan pula oleh Nabi shallallahu ’alaihi wa sallam Karena para Nabi dan orang sesudah mereka menyampaikan syariat yang berasal dari Allah Subhanahu Wa Ta'ala Oleh karena itu, tidak ada yang dapat dijadikan rujukan melainkan nash dan ijma' (Ushul Wa Qowaid Fii Manhajis Salaf) Oleh karena itu, dalam dakwah Salafiyyah tidak ada : ● Ketua umum Salafi ● Salafi Cabang Jogja ( ed : atau daerah lain nya ) ● Salafi Daerah ● Tata tertib Salafi ● AD ART Salafi ● Alur Kaderisasi Salafi ● Dan tidak ada muassis (tokoh pendiri) Salafi ● Tidak ada pendiri salafi melainkan Allah dan RosulNya ● Tidak ada AD ART Salafi melainkan Al qur'an dan Sunnah dengan pemahaman para sahabat Rasulullah ﷺ Semoga dapat dipahami Wallahu 'alam bissawaab.. Baarakallahu fikum @IslamAdaahSunaah.",bismillahirrahmanirrahim assalamualaikum warahmatullahi wabarakaatuh pengertian manhaj salaf salafi dan seputar tentang manhaj salaf salafi bukanlah sekte aliran partai atau organisasi massa sebagian orang mengira salafi adalah sebuah sekte aliran dll sebagaimana jama ah tabligh quba ahmadiyah naqsabandiyah ldii dll atau bukan juga sebuah organisasi massa sebagaimana nu muhammadiyah persis ikhwanul muslimin hizbut tahrir wahdah islamiyah dll tanggapan ini adalah salah salafi bukanlah sekte aliran partai atau organisasi massa dll namun salafi adalah manhaj metode beragama yaitu berusaha mengikuti orang orang terdahulu dalam cara beragama mereka yaitu rasulullah shallallahu alaihi wa sallam para sahabat tabi in tabi ut tabi in dst dari para ulama yang telah mengikuti mereka dengan baik bukan oleh syaikh muhammad bin abdul wahab bersama saudaranya imam muhammad bin su ud tidak juga oleh syaikhul islam ibnu taimiyah dan murid muridnya bukan pula oleh imam mazhab yang empat bukan pula oleh salah seorang tabi in bukan pula oleh sahabat bukan pula oleh nabi shallallahu alaihi wa sallam karena para nabi dan orang sesudah mereka menyampaikan syariat yang berasal dari allah subhanahu wa ta ala oleh karena itu tidak ada yang dapat dijadikan rujukan melainkan nash dan ijma ushul wa qowaid fii manhajis salaf oleh karena itu dalam dakwah salafiyyah tidak ada ketua umum salafi salafi cabang jogja ed atau daerah lain nya salafi daerah tata tertib salafi ad art salafi alur kaderisasi salafi dan tidak ada muassis tokoh pendiri salafi tidak ada pendiri salafi melainkan allah dan rosulnya tidak ada ad art salafi melainkan al qur an dan sunnah dengan pemahaman para sahabat rasulullah ﷺ semoga dapat dipahami wallahu alam bissawaab baarakallahu fikum,False Negative
2-36,Jewish,1,0,0.43358195,Eks FPI di Sumut Jagokan Anies Kompas Umur 13 Kompas Teroris Qontol Djaja Belanda Russia Israel Ozil Iran Hamas Taliban,eks fpi di sumut jagokan anies kompas umur 13 kompas teroris qontol djaja belanda russia israel ozil iran hamas taliban,False Negative
4-617,Rohingya,1,0,0.43501508,"Kalo dibiarkan di Indonesia Hei para pemuda, terutama warga aceh, sidoarjo, makasar, pekanbaru dan seluruh warga indonesia Kalo kelak tanah air tercinta kita diminta rohingya??!!apa kalian terima Ayooo kompak usir rohingya dari sekarang daripada kita dan anak cucu kita kelak yg akan diusir mereka",kalo dibiarkan di indonesia hei para pemuda terutama warga aceh sidoarjo makasar pekanbaru dan seluruh warga indonesia kalo kelak tanah air tercinta kita diminta rohingya apa kalian terima ayoo kompak usir rohingya dari sekarang daripada kita dan anak cucu kita kelak yang akan diusir mereka,False Negative
1-5533,UNKNOWN,1,0,0.43516934,Dalam Video Ini Prajurit dan Roket akan Dikirim Presiden Jokowi ke Palestina,dalam video ini prajurit dan roket akan dikirim presiden jokowi ke palestina,False Negative
2-10147,Jewish,1,0,0.45701635,Zionis israel makin hari makin keliatan kelakuannya kek dajjal,zionis israel makin hari makin keliatan kelakuannya kayak dajjal,False Negative
2-1813,LGBTQ+,1,0,0.4605051,Betah lgbt 15 M coldplay sange kebangun tidur udah bugil Open vcs bugil dah siap say Minat wa 085269249175 #vcs,betah lgbt 15 m coldplay sange kebangun tidur sudah bugil open vcs bugil dah siap saya minat wa 085269249175,False Negative
3-56,Jewish,1,0,0.4651817,Semoga anak2 dan bayi yang selamat dari reruntuhan setelah di bombardir zionis Israel Allah sehatakan yang kelak akan menjadi penerus bela Al-Aqsha Palestina.,semoga anak2 dan bayi yang selamat dari reruntuhan setelah di bombardir zionis israel allah sehatakan yang kelak akan menjadi penerus bela al aqsha palestina,False Negative
4-714,Tionghoa,1,0,0.46559447,"@sniperruben45 @Kimberley_2024 Siapa bilang sejak merdeka,.presiden itu org Jawa? Soeharto, China BJ, Habibie dari mana? Baru kali ini aku lht, org Batak bodoh, wkwkwk",asniperrubenas akimberley_2o2a siapa bilang sejak merdeka presiden itu org jawa soeharto cina bj habibie dari mana baru kali ini aku lht org batak bodoh tertawa wk,False Negative
4-2447,Disabilitas,1,0,0.47099757,@unmagnetism Udah gila ajg reply²nya,sudah gila ajg reply²nya,False Negative
2-2153,Disabilitas,1,0,0.47328192,@IndiHomeCare bales dm dong elah cs pada makan gaji buta apa gmn si,bales dm dong elah cs pada makan gaji buta apa bagaimana si,False Negative
2-12387,Jewish,1,0,0.47737494,Semoga doa kita semua bisa membebaskan dan selamatkan Palestine ... Dan semoga Zionis Israel hancur ://,semoga doa kita semua bisa membebaskan dan selamatkan palestine dan semoga zionis israel hancur,False Negative
1-3752,Disabilitas,1,0,0.4881066,COWOK GILA MEMANG [eric],cowok gila memang eric,False Negative
1-2636,"Jewish, Disabilitas",1,0,0.4889902,"Serangan Israel ke Jalur Gaza terus menggila dan membabi buta. Gelombang protes pro-Palestina pun pecah di berbagai penjuru dunia. Demonstrasi pro-Palestina itu terjadi di Indonesia, Turki, Inggris, Perancis, Malaysia, Swedia, hingga Amerika Serikat.",serangan israel ke jalur gaza terus menggila dan membabi buta gelombang protes pro palestina pun pecah di berbagai penjuru dunia demonstrasi pro palestina itu terjadi di indonesia turki inggris perancis malaysia swedia hingga amerika serikat,False Negative
2-2648,Disabilitas,1,0,0.4931862,ada gila gilanya kalo kata gua,ada gila gilanya kalo kata gua,False Negative
2-2354,Disabilitas,1,0,0.49348792,gila ya laki-laki padahal ppnya sama perempuan tp masih aja gatel,gila ya laki laki padahal ppnya sama perempuan tapi masih saja gatel,False Negative
3-2829,"Jewish, Rohingya",1,0,0.49429715,"HECERSANS HERASABONTTROTED PESTROTE DUR FAMILIE DESTROY OUR HOPE @ranahfakta Ketika para pengungsi Yahudi tiba di Palestina dengan membawa spanduk yang bertuliskan ""Orang-orang Jerman telah menghancurkan rumah dan keluarga kami, jangan hancurkan harapan kami"". #Repost @ (Berita Internasional) 
_
Jujur jadi rispek 🫡 sama om kumis jika melihat kelakuan mereka seperti ini karena cuma beliau yg bisa melawan meraka sampai kocar kacir dan terbirit birit.",hecersans herasabonttroted pestrote dur familie destroy our hope ketika para pengungsi yahudi tiba di palestina dengan membawa spanduk yang bertuliskan orang orang jerman telah menghancurkan rumah dan keluarga kami jangan hancurkan harapan kami berita internasional _ jujur jadi rispek sama om kumis jika melihat kelakuan mereka seperti ini karena cuma beliau yang bisa melawan meraka sampai kocar kacir dan terbirit birit,False Negative
