text_id,topic,label,pred_label,pred_prob,text,text_preprocessed
2-165,Jewish,1,0,6.5134106e-11,Semoga kita semua diwafatkan dalam keadaan Iman dan Islam. Aamiin. Kecuali zionis beserta antek²nya. #FreePalestine,semoga kita semua diwafatkan dalam keadaan iman dan islam aamiin kecuali zionis beserta antek²nya
3-1149,Jewish,1,0,5.4959454e-10,"Israel tersebar luas. Hal ini membuat konsumen semakin selektif dalam memilih produk yang mereka beli. Salah satu merek yang mendapat sorotan adalah Kelinci, yang dikabarkan memiliki hubungan bisnis dengan perusahaan Israel. Sebagai konsumen yang",israel tersebar luas hal ini membuat konsumen semakin selektif dalam memilih produk yang mereka beli salah satu merek yang mendapat sorotan adalah kelinci yang dikabarkan memiliki hubungan bisnis dengan perusahaan israel sebagai konsumen yang
3-1803,Jewish,1,0,1.3279208e-09,"Lagi masak mie nyemek, eh suami nyletuk ""ini produk israel bukan?"" 😩😩😩😩",lagi masak mie nyemek eh suami nyletuk ini produk israel bukan lelah lelah
1-3789,Disabilitas,1,0,9.054825e-09,"💚 ternyata ninggalin orangntu rasanya juga sakit banget ya 😟 kayak gak tega banget, tapi kalau diterusin juga nanti aku yang gila",ternyata ninggalin orangntu rasanya juga sakit banget ya khawatir seperti tidak tega banget tapi kalau diterusin juga nanti aku yang gila
1-5181,Kristen,1,0,4.3809184e-08,"Sumpah ini aksi demonstrasi coldplay pada bego apa gimanasii, kan dia kesini nyanyi : Lu denger lagu taylor swift kristen. Trs lu nyanyi/suka lagu dia lu jadi kristen or dukung kristen gitu? Gblk! Otak pake",sumpah ini aksi demonstrasi coldplay pada bego apa gimanasii kan dia kesini nyanyi lu denger lagu taylor swift kristen terus lu nyanyi suka lagu dia lu jadi kristen or mendukung kristen gitu gblk otak pake
1-4451,"Kristen, Jewish",1,0,5.7134343e-08,"Emang logika netizen ini pada amburadul, deh. Bawa2 sikap Paus Fransiskus terkait konflik Israel-Hamas utk salahkan khususnya umat Katolik di Indonesia yg dianggap pro-Israel. Lah emangnya Paus mengecam kekerasan oleh Israel itu berarti Paus anti-Yahudi/anti-Israel? 😁🤭😅🤣🤣🤣",memang logika netizen ini pada amburadul deh bawa2 sikap paus fransiskus terkait konflik israel hamas utk salahkan khususnya umat katolik di indonesia yang dianggap pro israel lah emangnya paus mengecam kekerasan oleh israel itu berarti paus anti yahudi anti israel senyum tertawa tertawa tertawa
2-12437,LGBTQ+,1,0,7.830848e-08,LGBT jangan sampai datang apalagi jika dibawa oleh Qory dan Willy Dozan. Lupakan KDRT karena kita akan Fix You di Hindia demi tercapainya Persatuan Indonesia oleh TNI AU #ColdplayInJakarta #lvonline #slotgacor #slotonline #slotpulsa #slotdepositpulsa,lgbt jangan sampai datang apalagi jika dibawa oleh qory dan willy dozan lupakan kdrt karena kita akan fix you di hindia demi tercapainya persatuan indonesia oleh tni au
1-2222,Disabilitas,1,0,8.2148176e-08,"NEWS UPDATE PREMS PR 107.5 FM Respons Pemkot Bandung soal Diduga ODGJ Viral Berhubungan Badan di Pinggir Jalan Moh Toha Foto: Freepik @prfmnews PMwsC PRFM News Channel 0818811075 Radio PRFM 107,5 News Channel",news update prems pr 107 5 fm respons pemkot bandung soal diduga odgj viral berhubungan badan di pinggir jalan moh toha foto freepik pmwsc prfm news channel 0818811075 radio prfm 107 5 news channel
1-3660,Tionghoa,1,0,9.3915524e-08,China Open 2023: 5 Wakil Indonesia Melaju ke Babak 16 Besar #parboaboa #chinaopen2023 #bulutangkis #olahraga #indonesia #changzhou,cina open 2023 5 wakil indonesia melaju ke babak 16 besar hchinaopen2o2e
1-3566,Tionghoa,1,0,1.2777261e-07,"Victor China Open 2023 32 Besar: XD: Rehan Naufal Kusharjanto/ Lisa Ayu Kusumawati 🇮🇩 vs Tang Chun Man/ Tse Ying Suet 🇭🇰 16-21, 12-21 Rehan/Lisa belum berhasil lolos ke babak selanjutnya, terima kasih atas perjuangannya. 📷: PBSI #ChinaOpen2023 #ChinaOpenSuper1000",victor cina open 2023 32 besar tertawa rehan naufal kusharjanto lisa ayu kusumawati vs tang chun man tse ying suet 16 21 12 21 rehan lisa belum berhasil lolos ke babak selanjutnya terima kasih atas perjuangannya pbsi hchinaopen2o2e hchinaopensuperioo
1-3558,Tionghoa,1,0,1.3299041e-07,"🐈 binus! Guys mandarin beelingua kl kt kerjain gmau make stroke, tp make keyboard itu cara ngetik di keyboardnya gmn?! sender udh jadiin chinese simplified tp ga ngerti ngetiknya😔",binus guys mandarin beelingua kalau kt kerjain gmau make stroke tapi make keyboard itu cara ngetik di keyboardnya gmn sender sudah jadiin cina simplified tapi tidak ngerti ngetiknya sedih
2-3587,Disabilitas,1,0,1.3989009e-07,Akun sangeann brondong gila yg buat brondong chat aj #brondong #chatbrondong,akun sangeann brondong gila yang buat brondong chat saja
1-4517,UNKNOWN,1,0,4.1454493e-07,"Jokowi Merencanakan Kecurangan Pemilu 2024,  Mengintruksikan Aparat Desa Memenangkan Salah Satu Capres",jokowi merencanakan kecurangan pemilu 2024 mengintruksikan aparat desa memenangkan salah satu calon presiden
1-3402,Jewish,1,0,4.3324985e-07,"FSV Mainz 05 resmi memutus kontrak Anwar El Ghazi terkait postingan dukungannya terhadap Palestina.

Awalnya El Ghazi posting dukungan terhadap Palestina di Insta-storynya.

Klub Mainz merespon dengan melakukan banned pada El Ghazi dari pertandingan dan latihan Mainz sampai waktu yang belum ditentukan.

Beberapa hari setelahnya zionis Israel semakin menunjukkan kekejamannya. Pada tanggal 27 Oktober dan 1 November El Ghazi pun kembali menyuarakan dukungannya dan tak memperdulikan lagi sanksi yang ia terima.

Hari ini, Mainz 05 secara resmi mengumumkan pemutusan kontrak Anwar El Ghazi.

Salut dengan keberaniannya dan pendirian El Ghazi, sob 👏

Respect ❤️

#Elghazi #Mainz #Sepakbola #Palestina #Indosport FSV Mainz 05 resmi memutus kontrak Anwar El Ghazi terkait postingan dukungannya terhadap Palestina.

Awalnya El Ghazi posting dukungan terhadap Palestina di Insta-storynya.

Klub Mainz merespon dengan melakukan banned pada El Ghazi dari pertandingan dan latihan Mainz sampai waktu yang belum ditentukan.

Beberapa hari setelahnya zionis Israel semakin menunjukkan kekejamannya. Pada tanggal 27 Oktober dan 1 November El Ghazi pun kembali menyuarakan dukungannya dan tak memperdulikan lagi sanksi yang ia terima.

Hari ini, Mainz 05 secara resmi mengumumkan pemutusan kontrak Anwar El Ghazi.

Salut dengan keberaniannya dan pendirian El Ghazi, sob 👏

Respect ❤️

#Elghazi #Mainz #Sepakbola #Palestina #Indosport",fsv mainz 05 resmi memutus kontrak anwar el ghazi terkait postingan dukungannya terhadap palestina awalnya el ghazi posting dukungan terhadap palestina di insta storynya klub mainz merespon dengan melakukan banned pada el ghazi dari pertandingan dan latihan mainz sampai waktu yang belum ditentukan beberapa hari setelahnya zionis israel semakin menunjukkan kekejamannya pada tanggal 27 oktober dan 1 november el ghazi pun kembali menyuarakan dukungannya dan tak memperdulikan lagi sanksi yang ia terima hari ini mainz 05 secara resmi mengumumkan pemutusan kontrak anwar el ghazi salut dengan keberaniannya dan pendirian el ghazi sob tepuk tangan respect cinta fsv mainz 05 resmi memutus kontrak anwar el ghazi terkait postingan dukungannya terhadap palestina awalnya el ghazi posting dukungan terhadap palestina di insta storynya klub mainz merespon dengan melakukan banned pada el ghazi dari pertandingan dan latihan mainz sampai waktu yang belum ditentukan beberapa hari setelahnya zionis israel semakin menunjukkan kekejamannya pada tanggal 27 oktober dan 1 november el ghazi pun kembali menyuarakan dukungannya dan tak memperdulikan lagi sanksi yang ia terima hari ini mainz 05 secara resmi mengumumkan pemutusan kontrak anwar el ghazi salut dengan keberaniannya dan pendirian el ghazi sob tepuk tangan respect cinta
1-3831,Disabilitas,1,0,5.0903947e-07,GILAAAA EVOS CINTA BANGET GILA VELDORA BRANZ JAGO BANGET kapan lagi liat onic di ayam ayamin 🫢,gilaa evos cinta banget gila veldora branz jago banget kapan lagi liat onic di ayam ayamin
1-4485,Kristen,1,0,8.5803646e-07,Vivat [A Thread] Emang bowleh r*mo se-c*8ul itu? Emang bowleh r*mo mainin b*a mahasiswi? Emang bowleh r*mo megang-megang mahasiswi? Bowlehhh kok kalo di kampus katolik m*** ****i*a*,vivat a thread memang bowleh r mo se c bul itu memang bowleh r mo mainin b a mahasiswi memang bowleh r mo megang megang mahasiswi bowlehh kok kalo di kampus katolik m i a
3-2308,Disabilitas,1,0,9.159753e-07,"Kok ada ya orang yang berani ngutang padahal ga punya kerjaan, trus gimana cara lu buat ganti uangnya? Gila",kok ada ya orang yang berani ngutang padahal tidak punya kerjaan terus bagaimana cara lu buat ganti uangnya gila
1-3129,Tionghoa,1,0,1.0778261e-06,"BWF Super 1000 V VICTOR CHINAOPEN ICTOR BADMINTALK China Open 2023 Women's Doubles Quarter Final Apriyani Rahayu Siti Fadia Silva Ramadhanti Baek Ha Na [2] Lee So Hee  15 21 10 21 18 21 Photo: Badmintalk Results Update of China Open 2023 - QF

Apri/Fadia harus akui kehebatan unggulan kedua. Tetap semangat! 

Foto: Badmintalk 

#china #chinaopen2023 #badmintalk #badmintoneurope #juara #champion #winner #brilliant #amazing #incredible #awesome #badminton #badmintonplayer #love #indonesia #bulutangkis #羽毛球 #バドミントン #배드민턴",bwf super 100 v victor chinaopen ictor badmintalk cina open 2023 women s doubles quarter final apriyani rahayu siti fadia silva ramadhanti baek ha na 2 lee so hee 15 21 10 21 18 21 photo badmintalk results update of cina open 2023 qf apri fadia harus akui kehebatan unggulan kedua tetap semangat foto badmintalk hchinaopen2o2e
1-2506,Jewish,1,0,1.1711367e-06,"Indonesia di PBB resmi tuntut Israel di Pengadilan Internasional terkait Genosida di Gaza. FAKTANYA GOOGLE Menteri Luar Negeri Retno Marsudi menyatakan Indonesia mendukung membawa Israel ke pengadilan internasional terkait genosida di Palestina. Pernyataan ini muncul setelah Sidang Majelis Umum PBB di New York, di mana Retno menilai serangan Israel di Gaza sebagai pelanggaran hukum internasional.

Retno menekankan akar masalah konflik Palestina adalah pendudukan ilegal Israel. Menteri Luar Negeri Yordania, Ayman Safadi, juga menyerukan Israel bertanggung jawab atas serangan di Gaza, menyebutnya kekerasan yang tak dapat diterima di mata dunia.",indonesia di pbb resmi tuntut israel di pengadilan internasional terkait genosida di gaza faktanya google menteri luar negeri retno marsudi menyatakan indonesia mendukung membawa israel ke pengadilan internasional terkait genosida di palestina pernyataan ini muncul setelah sidang majelis umum pbb di new york di mana retno menilai serangan israel di gaza sebagai pelanggaran hukum internasional retno menekankan akar masalah konflik palestina adalah pendudukan ilegal israel menteri luar negeri yordania ayman safadi juga menyerukan israel bertanggung jawab atas serangan di gaza menyebutnya kekerasan yang tak dapat diterima di mata dunia
1-3085,Disabilitas,1,0,1.604859e-06,"Ada sepuluh pemain yang akan masuk radar Real Madrid musim ini. Jika mereka terus bersinar, pintu terbuka bagi mereka untuk kembali pada tahun 2024;

• Sergio Arribas — CAM/CM
• Rafa Marin — CB
• Reinier Jesús — CAM
• Miguel Gutiérrez — LB
• Juanmi Latasa — ST
• Antonio Blanco — CDM
• Carlos Dotor — CM
• Mario Gila — CB
• Marvin Park — RW/RB
• Pablo Ramón — CB/RB

[Sumber: AS]

Siapa yang memiliki peluang lebih besar untuk menyusul Fran Garcia dan bergabung ke tim utama? 😋

➖➖➖➖➖➖➖➖➖➖➖➖➖➖➖
Follow @188BETIndonesia
sponsor resmi formula 1 dan total bwf thomas & uber cup 2020

Agen Bola & Slot Online Terpercaya @

Follow @oxl.88id Situs Online Jaminan Modal Rakyat Jadi Ningrat
➖➖➖➖➖➖➖➖➖➖➖➖➖➖➖
#realmadrid #halamadrid #rmcffans
➖➖➖➖➖➖➖➖➖➖➖➖➖➖➖ Ada sepuluh pemain yang akan masuk radar Real Madrid musim ini. Jika mereka terus bersinar, pintu terbuka bagi mereka untuk kembali pada tahun 2024;

• Sergio Arribas — CAM/CM
• Rafa Marin — CB
• Reinier Jesús — CAM
• Miguel Gutiérrez — LB
• Juanmi Latasa — ST
• Antonio Blanco — CDM
• Carlos Dotor — CM
• Mario Gila — CB
• Marvin Park — RW/RB
• Pablo Ramón — CB/RB

[Sumber: AS]

Siapa yang memiliki peluang lebih besar untuk menyusul Fran Garcia dan bergabung ke tim utama? 😋

➖➖➖➖➖➖➖➖➖➖➖➖➖➖➖
Follow @188BETIndonesia
sponsor resmi formula 1 dan total bwf thomas & uber cup 2020

Agen Bola & Slot Online Terpercaya @

Follow @oxl.88id Situs Online Jaminan Modal Rakyat Jadi Ningrat
➖➖➖➖➖➖➖➖➖➖➖➖➖➖➖
#realmadrid #halamadrid #rmcffans
➖➖➖➖➖➖➖➖➖➖➖➖➖➖➖",ada sepuluh pemain yang akan masuk radar real madrid musim ini jika mereka terus bersinar pintu terbuka bagi mereka untuk kembali pada tahun 2024 sergio arribas cam cm rafa marin cb reinier jesús cam miguel gutiérrez lb juanmi latasa st antonio blanco cdm carlos dotor cm mario gila cb marvin park rw rb pablo ramón cb rb sumber as siapa yang memiliki peluang lebih besar untuk menyusul fran garcia dan bergabung ke tim utama enak follow aibbetindonesia sponsor resmi formula 1 dan total bwf thomas uber cup 2020 agen bola slot online terpercaya follow aoxl bbid situs online jaminan modal rakyat jadi ningrat ada sepuluh pemain yang akan masuk radar real madrid musim ini jika mereka terus bersinar pintu terbuka bagi mereka untuk kembali pada tahun 2024 sergio arribas cam cm rafa marin cb reinier jesús cam miguel gutiérrez lb juanmi latasa st antonio blanco cdm carlos dotor cm mario gila cb marvin park rw rb pablo ramón cb rb sumber as siapa yang memiliki peluang lebih besar untuk menyusul fran garcia dan bergabung ke tim utama enak follow aibbetindonesia sponsor resmi formula 1 dan total bwf thomas uber cup 2020 agen bola slot online terpercaya follow aoxl bbid situs online jaminan modal rakyat jadi ningrat
1-6941,Jewish,1,0,1.821044e-06,"Aku ingin menghidupkan Hitler kembali, koyok e sing wani bikin mati Israel mek hitler deh :)",aku ingin menghidupkan hitler kembali koyok e sing wani bikin mati israel mek hitler deh senyum
1-1356,Tionghoa,1,0,1.8591633e-06,Jika benar ini cina mulai dari mana dari mana.. dari mata nya matanya kau lihat tidak ada~ Habis kucing bogel terbitlah kucing cipit 🤣😭👍🏻,jika benar ini cina mulai dari mana dari mana dari mata nya matanya kau lihat tidak ada habis kucing bogel terbitlah kucing cipit tertawa menangis setuju
1-6067,Ahmadiyah,1,0,2.5546517e-06,"FAKTA DAN DATA AHMADIYAH MENODAI ISLAM Penulis : M. Amin Djamaluddin Penerbit : LPPI Berat 500 gr Segel Pecah, Original, Berkualitas Rp.55.000 Pemesanan Buku :  S T BukaLapak kbs230515",fakta dan data ahmadiyah menodai islam penulis m amin djamaluddin penerbit lppi berat 500 gr segel pecah original berkualitas rp ss oo pemesanan buku s t bukalapak kbs2eosis
3-1125,Jewish,1,0,2.627854e-06,Istri boz grab blunder (Keluarin sumbangan untuk Palestina) Anak boz MNC dan poto poto pak boz buat rame(langsung sumbang dana ke dubes Palestina) Sekarang boz scarlet fely pro Israel bnyk netizen siap boikot nih..,istri boz grab blunder keluarin sumbangan untuk palestina anak boz mnc dan poto poto pak boz buat rame langsung sumbang dana ke dubes palestina sekarang boz scarlet fely pro israel banyak netizen siap boikot nih
2-10296,Disabilitas,1,0,2.834172e-06,Pencawapresan Gibran Cacat Legitimasi? Ini Kata Pakar Hukum Tata Negara,pencawapresan gibran cacat legitimasi ini kata pakar hukum tata negara
1-75,Disabilitas,1,0,2.8867541e-06,"Kadrun molai klojotan,, karena pendukung Anis semakin lama semakin menurun🤣🤣🤣🤣🤣. Nanti jangan gila ya druun kalo Anis nyungsep,, tabahkan hatimu pada kadrun",kadrun molai klojotan karena pendukung anis semakin lama semakin menurun tertawa tertawa nanti jangan gila ya druun kalo anis nyungsep tabahkan hatimu pada kadrun
1-4150,Kristen,1,0,2.9218938e-06,"Komunitas Katolk GarisLucu Komunitas Katolik Garis Lucu @KatolikG Orang Katolik tidak berat, tidak perlu bicara benar atau salah iman orang lain, cukup ramah pada tetangga, mengulurkan tangan saat orang ain susah dan ke Gereja secukupnya.",komunitas katolk garislucu komunitas katolik garis lucu orang katolik tidak berat tidak perlu bicara benar atau salah iman orang lain cukup ramah pada tetangga mengulurkan tangan saat orang ain susah dan ke gereja secukupnya
1-1888,Jewish,1,0,3.2665e-06,"Kita semua tahu, Cak Imin sangat berambisi jadi wakil presiden. Beginilah hasilnya. Jadi pelawak politik 😂 . . Israel Neymar Gibran suga Putus Palestina SEE YOU IN 2025 Andrew Tate Yahudi Mba Taylor namjoon Gaza Mangga UN Human Rights Council Pagii #BaeSuzy Nestle 10 Oktober",kita semua tahu cak imin sangat berambisi jadi wakil presiden beginilah hasilnya jadi pelawak politik tertawa israel neymar gibran suga putus palestina see you in 2025 andrew tate yahudi mba taylor namjoon gaza mangga un human rights council pagii nestle 10 oktober
1-2384,Jewish,1,0,3.2900791e-06,"SHINNG စး SI BRRIGH สง Br SELEB Sukai Unggahan Bela Israel Gal Gadot, Tarra Budiman Minta Maaf !nsertlive Insert Artis Tarra Budiman akhirnya memberikan klarifikasi soal aksinya menyukai unggahan Gal Gadot di Instagram. Suami Gya Sadiqah itu ketahuan menyukai atau like unggahan Gal Gadot yang berisi pembelaan terhadap Israel di tengah konfliknya dengan Palestina. Gegara aksi itu, Tarra pun dituduh pro Israel dan mendapatkan banyak kecaman dari netizen.

Cek selengkapnya di Insta Stories ya, Insertizen

Jangan lupa nonton Insert Trans TV setiap hari ya. Kalian juga bisa nonton siaran streamingnya di 

Source: Instagram tarabudiman
#TaraBudimanDikecam #GalgadotBelaIsrael #InsertLive",shinng စ si brrigh สง br seleb sukai unggahan bela israel gal gadot tarra budiman minta maaf nsertlive insert artis tarra budiman akhirnya memberikan klarifikasi soal aksinya menyukai unggahan gal gadot di instagram suami gya sadiqah itu ketahuan menyukai atau like unggahan gal gadot yang berisi pembelaan terhadap israel di tengah konfliknya dengan palestina gegara aksi itu tarra pun dituduh pro israel dan mendapatkan banyak kecaman dari netizen cek selengkapnya di insta stories ya insertizen jangan lupa nonton insert trans tv setiap hari ya kalian juga bisa nonton siaran streamingnya di source instagram tarabudiman
2-3808,Disabilitas,1,0,3.501696e-06,Aduh gua bisa gila ini anj kangen bgt fakkkk,takjub gua bisa gila ini anjing kangen banget fakk
1-2244,Jewish,1,0,3.8918383e-06,"FILM PROPAGANDA ISRAEL YANG DIUSUNG GAL GADOT SEPI PENONTON infipop Pemutaran film propaganda Israel yang berisi serangan Hamas ke Israel pada 7 Oktober dikabarkan gagal memenuhi harapan jumlah penonton. Sebab, Gal Gadot yang mengusung pemutaran film ini di Los Angeles pun tidak hadir begitu pula dengan para undangan.

Lokasi pemutaran yang seharusnya tidak diketahui, dibocorkan oleh salah satu media. Hal ini menyebabkan lokasi pemutaran, Museum Tolerance, mendapatkan ancaman. Kemudian, polisi Amerika Serikat mengirimkan pasukannya untuk pemeriksaan keamanan sebab terjadi perkelahian di lokasi.

Apa tanggapan lo, Guys?🤨

📷: gal_gadot 

#GalGadot #filmpropagandaIsrael #LosAngeles",film propaganda israel yang diusung gal gadot sepi penonton infipop pemutaran film propaganda israel yang berisi serangan hamas ke israel pada 7 oktober dikabarkan gagal memenuhi harapan jumlah penonton sebab gal gadot yang mengusung pemutaran film ini di los angeles pun tidak hadir begitu pula dengan para undangan lokasi pemutaran yang seharusnya tidak diketahui dibocorkan oleh salah satu media hal ini menyebabkan lokasi pemutaran museum tolerance mendapatkan ancaman kemudian polisi amerika serikat mengirimkan pasukannya untuk pemeriksaan keamanan sebab terjadi perkelahian di lokasi apa tanggapan lo guys ragu gal_gadot
1-1652,UNKNOWN,1,0,5.5382975e-06,Rakyat juga ragu apa bener orang yg suka film porno bisa se-religius itu sampai tampil di tayangan adzan,rakyat juga ragu apa benar orang yang suka film porno bisa se religius itu sampai tampil di tayangan adzan
1-3943,Jewish,1,0,6.4793603e-06,"Hari ke-5 Serangan ‘Badai Al-Aqsha’, 1200 Israel Tewas dan 2900 Terluka @suaraislamID_",hari ke s serangan badai al aqsha 1200 israel tewas dan 2900 terluka
2-686,LGBTQ+,1,0,7.586077e-06,"Ga cuma orgnya, hpnya juga bisa buat nangkep sinyal gay",tidak cuma orgnya hpnya juga bisa buat nangkep sinyal gay
101-96,UNKNOWN,1,0,8.807347e-06,JOKOWI SIAPKAN PERANG MELAWAN RAKYAT MELAYU,jokowi siapkan perang melawan rakyat melayu
1-1773,Disabilitas,1,0,1.1462523e-05,"dawuh GURU ""Rata-rata orang gila itu laki-laki. Karena seorang lelaki terkadang bingung mau curhat ke siapa."" Ustadzah Mumpun Handayayekti dawuhguru ""Rata-rata orang gila itu laki-laki. Karena seorang lelaki terkadang bingung mau curhat ke siapa.""

{Ustadzah Mumpuni Handayayekti}
•
Support akun ini 👇 dengan cara follow:
@dawuhgurujateng @dawuhgurujateng
•
Dan jangan lupa :
♡ㅤ   ❍ㅤ     ⎙ㅤ     ⌲
ˡⁱᵏᵉ  ᶜᵒᵐᵐᵉⁿᵗ    ˢᵃᵛᵉ    ˢʰᵃʳᵉ
•
#ulamasalaf #ulamaindonesia #ulamanusantara #ulamanu #nahdlatululama #nuonline #mbahmoen #wejangan #wejanganurip #wasiat #dawuhkyai #dawuhguru #kyainu #kyaiku #khanwarzahid #gusiqdammuhammad #gusiqdam #qulhuwaelek #quotesislami #gusbaha #dawuhepusat #lblb💙 #lb #lfl❤️ #habibsyech #habibluthfibinyahya #habibumarbinhafidz #khmaimoenzubair #caknun #khhasyimasyari",dawuh guru rata rata orang gila itu laki laki karena seorang lelaki terkadang bingung mau curhat ke siapa ustadzah mumpun handayayekti dawuhguru rata rata orang gila itu laki laki karena seorang lelaki terkadang bingung mau curhat ke siapa ustadzah mumpuni handayayekti support akun ini bawah dengan cara follow dan jangan lupa ㅤ ㅤ ㅤ ˡⁱᵏᵉ ᶜᵒᵐᵐᵉⁿᵗ ˢᵃᵛᵉ ˢʰᵃʳᵉ cinta
2-10823,Disabilitas,1,0,1.243996e-05,cape bgt nurutin orgil,cape banget nurutin orgil
2-2776,Jewish,1,0,1.2709362e-05,Israel mah bagusnya langsung ditegur aja sama yang diatas.,israel mah bagusnya langsung ditegur saja sama yang diatas
4-1856,Jewish,1,0,1.3215916e-05,Aksi boikot produk pro Israel berdampak pada lesunya bisnis McDonald's. Bos McDonald's mengungkapkan dampak dari aksi boikot ini.,aksi boikot produk pro israel berdampak pada lesunya bisnis mcdonald s bos mcdonald s mengungkapkan dampak dari aksi boikot ini
1-5544,UNKNOWN,1,0,1.3598042e-05,"Keliru, Foto yang Diklaim Pemimpin Militer AS Tewas di Gaza pada 2023",keliru foto yang diklaim pemimpin militer as tewas di gaza pada 2023
1-2565,Disabilitas,1,0,1.4002564e-05,"ANTARA SENANG ATAU SEDIH YANG DILALUI OLEH PRIA INI SENANG NYA, BISA NIKMATIN IBU, ANAK DAN JUGA MAID SEDIH NYA.. PACAR NYA JADI GILA JADI IDOL FORNO 💯
Tapi terlalu brutal juga njir,,,
Sampek makan ta** 🤪
. 
. 
#anime #animeindo #katabyanimeindolovers08",antara senang atau sedih yang dilalui oleh pria ini senang nya bisa nikmatin ibu anak dan juga maid sedih nya pacar nya jadi gila jadi idol forno sempurna tapi terlalu brutal juga njir sampek makan ta gila hkatabyanimeindolouersob
4-1723,Kristen,1,0,1.4756901e-05,Pernah liat vidio surganya kristen lucu malah main perang perangan udah gitu tuhanya ikut perang lawan naga kaya film indosiar dulu wkwk,pernah liat vidio surganya kristen lucu malah main perang perangan sudah begitu tuhanya ikut perang lawan naga kaya film indosiar dulu tertawa
1-3966,Disabilitas,1,0,1.6975157e-05,"Putusin lah anjir, gila aja suami orang di pacarin",putusin lah anjir gila saja suami orang di pacarin
1-5334,LGBTQ+,1,0,1.7272276e-05,Oh iyaa Btw Aku menyarankan untuk orang Surabaya atau Indonesia sekalipun. Jangan membuat liga di Gelora Bung Tomo! Karena kalo disingkat nanti jadi LGBT Liga Gelora Bung Tomo,oh iyaa btw aku menyarankan untuk orang surabaya atau indonesia sekalipun jangan membuat liga di gelora bung tomo karena kalo disingkat nanti jadi lgbt liga gelora bung tomo
2-365,Disabilitas,1,0,2.40939e-05,"seinget gue dulu mantan gue pushrank ga gila kek olip deh. dia pushrank masih ingat dunia, masih inget gue, masih tau apa yg harus dilakukannya di dunia. tapi olip pushrank kayak lupa dunia",seinget gue dulu mantan gue pushrank tidak gila kayak olip deh dia pushrank masih ingat dunia masih inget gue masih tau apa yang harus dilakukannya di dunia tapi olip pushrank seperti lupa dunia
1-5352,LGBTQ+,1,0,2.4974852e-05,"💚 cw // lgbt wkt sklh aku punya temen melambai tapi dia suka nutupin kl dia gt tapi ttp ak udh tau sih, pas udh lulus dan gak ketemu tmn tmn sklh dia malah menjadi jadi gini😭",cw lgbt wkt sklh aku punya teman melambai tapi dia suka nutupin kalau dia begitu tapi ttp ak sudah tau sih pas sudah lulus dan tidak ketemu teman teman sklh dia malah menjadi jadi begini menangis
3-2210,Jewish,1,0,2.8002505e-05,Berkat berbagai inovasi yang dilakukan Ganjar terhadap dunia UMKM sekarang UMKM jawa tengah semakin kokoh . TAG Shopeepay Ngelunjak Gaza Pak Jokowi Alwi Israel Dana Yahudi Hamas Holocaust Chiara Karni Ilyas Iran Kompas WE LOVE YOU TAEHYUNG Siang Nduk,berkat berbagai inovasi yang dilakukan ganjar terhadap dunia umkm sekarang umkm jawa tengah semakin kokoh tag shopeepay ngelunjak gaza pak jokowi alwi israel dana yahudi hamas holocaust chiara karni ilyas iran kompas we love you taehyung siang nduk
3-2437,Disabilitas,1,0,2.8435383e-05,Kalo yg butuh sendiri ya fast respon. Tapi giliran dibutuhin pura² buta dan,kalo yang butuh sendiri ya fast respon tapi giliran dibutuhin pura² buta dan
1-2560,Jewish,1,0,2.84636e-05,"Do Hak Cipta Milik: PinterPolitik Segala Bentuk Plagiat Bisa Ditindak PICTURES AMERIKA SERIKAT MULAI DITINGGALKAN AS-Israel makin ditinggal sendirian Terlihat dari voting Resolusi PBB Terkait perlindungan warga sipil di konflik Israel-Palestina Negara-negara Barat sudah tidak satu suara ""Menekankan pada hak Israel untuk melindungi diri dari teroris"" Linda Thomas-Greenfield, Dubes AS untuk PBB (30/10) Barat Beda Sikap di Resolusi PBB Amerika Serikat: Against Britania Raya: Abstention Spanyol: In Favour Sumber: UN Watch, The Guardian, berbagai sumber, Sumber Gambar: Berbagai Sumber A43 E95  pinterpolitikdotcom pinterpolitik pinterpolitik Prancis: In Favour P Nggak punya temen, nggak punya temen~ 🫥

Amerika Serikat (AS) tampak semakin ditinggalkan oleh banyak negara. Ini terlihat dari hasil pemungutan suara di Majelis Umum Perserikatan Bangsa-bangsa (MU PBB) mengenai perlindungan warga sipil di konflik Palestina dan Israel.

Sebanyak 120 negara mendukung gencatan senjata dengan alasan humaniter di Israel dan Palestina. Sementara, hanya 14 negara – termasuk AS dan Israel – menolak. Britania Raya, misalnya, memilih untuk abstain. Di sisi lain, Prancis dan Spanyol justru menyetujui adanya gencatan senjata.

Hmm, mungkinkah ini pertanda bahwa Paman Sam semakin tidak punya teman – bahkan di circle-nya sendiri? Gimana menurut kalian, guys? Share your thoughts in the comments ya! ✌🏼💬

#amerikaserikat #AS #israel #palestina #spanyol #prancis #britaniaraya #pbb #pinterpolitik #beritapolitik #infografis #politik #politikIndonesia",do hak cipta milik pinterpolitik segala bentuk plagiat bisa ditindak pictures amerika serikat mulai ditinggalkan as israel makin ditinggal sendirian terlihat dari voting resolusi pbb terkait perlindungan warga sipil di konflik israel palestina negara negara barat sudah tidak satu suara menekankan pada hak israel untuk melindungi diri dari teroris linda thomas greenfield dubes as untuk pbb 30 10 barat beda sikap di resolusi pbb amerika serikat against britania raya abstention spanyol in favour sumber un watch the guardian berbagai sumber sumber gambar berbagai sumber aae egs pinterpolitikdotcom pinterpolitik pinterpolitik prancis in favour p tidak punya temen tidak punya temen amerika serikat as tampak semakin ditinggalkan oleh banyak negara ini terlihat dari hasil pemungutan suara di majelis umum perserikatan bangsa bangsa mu pbb mengenai perlindungan warga sipil di konflik palestina dan israel sebanyak 120 negara mendukung gencatan senjata dengan alasan humaniter di israel dan palestina sementara hanya 14 negara termasuk as dan israel menolak britania raya misalnya memilih untuk abstain di sisi lain prancis dan spanyol justru menyetujui adanya gencatan senjata hmm mungkinkah ini pertanda bahwa paman sam semakin tidak punya teman bahkan di circle nya sendiri bagaimana menurut kalian guys share your thoughts in the comments ya menang
1-3835,Disabilitas,1,0,2.865012e-05,gue sayang bgt sama mark gila sayangnya pake bgttttt,gue sayang banget sama mark gila sayangnya pake bgtt
2-10427,Jewish,1,0,3.3632823e-05,"Israel hanya berani membantai anak anak, perempuan, dan masyarakat sipil pada umumnya.",israel hanya berani membantai anak anak perempuan dan masyarakat sipil pada umumnya
1-5938,Disabilitas,1,0,4.2214186e-05,"Mangkanya kenapa twitan isinya keributan, ini akibat orang-orang yang masih buta pada lalu lalang melintas memenuhi jalan raya",mangkanya kenapa twitan isinya keributan ini akibat orang orang yang masih buta pada lalu lalang melintas memenuhi jalan raya
2-956,Disabilitas,1,0,4.7680194e-05,ga pernah berani juga soalnya aku buta juling :(,tidak pernah berani juga karena aku buta juling sedih
3-130,Disabilitas,1,0,6.744223e-05,"lo berubah semenjak mengenal dunia itu, lo bukan lagi cwek yg gua kenal dulu, cwek sederhana dengan tatapan yg begitu teduh,sekarang lo ga lebih dari seorang pel**ur yg gila akan kemewahan",lo berubah semenjak mengenal dunia itu lo bukan lagi cwek yang gua kenal dulu cwek sederhana dengan tatapan yang begitu teduh sekarang lo tidak lebih dari seorang pel ur yang gila akan kemewahan
1-1610,UNKNOWN,1,0,7.24847e-05,Judul Artikel Jadwal Kunker RI 1 dan RI 3 di Daerah NTT,judul artikel jadwal kunker ri 1 dan ri 3 di daerah ntt
1-5132,LGBTQ+,1,0,8.078917e-05,Nomor 1 Anies – Muhaimin #AniesMuhaimin2024 #AMINAjaDulu #AMINNo1Juara1 Menang Total 15 M Freeport No 1 2 No 3 Bu Mega KDRT Kami Muak #TimnasDay Freeport TNI AU LGBT 15 M Biden Fix You Hindia EXO LAY KDRT Qory #Sweet18withGARAM Ji Da Bin #pesawatjatuh SCBD FOMO Irak Indonesia U17,nomor 1 anies muhaimin haniesmuhaimin2o2a haminnoijuarai menang total 15 m freeport no 1 2 no 3 bu mega kdrt kami muak freeport tni au lgbt 15 m biden fix you hindia exo lay kdrt qory hsweetibwithgaram ji da bin scbd fomo irak indonesia uit
1-2258,"Jewish, Disabilitas",1,0,0.000100767415,"Gempuran Israel yang semakin membabi buta ke Jalur Gaza Palestina hingga saling serang Tel Aviv dengan milisi Hizbullah di Lebanon masih menjadi sorotan berita internasional.

Berikut kilas berita internasional pada Kamis (2/11):

Kelompok militan Hizbullah di Lebanon meluncurkan sekitar 25 hingga 30 roket ke Kiryat Shmona, sebuah kota di utara Israel, Kamis (2/11).

Radio militer Israel mengunggah beberapa foto di media sosial yang menunjukkan sejumlah kendaraan di kota tersebut terbakar. Belum diketahui adanya korban.

Sebuah roket dilaporkan mengenai hunian di sana, dikutip Al Jazeera. Beberapa ledakan juga terdengar di pangkalan Angkatan Laut Naqoura. Beberapa ledakan juga terdengar di pangkalan Angkatan Laut Naqoura. Hizbullah mengakui telah meluncurkan drone berbekal bahan peledak dan menargetkan pusat komando Israel di arah timur.

( … )

sc/

Follow Akun @
Follow Akun @
Official Partner @lokita_purworejo | @bakpia_jeane

#purworejo #punyapurworejo #purworejonan #purworejoterkini #purworejoku #infopurworejo
CEK STORY!",gempuran israel yang semakin membabi buta ke jalur gaza palestina hingga saling serang tel aviv dengan milisi hizbullah di lebanon masih menjadi sorotan berita internasional berikut kilas berita internasional pada kamis 2 11 kelompok militan hizbullah di lebanon meluncurkan sekitar 25 hingga 30 roket ke kiryat shmona sebuah kota di utara israel kamis 2 11 radio militer israel mengunggah beberapa foto di media sosial yang menunjukkan sejumlah kendaraan di kota tersebut terbakar belum diketahui adanya korban sebuah roket dilaporkan mengenai hunian di sana dikutip al jazeera beberapa ledakan juga terdengar di pangkalan angkatan laut naqoura beberapa ledakan juga terdengar di pangkalan angkatan laut naqoura hizbullah mengakui telah meluncurkan drone berbekal bahan bom dan menargetkan pusat komando israel di arah timur sc follow akun follow akun official partner cek story
2-313,Jewish,1,0,0.00010160377,"Ini tuh udah enak ya masalah Palestina udah banyak sepakat fokus utamanya di HAM, bukan persoalan Yahudi Islam. Nah tiba2 datang nih orang benturin ini sama masalah pelarangan Ibadah. Kira2 orang makin simpati gak ya sama masalah pelarang Ibadah? Atau malah makin antipati?",ini itu sudah enak ya masalah palestina sudah banyak sepakat fokus utamanya di ham bukan persoalan yahudi islam nah tiba2 datang ini orang benturin ini sama masalah pelarangan ibadah kira2 orang makin simpati tidak ya sama masalah pelarang ibadah atau malah makin antipati
2-255,Disabilitas,1,0,0.00010547462,PARK SEONGHWA BRENGSEKKKKKK GUE GILA GEGARA ELUUUUU ANJING GUE PALING GATAHAN TEMA KERAJAAN GINI ANJINGGGG,park seonghwa brengsekk gue gila gegara eluu anjing gue paling gatahan tema kerajaan begini anjingg
1-138,Disabilitas,1,0,0.000109563945,"KADRUN PADA MENCRET BERAK DICELANA LIHAT PRESTASI GANJAR, SLAMA INI KADRUN BUTA DAN TULI TIDAK TAU PRIHAL JATENG HANYA DENGER HOAX🤣🤣",kadrun pada mencret berak dicelana lihat prestasi ganjar slama ini kadrun buta dan tuli tidak tau prihal jateng hanya denger hoaks tertawa tertawa
2-1744,Disabilitas,1,0,0.00011942159,sinyal by'U makin hari makin cacat nih!,sinyal by u makin hari makin cacat nih
2-5885,Tionghoa,1,0,0.00012022564,"Gue bilang juga apa, abis ini Giginya Imin dan Paloh akan Hangus uk padamin Berita Bibib.. Susah² Paloh ngajakin Anies ikut Nyanyi-nyanyi Kebaktian ke Gereja & jadi Warga Kehormatan Tionghoa. Klimaksnya Gini doang 🤣🤣 Jangan pilih pemimpin yg terindikasi dengan Kelompok Radikal dan Intoleran. #IngatTragediPilkadaJakarta",gue bilang juga apa habis ini giginya imin dan paloh akan hangus uk padamin berita bibib susah² paloh ngajakin anies ikut nyanyi nyanyi kebaktian ke gereja jadi warga kehormatan tionghoa klimaksnya begini doang tertawa tertawa jangan pilih pemimpin yang terindikasi dengan kelompok radikal dan intoleran
4-858,LGBTQ+,1,0,0.00013143638,Gue pasang iklan kerja di olx knpa bnyak yg chat gay ajak pacaran ya serem bner ada yg sama kaya gue ga?,gue pasang iklan kerja di olx knpa bnyak yang chat gay ajak pacaran ya menakutkan bner ada yang sama kaya gue ga
1-5056,LGBTQ+,1,0,0.00015713615,ngapain transgender mahal mahal kalau ga jumatan 3x udah cukup buat ganti kelamin @jarit1140,ngapain transgender mahal mahal kalau tidak jumatan ex sudah cukup buat ganti kelamin ajaritiiao
2-4088,Disabilitas,1,0,0.00016680826,stop bilang gue gila cmn gara gara ngobrol sama kucing,stop bilang gue gila cmn gara gara ngobrol sama kucing
2-497,Tionghoa,1,0,0.00018149905,"Memperketat masuknya Tenaga Kerja Asing adalah sebuah upaya u/ melindungi tenaga kerja dalam negeri . . Selain itu isu TKA Cina sering menjadi bahan Agitasi,rawan berubah menjadi masalah sosial politik yg bisa mengancam stabilitas Negara From This. To This",memperketat masuknya tenaga kerja asing adalah sebuah upaya u melindungi tenaga kerja dalam negeri selain itu isu tka cina sering menjadi bahan agitasi rawan berubah menjadi masalah sosial politik yang bisa mengancam stabilitas negara from this to this
1-5863,Tionghoa,1,0,0.00018392448,"Nah loh,  dah  ky jaman penjajahan bos nya  org asing centeng2  nya  bangsa sendiri. 

Apk ponzi, pinjol, software  judi online, love scamming  kenapa pelakunya kebanyakan  china mainland?

Kok bukan org vietnam  or  org kamboja  or  jepang  gt

WNA  kalo kerja legal n bermanfaat  welcome ,  ini gw sorotin yg kerjanya  nyedot  duit bangsa indonesia secara  ilegal/  gak manusiawi Nah loh,  dah  ky jaman penjajahan bos nya  org asing centeng2  nya  bangsa sendiri. 

Apk ponzi, pinjol, software  judi online, love scamming  kenapa pelakunya kebanyakan  china mainland?

Kok bukan org vietnam  or  org kamboja  or  jepang  gt

WNA  kalo kerja legal n bermanfaat  welcome ,  ini gw sorotin yg kerjanya  nyedot  duit bangsa indonesia secara  ilegal/  gak manusiawi",nah loh dah ky jaman penjajahan bos nya org asing centeng2 nya bangsa sendiri apk ponzi pinjol software judi online love scamming kenapa pelakunya kebanyakan cina mainland kok bukan org vietnam or org kamboja or jepang begitu wna kalo kerja legal n bermanfaat welcome ini gue sorotin yang kerjanya nyedot duit bangsa indonesia secara ilegal tidak manusiawi nah loh dah ky jaman penjajahan bos nya org asing centeng2 nya bangsa sendiri apk ponzi pinjol software judi online love scamming kenapa pelakunya kebanyakan cina mainland kok bukan org vietnam or org kamboja or jepang begitu wna kalo kerja legal n bermanfaat welcome ini gue sorotin yang kerjanya nyedot duit bangsa indonesia secara ilegal tidak manusiawi
1-3073,Jewish,1,0,0.00018486775,"rj  Jawa Barat Nasional Politik Ekonomi Hadiri Do'a Bersama di Pesantren Minggir Sleman Yogyakarta, Mahfud MD Minta Allah Binasakan Israel Amus Mustaqim Minggu, 5 November 2023 10:31 WIB Waduh idolaku kok doanya begini ya?

By: HT





",rj jawa barat nasional politik ekonomi hadiri do a bersama di pesantren minggir sleman yogyakarta mahfud md minta allah binasakan israel amus mustaqim minggu 5 november 2023 10 31 wib waduh idolaku kok doanya begini ya by ht
3-1805,Jewish,1,0,0.0001896997,Jalur Gaza terus mengalami kehancuran. Pembantaian terus dilakukan oleh ZIONIS NAZI ISRAEL TERORIS STATE,jalur gaza terus mengalami kehancuran pembantaian terus dilakukan oleh zionis nazi israel teroris state
2-9116,Disabilitas,1,0,0.00019909939,"GILA BELANDAAA, NIKUNGNYA GILA BANGETTTT",gila belandaa nikungnya gila bangett
2-7723,Jewish,1,0,0.00019977825,GAZA UNDER ATTACK‼️ Hingga saat ini pembataian penduduk palestina di Gaza sangat masif dilakukan oleh pesawat tempur zionis israel dengan target menyasar ke pemukiman yang padat penduduknya. #FreePalestine #IsraelTerrorists #MoslemUnited #Fight2Freedom,gaza under attack hingga saat ini pembataian penduduk palestina di gaza sangat masif dilakukan oleh pesawat tempur zionis israel dengan target menyasar ke pemukiman yang padat penduduknya hfight2freedom
1-2109,Jewish,1,0,0.0002017107,"#Saatnya Pembuktian !!!... Dulu Ganjar Pranowo dikecam karena menolak Timnas Piala Dunia U 20 Israel hadir di Indonesia, yg sekaligus berimbas pada batalnya pelaksanaan FIFA WC U 20 di Indonesia, jika ditarik kebelakang 'berarti ada yg benci Ganjar Pranowo dan pro Israel ketika itu, Kini kita (termasuk Parah Tokoh Nasional) semua mengecam Israel karena anti Palestina, Pertanyaannya kini, Beranikah mereka yg dulu mengecam Ganjar Pranowo buka suara ?... Salam Perjuangan & Kemenangan !!!, Ganjar Pranowo & Machfud MD Untuk Presiden dan Wkl Presiden priode 2024/2029.",pembuktian dulu ganjar pranowo dikecam karena menolak timnas piala dunia u 20 israel hadir di indonesia yang sekaligus berimbas pada batalnya pelaksanaan fifa wc u 20 di indonesia jika ditarik kebelakang berarti ada yang benci ganjar pranowo dan pro israel ketika itu kini kita termasuk parah tokoh nasional semua mengecam israel karena anti palestina pertanyaannya kini beranikah mereka yang dulu mengecam ganjar pranowo buka suara salam perjuangan kemenangan ganjar pranowo machfud md untuk presiden dan wkl presiden priode 2024 2029
2-1106,Jewish,1,0,0.00021202036,"Hahahaha kasian banget, lupus dijadiin alesan🤭 Giliran lagi mgewar ga boleh bawa bawa penyakit. Tapi giliran like postingan Israel bawa bawa penyakit. Emang boleh segemeter itu tangannya? Btw, like postingan ig harus 2x tap loh. Fyi aja, takut lo ga tau🥴",hahahaha kasihan banget lupus dijadiin alesan tertawa giliran lagi mgewar tidak boleh bawa bawa penyakit tapi giliran like postingan israel bawa bawa penyakit memang boleh segemeter itu tangannya btw like postingan ig harus 2x tap loh fyi aja takut lo tidak tau
1-6908,Jewish,1,0,0.00021418303,As boleh kirim senjata u bantu israel kenapa negara lain tdk boleh krm bantuan senjata ke palestina. AS Kirim Kapal Perang & Jet Tempur Bantu Israel Serang Hamas,as boleh kirim senjata u bantu israel kenapa negara lain tidak boleh krm bantuan senjata ke palestina as kirim kapal perang jet tempur bantu israel serang hamas
4-3649,Syiah,1,0,0.00021781049,"@Muhamma70893310 @AsbabulKop51425 Dia Syiah Majusi, mereka punya mushab sendiri namanya mushab fatimiyah https://t.co/Ot5O0TbrSp",amuhammatobgeeio aasbabulkopsia2s dia syiah majusi mereka punya mushab sendiri namanya mushab fatimiyah
1-2731,Jewish,1,0,0.0002280683,Rudal ayssah 250 dari Brigade Al-Qassam👉 Berhasil mengguncang Kota Tel Aviv ( wilayah zionis Israel ) sebagai respons atas pembantaian yang dilakukan Zionis terhadap warga sipil di Gaza. Palestina,rudal ayssah 250 dari brigade al qassam kanan berhasil mengguncang kota tel aviv wilayah zionis israel sebagai respons atas pembantaian yang dilakukan zionis terhadap warga sipil di gaza palestina
2-1456,Jewish,1,0,0.00023101628,"Hari pertama ngeliat postingan tentang palestine biasa aja , mungkin karna sudah terlalu sering , tapi pas ngeliat anak kecil palestine kena bom , wahhh memang asu israel ..",hari pertama ngeliat postingan tentang palestine biasa saja mungkin karna sudah terlalu sering tapi pas ngeliat anak kecil palestine kena bom wahh memang asu israel
2-3909,Jewish,1,0,0.00023143693,"Habisi Ratusan Pohon Di Monas, Anies Tak Paham Aturan Israel Mirna Opung EMANG BOLEHHH Hamas Paha Hansol Sunda #SelaluMenggoda Gaza Guru Hari Sabtu Rehan CONGRATULATIONS SUGA Real Life Jake Opung",habisi ratusan pohon di monas anies tak paham aturan israel mirna opung memang bolehh hamas paha hansol sunda gaza guru hari sabtu rehan congratulations suga real life jake opung
1-2742,Jewish,1,0,0.00023489472,"Pihak berwenang Israel September lalu melarang Menlu Inggris James Cleverly mengunjungi sebuah desa di Tepi Barat yg seluruh penduduk Palestinanya telah diusir oleh pemukim Israel, mnurut Middle East Eye. Namun Inggris tetap bungkam atas kejahatan Israel di Palestina yg diduduki.",pihak berwenang israel september lalu melarang menlu inggris james cleverly mengunjungi sebuah desa di tepi barat yang seluruh penduduk palestinanya telah diusir oleh pemukim israel mnurut middle east eye namun inggris tetap bungkam atas kejahatan israel di palestina yang diduduki
1-6565,Tionghoa,1,0,0.00026672773,Dijaman Soeharto pemerintah bagi bagi tanah untuk rakyat kecil dlm bentuk  ditanggung hidupnya selama  banyak yg sukses. Dijaman orde IJASAH PALSU rakyat diusir dari kampungnya untuk cina..,dijaman soeharto pemerintah bagi bagi tanah untuk rakyat kecil dlm bentuk ditanggung hidupnya selama banyak yang sukses dijaman orde ijasah palsu rakyat diusir dari kampungnya untuk cina
2-6922,Disabilitas,1,0,0.00026897425,"GA HABIS PIKIR DAH, SINTING BANGET CAPEK. ORGIL BANGET TUHAN",tidak habis pikir dah sinting banget capek orgil banget tuhan
2-6009,Jewish,1,0,0.0002853484,Prabowo sosok yang kejam dan tidak tahu terimakasih tag CONGRATULATIONS JIN Gibran Kiai Thoifur Saw X UNPAR Karma Zionis Shani Emma Piala Asia Kamis Hamas Rabu 11 Oktober 2023 Israel Ahhhh Gaza Mangga,prabowo sosok yang kejam dan tidak tahu terimakasih tag congratulations jin gibran kiai thoifur saw x unpar karma zionis shani emma piala asia kamis hamas rabu 11 oktober 2023 israel ahh gaza mangga
2-8823,Disabilitas,1,0,0.00030394693,"Sampai kapan anda akan membenci keluarga sendiri , kamu kaya tapi hatimu , mulutmu sudah buta dengan dunia ,terutama soal uang padahal bukan itu yang di ajarkan sesuai agama mu , anda haji dan anak2 kamu akan menyesal",sampai kapan anda akan membenci keluarga sendiri kamu kaya tapi hatimu mulutmu sudah buta dengan dunia terutama soal uang padahal bukan itu yang di ajarkan sesuai agama mu anda haji dan anak2 kamu akan menyesal
4-2529,Jewish,1,0,0.0003188617,"Hebat israel nih, banyak negara budaknya ikut bela genocide nya",hebat israel nih banyak negara budaknya ikut bela genocide nya
1-3981,LGBTQ+,1,0,0.00033422568,Anies itu sungguh sangat naif . . . FISIP UI Adakami Seword LGBT Rempang Umur 22 iOS 17 Pinjol Hoax Bahlul Senin Merangkul WE LOVE YOU JENNIE Canadian Citizen Selasa Greta #Tiffanyandco,anies itu sungguh sangat naif fisip ui adakami seword lgbt rempang umur 22 ios 17 pinjol hoaks bahlul senin merangkul we love you jennie canadian citizen selasa greta
4-2849,Rohingya,1,0,0.00033517304,"@1nl4nd3r @Pai_C1 Sampah2 rohingya itu Suruh hidup dirumahnya kalo gitu, enak aja dikasih kewarganegaraan. Tolol",ainlander apai_ci sampah2 rohingya itu suruh hidup dirumahnya kalo gitu enak saja dikasih kewarganegaraan tolol
2-11098,Disabilitas,1,0,0.00034528662,"Sosok Romlah, Wanita ODGJ Lahiran Sendiri dan Mandikan Bayinya di Selokan, Ternyata Dulunya TKW @tribunnews",sosok romlah wanita odgj lahiran sendiri dan mandikan bayinya di selokan ternyata dulunya tenaga kerja wanita
1-5400,LGBTQ+,1,0,0.00035030767,"Konyol! Indonesia Jadi Bahan Olok-olok Dunia, Hukum Dilanggar Demi Anak Penguasa Bisa Maju sebagai Cawapres LGBT TNI AU KDRT 15 M Fix You My Universe Hindia Qory Coty Chris Martin willy dozan Nabil SMTOWN",konyol indonesia jadi bahan olok olok dunia hukum dilanggar demi anak penguasa bisa maju sebagai calon wakil presiden lgbt tni au kdrt 15 m fix you my universe hindia qory coty chris martin willy dozan nabil smtown
1-3790,Disabilitas,1,0,0.0003571616,Orang paling sinting no 1 di dunia ini jatuh kepada Robi Chandra,orang paling sinting no 1 di dunia ini jatuh kepada robi chandra
2-504,Disabilitas,1,0,0.00036585462,"EH SINTING KALI YA LU BERUDA, GUE BENERAN ABIS NULIS AU LO BERDUA DAN LO UPLAOD, BLOK BANGET MAKASIH BAHANNYA KO",eh sinting kali ya lu beruda gue beneran habis nulis au lo berdua dan lo uplaod blok banget makasih bahannya ko
2-12638,Jewish,1,0,0.00038476236,"MUI Tetapkan Fatwa Haram Beli Produk Yang Pro Kepada Israel VIRALTIMELINE 11/11/2023 MUI secara sah menetapkan fatwa haram membeli produk yang pro kepada Israel. 

Berikut secara lengkap, Fatwa MUI Nomor 83 Tahun 2023 tentang Hukum Dukungan terhadap Perjuangan Palestina, sebagai berikut:

Ketentuan Hukum

1. Mendukung perjuangan kemerdekaan Palestina atas agresi Israel hukumnya wajib.

2. Pemerintah diimbau untuk mengambil langkah-langkah tegas membantu perjuangan Palestina, seperti melalui jalur diplomasi di PBB untuk menghentikan perang dan sanksi pada Israel, pengiriman bantuan kemanusiaan, dan konsolidasi negara-negara Organisasi Kerja sama Islam (OKI) untuk menekan Israel menghentikan agresi.

3. Umat Islam diimbau untuk semaksimal mungkin menghindari transaksi dan penggunaan produk Israel dan yang terafiliasi dengan Israel serta yang mendukung penjajahan dan zionisme.

Bagaimana pendapat kalian?

Cairin limit paylater bisa di
@kedaicecilions",mui tetapkan fatwa haram beli produk yang pro kepada israel viraltimeline 11 11 2023 mui secara sah menetapkan fatwa haram membeli produk yang pro kepada israel berikut secara lengkap fatwa mui nomor 83 tahun 2023 tentang hukum dukungan terhadap perjuangan palestina sebagai berikut ketentuan hukum 1 mendukung perjuangan kemerdekaan palestina atas agresi israel hukumnya wajib 2 pemerintah diimbau untuk mengambil langkah langkah tegas membantu perjuangan palestina seperti melalui jalur diplomasi di pbb untuk menghentikan perang dan sanksi pada israel pengiriman bantuan kemanusiaan dan konsolidasi negara negara organisasi kerja sama islam oki untuk menekan israel menghentikan agresi 3 umat islam diimbau untuk semaksimal mungkin menghindari transaksi dan penggunaan produk israel dan yang terafiliasi dengan israel serta yang mendukung penjajahan dan zionisme bagaimana pendapat kalian cairin limit paylater bisa di
2-1094,Tionghoa,1,0,0.00042768402,"Kirain sekte pengemis cuma ada di film2 china aja, ternyata di +62 ada jga setiap pagi lewat jalan itu pasti udh duduk2 bawa karung dipinggir2 jln bawa anak ny lagi di suruh tidur pinggir jln malah ada yg masih bayi juga.",kirain sekte pengemis cuma ada di film2 cina aja ternyata di 62 ada juga setiap pagi lewat jalan itu pasti sudah duduk2 bawa karung dipinggir2 jln bawa anak ny lagi di suruh tidur pinggir jln malah ada yang masih bayi juga
3-1674,"Tionghoa, Disabilitas",1,0,0.00043173524,"Kmrm ada yang bercanda (dia kl bercanda tuh nyata, kek ngatain org gendut, ya emg org nya gendut gt), nah dia bercandain gw, bilang gini di depan kelas pake logat2 cina brcnda ""Muka kaya (nama q) mana ada yang mau looo"" Jujur dr dulu prnh diginiin jg tp baru kali ini terang2an",kmrm ada yang bercanda dia kalau bercanda itu nyata kayak ngatain org gendut ya memang org nya gendut gt nah dia bercandain gw bilang begini di depan kelas pake logat2 cina brcnda muka kaya nama q mana ada yang mau loo jujur dr dulu prnh diginiin juga tapi baru kali ini terang2an
4-4479,Kristen,1,0,0.0004347571,"@eleventwice @ismailfahmi @SumitroYoel Pemilu ini terlalu tidak islam vs kristen kaya pemilu2 sebelumnya, makanya butuh ada yang angkat isu ini lagi buat polarisasi. Mana sudi bajingan2 itu kalo isu ini gak naik pas pemilu. Pengadu domba kaya gini dan SJW yang menyetujuinya cuma bisa dibalaa di hari pembalasan.",pemilu ini terlalu tidak islam vs kristen kaya pemilu2 sebelumnya makanya butuh ada yang angkat isu ini lagi buat polarisasi mana sudi bajingan2 itu kalo isu ini tidak naik pas pemilu pengadu hasut kaya begini dan sjw yang menyetujuinya cuma bisa dibalaa di hari pembalasan
2-11278,Disabilitas,1,0,0.00045113472,"Gw jadi codebluuu ngamuk sihh, makan gulai kepala ikan kakap harganya 205rb tapi dagingnya amis di payakumbuah, sedangkan gw beli ini deket rumah, cuma 20rb di warung padang rumahan. Hahahaha gila ://",gue jadi codebluu ngamuk sihh makan gulai kepala ikan kakap harganya 2osrb tapi dagingnya bau di payakumbuah sedangkan gue beli ini deket rumah cuma 2orb di warung padang rumahan hahahaha gila
1-2285,Jewish,1,0,0.00045430526,"islamgate enlighten BREAKING NEWS Yaov Gallant: semua pendukung Hamas di seluruh dunia harus mati. Israel criminal Menteri Pertahanan Israel, Yoav Gallant mengatakan bahwa semua pendukung Hamas di Dunia harus mati.

Monggo mampir gaes @ 

Repost @islamsgate",islamgate enlighten breaking news yaov gallant semua pendukung hamas di seluruh dunia harus mati israel criminal menteri pertahanan israel yoav gallant mengatakan bahwa semua pendukung hamas di dunia harus mati monggo mampir gaes repost
3-2723,Jewish,1,0,0.00046628277,👉Reporter ini Tak Tahan Menahan Haru melihat Keadaan yg terjadi di Gaza Palestina akibat Kebiadaban zionis Israel Beliau menceritakan sambil 😭 menangis Anak umur sebulan tewas Ada juga kepala anak yg lepas dari badan nya,kanan reporter ini tak tahan menahan haru melihat keadaan yang terjadi di gaza palestina akibat kebiadaban zionis israel beliau menceritakan sambil menangis menangis anak umur sebulan tewas ada juga kepala anak yang lepas dari badan nya
1-5122,LGBTQ+,1,0,0.00048851117,"📢RUPIAH89 Situs Slot Online Paling Gacor Terpercaya, Gampang Maxwin Minimal Deposit Hanya 5k 🔍Cari Kami Di Google Ketik : RUPIAH89 #RUPIAH89 #slotgacor #slotonline #slotdana #slotthailand #slotkamboja #slotvietnam LGBT Coldplay IsraelTerrorism Hindia Feni No 3 Kami Muak",rupiahbg situs slot online paling gacor terpercaya gampang maxwin minimal deposit hanya sk cari kami di google ketik rupiahbg hrupiahbg lgbt coldplay israelterrorism hindia feni no 3 kami muak
3-836,Jewish,1,0,0.0005258474,"BAZNAS LAZNAS AZNAS JATNAS 050 A BAZNAS 23 Bantuan ke Palestina dari Indonesia Tertahan di Mesir, Tunggu Izin dari Israel Duta Besar Pa Ies tina untuk Indonesia, Zu hair Al Shun mengatakan, bantuan kemanusiaan dari Indonesia masih tertahan di Mesir. 

“Semua bantuan kemanusiaan, bahkan dari pemerintah Indonesia, ada di El Ar ish, Mesir, menunggu izin dari para ‘pem bu nuh’ ls ra eI,” kata Zu hair usai penerimaan 22 calon kadet Pa Ies tina di Kantor Kementerian Pertahanan, Jakarta Pusat, Rabu (8/11/2023). 

Bahkan, Zu hair menyebutkan, pemerintah Pa les tina pun kesulitan masuk ke Jalur Ga za. 

Presiden menyampaikan, bantuan yang diberangkatkan berupa makanan, alat medis, selimut, tenda, dan barang logistik lainnya yang sudah disesuaikan dengan kebutuhan di Ga za. (Kompas)

@",baznas laznas aznas jatnas 050 a baznas 23 bantuan ke palestina dari indonesia tertahan di mesir tunggu izin dari israel duta besar pa ies tina untuk indonesia zu hair al shun mengatakan bantuan kemanusiaan dari indonesia masih tertahan di mesir semua bantuan kemanusiaan bahkan dari pemerintah indonesia ada di el ar ish mesir menunggu izin dari para pem bu nuh ls ra ei kata zu hair usai penerimaan 22 calon kadet pa ies tina di kantor kementerian pertahanan jakarta pusat rabu 8 11 2023 bahkan zu hair menyebutkan pemerintah pa les tina pun kesulitan masuk ke jalur tidak za presiden menyampaikan bantuan yang diberangkatkan berupa makanan alat medis selimut tenda dan barang logistik lainnya yang sudah disesuaikan dengan kebutuhan di tidak za kompas
2-9058,Disabilitas,1,0,0.0005804532,Udah gila kali lu gue disuruh ngulikin lagu dream theater wkwk,sudah gila kali lu gue disuruh ngulikin lagu dream theater tertawa
2-7688,Jewish,1,0,0.0005858509,ada temen kuliah gatau malu nya kek zionis,ada teman kuliah gatau malu nya kayak zionis
3-1241,Disabilitas,1,0,0.0007313733,"Pagi buta malah ketemu opini jelek. Lagian kalo dipikir-pikir jelek banget solusi two state solutions tuh, ibarat nih orang dateng, caplok tanah kamu, terus ujung-ujungnya dikasih tanah, sedangkan kamu yang punya tanah harus rela bagi tanahnya dengan kondisi udah babak belur.",pagi buta malah ketemu opini jelek lagian kalo dipikir pikir buruk rupa banget solusi two state solutions tuh ibarat ini orang dateng caplok tanah kamu terus ujung ujungnya dikasih tanah sedangkan kamu yang punya tanah harus rela bagi tanahnya dengan kondisi sudah babak belur
2-710,Disabilitas,1,0,0.0007313733,"Pagi buta malah ketemu opini jelek. Lagian kalo dipikir-pikir jelek banget solusi two state solutions tuh, ibarat nih orang dateng, caplok tanah kamu, terus ujung-ujungnya dikasih tanah, sedangkan kamu yang punya tanah harus rela bagi tanahnya dengan kondisi udah babak belur.",pagi buta malah ketemu opini jelek lagian kalo dipikir pikir buruk rupa banget solusi two state solutions tuh ibarat ini orang dateng caplok tanah kamu terus ujung ujungnya dikasih tanah sedangkan kamu yang punya tanah harus rela bagi tanahnya dengan kondisi sudah babak belur
3-1828,Jewish,1,0,0.0007407586,Sejak 1967 pejuang Palestina di cap sebagai teroris oleh Israel dan hal yang sama dilakukan oleh Indonesia terhadap pejuang kemerdekaan West Papua di cap sebagai teroris. Jadi apakah Indonesia sedang mendukung Hamas sebagai teroris?,sejak 1967 pejuang palestina di cap sebagai teroris oleh israel dan hal yang sama dilakukan oleh indonesia terhadap pejuang kemerdekaan west papua di cap sebagai teroris jadi apakah indonesia sedang mendukung hamas sebagai teroris
1-2219,Jewish,1,0,0.00082309736,"CNBC INDONESIA Israel Israe Deklarasi Perang setelah Diserang Habis oleh Palestina Perdana Menteri Israel Benjamin Netanyahu resmi menyatakan keadaan perang setelah Hamas meluncurkan 5.000 roket dan serangan darat, Sabtu (7/10/2023).

""Warga Israel. Kami sedang perang dan kami akan menang,"" ungkap Netanyahu melalui pernyataan publiknya, dikutip dari Times of Israel, Sabtu (7/10/2023).

""Musuh (Hamas) akan menanggung akibat yang belum pernah mereka alami sebelumnya,"" lanjut Netanyahu lima jam sejak Kelompok Islam Palestina, Hamas, melakukan serangan kepada Israel.

Sementara itu, Israel Defense Forces (IDF) atau Pasukan Pertahanan Israel turut mengatakan bahwa Israel ""dalam keadaan perang"" menyusul serangan mendadak Hamas.

""IDF telah menyatakan keadaan perang. Kami berada di dalam keadaan perang,"" ujar Juru Bicara Utama IDF, Daniel Hagari, dalam pernyataan video.

""Lebih dari 2.000 roket telah ditembakkan. Angkatan Udara juga telah melakukan serangan di Gaza,"" tegas Hagari.

Mayor Jenderal Ghassan Alian dari IDF mengatakan bahwa Hamas telah melakukan kesalahan besar, yakni membuka ""gerbang neraka"" di Jalur Gaza.

Akibat hal itu, ia menegaskan bahwa pihaknya akan membuat Hamas jera.

Sementara itu layanan darurat Israel, Magen David Adom, mengatakan bahwa setidaknya 22 orang tewas akibat serangan besar-besaran yang dilakukan oleh Hamas. Lalu, sekitar 70 orang lainnya mengalami luka berat.

#internasional",cnbc indonesia israel israe deklarasi perang setelah diserang habis oleh palestina perdana menteri israel benjamin netanyahu resmi menyatakan keadaan perang setelah hamas meluncurkan 5 00 roket dan serangan darat sabtu 7 10 2023 warga israel kami sedang perang dan kami akan menang ungkap netanyahu melalui pernyataan publiknya dikutip dari times of israel sabtu 7 10 2023 musuh hamas akan menanggung akibat yang belum pernah mereka alami sebelumnya lanjut netanyahu lima jam sejak kelompok islam palestina hamas melakukan serangan kepada israel sementara itu israel defense forces idf atau pasukan pertahanan israel turut mengatakan bahwa israel dalam keadaan perang menyusul serangan mendadak hamas idf telah menyatakan keadaan perang kami berada di dalam keadaan perang ujar juru bicara utama idf daniel hagari dalam pernyataan video lebih dari 2 00 roket telah ditembakkan angkatan udara juga telah melakukan serangan di gaza tegas hagari mayor jenderal ghassan alian dari idf mengatakan bahwa hamas telah melakukan kesalahan besar yakni membuka gerbang neraka di jalur gaza akibat hal itu ia menegaskan bahwa pihaknya akan membuat hamas jera sementara itu layanan darurat israel magen david adom mengatakan bahwa setidaknya 22 orang tewas akibat serangan besar besaran yang dilakukan oleh hamas lalu sekitar 70 orang lainnya mengalami luka berat
4-1939,LGBTQ+,1,0,0.00083136495,Padang Pelit FREE - Bengkulu Semua Orang Padang terlalu Pelit minta ampun dan Kejam tergalau sama cak orang Lintang gay mati masuk neraka,padang pelit free bengkulu semua orang padang terlalu pelit minta takjub dan kejam tergalau sama cak orang lintang gay mati masuk neraka
1-2656,Jewish,1,0,0.00088363624,emak2 hijabi sebenernya dukung palestina ato israel nih 🫢,emak2 hijabi sebenarnya mendukung palestina ato israel ini
2-11195,Jewish,1,0,0.0009348486,"Konflik Makin Panas, Iran Ancam Bakal Ikut Campur Apabila Israel Terus Lancarkan Serangan ke Gaza ://",konflik makin panas iran ancam bakal ikut campur apabila israel terus lancarkan serangan ke gaza
1-2451,Jewish,1,0,0.00097329385,"Paket P bantuan militer AS senilai Rp225 Triliun untuk Israel disetujui DPR AS. FAKTANYA GOOGLE Pada tanggal 2 November 2023, Dewan Perwakilan Rakyat Amerika Serikat menyetujui paket bantuan militer mandiri senilai US$ 14,3 miliar untuk Israel dalam konteks invasi Tel Aviv di Jalur Gaza.

Namun, kemungkinan besar undang-undang tersebut tidak akan disetujui oleh Senat yang dikuasai oleh Partai Demokrat. DPR memberikan suara sebanyak 226-196 untuk mengeluarkan Undang-Undang Alokasi Tambahan Keamanan Israel tahun 2024 dari majelis.

Presiden Joe Biden mengancam akan memveto rancangan undang-undang tersebut karena tidak mencakup dana tambahan senilai lebih dari US$ 105 miliar yang dia minta pada Kongres pada akhir Oktober.",paket p bantuan militer as senilai rp22s triliun untuk israel disetujui dpr as faktanya google pada tanggal 2 november 2023 dewan perwakilan rakyat amerika serikat menyetujui paket bantuan militer mandiri senilai us 14 3 miliar untuk israel dalam konteks invasi tel aviv di jalur gaza namun kemungkinan besar undang undang tersebut tidak akan disetujui oleh senat yang dikuasai oleh partai demokrat dpr memberikan suara sebanyak 226 196 untuk mengeluarkan undang undang alokasi tambahan keamanan israel tahun 2024 dari majelis presiden joe biden mengancam akan memveto rancangan undang undang tersebut karena tidak mencakup dana tambahan senilai lebih dari us 105 miliar yang dia minta pada kongres pada akhir oktober
3-243,Jewish,1,0,0.0009959054,"Cuplikan pengeboman issrael yg 7 jam yang lalu sedang berlangsung di area tengah kota gaza di palestina, di luput oleh reporter motas palestina, Benar baenar kejam zionis biadab ezrael #FrePalestina #IndonesiaBelaPalestina",cuplikan pengeboman issrael yang 7 jam yang lalu sedang berlangsung di area tengah kota gaza di palestina di luput oleh reporter motas palestina benar baenar kejam zionis sial ezrael
2-2234,Disabilitas,1,0,0.0010216258,"Lagi jalan terus di cat calling sama orang. Mau gua teriakin gila, ehh pas noleh emang orang gila ternyata 😭",lagi jalan terus di cat calling sama orang mau gua teriakin gila ehh pas noleh memang orang gila ternyata menangis
2-4222,Tionghoa,1,0,0.0010607737,KOMUNIS DAJJAL CANIBAL sering membunuh KOMUNIS CHINA KORUT RUSIA pake uang 1 miliar rupiah/komunis,komunis dajjal canibal sering membunuh komunis cina korut rusia pake uang 1 miliar rupiah komunis
1-3503,Disabilitas,1,0,0.0010944381,Kasus tragis siswi kelas 2 SD Negeri di Gresik yg matanya buta gegara dicolok tusuk bakso oleh si kakak kelas masih diselidiki polisi. Semoga pelaku segera ditangkap dan diberi hukuman setimpal! #JusticeForSAH #StopBullying,kasus tragis siswi kelas 2 sd negeri di gresik yang matanya buta gegara dicolok tusuk bakso oleh si kakak kelas masih diselidiki polisi semoga pelaku segera ditangkap dan diberi hukuman setimpal
2-1545,Jewish,1,0,0.001117783,Perdana Menteri Israel Benjamin Netanyahu kembali menolak seruan gencatan senjata dan berjanji akan menghancurkan Hamas.,perdana menteri israel benjamin netanyahu kembali menolak seruan gencatan senjata dan berjanji akan menghancurkan hamas
1-1975,Jewish,1,0,0.0012431088,Israel semakin mudah ditemukan. Mari kita semua berjuang bersama untuk keadilan dan kemerdekaan Palestina! 🇵 🇸 ✊,israel semakin mudah ditemukan mari kita semua berjuang bersama untuk keadilan dan kemerdekaan palestina kepalan
1-3360,Jewish,1,0,0.0012817377,"SAHABAT AL-AQSHA #UPDATE GAZA Waktu Subuh tadi, Senin 9/10/2023, jet tempur Zionis menghancurkan Masjid Al-Yarmuk di Gaza Sumber: gazalive2 Masjid pun dihancurkan!

Update #Gaza 

Waktu Subuh tadi, Senin 9/10/2023, jet tempur Zionis menarget dan menghancurkan Masjid Al-Yarmuk di #Gaza sampai tinggal puing-puing!

#GazaGarisPertahananKita",sahabat al aqsha gaza waktu subuh tadi senin 9 10 2023 jet tempur zionis menghancurkan masjid al yarmuk di gaza sumber gazaliue2 masjid pun dihancurkan update waktu subuh tadi senin 9 10 2023 jet tempur zionis menarget dan menghancurkan masjid al yarmuk di sampai tinggal puing puing
1-3154,Disabilitas,1,0,0.0013183113,Trauma itu ibarat selamat dari kecelakaan tapi cacat seumur hidup🥀 Trauma itu ibarat selamat dari kecelakaan tapi cacat seumur hidup🥀,trauma itu ibarat selamat dari kecelakaan tapi cacat seumur hidup trauma itu ibarat selamat dari kecelakaan tapi cacat seumur hidup
2-5984,Jewish,1,0,0.0014816455,YaAllah terserah sekarang jodoh ku mau orang mana juga yang penting jangan orang israel,yaallah terserah sekarang jodoh ku mau orang mana juga yang penting jangan orang israel
3-1819,Disabilitas,1,0,0.001583,PutusanMKMKTOk.!!! . Putusan MKMK Paman Gibran Bersalah Ada yang masih tidak percaya bahwa Putusan MAHKAMAH KONSTITUSI Cacat hukum?? Ayo jadilah manusia yang realistis demi ke adilan Bangsa ini. Bahwa MK sudah dikangkangi Keluarga Pak Lurah untuk melancarkan Putranya. ✍🏻,putusanmkmktok putusan mkmk paman gibran bersalah ada yang masih tidak percaya bahwa putusan mahkamah konstitusi cacat hukum ayo jadilah manusia yang realistis demi ke adilan bangsa ini bahwa mk sudah dikangkangi keluarga pak lurah untuk melancarkan putranya
2-4660,Jewish,1,0,0.0016493188,Raja Yordania Abdullah II: ▫️Kami mengutuk pembantaian yang dilakukan terhadap warga sipil di Gaza dan eskalasi Israel di Tepi Barat. ▫️Adalah tugas negara-negara Arab untuk memberikan tekanan pada komunitas internasional dan kekuatan internasional yang aktif untuk menghentikan,raja yordania abdullah ii kami mengutuk pembantaian yang dilakukan terhadap warga sipil di gaza dan eskalasi israel di tepi barat adalah tugas negara negara arab untuk memberikan tekanan pada komunitas internasional dan kekuatan internasional yang aktif untuk menghentikan
1-1034,Tionghoa,1,0,0.0017664747,Presiden Soeharto bagi-bagi tanah untuk rakyat Jokowi mengusir rakyat demi ngutang ke Cina,presiden soeharto bagi bagi tanah untuk rakyat jokowi mengusir rakyat demi ngutang ke cina
3-275,Jewish,1,0,0.0018618531,|| MKMK Pagii Biadab Yahudi Ivan Gunawan Guru Panglima TNI Yaman Rabu BI Fast Joget Panjangin Tinggi Siang Ngadem ||,mkmk pagii sial yahudi ivan gunawan guru panglima tni yaman rabu bi fast joget panjangin tinggi siang ngadem
1-5044,LGBTQ+,1,0,0.0018987438,"akademi keluarga ASHRI Akademi Keluarga Molesitkan #8 Keluarga AwaliRumah Rumah Tangga dengan Ilmu Islami NOV 2023 Zaidul Akbar (Penggagas ""Manajemen Kesehatan Keluarga"" 12.30-14.00 NOV Era Digital"" Prof. Dr.l Euis Sunarti, (KetuaU ""Menjaga Ketahanan Keluarga 19.30-21.30 WIB 10 2023 NOV Haniva Hasna, M.Krim. Sekitar Rumah Kita"" ""Kenakalan & Kekerasan NOV 2023 Rennta Chrisdiana, M.Sc. ""Cegah Keluarga dari Penyimpangan 19.30- LGBT 17 Cahyadi Takariawan, ""Visi Keluarga Sakinah"" 15.30- Apt. KELAS ONLINE Segera daftar di:  Pendaftaran: 06 Oktober 05 November 2023 More Info: 7681 7511 INFAK TERBAIK",akademi keluarga ashri akademi keluarga molesitkan keluarga awalirumah rumah tangga dengan ilmu islami nov 2023 zaidul akbar penggagas manajemen kesehatan keluarga 12 30 14 00 nov era digital prof dr l euis sunarti ketuau menjaga ketahanan keluarga 19 30 21 30 wib 10 2023 nov haniva hasna m krim sekitar rumah kita kenakalan kekerasan nov 2023 rennta chrisdiana m sc cegah keluarga dari penyimpangan 19 30 lgbt 17 cahyadi takariawan visi keluarga sakinah 15 30 apt kelas online segera daftar di pendaftaran 06 oktober 05 november 2023 more info 7681 7511 infak terbaik
1-1067,UNKNOWN,1,0,0.0019015264,"Buku ini adalah sebuah buku istimewa tentang analisis sejarah yang sangat menarik. Di dalamnya akan kita dapati sebab-sebab kelemahan umat Islam, berbagai konflik yang terjadi, Perang Salib, pembebasan Al-Quds, invasi bangsa Tartar hingga seputar ditutup dan dibukanya kembali pintu ijtihad. #ResensiBuku — [Resensi Buku Wajah Dunia Islam (Dari Bani Umayyah hingga Imperialisme Modern)] Sejarah Peradaban Islam, Bukan Hanya dari Sirah Rasulullah ﷺ  — Peresensi: Nindira Aryudhani, S.Pi., M.Si. Wallahualam bissawab. [MNews/Rgl]",buku ini adalah sebuah buku istimewa tentang analisis sejarah yang sangat menarik di dalamnya akan kita dapati sebab sebab kelemahan umat islam berbagai konflik yang terjadi perang salib pembebasan al quds invasi bangsa tartar hingga seputar ditutup dan dibukanya kembali pintu ijtihad resensi buku wajah dunia islam dari bani umayyah hingga imperialisme modern sejarah peradaban islam bukan hanya dari sirah rasulullah ﷺ peresensi nindira aryudhani s pi m si wallahualam bissawab mnews rgl
2-928,Jewish,1,0,0.0019201247,"Kebrutalan ini bukan hanya tentang beberapa hari ini saja. Penjajahan, pendudukan tanah, pengusiran, pembantaian dan kejahatan perang oleh Zionis Israel sudah berlangsung sejak lama, hingga detik ini. #BelaPalestina",kebrutalan ini bukan hanya tentang beberapa hari ini saja penjajahan pendudukan tanah pengusiran pembantaian dan kejahatan perang oleh zionis israel sudah berlangsung sejak lama hingga detik ini
2-617,Tionghoa,1,0,0.0020491604,"Isu Prabowo Cekik Wamentan, Gerindra Ungkap Nasdem Penyebar Awalnya! . . Rabu Siang Tante Lina Mata Najwa 40 T Malang Terbuka Mba Nana Ganjar Paling Solutif INDOMY FOR YOONGI Kirgistan Jurnalis 3 Bacapres Bicara Gagasan Hugo Samir TKA China Felix WHO IN RIIZE",isu prabowo cekik wamentan gerindra ungkap nasdem penyebar awalnya rabu siang tante lina mata najwa 40 t malang terbuka mba nana ganjar paling solutif indomy for yoongi kirgistan jurnalis 3 bacapres bicara gagasan hugo samir tka cina felix who in riize
1-1649,Disabilitas,1,0,0.0021590434,"NEPOTISME DAN POLITIK SAYANG ANAK ... Politik nepotisme, bermuara pada ambisi kerakusan politik keluarga Kedaulatan tertinggi eksekutif pada bapak, pembuat hukum pada kolega, dan penentu hukum pada sauadara kandung Nepotisme masa lalu, sumber kolusi dan berujung korupsi Kedaulatan selera darah, kalahkan akal sehat nalar kolektif mayoritas Putaran kekuasaan bertungpu pada dinasti, satu jari dan otoritarisasi seseorang Nepotisme, kkn; Masa lalu sebagai ""momok"" Karenanya orde baru tumbang Nepotisme masa kemaren sebagai ""prilaku memalukan"", kumpulnya darah geneologis semua tatar politik Awal reformasi, wacana prestise simbol anti nepotisme Seiring kenikmatan eforea politis, partai sebagai wadah kedaulatan trah keluarga Kekuasaan politik terjebak pada pusaran darah geneologi, etnosentrisme dan keluarga Politik berserikat pada ""Anak, saudara, pendukung, kolega, ikatan primordial dan pengikut setia"" Karenanya beban sosial mengular dan mengerumun Kospolitik berakibat fatal, bentuk mental teknokrat dan kosmopolit populis Budaya kosmopolit jadi bentuk gaya prilaku politik populer tanpa ritme kelayakan dan kapabilitas Nepotisme sekarang Kedaulatan berpusat pada jemari trah darah keluarga Berdalih kelanjutan pembagunan sempurna Berpaling dari doktrin reformasi yang anti nepotisme Tinggalkan demokrasi daulat rakyat, tapi junjung tinggi daulat keluarga atas nama demokrasi Logika nepotisme berawal dari politik agungkan arogansi dan keangkuhan diri Kebenaran tertinggi adalah kehendak diri Kekuasaan tertinggi adalah kedaulatan diri dan darahnya sendiri Pertiwi terjerembab pada hilangnya logika pluralisme dan kecendikiawanan Banyi baru lahir, kalahkan kiprah politik berdarah dan sidihkan politikus matang yang sudah makan asam garam Tabeat sumpah negeri berpanji tumpah darah, terganti titik darah Filosofi ikrar pertiwi berkonsesi nyawa dan tanah air, bukan ikrar rasislisme sempit pada trah turunan ""daulat tuanku raja"" Identitas tekad persada pada kesadaran bahasa kesatuan dan kehormatan pada sesama, bukan identitas poitik oligarchi dan nepotisme semata Politik sayang anak Karpet kekuasaan bagi keturunan darah sendiri Bangun peluang luas bagi para pengikut setianya dan bangun watak taklid buta semata Andalkan satu harapan sebagai politik hukum karet, yang bisa menjadi pembela dan tembok pelindung politiknya ikuti dinamika aman Hanya restui nepotisme sebagai praktek demokrasi yang sah dan legal, bagai politik dinasti kerajaan Politik sayang anak Meraih politik sorga lamggar prinsip kedaulatan sesama anak bangsa #fajri 2 11 2023",nepotisme dan politik sayang anak politik nepotisme bermuara pada ambisi kerakusan politik keluarga kedaulatan tertinggi eksekutif pada bapak pembuat hukum pada kolega dan penentu hukum pada sauadara kandung nepotisme masa lalu sumber kolusi dan berujung korupsi kedaulatan selera darah kalahkan akal sehat nalar kolektif mayoritas putaran kekuasaan bertungpu pada dinasti satu jari dan otoritarisasi seseorang nepotisme kkn masa lalu sebagai momok karenanya orde baru tumbang nepotisme masa kemaren sebagai prilaku memalukan kumpulnya darah geneologis semua tatar politik awal reformasi wacana prestise simbol anti nepotisme seiring kenikmatan eforea politis partai sebagai wadah kedaulatan trah keluarga kekuasaan politik terjebak pada pusaran darah geneologi etnosentrisme dan keluarga politik berserikat pada anak saudara pendukung kolega ikatan primordial dan pengikut setia karenanya beban sosial mengular dan mengerumun kospolitik berakibat fatal bentuk mental teknokrat dan kosmopolit populis budaya kosmopolit jadi bentuk gaya prilaku politik populer tanpa ritme kelayakan dan kapabilitas nepotisme sekarang kedaulatan berpusat pada jemari trah darah keluarga berdalih kelanjutan pembagunan sempurna berpaling dari doktrin reformasi yang anti nepotisme tinggalkan demokrasi daulat rakyat tapi junjung tinggi daulat keluarga atas nama demokrasi logika nepotisme berawal dari politik agungkan arogansi dan keangkuhan diri kebenaran tertinggi adalah kehendak diri kekuasaan tertinggi adalah kedaulatan diri dan darahnya sendiri pertiwi terjerembab pada hilangnya logika pluralisme dan kecendikiawanan banyi baru lahir kalahkan kiprah politik berdarah dan sidihkan politikus matang yang sudah makan asam garam tabeat sumpah negeri berpanji tumpah darah terganti titik darah filosofi ikrar pertiwi berkonsesi nyawa dan tanah air bukan ikrar rasislisme sempit pada trah turunan daulat tuanku raja identitas tekad persada pada kesadaran bahasa kesatuan dan kehormatan pada sesama bukan identitas poitik oligarchi dan nepotisme semata politik sayang anak karpet kekuasaan bagi keturunan darah sendiri bangun peluang luas bagi para pengikut setianya dan bangun watak taklid buta semata andalkan satu harapan sebagai politik hukum karet yang bisa menjadi pembela dan tembok pelindung politiknya ikuti dinamika aman hanya restui nepotisme sebagai praktek demokrasi yang sah dan legal bagai politik dinasti kerajaan politik sayang anak meraih politik sorga lamggar prinsip kedaulatan sesama anak bangsa 2 11 2023
2-2507,Jewish,1,0,0.0021814413,"Kementerian Kesihatan di Gaza: Jumlah syuhada' yang terbunuh dalam serangan pencerobohan rejim Israel sejak pagi tadi (yang direkodkan pada 2 jam lalu) meningkat kepada 178 syahid sementara 589 yang lain cedera. Sumber: Shehab Agency Allahuakbar 😔 Langit Gaza kini kembali menjadi terang benderang akibat serangan rejim Zionis yang tanpa henti meskipun dalam keadaan ketiadaan elektrik. 

Hasbunallah wanikmal wakeel 😭 Sama-sama kita panjatkan Qunut Nazilah dalam setiap rakaat terakhir solat kita semua inshaaAllah 💪😔",kementerian kesihatan di gaza jumlah syuhada yang terbunuh dalam serangan pencerobohan rejim israel sejak pagi tadi yang direkodkan pada 2 jam lalu meningkat kepada 178 syahid sementara 589 yang lain cedera sumber shehab agency allahuakbar sedih langit gaza kini kembali menjadi terang benderang akibat serangan rejim zionis yang tanpa henti meskipun dalam keadaan ketiadaan elektrik hasbunallah wanikmal wakeel menangis sama sama kita panjatkan qunut nazilah dalam setiap rakaat terakhir solat kita semua inshaallah kuat sedih
1-3681,Disabilitas,1,0,0.0025185274,Ada gila gilanya yh ngurusin toddler,ada gila gilanya yh ngurusin toddler
4-2997,Jewish,1,0,0.0026368706,"Teroris israel terus membantai anak anak palestina sejak saat ini Ada video seru, cek sekarang juga! https://t.co/5pXNO0FSlE",teroris israel terus membantai anak anak palestina sejak saat ini ada video seru cek sekarang juga
2-9265,Kristen,1,0,0.0027219858,Duh gda kurangnya minus katolik doang,takjub gda kurangnya minus katolik doang
1-5960,Jewish,1,0,0.0027594757,Gua search tentang Ndrewstjan dan kurang dari seminggu terakhir dia udah dapet gelar tambahan sebagai Zionis pesek sawo matang & anti children This Guy,gua search tentang ndrewstjan dan kurang dari seminggu terakhir dia sudah dapet gelar tambahan sebagai zionis pesek sawo matang anti children this guy
2-3154,Disabilitas,1,0,0.002807617,"Gua muak sama semua status cinta buta, logika nya ga main. Gini bangett rasanya nggapunya temen gila",gua muak sama semua status cinta buta logika nya tidak main begini bangett rasanya nggapunya teman gila
1-5043,LGBTQ+,1,0,0.0028261864,"Massa mengatasnamakan Geranati LGBT menggelar aksi menolak band Coldplay manggung di Jakarta. Massa aksi ricuh.

Massa menggelar aksi di Jalan Gerbang Pemuda dekat kantor Kemenpora. Pantauan di lokasi, Rabu (15/11/2023), massa ricuh menendang barikade polisi. Massa saat ini masih bertahan di lokasi. Massa sebelumnya sempat ricuh dengan menendang barikade polisi.

#detikcom #Demo #Coldplay #ColdplayJakarta #DemoColdplay",massa mengatasnamakan geranati lgbt menggelar aksi menolak band coldplay manggung di jakarta massa aksi ricuh massa menggelar aksi di jalan gerbang pemuda dekat kantor kemenpora pantauan di lokasi rabu 15 11 2023 massa ricuh menendang barikade polisi massa saat ini masih bertahan di lokasi massa sebelumnya sempat ricuh dengan menendang barikade polisi
4-1534,Jewish,1,0,0.0028330036,gua ngopi di starbucks bukan berarti gua dukung israel babi kan :) kepikiran abis minum kopinya https://t.co/4aRdWshHCW,gua ngopi di starbucks bukan berarti gua mendukung israel babi kan senyum kepikiran habis minum kopinya
1-3885,Disabilitas,1,0,0.0028549968,Muhammadiyah Titipkan Kepercayaan Kepada Pasangan Ganjar-Mahfud Anak BEM BMTH Cawapres Cacat Hukum Kecap Bu Susi,muhammadiyah titipkan kepercayaan kepada pasangan ganjar mahfud anak bem bmth calon wakil presiden cacat hukum kecap bu susi
1-2380,Jewish,1,0,0.0031266361,"ANTARANEWS Setelah sebelumnya membuat komentar panas srael dan dikabarkan merugi, Elon Musk nyatakan dukung Israel melawan Hamas llustro REUTERS/Moham antaranews antaranewsdotcom antaranewscom Pebisnis teknologi Elon Musk pada Senin menyatakan mendukung upaya Israel dalam melawan kelompok pejuang Palestina Hamas.

Dia mengatakan salah satu tantangannya adalah menghentikan propaganda yang mendorong kelompok itu melakukan pembunuhan massal yang kemudian memicu perang di Gaza.

Pemilik media sosial X itu melakukan kunjungan tidak biasa ke Israel selama jeda pertempuran yang berlangsung empat hari. Dia berdiskusi dengan PM Israel Benjamin Netanyahu yang disiarkan langsung secara daring di X Spaces.

""Harus dihentikan, propaganda yang melatih orang untuk menjadi pembunuh di masa datang. Dan kemudian, membuat Gaza sejahtera. Dan jika itu terjadi, saya pikir itu akan menjadi masa depan yang baik."" kata Musk.

Selengkapnya klik link pada bio.

#elonmusk #seranganisrael #benjaminnetanyahu #hamas #antaranews #antaranewscom #SejarahPanjangMenujuMasaGemilang 

Penerjemah: Anton Santoso
Grafis: Della Savira",antaranews setelah sebelumnya membuat komentar panas srael dan dikabarkan merugi elon musk nyatakan mendukung israel melawan hamas llustro reuters moham antaranews antaranewsdotcom antaranewscom pebisnis teknologi elon musk pada senin menyatakan mendukung upaya israel dalam melawan kelompok pejuang palestina hamas dia mengatakan salah satu tantangannya adalah menghentikan propaganda yang mendorong kelompok itu melakukan pembunuhan massal yang kemudian memicu perang di gaza pemilik media sosial x itu melakukan kunjungan tidak biasa ke israel selama jeda pertempuran yang berlangsung empat hari dia berdiskusi dengan pm israel benjamin netanyahu yang disiarkan langsung secara daring di x spaces harus dihentikan propaganda yang melatih orang untuk menjadi pembunuh di masa datang dan kemudian membuat gaza sejahtera dan jika itu terjadi saya pikir itu akan menjadi masa depan yang baik kata musk selengkapnya klik link pada bio penerjemah anton santoso grafis della savira
2-1676,"Jewish, Rohingya",1,0,0.0031338735,"CE Tentara Israel serbu RS Al-Shifa, sandera lebih dari 5 ribu pasien, nakes, sampai pengungsi. Ketika pengungsi menjadi penjajah yang brut4l

#freepalestine #freegaza",ce tentara israel serbu rs al shifa sandera lebih dari 5 ribu pasien nakes sampai pengungsi ketika pengungsi menjadi penjajah yang brutal
1-1349,Tionghoa,1,0,0.003249557,cuman lawan china taipei doang riweuhnya kek lawan brazil🤪,cuman lawan cina taipei doang riweuhnya kayak lawan brazil gila
2-1662,Jewish,1,0,0.0035397743,"Rakyat Palestina Didesak Mengungsi ke Mesir, Eks Menlu Israel Gagu Ditanya Mengapa Tidak ke Israel",rakyat palestina didesak mengungsi ke mesir eks menlu israel gagu ditanya mengapa tidak ke israel
1-3435,Jewish,1,0,0.003540772,"✪✪✪ Sejarah Baru Peradaban Dunia ®

Sejarah akan mencatat, bahwa ada Perang Manusia vs Tank Lapis Baja Terbaik (Merkava). Sejarah juga akan mencatat, ada kota kecil yang tak lebih besar dari Jakarta, bernama Gaza, melawan Negara-negara Zionis & Teroris sendirian (Perancis - Kanada - Inggris - Italia - Amerika - Israel) hanya dengan senjata murah. Sejarah juga pasti akan mencatat, Siapa Teroris sebenarnya, Siapa Pecundang Sebenarnya, dan Siapa Pahlawan sebenarnya. Jangan lagi berdebat untuk hal-hal kecil yang tidak ada gunanya. Dan gunakan seluruh akal dan indera yang kalian punya untuk melihat dan mencari kebenaran, bukan Kebenaran yang ambigu, karena kebenaran itu Absolute.

“Lebih Baik Kita Menempatkan Adab Di Atas Kepala, Dan Otak Kita Letakkan Di Tumit, Daripada Sebaliknya”

#PresidenteMedia #PresidenteGenks #Kopassus",sejarah baru peradaban dunia sejarah akan mencatat bahwa ada perang manusia vs tank lapis baja terbaik merkava sejarah juga akan mencatat ada kota kecil yang tak lebih besar dari jakarta bernama gaza melawan negara negara zionis teroris sendirian perancis kanada inggris italia amerika israel hanya dengan senjata murah sejarah juga pasti akan mencatat siapa teroris sebenarnya siapa pecundang sebenarnya dan siapa pahlawan sebenarnya jangan lagi berdebat untuk hal hal kecil yang tidak ada gunanya dan gunakan seluruh akal dan indera yang kalian punya untuk melihat dan mencari kebenaran bukan kebenaran yang ambigu karena kebenaran itu absolute lebih baik kita menempatkan adab di atas kepala dan otak kita letakkan di tumit daripada sebaliknya
1-5025,LGBTQ+,1,0,0.003690431,"Waspada! Jumlah LGBT di Pekanbaru Capai 3 Ribu Orang Jumat, 06 Januari 2023-11:27:21WIB 11:27:21 WIB 2023 f X",waspada jumlah lgbt di pekanbaru capai 3 ribu orang jumat 06 januari 2o2e ii 2t 2iwib 11 27 21 wib 2023 f x
1-145,Disabilitas,1,0,0.0038366802,khusus buat keturunan yaman gak boleh dibilang gila & stress. tapi wajib di panggil WALI ALLOH dan wajib di agungkan. drunnn.. mana akal sehatmu !,khusus buat keturunan yaman tidak boleh dibilang gila stress tapi wajib di panggil wali alloh dan wajib di agungkan drunn mana akal sehatmu
4-3536,Syiah,1,0,0.0042309063,MAU DONG NGETOKIN KEPALA ORANG ORANG SYIAH Adakah disini orang syiah yg berminat sy ketok kepalanya ?,mau dong ngetokin kepala orang orang syiah adakah disini orang syiah yang berminat saya ketok kepalanya
2-8691,Disabilitas,1,0,0.004420413,Udah gila kali yak..,sudah gila kali yak
2-11092,LGBTQ+,1,0,0.004463993,Buat yang mau join group telegram video gay full versi barat dan lokal indo bisa ya klik langsung link telegram dibawah ini #gym #Naked #muscle #fyp #viralmesum Thanks !!!,buat yang mau join group telegram video gay full versi barat dan lokal indo bisa ya klik langsung link telegram dibawah ini thanks
1-5112,LGBTQ+,1,0,0.004476798,"Ngentottt emg gay gay di gym gini, gangguuuu lo kontllll elah",ngentott memang gay gay di gym gini gangguu lo kontll elah
1-998,Jewish,1,0,0.0045102932,Yahudi kiy ket jaman Gusti Yesus kiy cen Bajingan !!,yahudi kiy ket jaman gusti yesus kiy cen bajingan
1-5156,LGBTQ+,1,0,0.004653155,gue boleh bilang postan sunwoo di ig kaya postan gay typical bgt ga,gue boleh bilang postan sunwoo di ig kaya postan gay typical banget tidak
2-47,Jewish,1,0,0.00470104,"tolong yaa para biadab israel ini, cukupp cukuppp, gue gakuat kalau liat tuh, udh terlalu banyak innocent people yang jadi korban lu",tolong yaa para sial israel ini cukupp cukupp gue gakuat kalau liat tuh sudah terlalu banyak innocent people yang jadi korban lu
1-2009,Jewish,1,0,0.00498444,"Keliru, Video yang Diklaim Serangan Israel di Jalur Gaza 2023",keliru video yang diklaim serangan israel di jalur gaza 2023
3-1110,LGBTQ+,1,0,0.005119331,"Gini ya ngik, sie THV udah jelas ngmg “gw terinspirasi dari film gay” gw suka nonton film BL, musik gay, make baju gay, pake hoodie gay Lah trus lu dtg² ngmg “dia cemen ga akui cweknya, eh malah main ama temennya” gblok atau gmna?du²k 1 ruangan & ngbrol lu kata dia caper? +",begini ya ngik sie thv sudah jelas ngmg gw terinspirasi dari film gay gue suka nonton film bl musik gay make baju gay pake hoodie gay lah terus lu dtg² ngmg dia cemen tidak akui cweknya eh malah main ama temennya goblok atau gmna du²k 1 ruangan ngbrol lu kata dia caper
2-7561,Disabilitas,1,0,0.005119914,"Agustus sama september kmrn mens maju, rasanya normal kayak biasanya. Bulan ini telat 5 hari gila sakit bangettt. Knp mens kalo telat sakitnya lebih parah drpd kalo maju sih? Anjir sumpah sakit bgt 🥲",agustus sama september kemarin mens maju rasanya normal seperti biasanya bulan ini telat 5 hari gila sakit bangett knp mens kalo telat sakitnya lebih parah drpd kalo maju sih anjing sumpah sakit banget
1-6642,UNKNOWN,1,0,0.005260423,Sekarang Kadrun Lagi Musim Ngemis2 Suara NU.. Kan Bedebah.. 😂,sekarang kadrun lagi musim ngemis2 suara nu kan bedebah tertawa
3-2190,Jewish,1,0,0.0054945406,"Di G, Anda akan mati kehausan! ⚠️Dua setengah juta warga Gaza telah kekurangan air selama 10 hari akibat kebiadaban teroris zionis Israel #FreePalistine #IsraelTerorrist #IsraelAttack #IsraeliNewNazism",di g anda akan mati kehausan dua setengah juta warga gaza telah kekurangan air selama 10 hari akibat kebiadaban teroris zionis israel
4-1841,Rohingya,1,0,0.005525142,“pengungsi Rohingya bakar gudang di Aceh karena gak dikasih uang”,pengungsi rohingya bakar gudang di aceh karena tidak dikasih uang
1-3170,Disabilitas,1,0,0.0057630325,TribunNetwork nNetwork enjangk TribunP NEWS ODGJ di Padang Pariaman Disetubuhi Pria Tua Asal Agam Pelaku Diciduk Anak Korban TribunP TribunP TribunP TribunP,tribunnetwork nnetwork enjangk tribunp news odgj di padang pariaman disetubuhi pria tua asal agam pelaku diciduk anak korban tribunp tribunp tribunp tribunp
2-7118,Kristen,1,0,0.0068093827,• Perang Salib = Perebutan Yerusalem Palestina oleh Islam vs Kristen maupun rivalitas di internal Kristen itu sendiri • Perang Dunia 2 = Perebutan Eropa oleh Sekutu vs Nazi vs Soviet • Perang Indonesia nanti nya = Perebutan Indonesia oleh Nazi vs Komunis vs Radikalis Muslim,perang salib perebutan yerusalem palestina oleh islam vs kristen maupun rivalitas di internal kristen itu sendiri perang dunia 2 perebutan eropa oleh sekutu vs nazi vs soviet perang indonesia nanti nya perebutan indonesia oleh nazi vs komunis vs radikalis muslim
1-2834,Jewish,1,0,0.006942954,"Sekali lagi, apa yang terjadi pada 7 Oktober 2023 adalah habisnya kesabaran rakyat Palestina, dibawah bendera HAMAS. Terhadap penindasan yang dilakukan oleh pemerintah Zionis Israel.",sekali lagi apa yang terjadi pada 7 oktober 2023 adalah habisnya kesabaran rakyat palestina dibawah bendera hamas terhadap penindasan yang dilakukan oleh pemerintah zionis israel
4-2594,Tionghoa,1,0,0.0069564036,"@ruthnats Ya statement kamu menjijikan soalnya...soft campaign tau gak???gw jg tionghoa tp gak membikin keruh dan membuat statement yang menjijikan kek loe,nanti kalau pecah perang kek 98 lagi mau gimana kita kalau kita selalu menggosok mereka dengan minoritas dan mayoritas mlulu",ya statement kamu menjijikan soalnya soft campaign tau gak gw juga tionghoa tapi tidak membikin keruh dan membuat statement yang menjijikan kayak loe nanti kalau pecah perang kayak 98 lagi mau bagaimana kita kalau kita selalu menggosok mereka dengan minoritas dan mayoritas mlulu
1-5081,LGBTQ+,1,0,0.007003258,Selamat Malam Minggu Malming Fizi Saosin Audrey Pengen banget Fun DM yok Gay Jogja Brondong Jogja Gay Jogjakarta Jogja crot Jogja lendir Jogja birahi pasutri jogja,selamat malam minggu malming fizi saosin audrey ingin banget fun dm yok gay jogja brondong jogja gay jogjakarta jogja crot jogja lendir jogja birahi pasutri jogja
1-4380,"Kristen, Jewish",1,0,0.0073040845,kok islam ... !!! aku 100 tahun pulang di 7 surga .. makanya ada orang mati aku suruh beli mesjid uang halal sedekah anak yatim mungkin di tendang mulutmu kaloo ibadah 2 tadi saya bukan yahudi kristen,kok islam aku 100 tahun pulang di 7 surga makanya ada orang mati aku suruh beli mesjid uang halal sedekah anak yatim mungkin di tendang mulutmu kaloo ibadah 2 tadi saya bukan yahudi kristen
1-2008,Rohingya,1,0,0.007304154,"Akun UNHCR Minta Pemerintah RI Sediakan Rumah, KTP dan Makanan Bagi Rakyat Rohingya",akun unhcr minta pemerintah ri sediakan rumah ktp dan makanan bagi rakyat rohingya
3-2051,LGBTQ+,1,0,0.007554989,It's sad when company hire queer employee only to be used as a token employee. Atau ketika ngehire queer dengan stereotipikal tertentu (cowok gay feminim misalnya) untuk dipake buat lucu2an doang.,it s sad when company hire queer employee only to be used as a token employee atau ketika ngehire queer dengan stereotipikal tertentu cowok gay feminim misalnya untuk dipake buat lucu2an doang
4-2661,Rohingya,1,0,0.007906636,"Wajar Ditolak di Aceh, Lha Wong Kelakuannya Kayak Gini Kok 

Diduga pengungsi Rohingya bakal menempati tanah-tanah di Arab Saudi untuk bermukim secara permanen.

Dilansir dari media setempat, beberapa pengungsi Rohingya menempati perbukitan di Arab Saudi.

Diduga mereka hendak menetap selama beberapa waktu di sana.

Tidak hanya itu, mereka juga bersikap kurang sopan, seperti membuang sampah sembarangan, hingga kurang menjaga kebersihan.

Wajar jika warga Indonesia menolak kedatangan mereka untuk mengungsi, termasuk di Aceh yang menjadi kawasan utama sasaran pengungsi Rohingya.

#rohingya #mekah #arabsaudi #pengungsi #aceh #viral #sampah #videoviral #pengungsirohingya #sikaprohingya #acehtolakrohingya #magelangekspres #magelang Wajar Ditolak di Aceh, Lha Wong Kelakuannya Kayak Gini Kok 

Diduga pengungsi Rohingya bakal menempati tanah-tanah di Arab Saudi untuk bermukim secara permanen.

Dilansir dari media setempat, beberapa pengungsi Rohingya menempati perbukitan di Arab Saudi.

Diduga mereka hendak menetap selama beberapa waktu di sana.

Tidak hanya itu, mereka juga bersikap kurang sopan, seperti membuang sampah sembarangan, hingga kurang menjaga kebersihan.

Wajar jika warga Indonesia menolak kedatangan mereka untuk mengungsi, termasuk di Aceh yang menjadi kawasan utama sasaran pengungsi Rohingya.

#rohingya #mekah #arabsaudi #pengungsi #aceh #viral #sampah #videoviral #pengungsirohingya #sikaprohingya #acehtolakrohingya #magelangekspres #magelang",wajar ditolak di aceh lha wong kelakuannya seperti begini kok diduga pengungsi rohingya bakal menempati tanah tanah di arab saudi untuk bermukim secara permanen dilansir dari media setempat beberapa pengungsi rohingya menempati perbukitan di arab saudi diduga mereka hendak menetap selama beberapa waktu di sana tidak hanya itu mereka juga bersikap kurang sopan seperti membuang sampah sembarangan hingga kurang menjaga kebersihan wajar jika warga indonesia menolak kedatangan mereka untuk mengungsi termasuk di aceh yang menjadi kawasan utama sasaran pengungsi rohingya wajar ditolak di aceh lha wong kelakuannya seperti begini kok diduga pengungsi rohingya bakal menempati tanah tanah di arab saudi untuk bermukim secara permanen dilansir dari media setempat beberapa pengungsi rohingya menempati perbukitan di arab saudi diduga mereka hendak menetap selama beberapa waktu di sana tidak hanya itu mereka juga bersikap kurang sopan seperti membuang sampah sembarangan hingga kurang menjaga kebersihan wajar jika warga indonesia menolak kedatangan mereka untuk mengungsi termasuk di aceh yang menjadi kawasan utama sasaran pengungsi rohingya
4-1913,Kristen,1,0,0.007923445,Ketika banyak yang muallaf Umat kristen kehabisan pengikut banyak gereja dijual dan beralih fungsi karena bangkrut Sekarang mereka sedang merekrut orang Dengan cara memurtadkan orang muslim agar keluar dari islam Makanya mereka berusaha memasukan ajaran trinitas dan menyetarakan kedudukan isa as dalam quran dengan Allah Agar umat muslim terpedaya🤭🤭🤭,ketika banyak yang muallaf umat kristen kehabisan pengikut banyak gereja dijual dan beralih fungsi karena bangkrut sekarang mereka sedang merekrut orang dengan cara memurtadkan orang muslim agar keluar dari islam makanya mereka berusaha memasukan ajaran trinitas dan menyetarakan kedudukan isa as dalam quran dengan allah agar umat muslim terpedaya tertawa tertawa
2-11277,Tionghoa,1,0,0.008534936,Mobil listrik inilah yang membuat pak tuan Luhut ngotot pakai mobil bekas listrik China ke ruwetnesia K🤣🤣🤣 Negara ini masih di jajah oleh KOMUNIS #PDI_P dan #China 😝😝,mobil listrik inilah yang membuat pak tuan luhut ngotot pakai mobil bekas listrik cina ke ruwetnesia k tertawa tertawa negara ini masih di jajah oleh komunis dan
4-2466,Rohingya,1,0,0.0085641835,"@lilaccountz Daripada membantu warga rohingya yg gajelas maksud dan tujuannya,masih banyak banget fakir miskin yang jauh lebih membutuhkan,gausah bicara kemanusiaan,mereka terdampar karena mau mereka,bukan karena diusir dan ga diterima dinegara lain,",daripada membantu warga rohingya yang gajelas maksud dan tujuannya masih banyak banget fakir miskin yang jauh lebih membutuhkan gausah bicara kemanusiaan mereka terdampar karena mau mereka bukan karena diusir dan tidak diterima dinegara lain
1-5930,Disabilitas,1,0,0.0085934885,Cuaca kaya orgil guntur guntur doang ujan kaga tlolll,cuaca kaya orgil guntur guntur doang ujan kaga tloll
1-2239,Tionghoa,1,0,0.008614432,"CNBC Indonesia Wabah Misterius Muncul Lagi di China, Trauma Covid Terulang? hari lalu M Wabah Pneumonia Misterius Menjangkiti Anak-anak di China, Dunia Mulai Waspada 6 jam lalu Viva O ATLMμIMIAW Wabah Pneumonia Misterius Serang China, Ribuan Anak Dilarikan ke RS Alami Masalah Pernapasan Parah 15 jam lalu UH CNN Indonesia Yang Harus Diketahui Tentang Pneumonia Misterius China Jauh hari firasat sudah bersuara soal wabah yang akan terjadi  dalam waktu dekat, tetapi banyak yang diam dan acuh seakan tidak peduli. Ini sekarang uda ramai mereka gaungkan, kita semua seakan terlihat santai seolah tidak terjadi apa-apa. Nanti tiba2 yang berwenang ketok palu dan mengesahkan aturan baru Tok Tok T Terpenting bisa berjalan rencananya🙌🏻🙌🏻🙌🏻🙌🏻 Capedehhh Gilaaaa memang, master firasat saja sakit kepala melihat kekonyolan ini tapi ya tidak bisa berbuat apa-apa. Cuma bisa menghimbau jangan panik jangan ikut arus cerita cerita dongeng🤭🙌🏻",cnbc indonesia wabah misterius muncul lagi di china trauma covid terulang hari lalu m wabah pneumonia misterius menjangkiti anak anak di china dunia mulai waspada 6 jam lalu viva o atlmμimiaw wabah pneumonia misterius serang china ribuan anak dilarikan ke rs alami masalah pernapasan parah 15 jam lalu uh cnn indonesia yang harus diketahui tentang pneumonia misterius cina jauh hari firasat sudah bersuara soal wabah yang akan terjadi dalam waktu dekat tetapi banyak yang diam dan acuh seakan tidak peduli ini sekarang uda ramai mereka gaungkan kita semua seakan terlihat santai seolah tidak terjadi apa apa nanti tiba2 yang berwenang ketok palu dan mengesahkan aturan baru tok tok t terpenting bisa berjalan rencananya puji puji puji puji capedehh gilaa memang master firasat saja sakit kepala melihat kekonyolan ini tapi ya tidak bisa berbuat apa apa cuma bisa menghimbau jangan panik jangan ikut arus cerita cerita dongeng tertawa puji
4-4579,Kristen,1,0,0.011241877,Yesus aja bertuhan kepada Allah kenapa kristen Masi bebal,yesus saja bertuhan kepada allah kenapa kristen masi bebal
2-7451,Jewish,1,0,0.011752512,Tayeb Al-Qassam mengebom “Eilat” dengan rudal “Ayyash 250” sbagai tanggapan atas pembantaian yg dilakukan Zionis Israe laknat terhadap warga sipil,tayeb al qassam mengebom eilat dengan rudal ayyash 250 sbagai tanggapan atas pembantaian yang dilakukan zionis israe laknat terhadap warga sipil
1-6315,Syiah,1,0,0.012144613,Kok anak2x cewek si anies pada gak pake hijab ? Padahal KADRUN selalu bilang anak perempuan kalau ga berhijab maka bapaknya akan dimintai pertanggung-jawaban sama Allah SWT kelak di Yaumil Akhir. Ya iyalah buat mazhab SYIAH berhijab itu ga terlalu penting. Monggo dikomen DRUN 🤣,kok anak2x cewek si anies pada tidak pake hijab padahal kadrun selalu bilang anak perempuan kalau tidak berhijab maka bapaknya akan dimintai pertanggung jawaban sama allah swt kelak di yaumil akhir ya iyalah buat mazhab syiah berhijab itu tidak terlalu penting monggo dikomen drun tertawa
2-12762,UNKNOWN,1,0,0.012298927,boleh di hukum pancung QISHOS ' terima ganggu tentremnya NEGARA,boleh di hukum pancung qishos terima ganggu tentremnya negara
2-4098,Disabilitas,1,0,0.013098987,ini orang-orang yang nyerang raksasa emang rada gila ya (elu),ini orang orang yang nyerang raksasa memang rada gila ya elu
4-2167,Rohingya,1,0,0.0132733695,@RevoNugroho @akankulepas @sclgysm @adriansyahyasin Jadi pengungsi rohingya punya hak memperkosa warga lokal tempat mereka mengungsi?,jadi pengungsi rohingya punya hak memperkosa warga lokal tempat mereka mengungsi
101-79,UNKNOWN,1,0,0.014315765,PDIP Tidak Butuh Suara Umat Islam,pdip tidak butuh suara umat islam
1-1570,UNKNOWN,1,0,0.014315765,PDIP Tidak Butuh Suara Umat Islam,pdip tidak butuh suara umat islam
1-2012,Jewish,1,0,0.015058074,Dalam Video Ini Sandiwara Zionis saat Perang,dalam video ini sandiwara zionis saat perang
4-3794,Syiah,1,0,0.015091348,"Banyak anakan2 Syiah d grub ini yg bergentayangan,berbicara tentang Islam emangnya Syiah Islam gitu????",banyak anakan2 syiah d grub ini yang bergentayangan berbicara tentang islam emangnya syiah islam gitu
1-2567,Disabilitas,1,0,0.015834933,"も ぐ で Manga Kanokari KAPAN GW TAMAT cOK! WTF! PADA CHAPTER 305 KAZUYA BERTEMU DENGAN ALIEN?? GILA DI MILKING TERUS INI MANGA AMPAS. d  Yoredaze Nanti apa lagi hah? Ada Titan lagi jogging? Fak lah kata gw teh.

Milking dalam konteks ini Mengeruk / memerah keuntungan dari suatu produk / karya, Tanpa memikirkan apakah karya tersebut layak untuk diperpanjang atau tidak.

Btw di X Author Manga Kanojo okarishimasu udah banyak yang protes juga terkait cerita Manga ini yang semakin hari semakin gak jelas.

GWS dah buat lu yang masih ngikutin nih Manga, Gw tau info ini dari user Facebook : Reinaldy (Ezra Dragnell)",も ぐ で manga kanokari kapan gue tamat cok wtf pada chapter 305 kazuya bertemu dengan alien gila di milking terus ini manga ampas d yoredaze nanti apa lagi hah ada titan lagi jogging fak lah kata gue teh milking dalam konteks ini mengeruk memerah keuntungan dari suatu produk karya tanpa memikirkan apakah karya tersebut layak untuk diperpanjang atau tidak btw di x author manga kanojo okarishimasu sudah banyak yang protes juga terkait cerita manga ini yang semakin hari semakin tidak jelas gws dah buat lu yang masih ngikutin ini manga gue tau info ini dari user facebook reinaldy ezra dragnell
2-10589,"Jewish, Disabilitas",1,0,0.01827455,YaAllah semoga zionis ni cepat cepat lenyap. Semoga tenteranya semua gila dan mati tersiksa,yaallah semoga zionis ini cepat cepat lenyap semoga tenteranya semua gila dan mati tersiksa
2-9771,Jewish,1,0,0.018797345,Inilah yang dilakukan rezim parasit zionis israel terhadap Khan Younis di Gaza. Setiap kutukan dalam setiap bahasa dari setiap orang di setiap bagian dunia tidak cukup untuk penyakit Dajjalic yang jahat ini 🤬 #Gaza_Genocide #IsraeliNewNazism,inilah yang dilakukan rezim parasit zionis israel terhadap khan younis di gaza setiap kutukan dalam setiap bahasa dari setiap orang di setiap bagian dunia tidak cukup untuk penyakit dajjalic yang jahat ini marah
1-942,Jewish,1,0,0.019002866,"Bolivia memberi tahu Majelis Umum PBB tentang keputusannya untuk memutuskan hubungan diplomatik dengan Israel Empati kpd penderitaan dan penjajahan Palestine justru dari Bangsa yg jauh dari Palestine Tetangga Palestine ( Mesir, Yordania, UEA dan Arab Saudi) ? ANJING",bolivia memberi tahu majelis umum pbb tentang keputusannya untuk memutuskan hubungan diplomatik dengan israel empati kpd penderitaan dan penjajahan palestine justru dari bangsa yang jauh dari palestine tetangga palestine mesir yordania uea dan arab saudi anjing
2-4044,Disabilitas,1,0,0.01902707,denial trs sampe gila,denial terus sampe gila
3-2249,Jewish,1,0,0.020573234,Kecewa banget sama Grab padahal gue udah langganan lama makanya sekarang langsung #UninstallGrabNow dan kasih bintang 1 juga di play store buat para pendukung Israel,kecewa banget sama grab padahal gue sudah langganan lama makanya sekarang langsung dan kasih bintang 1 juga di play store buat para pendukung israel
1-2625,Disabilitas,1,0,0.020602042,• #NotedThis Mblo ! Masih percaya CSIS ? 😅 Kecuali kamu sudah Gila !!! 🤣,mblo masih percaya csis kecuali kamu sudah gila tertawa
1-5821,Kristen,1,0,0.020743342,"*Kamu tuh baca sejarah yg mana?

Perhatikan foto ini baik2.

Ini adalah kota Jaffa. Palestina. 

Di kota ini dulu, ada Arab Islam, Arab Kristen, dll dsbgnya. 

Berhentilah termakan propganda artis2, pesohor2 yg bahkan tidak pernah baca sejarah. Kamu percaya mana? Soekarno atau selebgram2? Najis deh!

*Tere Liye",kamu itu baca sejarah yang mana perhatikan foto ini baik2 ini adalah kota jaffa palestina di kota ini dulu ada arab islam arab kristen dll dsbgnya berhentilah termakan propganda artis2 pesohor2 yang bahkan tidak pernah baca sejarah kamu percaya mana soekarno atau selebgram2 najis deh tere liye
3-2389,Jewish,1,0,0.020806324,ANJINGGGG vaseline dukung israel juga??? 😭😭😭😭 badmood banget asliii bodycare dan lipcare ku pake,anjingg vaseline mendukung israel juga menangis menangis badmood banget aslii bodycare dan lipcare ku pake
1-2944,Jewish,1,0,0.021679847,Wartawan Mohamed Al Aloul dari Agensi Anadolu mengucapkan selamat jalan kepada empat anaknya dan empat orang Saudaranya👉 yang Syahid dalam serangan udara pesawat zionis laknat Israel di kem Al-Maghazi di tengah Gaza Palestina,wartawan mohamed al aloul dari agensi anadolu mengucapkan selamat jalan kepada empat anaknya dan empat orang saudaranya kanan yang syahid dalam serangan udara pesawat zionis laknat israel di kem al maghazi di tengah gaza palestina
4-126,UNKNOWN,1,0,0.022106526,"IPK GIBRAN 2,3",ipk gibran 2 3
2-7477,Jewish,1,0,0.023070605,Gudang Bulan Sabit Merah Pusat di Gaza dibom Zionis Israel sehingga tidak dapat dipakai untuk menyimpan bahan dan barang kebutuhan medis #StopGenocideInGaza,gudang bulan sabit merah pusat di gaza dibom zionis israel sehingga tidak dapat dipakai untuk menyimpan bahan dan barang kebutuhan medis
2-5761,Tionghoa,1,0,0.023189828,Banyak trik aja china taipei anjing😁 #TimnasDay,banyak trik saja cina taipei anjing senyum
2-11844,Disabilitas,1,0,0.02490477,Bakalan jadi bumerang nih buat koalisi mereka sendiri dong Cawapres Cacat Hukum ://,bakalan jadi bumerang ini buat koalisi mereka sendiri dong calon wakil presiden cacat hukum
3-1874,Jewish,1,0,0.025964694,"yaAllah emosi bgt influencer yg upload2 anak anak israel di socmed trus ngeinfluence pake kata2 # bringtemback seolah2 they're the victim. gprnh liat video anak2 palestina yg berdarah2, badan tanpa kepala, diseret mobil, atau video tentara israel joget2 ngejek palestina kah???!!!",yaallah marah banget influencer yang upload2 anak anak israel di socmed terus ngeinfluence pake kata2 bringtemback seolah2 they re the victim gprnh liat video anak2 palestina yang berdarah2 badan tanpa kepala diseret mobil atau video tentara israel joget2 ngejek palestina kah
1-6860,Disabilitas,1,0,0.026917756,"💚 kaget tiba² org ini kirim² sticker 18plus bbrp hari ini. Udh dibilang jgn n aku hapus ttp dia kirim. Gue jarang on tele, ternyata pas dibuka itu isinya sticker 18plus muka member twice semua. Gila ini plchan woi!Gue block ni orang gila.",kaget tiba² org ini kirim² sticker ibplus bbrp hari ini sudah dibilang jgn n aku hapus ttp dia kirim gue jarang on tele ternyata pas dibuka itu isinya sticker ibplus muka member twice semua gila ini plchan woi gue block ini orang gila
1-3954,Jewish,1,0,0.026942983,Washington Pasok Rudal Tamir (Iron Dome) Untuk Pertahanan Udara Israel,washington pasok rudal tamir iron dome untuk pertahanan udara israel
2-10594,Jewish,1,0,0.027216105,"Ditunda hari Selasa katanya perang darat Israel mau ke Gaza.Menunda karena banjir,atau takut keok😁🇵🇸🥁 #PalestineIsraelwar Persiapan,Hamas",ditunda hari selasa katanya perang darat israel mau ke gaza menunda karena banjir atau takut keok senyum persiapan hamas
2-8574,Disabilitas,1,0,0.027324582,"dia yg selingkuh dia yg bilang kalo bukan cuma kamu aja yg tersakiti, manusia gila",dia yang selingkuh dia yang bilang kalo bukan cuma kamu saja yang tersakiti manusia gila
2-12483,Jewish,1,0,0.027535481,"EGAMEDIA lofisrael 3h Nelson Road Again  Day13 we'gf' we're fightingfo 100th Independence Day Sumber: Haaretz Ratusan Tentara Israel Alami Gangguan Psikologis Usai Dibombardir Netizen Indonesia di Social Media. Kabar terbaru dilaporkan surat kabar Israel, Haaretz, ratusan tentara Israel alami gangguan psikologi. Usut punya usut, ternyata gangguan psikologi yang dialami ratusan tentara Israel usai dibombardir netizen Indonesia. Mereka menyerang masing-masing akun Instagram pribadi tentara Israel. ensiklopediabebas Ada yang mulai kena mental nih ceritanya 🥱

#Beeuptodate #army #israel #idf #palestina #gaza #data #aplikasi #egamedia #post #share #faktaunik #faktaterbaru #faktaviral #ensiklopedia #fakta #berita #kabarterkini #faktabebas #uptodate #indonesia #ios #android",egamedia lofisrael eh nelson road again dayie we gf we re fightingfo iooth independence day sumber haaretz ratusan tentara israel alami gangguan psikologis usai dibombardir netizen indonesia di social media kabar terbaru dilaporkan surat kabar israel haaretz ratusan tentara israel alami gangguan psikologi usut punya usut ternyata gangguan psikologi yang dialami ratusan tentara israel usai dibombardir netizen indonesia mereka menyerang masing masing akun instagram pribadi tentara israel ensiklopediabebas ada yang mulai kena mental ini ceritanya ngantuk
2-3552,Kristen,1,0,0.027836066,"Tiap jumat ada kelas agama, yang Islam dari beberapa kelas dijadiin satu, begitu pun yang katolik dan protestan. Nggak jarang kita yang muslim kalau pas deket2 natal sampe ikut apal lagu pujian.. "" burung Pipit yang kecil "" 🤣🤣🤣",tiap jumat ada kelas agama yang islam dari beberapa kelas dijadiin satu begitu pun yang katolik dan protestan tidak jarang kita yang muslim kalau pas deket2 natal sampe ikut apal lagu pujian burung pipit yang kecil tertawa tertawa
2-4986,LGBTQ+,1,0,0.028245019,CALL ME BY YOUR NAME!! Dari sini harus pada tau sih kalau taehyung nonton film GAY cok!! Semua yang ada di taekook berbau LGBT!! Dari pakaian film lagu panutan!! Mereka memang tidak pernah bicara kalau mereka pencinta LGBT tetapi mereka selalu menunjukan! JANGAN SALTY! #taekook,call me by your name dari sini harus pada tau sih kalau taehyung nonton film gay cok semua yang ada di taekook berbau lgbt dari pakaian film lagu panutan mereka memang tidak pernah bicara kalau mereka pencinta lgbt tetapi mereka selalu menunjukan jangan salty
2-5322,Jewish,1,0,0.029315362,"Alhamdulillah kampung kami dapat hujan lagi, cukup deras Semoga di Gaza sana, juga dapat hujan yg lebih deras, badai supaya Merkava Zionis pada selip di lumpur Amiin",alhamdulillah kampung kami dapat hujan lagi cukup deras semoga di gaza sana juga dapat hujan yang lebih deras badai supaya merkava zionis pada selip di lumpur amiin
2-4757,"Jewish, Disabilitas",1,0,0.029462155,"Negara2 yang sudah membantu hamaz pada serangan 7 oktober, tidak boleh ragu2 lagi untuk menghancurkan israel, menyerang israel membabi buta adalah langkah yang paling tepat untuk menghentikan netanyahu..",negara2 yang sudah membantu hamaz pada serangan 7 oktober tidak boleh ragu2 lagi untuk menghancurkan israel menyerang israel membabi buta adalah langkah yang paling tepat untuk menghentikan netanyahu
1-1026,UNKNOWN,1,0,0.030497063,Tank dan Pasukan Bersenjata Dalam Video Ini Situasi Pulau Rempang Siap Tempur,tank dan pasukan bersenjata dalam video ini situasi pulau rempang siap tempur
1-3116,Jewish,1,0,0.031453256,10h Mengapa Orang ISRAEL A Pada Orang JAWA 😱,ioh mengapa orang israel a pada orang jawa takut
3-2604,Jewish,1,0,0.031502318,Jadikan gaza kuburan mileter Zionis laknatullahi alaihi #FreeGaza #FreePalestine #IsraelTerrorism,jadikan gaza kuburan mileter zionis laknatullahi alaihi
3-1089,Jewish,1,0,0.033990946,Rumah Sakit Anak di Gaza Ikut Jadi Sasaran Serangan Penjajah Israel,rumah sakit anak di gaza ikut jadi sasaran serangan penjajah israel
2-532,Disabilitas,1,0,0.035646338,"Ganjar-Mahfud, bukan cawapres yang gila kuasa, melainkan yang bertanggung jawab @denmaspudji",ganjar mahfud bukan calon wakil presiden yang gila kuasa melainkan yang bertanggung jawab
2-1125,Jewish,1,0,0.035983834,Sempet kegocek sama tulisan org kriatiani kalau Allah SWT tidak melaknat Israel berpuluh-puluh tahun karna ZIONIS ini memang diberi tanah yg dijanjikan. Aku harus gimana?,sempet kegocek sama tulisan org kriatiani kalau allah swt tidak melaknat israel berpuluh puluh tahun karna zionis ini memang diberi tanah yang dijanjikan aku harus gimana
4-1324,Syiah,1,0,0.036046423,"Kaum Muslim beriman pada Allah Dia lah Allah, Rabb para Nabi dan Rosul Al quran itu Firman Allah, yg di bawa Nabi Muhammad Salallahu Alaihi Wasallam dan di Imani Kaum Muslimin Adapun Syiah tidak ber Iman pd Allah (Al Quran /Firman Allah) melainkan beriman pd 12 Imam sebagai Tuhan, oleh karena nya mreka meyakini / beriman pada Mushaf Fatima yg di bawa para Imam",kaum muslim beriman pada allah dia lah allah rabb para nabi dan rosul al quran itu firman allah yang di bawa nabi muhammad salallahu alaihi wasallam dan di imani kaum muslimin adapun syiah tidak ber iman pd allah al quran firman allah melainkan beriman pd 12 imam sebagai tuhan oleh karena nya mereka meyakini beriman pada mushaf fatima yang di bawa para imam
1-1697,Jewish,1,0,0.038914148,Ternyata cari dukungan Israel ? #WaspadaCapresBonekaAsing #WaspadaParpolProKoruptor #WaspadaOrmasTerlarang,ternyata cari dukungan israel
1-2465,Jewish,1,0,0.039364893,"SIND ÛNEWS. .com BEYOND HEADLINES PERANG UTANG MESIN UANG ISRAEL HANCUR AKIBAT SERANG GAZA Terbelit Utang Sejak perang Israel telah menambah utang sebanyak Rp120,9 triliun. Dunia Usaha Porak-poranda Satu dari tiga bisnis di Israel ditutup atau beroperasi dengan kapasitas 20%. Sejak membombardir Palestina secara brutal dengan dalih memerangi Hamas, negara zionis itu sudah menambah utang sebesar USD7,8 miliar atau setara Rp120,9 triliun (kurs Rp15.500).

Tak cuma itu, banyak sendi-sendi perekonomian Israel yang juga terganggu, mulai dari lapangan pekerjaan hingga pariwisata. 

Simak sederet fakta-fakta ekonomi Israel akibat perang di infografis!

Temukan berita menarik lainnya di: 

#SindoNews #SindoGrafis",sind ûnews com beyond headlines perang utang mesin uang israel hancur akibat serang gaza terbelit utang sejak perang israel telah menambah utang sebanyak rpi2o g triliun dunia usaha porak poranda satu dari tiga bisnis di israel ditutup atau beroperasi dengan kapasitas 20 sejak membombardir palestina secara brutal dengan dalih memerangi hamas negara zionis itu sudah menambah utang sebesar usdt b miliar atau setara rpi2o g triliun kurs rpis soo tak cuma itu banyak sendi sendi perekonomian israel yang juga terganggu mulai dari lapangan pekerjaan hingga pariwisata simak sederet fakta fakta ekonomi israel akibat perang di infografis temukan berita menarik lainnya di
2-2645,Tionghoa,1,0,0.039401032,"@pln_123 mati lampu listrik udah 4 jam di Jl. Sulawesi, Makassar. Agak rasis ya giliran matinya jam 9 malem++, mentang2 daerah China Town",apln_i2e mati lampu listrik sudah 4 jam di jl sulawesi makassar agak rasis ya giliran matinya jam 9 malem mentang2 daerah cina town
1-6069,Jewish,1,0,0.040359963,"*ࣧ͜❨ ͜ ͡Mųțîăŕą Ąśwàjá Mâ'íš 1-15❨ ͜ ͡* *السلام عليكم ورحمة اللّه وبركاته* *اَللَّٰہُمَّ صَلِّ وَسَلِّمْ عَلَیٰ سَیِّدِنَا مُحَمَّدِِ عَبْدڪََِ وَرَسُوْلِڪَ النَّبِيِّ الْأُمِّيِّ وعَلَی آلِــهِ وَصَحْبِـهِ وَسَلِّمْ تَسْلِيـمََا ڪَثِيْـرََا* *BAB. TENTANG WAHABI* *BAGIAN, PERTAMA (1)* *SEJARAH MUNCULNYA FAHAM WAHABI DAN BERDIRINYA KERAJAAN SAUDI ARABIA?* (Persekongkolan Yahudi untuk memecah-belah dan melemahkan Islam dari dalam, dengan dalih *""Pemurnian Aqidah Tauhid""*) *Apa itu Wahabi (Wahabiyah)* ? Wahabi merupakan faham yang dicetuskan oleh *Muhammad Ibnu Abdul Wahab* (bukan Abdul Wahhab Ibnu Rustum). Faham ini di nisbatkan kepada nama bapaknya (Abdul Wahhab) sebagai nama ajarannya yaitu Wahabiyah. Ibnu Saud setuju dengan tawaran itu, maka bergabunglah dua orang ini mengembangkan ajaran Wahabi. Dalam mengembangkan ajarannya Ibnu Abdul Wahab mengeluarkan fatwa, _""Sesungguhnya aku mengajak kalian (truncated)",mųțîăŕą ąśwàjá mâ íš 1 15 السلام عليكم ورحمة الل ه وبركاته ا لل ہ م ص ل و س ل م ع ل ی س ی د ن ا م ح م د ع ب دڪ و ر س و ل ڪ الن ب ي ال أ م ي وع ل ی آل ــه و ص ح ب ـه و س ل م ت س ل يـم ا ڪ ث ي ـر ا bab tentang wahabi bagian pertama 1 sejarah munculnya faham wahabi dan berdirinya kerajaan saudi arabia persekongkolan yahudi untuk memecah belah dan melemahkan islam dari dalam dengan dalih pemurnian aqidah tauhid apa itu wahabi wahabiyah wahabi merupakan faham yang dicetuskan oleh muhammad ibnu abdul wahab bukan abdul wahhab ibnu rustum faham ini di nisbatkan kepada nama bapaknya abdul wahhab sebagai nama ajarannya yaitu wahabiyah ibnu saud setuju dengan tawaran itu maka bergabunglah dua orang ini mengembangkan ajaran wahabi dalam mengembangkan ajarannya ibnu abdul wahab mengeluarkan fatwa _ sesungguhnya aku mengajak kalian truncated
1-5601,UNKNOWN,1,0,0.04096638,Menkeu Sri Mulyani Jadi Timses Ganjar-Mahfud,menkeu sri mulyani jadi timses ganjar mahfud
1-6631,Tionghoa,1,0,0.048120346,"CARI LAH ILMU KE NEGRI CINA,BEGITU KATA AGAMA,LALU KENPA AGAMA TIDAK MENYURUH CARI ILMU KE NEGRI ARAB,KARNEA (PKI) YG SEUNGGUH NYA BERJUBAH BERJANGGUT DAN SUKA MENJUAL AGAMA",cari lah ilmu ke negri cina begitu kata agama lalu kenpa agama tidak menyuruh cari ilmu ke negri arab karnea pki yang seungguh nya berjubah berjanggut dan suka menjual agama
1-6007,UNKNOWN,1,0,0.05010291,"Assalamualaikum.. FITNAH MUNCULNYA NABI PALSU Fitnah adalah kebohongan yang dituduhkan kepada sesorang atau suatu kelompok. Laknat Allah Maha Keras Azab-Nya akan ditimpakan kepada orang yang memfitnah, seperti tuduhannya kepada seseorang atau suatu kelompok. (QS. An-Nisaa: (truncated)",assalamualaikum fitnah munculnya nabi palsu fitnah adalah kebohongan yang dituduhkan kepada sesorang atau suatu kelompok laknat allah maha keras azab nya akan ditimpakan kepada orang yang memfitnah seperti tuduhannya kepada seseorang atau suatu kelompok qs an nisaa truncated
1-1114,Tionghoa,1,0,0.051195387,Jawa + Tionghoa = Bokep,jawa tionghoa bokep
1-3460,Jewish,1,0,0.051232327,"Selebriti sekaligus penyanyi, Aldi Taher merupakan salah satu artis Tanah Air yang ikut berdonasi untuk membantu Palestina. Aldi Taher bahkan rela mendonasikan honor syutingnya untuk membantu rakyat Palestina. Hal itu diunggah melalui akun Instagramnya. 

Dalam unggahan tersebut, ia juga mengajak para capres dan cawapres yang akan bertarung di Pemilu Presiden 2024 untuk ikut serta membela Palestina. Selain itu, di unggahan lainnya dirinya memuji sikap artis dunia Angelina Jolie yang terus menyuarakan kemerdekaan dan hak-hak rakyat Palestina yang direnggut akibat agresi yang dilakukan Israel ke Palestina.

Apa pendapatmu tentang sikap Aldi Taher yang membantu Palestina dengan menyumbangkan honor syutingnya?

#PerangIsraelHamas #DonasiPalestina #ArtisDukungPalestina #Palestina #Israel #BeritaSatu",selebriti sekaligus penyanyi aldi taher merupakan salah satu artis tanah air yang ikut berdonasi untuk membantu palestina aldi taher bahkan rela mendonasikan honor syutingnya untuk membantu rakyat palestina hal itu diunggah melalui akun instagramnya dalam unggahan tersebut ia juga mengajak para calon presiden dan calon wakil presiden yang akan bertarung di pemilu presiden 2024 untuk ikut serta membela palestina selain itu di unggahan lainnya dirinya memuji sikap artis dunia angelina jolie yang terus menyuarakan kemerdekaan dan hak hak rakyat palestina yang direnggut akibat agresi yang dilakukan israel ke palestina apa pendapatmu tentang sikap aldi taher yang membantu palestina dengan menyumbangkan honor syutingnya
1-996,Tionghoa,1,0,0.051383264,"ajg jam segini baru kelar nugas, mata gua uda kek cindo sipit bgt cokkk",ajg jam segini baru kelar nugas mata gua uda kayak cindo sipit banget cokk
4-1042,Rohingya,1,0,0.05182051,"@wjhjunpie @UNHCRIndo @australian Jelas lah you know imigran disana udah di tenggelamkan langsung di laut kok pernah beberapa tahun yang lalu, tapi si DONGOK @Refugees @UNHCRIndo ga koar2 Karena. Negara itu bekingan nya USA, sama2 negara hasil rampok dari orang lokal",jelas lah you know imigran disana sudah di tenggelamkan langsung di laut kok pernah beberapa tahun yang lalu tapi si dongok tidak koar2 karena negara itu bekingan nya usa sama2 negara hasil rampok dari orang lokal
1-5385,LGBTQ+,1,0,0.053459074,"yuk yang mau bo,lc rental gf boleh dm no gay ya ges#tante girang#ceweksange",ajak yang mau bo lc rental gf boleh dm no gay ya ges girang
1-5152,LGBTQ+,1,0,0.05451531,Propaganda LGBT Untuk Diterima Masyarakat @YouTube,propaganda lgbt untuk diterima masyarakat
4-3170,Syiah,1,0,0.05462365,SYIAH IRAN BERENCANA MENGHANCURKAN MAKKAH AL MUKAROMAH : NAUDZUBILLAH MINDZALIK,syiah iran berencana menghancurkan makkah al mukaromah naudzubillah mindzalik
1-391,Disabilitas,1,0,0.061440278,"Bener bener gila bgt sodara bokap,Dateng kerumah cuma minta !!",benar benar gila banget sodara bokap dateng kerumah cuma minta
2-3182,Disabilitas,1,0,0.06146532,Udah gila ni orang @kesenggolpelor,sudah gila ini orang
4-1794,Disabilitas,1,0,0.06214034,"@KompasTV Paling gampang ya lupa, gak tahu, atau pura2 gila",paling gampang ya lupa tidak tahu atau pura2 gila
2-5902,Jewish,1,0,0.06511188,"miris banget si israel udah pernah di genosid* hitler malah sendirinya juga nge-genocid* wkwkwk mana di negara orang pula, dan anehnya mereka ngaku-ngaku jadi victim ini si hitler bisa dihidupin lagi aja gak sih?",miris banget si israel sudah pernah di genosid hitler malah sendirinya juga nge genocid tertawa wk mana di negara orang pula dan anehnya mereka ngaku ngaku jadi victim ini si hitler bisa dihidupin lagi saja tidak sih
2-4767,Jewish,1,0,0.0652468,Ya allah ya rabb tolong segera turun kan azab yang sangat pedih dan menyiksa untuk setan zionis yang terkutuk itu #PalestinianLivesMatter #Genocide_of_Palestinians #FreePalestineFromIsrael,ya allah ya rabb tolong segera turun kan azab yang sangat pedih dan menyiksa untuk setan zionis yang terkutuk itu
2-11050,Jewish,1,0,0.06697531,"CNN Home Nasional Internasional Ekonomi Perang Israel Palestina Home Olahraga Teknologi Mahfud MD Nasional Otomotif Pemilu Pilpres2024 2024 Hiburan Gaya Hidup Pendaftaran Capres Cawapres Cawapres Gibran Terbang ke Jakarta Jelang Penentuan Cawapres Prabowo CNN Indonesia Jumat, 20 Okt 2023 17:45 WIB Bagikan: Wali Kota Solo Gibran Rakabuming menuju Jakarta Subianto Pilpres 2024 (Arsip Istimewa) tengah isu bakal ditunjuk menjadi cawapres pendamping Prabowo ah lagi-lagi media, mana CNN lagi..
kok seneng banget membuat kami2 pendukung Pak Jokowi ini resah gelisah dan 

Kalian jahat ya!",cnn home nasional internasional ekonomi perang israel palestina home olahraga teknologi mahfud md nasional otomotif pemilu pilpres2o2a 2024 hiburan gaya hidup pendaftaran calon presiden calon wakil presiden calon wakil presiden gibran terbang ke jakarta jelang penentuan calon wakil presiden prabowo cnn indonesia jumat 20 okt 2023 17 45 wib bagikan wali kota solo gibran rakabuming menuju jakarta subianto pemilu presiden 2024 arsip istimewa tengah isu bakal ditunjuk menjadi calon wakil presiden pendamping prabowo ah lagi lagi media mana cnn lagi kok senang banget membuat kami2 pendukung pak jokowi ini resah gelisah dan kalian jahat ya
2-7622,Jewish,1,0,0.070632495,jika para teroris hamas konsisten dengan cita-cita nya yaitu mati sahid dan bisa pesta sex dgn bidadari syuurrga seharusnya mereka berterima kasih sama tentara Israel sebab keberangkatannya dipercepat paham son !!,jika para teroris hamas konsisten dengan cita cita nya yaitu mati sahid dan bisa pesta sex dengan bidadari syuurrga seharusnya mereka berterima kasih sama tentara israel sebab keberangkatannya dipercepat paham son
4-3903,Syiah,1,0,0.070870474,"Kelompok preman bersorban Hizbullah kehilangan 6 teroris lagi hari ini, sehingga total 152 teroris lenyap dari Bumi Hizbullah kelompok pembunuh manusia ber-aliran shia Iran seperti-halnya Hamas dan Houthi https://t.co/CDYfp4sTLI",kelompok preman bersorban hizbullah kehilangan 6 teroris lagi hari ini sehingga total 152 teroris hancur dari bumi hizbullah kelompok pembunuh manusia ber aliran shia iran seperti halnya hamas dan houthi
2-3647,Jewish,1,0,0.071165696,Sejumlah warga Palestina terluka dalam pemboman Israel di utara kota Gaza. 30.10.23 #SAVEPALESTINE #Palestina #IsraelTerorist,sejumlah warga palestina terluka dalam pemboman israel di utara kota gaza 30 10 23
2-10546,Jewish,1,0,0.07254008,"Teroris Hamas menculik lebih dr 100 orang dlm serangan multi-front yg mengejutkan & menewaskan lebih dr 700 orang, menjadikan Sabtu (7/10/2023) sbg hari paling mematikan dlm sejarah Israel. Media Israel mengatakan bahwa jml korban tewas tlh meningkat menjadi 900 orang.",teroris hamas menculik lebih dr 100 orang dlm serangan multi front yang mengejutkan menewaskan lebih dr 700 orang menjadikan sabtu 7 10 2023 sbg hari paling mematikan dlm sejarah israel media israel mengatakan bahwa jml korban tewas tlh meningkat menjadi 900 orang
3-1329,Jewish,1,0,0.07290978,Ada 2 alasan Iran dendam sekali dengan Israel beberapa tahun terakhir dan ini soal intelijen 1. Dibunuhnya kepala riset proyek besar nuklir Iran 2. Dibunuhnya jendral tinggi Iran dan ini sebenarnya campur tangan AS 2 kejadian ini cukup Iran murka.,ada 2 alasan iran dendam sekali dengan israel beberapa tahun terakhir dan ini soal intelijen 1 dibunuhnya kepala riset proyek besar nuklir iran 2 dibunuhnya jendral tinggi iran dan ini sebenarnya campur tangan as 2 kejadian ini cukup iran murka
2-5054,Disabilitas,1,0,0.07325907,"Ini tuh bulan bahagia Jimin dan fans2nya tpi gra2 satu orang gila ini smuanya jdi kacau, bner2 yah tks perlu bnget di musnahin klakuannya ke anjing semua, hobi bnget cari validasi, ngga ada yg peduli jg lo tks atau bkan setan",ini itu bulan bahagia jimin dan fans2nya tapi gra2 satu orang gila ini smuanya jadi kacau bner2 yah tks perlu banget di musnahin klakuannya ke anjing semua hobi banget cari validasi tidak ada yang peduli juga lo tks atau bkan setan
2-981,Disabilitas,1,0,0.07403922,sange yuk mana top yg suka cowok gendut #gaysurabaya,sange ajak mana top yang suka cowok gendut
4-1567,Disabilitas,1,0,0.07725864,"@yozariam @PolaRize_G Sumpah? Wah gila sih. Lu dan otak lu yg terlalu kotor, sukanya ngerusak anak orang ni pasti. Pasti lu jg ga terima kalo dibilang jelek kan, kok bisa bisanya ngomong gitu. Kesel bgt🤬",sumpah wah gila sih lu dan otak lu yang terlalu kotor sukanya ngerusak anak orang ini pasti pasti lu juga tidak terima kalo dibilang buruk rupa kan kok bisa bisanya ngomong gitu sebal banget marah
3-1434,Jewish,1,0,0.07737932,"#IndonesiaBelaPalestina cek panduan boikot produk ISRAEL di website 👇👇👇👇👇 , kenapa dan bagaimana cara boikotnya.. #Palestina #boikotprodukisrael",cek panduan boikot produk israel di website bawah bawah kenapa dan bagaimana cara boikotnya
4-1639,Syiah,1,0,0.07778651,"Oposisi Islam Penulis: Dr. Neveen Abdul Khalik Mustafa Penerbit : LKIS Harga : Rp.110.000 Pemesanan: wa.me/6287719354101 Dibandingkan dengan madzhab lainya, seperti Syiah, Khawarij, dan Mu'tazilah, madzhab Ahlussunah wal jama'ah (aswaja) tampak lebih moderat dalam melakukan teoretisasi ""oposisi"" vi a vis kekuatan. Jika, misalnya, syiah tidak membuka ruang pada oposisi karena kedudukannya seorang imam yang sinlessness (ma'shum) maka aswaja yang mendasarkan teori oposisi keislamannya pada syari'at, prinsip syura, dan amar ma'ruf nahi mungkar memberi peran orisinil bagi oposisi sebagai sebuah tugas dalam kehidupan politik, baik dalam prosses trasmutasi kekuasaan maupun kontrol kekuasaan. #bingbookstore #oposisiislam #bukuoposisiislam",oposisi islam penulis dr neveen abdul khalik mustafa penerbit lkis harga rp iio oo pemesanan wa me 62bttigesaioi dibandingkan dengan madzhab lainya seperti syiah khawarij dan mu tazilah madzhab ahlussunah wal jama ah aswaja tampak lebih moderat dalam melakukan teoretisasi oposisi vi a vis kekuatan jika misalnya syiah tidak membuka ruang pada oposisi karena kedudukannya seorang imam yang sinlessness ma shum maka aswaja yang mendasarkan teori oposisi keislamannya pada syari at prinsip syura dan amar ma ruf nahi mungkar memberi peran orisinil bagi oposisi sebagai sebuah tugas dalam kehidupan politik baik dalam prosses trasmutasi kekuasaan maupun kontrol kekuasaan
2-660,Jewish,1,0,0.07796896,"Ikut Demo Bela Palestina, Anwar Ibrahim: Barat Lantang Bicara Soal HAM, Tapi Bungkam atas Kezaliman Israel",ikut demo bela palestina anwar ibrahim barat lantang bicara soal ham tapi bungkam atas kezaliman israel
1-1689,Disabilitas,1,0,0.078646764,"Setuju jika Anak muda bisa maju dan ikut serta pencapresan,akan tetapi cacat jika UU ini di sahkan karna hanya ingin meMajukan anak Muda yg tidak lain dan tidak bukan karna Kehebatan Bapak nya, bukan karna kehebatan Anak Muda tersebut. . . . Ganjar Mahfud yakin bisa",setuju jika anak muda bisa maju dan ikut serta pencapresan akan tetapi cacat jika jijik ini di sahkan karna hanya ingin memajukan anak muda yang tidak lain dan tidak bukan karna kehebatan bapak nya bukan karna kehebatan anak muda tersebut ganjar mahfud yakin bisa
2-10090,Jewish,1,0,0.07891084,"Israel dan Amerika lah TERORIS sesungguhnya. Ayo buka mata klean yahudi pesek, jangan karena klean di bayar klean rela jual harga diri klean. #FreePalestine",israel dan amerika lah teroris sesungguhnya ayo buka mata klean yahudi pesek jangan karena klean di bayar klean rela jual harga diri klean
4-3137,Syiah,1,0,0.085651934,Assalamualaikum bapak ibu KK khusus nya yang ada di grup ini semua pasti marah marah dengan postingan yang saya buat ustadz ustadz salafi tapi sumpah saya tidak pernah mengedit ustadz kalian itu saya ambil dari postingan postingan yang ada digrup ini mohon maaf jika saya banyak salah Poin 2 Saya tidak akan memberikan postingan yang membuat hati anda sakit jika kalian tidak menghina kami dengan mengedit ulama Aswaja Ahlu Sunnah waljamaah diedit dengan Syiah laknatulah apalahi dengan zionisme dan kalian tidak boleh menghina amalan amalan kami seperti seperti memperingati kelahiran nabi Muhammad Saw khusus nya jika menurut kalian itu bid'ah sudah katakan dihati anda saja jangan teriak di mimbar mimbar dan sering mendengar Ahlu bid'ah kuburiyun masuk neraka itu gak boleh sama saja kalian membuat gaduh dan bisa saja perang saudara ini yang yang saya tidak mau Sebenarnya saya itu sayang sama kalian Walaikumsalam warahmatullahi wabarakatuh,assalamualaikum bapak ibu kk khusus nya yang ada di grup ini semua pasti marah marah dengan postingan yang saya buat ustadz ustadz salafi tapi sumpah saya tidak pernah mengedit ustadz kalian itu saya ambil dari postingan postingan yang ada digrup ini mohon maaf jika saya banyak salah poin 2 saya tidak akan memberikan postingan yang membuat hati anda sakit jika kalian tidak menghina kami dengan mengedit ulama aswaja ahlu sunnah waljamaah diedit dengan syiah laknatulah apalahi dengan zionisme dan kalian tidak boleh menghina amalan amalan kami seperti seperti memperingati kelahiran nabi muhammad saw khusus nya jika menurut kalian itu bid ah sudah katakan dihati anda saja jangan teriak di mimbar mimbar dan sering mendengar ahlu bid ah kuburiyun masuk neraka itu tidak boleh sama saja kalian membuat gaduh dan bisa saja perang saudara ini yang yang saya tidak mau sebenarnya saya itu sayang sama kalian walaikumsalam warahmatullahi wabarakatuh
1-5570,UNKNOWN,1,0,0.08644013,Foto Baliho Prabowo Subianto Sebagai Capres dan Jan Ethes Sebagai Cawapres,foto baliho prabowo subianto sebagai calon presiden dan jan ethes sebagai calon wakil presiden
2-9134,Jewish,1,0,0.08779205,BuzzeRp Yahudi Pesek secara nyata dibayar mendukung propaganda & membenarkan Pembataian 4.412 anak-anak & 2.918 wanita serta melukai 8.663 anak & 6.327 wanita di Jalur Gaza oleh super teroris Israel. #TolakDanoneAqua #GazaHolocaust #CeasefireInGazaNOW Iran #FreePalestineNow,buzzerp yahudi pesek secara nyata dibayar mendukung propaganda membenarkan pembataian 4 412 anak anak 2 918 wanita serta melukai 8 663 anak 6 327 wanita di jalur gaza oleh super teroris israel iran
2-10381,Disabilitas,1,0,0.08970444,Liatt ignya di alfii kocak amadd ituu orang pd nyangka Taeyong wwkwkwk Ampe dikejar² dan masuknya pkee Security wkwk gila gila fans Indonesia wkwkw,liatt ignya di alfii lucu amadd ituu orang pd nyangka taeyong w tertawa wk ampe dikejar² dan masuknya pkee security tertawa gila gila fans indonesia tertawa w
1-2695,Jewish,1,0,0.09026595,"Mulai gerah, PM Australia memperingatkan Israel untuk mematuhi aturan perang, dengan mengatakan nyawa orang Israel dan Palestina sama2 berharga, dan komunitas internasional tidak akan mentolerir kematian warga sipil yang tidak bersalah.",mulai gerah pm australia memperingatkan israel untuk mematuhi aturan perang dengan mengatakan nyawa orang israel dan palestina sama2 berharga dan komunitas internasional tidak akan mentolerir kematian warga sipil yang tidak bersalah
4-2205,UNKNOWN,1,0,0.09431563,Foto Presiden Jokowi Bagikan Sembako di Depan Istana Merdeka Terkait Pemilu 2024,foto presiden jokowi bagikan sembako di depan istana merdeka terkait pemilu 2024
1-2070,Disabilitas,1,0,0.098852836,"Buat pembaca yg cerdas🇲🇨 Pak Jokowi di berbagai kesempatan berkata : *_➡️""mengelola negara besar spt Indonesia dg 278 juta penduduk, ribuan pulau besar, kecil membutuhkan seorang pemimpin eksekutor, berani melawan intimidasi Asing, Aseng untuk menguasai isi perut bumi pertiwi""_* Calon Pemimpin 2024, *banyak umbar omong di depan media, banyak beri janji* sudah terbukti : ➡️tidak mampu *Memberikan hasil kinerja sesuai ekspetasi pendukungnya dan rakyat waras.* Contoh simpel : *RUU Perampasan Aset Koruptor,* yg diajukan Presiden Jokowi : 👉diulur-ulur terus Pdhal sdh direvisi & sdh masuk agenda pembahasan di Senayan, Anda  koruptor sukar diberantas, koruptor era Jokowi lbh massive dibandingkan pemerintahan sebelumnya, 👉pertanyaan *_siapa yg gila ❓._* Kalau parpol saja, ogah *nge-goal-kan* RUU Perampasan Aset Koruptor : _➡️JANGAN MIMPI⬅️_ ♦️Parpol, ♦️Capres, Cawapres ♦️Anggota Dewan, ♦️Pejabat publik *#Bersih hasil kinerjanya nanti dari _KORUPSI._* *#Indonesia Bersih Korupsi*🤝🇲🇨🤝",buat pembaca yang cerdas pak jokowi di berbagai kesempatan berkata _ mengelola negara besar spt indonesia dg 278 juta penduduk ribuan pulau besar kecil membutuhkan seorang pemimpin eksekutor berani melawan intimidasi asing aseng untuk menguasai isi perut bumi pertiwi _ calon pemimpin 2024 banyak umbar omong di depan media banyak beri janji sudah terbukti tidak mampu memberikan hasil kinerja sesuai ekspetasi pendukungnya dan rakyat waras contoh simpel ruu perampasan aset koruptor yang diajukan presiden jokowi kanan diulur ulur terus pdhal sudah direvisi sudah masuk agenda pembahasan di senayan anda koruptor sukar diberantas koruptor era jokowi lebih massive dibandingkan pemerintahan sebelumnya kanan pertanyaan _siapa yang gila _ kalau partai politik saja ogah nge goal kan ruu perampasan aset koruptor _ jangan mimpi _ parpol capres calon wakil presiden anggota dewan pejabat publik hasil kinerjanya nanti dari _korupsi _ bersih korupsi jabat tangan jabat tangan
1-2542,"Jewish, Disabilitas",1,0,0.1019942,"ISRAEL SEMAKIN MEMBABI BUTA TARGET WARGA SIPIL DI JALUR GAZA. GENOSIDA TERANG- TERANGAN TENGAH DIBERLAKUKAN DI HADAPAN MILIARAN KASAT MATA DUNIA. AKSES INTERNET, LISTRIK KINI TERPUTUS. KAMI BELUM ÛUS KABAR MENDAPATKA HUSEIN DI JALUR GAZA. MOHON DOA TEMAN-TEMAN SEMUA Anda pejabat muslim yang mempunyai wewenang lebih sedang membaca postingan ini, jabatan dan amanah yang anda emban akan dipertanggungjawabkan di hari akhirat kelak.

#Repost @abumuslim_gaza",israel semakin membabi buta target warga sipil di jalur gaza genosida terang terangan tengah diberlakukan di hadapan miliaran kasat mata dunia akses internet listrik kini terputus kami belum ûus kabar mendapatka husein di jalur gaza mohon doa teman teman semua anda pejabat muslim yang mempunyai wewenang lebih sedang membaca postingan ini jabatan dan amanah yang anda emban akan dipertanggungjawabkan di hari akhirat kelak
2-11295,Disabilitas,1,0,0.10515865,Gibran Cawapres Cacat Hukum bisa menjadi bumerang bagi pasangan Prabowo Gibran. Ayo berpikir logis dan masuk logika..!! ://,gibran calon wakil presiden cacat hukum bisa menjadi bumerang bagi pasangan prabowo gibran ayo berpikir logis dan masuk logika
2-8929,LGBTQ+,1,0,0.11037942,"(4//10) overrated anjir, makin lama makin keluar konteks, mana pemainnya ganti2 oplas aneh disusupi lgbt hadeehh",4 10 overrated anjir makin lama makin keluar konteks mana pemainnya ganti2 oplas aneh disusupi lgbt hadeehh
1-2592,Jewish,1,0,0.110667616,"biarin lah Gal Gadot orang israel bos, masa lu suruh bela lawan nya.",biarin lah gal gadot orang israel bos masa lu suruh bela lawan nya
1-6252,"Syiah, Jewish",1,0,0.111413375,"AQIDAH SYIAH RAFIDHAH TENTANG MASJID AL-AQSHA

Dalam salah satu referensi kitab tafsir Syiah Rafidhah yang berjudul Tafsir Al-'Ayyasyi -tafsir surat Al-Isra' ayat pertama- disebutkan sebuah riwayat dari Salam bin Hanath dari seseorang dari Abu Abdillah (Husain bin Ali bin Abi Thalib) 'alaihi As-Salam, orang itu berkata: Aku bertanya kepada beliau tentang masjid-masjid yang memiliki keutamaan, maka beliau menjawab: Masjid Al-Haram dan Masjid Rasul (Nabawi). Aku berkata: Bagaimana dengan Masjid Al-Aqsha? Beliau menjawab: Itu ada di atas langit, kepadanya diisra'kan Rasulullah ﷺ. Aku berkata: Orang-orang mengatakan Masjid Al-Aqsha adalah Baitul maqdis? Maka beliau menjawab: Masjid Kufah lebih Afdhal darinya.
(Tafsir Al-'Ayyasyi 2/302)

Dengan keyakinan mereka seperti di atas, masih percayakah anda dengan propaganda Syiah Rafidhah Iran dan Hizbu Syiah Rafidhah Lebanon bahwa mereka mau memerdekakan masjid Al-Aqsha di Palestina dari tangan Yahudi yang terlaknat?!",aqidah syiah rafidhah tentang masjid al aqsha dalam salah satu referensi kitab tafsir syiah rafidhah yang berjudul tafsir al ayyasyi tafsir surat al isra ayat pertama disebutkan sebuah riwayat dari salam bin hanath dari seseorang dari abu abdillah husain bin ali bin abi thalib alaihi as salam orang itu berkata aku bertanya kepada beliau tentang masjid masjid yang memiliki keutamaan maka beliau menjawab masjid al haram dan masjid rasul nabawi aku berkata bagaimana dengan masjid al aqsha beliau menjawab itu ada di atas langit kepadanya diisra kan rasulullah ﷺ aku berkata orang orang mengatakan masjid al aqsha adalah baitul maqdis maka beliau menjawab masjid kufah lebih afdhal darinya tafsir al ayyasyi 2 302 dengan keyakinan mereka seperti di atas masih percayakah anda dengan propaganda syiah rafidhah iran dan hizbu syiah rafidhah lebanon bahwa mereka mau memerdekakan masjid al aqsha di palestina dari tangan yahudi yang terlaknat
3-1165,Tionghoa,1,0,0.11767324,"Pengobatan alternatif,pistolnya buatan china loh. Kadrun kalo ngeliat begini apa pendapatnya ya? Musrikah?,Kafirkah?Thogutkah?atw Bid'ah 😅😅",pengobatan alternatif pistolnya buatan cina loh kadrun kalo ngeliat begini apa pendapatnya ya musrikah kafirkah thogutkah atw bid ah
1-3686,Tionghoa,1,0,0.1246512,Rusia & China 🫶🏻,rusia cina
2-5084,Tionghoa,1,0,0.12591255,"""kamu ini orang china jangan kayak orang cibaduyut"" 😭😭😭😭",kamu ini orang cina jangan seperti orang cibaduyut menangis menangis
1-64,UNKNOWN,1,0,0.1267636,"A+plus.. Orang cerdas A--MIN.. Orang bodoh, Pilih pemimpin ITU yg cerdas, jangan yg BODOH, GETOE aja kok repot😄😆🤣",a plus orang pandai a min orang bodoh pilih pemimpin itu yang cerdas jangan yang bodoh getoe saja kok repot senyum tertawa tertawa
2-869,Jewish,1,0,0.12693422,"Dari sini saya mengimbau Israel dan seluruh dunia. Israel, Anda dapat menganggap Hamas sebagai organisasi teroris. Barat berhutang banyak padamu.",dari sini saya mengimbau israel dan seluruh dunia israel anda dapat menganggap hamas sebagai organisasi teroris barat berhutang banyak padamu
3-1993,Jewish,1,0,0.13027553,"Say no Israel Israel Team Hell You Tube CLAUDYVAS NETIZEN TANDAI ARTIS DAN SELEBGRAM LOKAL YANG DIDUGA PRO ISRAEL You Tube VASNEWS Warganet kini berbondong-bondong mengekspos sederet selebriti, artis, dan influencer yang kedapatan memberikan like kepada unggahan bernada pro-Israel.

Unggahan tersebut salah satunya soal foto bergambar Bintang Daud simbol bendera Israel dan bertuliskan ""I stand with Israel (Aku berdiri dengan Israel)"" yang diunggah oleh aktris ternama Gal Gadot.Sontak, warganet menyerukan untuk berhenti mengikuti para selebriti tersebut lantaran dituding pro-zionis di tengah-tengah konflik Palestina-Israel.

Nah kan, emang siapa sih? 

[ source:  ]",saya no israel israel team hell you tube claudyvas netizen tandai artis dan selebgram lokal yang diduga pro israel you tube vasnews warganet kini berbondong bondong mengekspos sederet selebriti artis dan influencer yang kedapatan memberikan like kepada unggahan bernada pro israel unggahan tersebut salah satunya soal foto bergambar bintang daud simbol bendera israel dan bertuliskan i stand with israel aku berdiri dengan israel yang diunggah oleh aktris ternama gal gadot sontak warganet menyerukan untuk berhenti mengikuti para selebriti tersebut lantaran dituding pro zionis di tengah tengah konflik palestina israel nah kan memang siapa sih source
1-18,Disabilitas,1,0,0.13099219,"LUR ATI2 TERNYATA ORG YG SUKA BACOT, NEBENG DI GROUP KITA TERNYATA ORANG2 PENYANDANG ODGJ LUR, NDK PERLU DI KOMENI OK,?",lur ati2 ternyata org yang suka bacot nebeng di group kita ternyata orang2 penyandang odgj lur ndk perlu di komeni ok
1-5482,LGBTQ+,1,0,0.1352639,"Ready Bo💦 Melayani Khusus Wanita, No Gay !! Mengutamakan Privasy 📍Sby #pijatsurabaya #pijatpanggilansurabaya #massagesurabaya #ExpoSurabaya",ready bo keringat melayani khusus wanita no gay mengutamakan privasy sby
4-3937,Rohingya,1,0,0.13727728,"Bagian dari Jihad fi Sabilillah, menyelamatkan agama Allah dari para pendusta yang mengatasnamakan Allah dan Rasulullah SAW. *SIAPAKAH HABIB - BA'ALAWI INI?* Jangan sekali-kali Melupakan Sejarah: 1. Th 1800an pasca perang Diponegoro, Imigran yaman didatangkan ke Indonesia sbg pekerja, sebagian menjadi kapiten arab sebagian yg mempunyai ilmu agama dr marga baalawi dipekerjakan sbg mufti spt Usman bin Yahya dg diberi label cucu nabi. 15. Pilihan saat ini terserah Panjenengan, mau menyerahkan nasib anak cucu kepada mereka dan akan terus terjajah ataukah kita #BANGKIT_MELAWAN!!! #2023_ALAP_ALAP_NUSANTARA",bagian dari jihad fi sabilillah menyelamatkan agama allah dari para pendusta yang mengatasnamakan allah dan rasulullah saw siapakah habib ba alawi ini jangan sekali kali melupakan sejarah 1 th ibooan pasca perang diponegoro imigran yaman didatangkan ke indonesia sbg pekerja sebagian menjadi kapiten arab sebagian yang mempunyai ilmu agama dr marga baalawi dipekerjakan sbg mufti spt usman bin yahya dg diberi label cucu nabi 15 pilihan saat ini terserah panjenengan mau menyerahkan nasib anak cucu kepada mereka dan akan terus terjajah ataukah kita h2o2e_alap_alap_nusantara
1-412,Disabilitas,1,0,0.14244337,"‼️🚨 Seorang ayah mengeluh kepada LaLiga bahwa ultras Barça melecehkan putranya yang autis karena mengenakan syal Madrid di #ElClásico akhir pekan kemarin: “Mereka mulai menghina putra saya yang berusia 7 tahun karena dia mengenakan syal Madrid. Mereka memanggilnya 'anjing,…",seorang ayah mengeluh kepada laliga bahwa ultras barça melecehkan putranya yang autis karena mengenakan syal madrid di akhir pekan kemarin mereka mulai menghina putra saya yang berusia 7 tahun karena dia mengenakan syal madrid mereka memanggilnya anjing
2-7512,"Tionghoa, Disabilitas",1,0,0.14384618,Yaah gw gak bisa ngelamar disini dong yaah. Berhubung gw buta huruf mandarin alias gak bisa bahasa cina so gak jadi 🔚🤠,yaah gue tidak bisa ngelamar disini dong yaah berhubung gue buta huruf mandarin alias tidak bisa bahasa cina so tidak jadi
1-6371,"Syiah, Jewish",1,0,0.14608969,Wahabi: Cobaan Palestin itu krn DOSA (jauh dr agama) rakyatnya (bkn ISRAEL) Cr lemahkn prjuangan Palestin 1.Hamas Troris 2.Yg Angkat senjata salah/kawan Syiah 3.Demo & musik pjuangan Palestin Haram 4Wajib Hijrah 5Rakyat Palestin jauh dr agama 6Jgn cela Israel krn nama nabi 7dst,wahabi cobaan palestin itu karena dosa jauh dr agama rakyatnya bkn israel cr lemahkn prjuangan palestin i hamas troris 2 yg angkat senjata salah kawan syiah e demo musik pjuangan palestin haram awajib hijrah srakyat palestin jauh dr agama 6jgn cela israel karena nama nabi tdst
1-1990,Jewish,1,0,0.14966957,Israel ambil kesempatan banget buat bombardir Gaza,israel ambil kesempatan banget buat bombardir gaza
1-5313,LGBTQ+,1,0,0.15097794,"Capek anj dikira cewek muluu, aku cowokk anjengg gak gay juga asuuu",capek anjing dikira cewek muluu aku cowokk anjengg tidak gay juga asuu
1-1419,Tionghoa,1,0,0.15106283,SM ini udah gak tau budaya china tapi sok sok an pake ngeluarin bg china hadeh.,sama ini sudah tidak tau budaya cina tapi sok sok an pake ngeluarin bg cina hadeh
1-5071,LGBTQ+,1,0,0.15368356,"JCAA Fuck you GAYS CAN UNITG QUEER MUSE MUSEYENT EN NOT BetasHpmestenad BeinsHomesteal Youthe 0쇼포화포쇼] Instagram @CatatanEntrepreneur UU ANTI-LGBTQ TERBERAT DI DUNIA BERAKSI! UGANDA TELAH MENANGKAP 2 ORANG DALAM KEJAHATAN ""HOMOS KSUALITAS PARAH"" DENGAN ANCAMAN HUKUMAN MATI Dua orang pria Uganda berusia 20 tahun dan 43 tahun menghadapi dakwaan berdasarkan undang-undang anti-LGBTQ+ yang baru.

Pria 20 tahun itu memperkaos pria dewasa berusia 41 tahun yang disable, sedangkan pria yang 43 tahun memperkaos seorang anak lelaki berusia 12 tahun.

Kedua pria tersebut didakwa melakukan ""homos*ksualitas parah,"" sebuah kejahatan yang dapat dihukum mati di Uganda. Ini menandai penangkapan pertama berdasarkan undang-undang baru. (Source: People's World)
#catatanentrepreneur 

---------------------------------
Suka konten seperti ini? Follow untuk konten motivasi menarik lainnya! 🚀
🔸 @catatanentrepreneur
🔸 @catatanentrepreneur
🔸 @catatanentrepreneur",jcaa fuck you gays can unitg queer muse museyent en not betashpmestenad beinshomesteal youthe 0쇼포화포쇼 instagram jijik anti lgbtq terberat di dunia beraksi uganda telah menangkap 2 orang dalam kejahatan homos ksualitas parah dengan ancaman hukuman mati dua orang pria uganda berusia 20 tahun dan 43 tahun menghadapi dakwaan berdasarkan undang undang anti lgbtq yang baru pria 20 tahun itu memperkaos pria dewasa berusia 41 tahun yang disable sedangkan pria yang 43 tahun memperkaos seorang anak lelaki berusia 12 tahun kedua pria tersebut didakwa melakukan homos ksualitas parah sebuah kejahatan yang dapat dihukum mati di uganda ini menandai penangkapan pertama berdasarkan undang undang baru source people s world suka konten seperti ini follow untuk konten motivasi menarik lainnya
1-6130,Syiah,1,0,0.15371907,"73 GOLONGAN BERSATU DIGABUNG SEMUA AGAMA ITU BENAR TUJUAN NYA KEBAIKAN YAITU MENCEGAH DARI PERBUATAN KEJI DAN MUNGKAR QS, AL-ANKABUT AYAT 45 DAN AL MU'MINUN AYAT 53. HARUS DISATUKAN 73 GOLONGAN BUKAN HANYA 1 YANG BENAR MERASA RASA BENAR DENGAN KEEGOISAN NYA.DISATUKAN DIGABUNG 73 GOLONGAN. 73 golongan hanya 1 yang benar yang mengikuti al qur'an dan sunnah,72 golongan benar juga sebenarnya disatukan jadi 73 golongan benar semua karena dari Al qur'an juga 73 golongan itu,karena saling bangga dengan golongan masing-masing akhirnya terpecah,mana kecerdasan fatonah nya jika sesama islam berperang? , sebenarnya bukan hanya satu yang benar tapi 73 DISATUKAN 73 GOLONGAN JADI 1 AHAD,ada syiah lah ada sunni lah ada wahabi lah tasawuf lah syariat lah tarekat lah hakikat lah ma'rifatlah semua nya benar 73 golongan itu DISATUKAN DIGABUNG,jangan saling menyalahkan itu bodoh namaNya berbuat keji dan mungkar berperang sesama islam ya bodoh sedangkan sesama islam bersaudara bersaudari adaNya diciptakan dari diri yang 1 adam annisa ayat 1, mana kecerdasan mana fatonahNya jika 73 golongan saling bangga dengan golongan masing-masing?disatukan 73 itu jadi 1 itu agar tidak terpecah belah agar tidak terjadi permusuhan karena ke -73 golongan islam juga, perdebatan adalah perbuatan keji dan mungkar sesama islam, sedangkan tujuan sholat adalah mencegah dari perbuatan keji dan mungkar, jadi bersatulah 73 golongan agar kuat DIGABUNG PASUKAN 73 DIJAMIN KUAT JIKA DIGABUNGKAN BERSATULAH 73 GOLONGAN. TERLIHAT KAN JADI BERSATULAH 73 GOLONGAN BERSATULAH JADI 1 AHAD, AHMAD BILAL MIM, SEMUA AGAMA ITU BENAR ADANYA INTINYA BISMILLAHIRRAHMANIRRAHIM LAH BERKASIH SAYANG LAH SESAMA ISLAM DAN KEPADA SELURUH ALAM SEMESTA NUR MUHAMMAD, DISATUKAN 73 GOLONGAN DIGABUNG. TERIMA KASIH DARI ANGIN SAJA TIADA TAPI ADA, ADA TAPI TIADA TAPI ADA, DISATUKAN ZAHIR BATIN NYATA DAN GHAIB BERSATULAH 73 GOLONGAN DIGABUNGKAN.",73 golongan bersatu digabung semua agama itu benar tujuan nya kebaikan yaitu mencegah dari perbuatan sial dan mungkar qs al ankabut ayat 45 dan al mu minun ayat 53 harus disatukan 73 golongan bukan hanya 1 yang benar merasa rasa benar dengan keegoisan nya disatukan digabung 73 golongan 73 golongan hanya 1 yang benar yang mengikuti al qur an dan sunnah t2 golongan benar juga sebenarnya disatukan jadi 73 golongan benar semua karena dari al qur an juga 73 golongan itu karena saling bangga dengan golongan masing masing akhirnya terpecah mana kecerdasan fatonah nya jika sesama islam berperang sebenarnya bukan hanya satu yang benar tapi 73 disatukan 73 golongan jadi 1 ahad ada syiah lah ada sunni lah ada wahabi lah tasawuf lah syariat lah tarekat lah hakikat lah ma rifatlah semua nya benar 73 golongan itu disatukan digabung jangan saling menyalahkan itu bodoh namanya berbuat sial dan mungkar berperang sesama islam ya bodoh sedangkan sesama islam bersaudara bersaudari adanya diciptakan dari diri yang 1 adam annisa ayat 1 mana kecerdasan mana fatonahnya jika 73 golongan saling bangga dengan golongan masing masing disatukan 73 itu jadi 1 itu agar tidak terpecah belah agar tidak terjadi permusuhan karena ke 73 golongan islam juga perdebatan adalah perbuatan sial dan mungkar sesama islam sedangkan tujuan sholat adalah mencegah dari perbuatan sial dan mungkar jadi bersatulah 73 golongan agar kuat digabung pasukan 73 dijamin kuat jika digabungkan bersatulah 73 golongan terlihat kan jadi bersatulah 73 golongan bersatulah jadi 1 ahad ahmad bilal mim semua agama itu benar adanya intinya bismillahirrahmanirrahim lah berkasih sayang lah sesama islam dan kepada seluruh alam semesta nur muhammad disatukan 73 golongan digabung terima kasih dari angin saja tiada tapi ada ada tapi tiada tapi ada disatukan zahir batin nyata dan ghaib bersatulah 73 golongan digabungkan
3-1630,Jewish,1,0,0.15629798,"Mengapa Israel menunda melakukan operasi darat, apakah mereka takut masuk jalur gaza? #اعصار_تيج #مستشفى_القدس #IsraelPalestineConflict #adp2023",mengapa israel menunda melakukan operasi darat apakah mereka takut masuk jalur gaza hadp2o2e
2-1043,Disabilitas,1,0,0.16114832,lama lama jadi odgj,lama lama jadi odgj
3-1582,UNKNOWN,1,0,0.1721822,"JDI WALIKOTA SOLO 2X, JADI GUBERNUR DKI 1, JADI PRESIDEN 2X DAN LO MASIH NGRIBUTIN IJASAH JOKOWI, KENP KADRUN GK RIBUT SAAT JOKOWI DAFTAR WALIKOTA SOLO, KLO SKRG TELAT JADI PRESIDENYA JUGA MAU TAMAT... HAHAHA KDRUN BODOH.. 🤣🤣",jadi walikota solo 2x jadi gubernur dki 1 jadi presiden 2x dan lo masih ngributin ijasah jokowi kenp kadrun tidak ribut saat jokowi daftar walikota solo kalau sekarang telat jadi presidenya juga mau tamat hahaha kdrun bodoh tertawa tertawa
1-6658,UNKNOWN,1,0,0.1721822,"JDI WALIKOTA SOLO 2X, JADI GUBERNUR DKI 1, JADI PRESIDEN 2X DAN LO MASIH NGRIBUTIN IJASAH JOKOWI, KENP KADRUN GK RIBUT SAAT JOKOWI DAFTAR WALIKOTA SOLO, KLO SKRG TELAT JADI PRESIDENYA JUGA MAU TAMAT... HAHAHA KDRUN BODOH.. 🤣🤣",jadi walikota solo 2x jadi gubernur dki 1 jadi presiden 2x dan lo masih ngributin ijasah jokowi kenp kadrun tidak ribut saat jokowi daftar walikota solo kalau sekarang telat jadi presidenya juga mau tamat hahaha kdrun bodoh tertawa tertawa
2-2662,Disabilitas,1,0,0.18181004,wah gila jauh jauh gua dr Jabodetabek ketemuan sm org Jogja diblock orang waktu ketemu ajg baru pertama kali kena beginian,wah gila jauh jauh gua dr jabodetabek ketemuan sama org jogja diblock orang waktu ketemu ajg baru pertama kali kena beginian
1-3035,Jewish,1,0,0.18241832,"DUNIA B BERNAM Bernamaofficial Negara-negara Arab kutuk keras kenyataan menteri Israel guna senjata nuklear di Gaza Bernamaofficial Bernamadotcom Bernamaofficial Bernamaofficial Menurut Kementerian Luar Arab Saudi kegagalan untuk segera memecat menteri itu dan hanya menggantung tugasnya mencerminkan sikap tidak peduli terhadap nilai kemanusiaan, etika, agama dan undang-undang oleh Israel, lapor Agensi Berita Arab Saudi.

Berita penuh di IG story.

#BernamaNews #Palestin",dunia b bernam bernamaofficial negara negara arab kutuk keras kenyataan menteri israel guna senjata nuklear di gaza bernamaofficial bernamadotcom bernamaofficial bernamaofficial menurut kementerian luar arab saudi kegagalan untuk segera memecat menteri itu dan hanya menggantung tugasnya mencerminkan sikap tidak peduli terhadap nilai kemanusiaan etika agama dan undang undang oleh israel lapor agensi berita arab saudi berita penuh di ig story
2-2967,Disabilitas,1,0,0.1927631,masi galauin orang padahal dah putus lama = sinting,masi galauin orang padahal dah putus lama sinting
2-3526,Jewish,1,0,0.19768173,Ya Allah ratakan bumi israel Agar mrk fokus ke negera nya sendiri yg hancur sehingga lupa menghancurkan tanah orang #FreePalestine,ya allah ratakan bumi israel agar mereka fokus ke negera nya sendiri yang hancur sehingga lupa menghancurkan tanah orang
3-2324,Disabilitas,1,0,0.1979696,"Yaas lagi liat drama pemilu. Gila si, gue bukan pendukung jkw, tp pas flashback apa yg dia alami, emg gatau diri juga itu emaknya, wajar kalau strateginya mateng. Its like he wanna show us the truth, keliatan si skrg semua cara dilakuin sama si emak saking takut gagal plannya dia",yaas lagi liat drama pemilu gila si gue bukan pendukung jkw tapi pas flashback apa yang dia alami memang gatau diri juga itu emaknya wajar kalau strateginya mateng its like he wanna show us the truth keliatan si sekarang semua cara dilakuin sama si emak saking takut gagal plannya dia
1-6234,UNKNOWN,1,0,0.20870653,"BISMILLAH.. SEMUA KELOMPOK MENCLAIM PEGANGANNYA AL-QUR'AN DAN SUNNAH TAPI MENGAPA TERJADI PERBEDAAN 💥Semua kelompok, aliran, organisasi, sekte, dan isme-isme semisalnya dll bahkan semua orang yang mengaku dirinya Islam, pasti juga mengaku mengikuti Al-Qur'an dan Sunnah.. 💥Tak akan ada yang mengatakan : ""Kami tidak ikut Al-Qur'an dan Sunnah.."" Gak ada, dan gak akan pernah ada.. BERFIKIRLAH BAGI ORANG YANG MAU BERFIKIR .😊 Semoga bermanfa'at Barakallahu fiikum. •••",bismillah semua kelompok menclaim pegangannya al qur an dan sunnah tapi mengapa terjadi perbedaan bom semua kelompok aliran organisasi sekte dan isme isme semisalnya dll bahkan semua orang yang mengaku dirinya islam pasti juga mengaku mengikuti al qur an dan sunnah bom tak akan ada yang mengatakan kami tidak ikut al qur an dan sunnah tidak ada dan tidak akan pernah ada berfikirlah bagi orang yang mau berfikir senyum semoga bermanfa at barakallahu fiikum
1-2142,UNKNOWN,1,0,0.21417329,Walopun saya orang desa tidak pengalaman orang bodoh tapi saya tidak mau di bodohin saya tetep pk ganjar mahmud harus jadi orang no 1,walopun saya orang desa tidak pengalaman orang bodoh tapi saya tidak mau di bodohin saya tetep pk ganjar mahmud harus jadi orang no 1
2-12440,Jewish,1,0,0.220298,"Path SUNNAHY ERTAUHID Bangsa Yahudi secara pasti tidak memiliki hak tempat tinggal di Palestina akan tetapi siapa yang akan mengeluarkan mereka? Yang akan mengusir mereka adalah kaum muslimin mu' minin yang mereka adalah orang orang yang bertauhid secara benar. Imam Albani rahimahullah Fatawas Sayyarah 89  📖 Fatawas Sayyarah / 89 | 

@sunnah_way1 @thesunnah_path
 
Follow Sunnah Way 👇
Instagram


Facebook
&mibextid=9R9pXO",path sunnahy ertauhid bangsa yahudi secara pasti tidak memiliki hak tempat tinggal di palestina akan tetapi siapa yang akan mengeluarkan mereka yang akan mengusir mereka adalah kaum muslimin mu minin yang mereka adalah orang orang yang bertauhid secara benar imam albani rahimahullah fatawas sayyarah 89 fatawas sayyarah 89 asunnah_wayi follow sunnah way bawah instagram facebook mibextid grgpxo
2-351,Jewish,1,0,0.22150365,"Seorang Influenser betina Israel mengejek ribuan ibu Gaza, yang anak-anak mereka Wafat dan terkubur di reruntuhan bangunan dalam serangan mematikan pesawat Israel. #IsraelAttack #GenocideinGaza #Gaza #Hamas",seorang influenser betina israel mengejek ribuan ibu gaza yang anak anak mereka wafat dan terkubur di reruntuhan bangunan dalam serangan mematikan pesawat israel
1-8,UNKNOWN,1,0,0.22309197,"Jangan pernah memilih buah yg sudah terlalu mateng bahkan bosok dan buah yg muda tapi dikarbit paksa mateng, pasti rasanya sangat sangat tidak enak sekali, Pilihlah buah yh benar benar mateng alami dan masih segar pasti sangat nikmat rasanya. Hanya orang pintar yg mengerti dan paham maksudnya, dan Hanya orang ""BODOH"" yg mau memilih dan menikmati buah busuk dan buah muda karbitan🙏🏻 SALAM WARAS🙏🏻🙏🏻👍🏻👍🏻👍🏻",jangan pernah memilih buah yang sudah terlalu mateng bahkan bosok dan buah yang muda tapi dikarbit paksa mateng pasti rasanya sangat sangat tidak enak sekali pilihlah buah yh benar benar mateng alami dan masih segar pasti sangat enak rasanya hanya orang pintar yang mengerti dan paham maksudnya dan hanya orang bodoh yang mau memilih dan menikmati buah busuk dan buah muda karbitan doa salam waras doa doa setuju setuju setuju
3-2115,UNKNOWN,1,0,0.22309197,"Jangan pernah memilih buah yg sudah terlalu mateng bahkan bosok dan buah yg muda tapi dikarbit paksa mateng, pasti rasanya sangat sangat tidak enak sekali, Pilihlah buah yh benar benar mateng alami dan masih segar pasti sangat nikmat rasanya. Hanya orang pintar yg mengerti dan paham maksudnya, dan Hanya orang ""BODOH"" yg mau memilih dan menikmati buah busuk dan buah muda karbitan🙏🏻 SALAM WARAS🙏🏻🙏🏻👍🏻👍🏻👍🏻",jangan pernah memilih buah yang sudah terlalu mateng bahkan bosok dan buah yang muda tapi dikarbit paksa mateng pasti rasanya sangat sangat tidak enak sekali pilihlah buah yh benar benar mateng alami dan masih segar pasti sangat enak rasanya hanya orang pintar yang mengerti dan paham maksudnya dan hanya orang bodoh yang mau memilih dan menikmati buah busuk dan buah muda karbitan doa salam waras doa doa setuju setuju setuju
4-2994,"Jewish, Disabilitas",1,0,0.25639766,"@dawiguna @ephemeralvirtu @visegrad24 @Valhallaah Boneka matalu picek a? Anda ini terlihat seperti orang tua yang dewasa, tapi buta ngga bisa melihat yang benar! Dasar munafik memang! Suka sekali menjilat kaki zionis! Apakah anda juga sekalian ingin ikut serta dalam kutukan 8 dekade!?",auisegrad2a boneka matalu picek a anda ini terlihat seperti orang tua yang dewasa tapi buta tidak bisa melihat yang benar dasar munafik memang suka sekali menjilat kaki zionis apakah anda juga sekalian ingin ikut serta dalam kutukan 8 dekade
1-3643,Disabilitas,1,0,0.26581883,JANGAN SALAHKAN KALO GW BUTA DOWN KALIAN,jangan salahkan kalo gue buta down kalian
2-1162,Jewish,1,0,0.27115124,"Aksi Bantu Palestina, Seribuan Siswa Galang Donasi dan Serukan Boikot Produk Israel di Medan",aksi bantu palestina seribuan siswa galang donasi dan serukan boikot produk israel di medan
1-2264,Jewish,1,0,0.2732166,"SM SukaMauTau CEWS BOYKOT HAYBER Rexona ALO เกรอ MAJELIS ULAMA INDONESIA RESMI KELUARKAN FATWA HARAM, BELI PRODUK PENDUKUNG ISRAEL Majelis Ulama Indonesia mengeluarkan fatwa baru yaitu haram membeli produk dari produsen yang mendukung agresi Israel. 

“Mendukung pihak yang diketahui mendukung agresi Israel, baik langsung maupun tidak langsung, seperti dengan membeli produk dari produsen yang secara nyata mendukung agresi Israel, hukumnya haram,” kata Asrorun Niam Sholeh selaku Ketua Bidang Fatwa MUI. 

Ketua Bidang Fatwa MUI, Asrorun Niam Sholeh juga mengungkapkan wajib hukumnya Indonesia mendukung kemerdekaan Palestina.

📷 via : Detik 
📝 via : winnews_",sama sukamautau cews boykot hayber rexona alo เกรอ majelis ulama indonesia resmi keluarkan fatwa haram beli produk pendukung israel majelis ulama indonesia mengeluarkan fatwa baru yaitu haram membeli produk dari produsen yang mendukung agresi israel mendukung pihak yang diketahui mendukung agresi israel baik langsung maupun tidak langsung seperti dengan membeli produk dari produsen yang secara nyata mendukung agresi israel hukumnya haram kata asrorun niam sholeh selaku ketua bidang fatwa mui ketua bidang fatwa mui asrorun niam sholeh juga mengungkapkan wajib hukumnya indonesia mendukung kemerdekaan palestina via detik via winnews_
1-2236,Jewish,1,0,0.2767153," Fatwa MUI: Haram Membeli Produk Pihak yang Mendukung Israel -FLASH TIRTO- μτμ T P S Majelis Ulama Indonesia (MUI) mengeluarkan fatwa haram mendukung Israel dan tindakan agresinya ke Palestina. MUI juga mewajibkan umat Islam untuk mendukung Palestina dalam perjuangan kemerdekaannya.

Ketua MUI Bidang Fatwa Asrorun Niam Sholeh mengatakan, fatwa tersebut teregistrasi dengan Nomor 83 Tahun 2023 Tentang Hukum Dukungan terhadap Palestina.

“Mendukung pihak yang diketahui mendukung agresi Israel, baik langsung maupun tidak langsung, seperti dengan membeli produk dari produsen yang secara nyata mendukung agresi Israel hukumnya haram,"" kata Asrorun Niam dalam keterangannya secara tertulis pada Jumat (10/11/2023).

Sebagai bentuk nyata pengharaman dukungan kepada Israel, Asrorun menegaskan, umat Islam diharuskan untuk menghindari segala transaksi dan penggunaan produk Israel atau yang terafiliasi pada negara tersebut. Dia menyebut setiap produk yang berasal atau terafiliasi dengan Israel memiliki kaitan terhadap zionisme dan penjajahan Palestina. #FlashTirto",fatwa mui haram membeli produk pihak yang mendukung israel flash tirto μτμ t p s majelis ulama indonesia mui mengeluarkan fatwa haram mendukung israel dan tindakan agresinya ke palestina mui juga mewajibkan umat islam untuk mendukung palestina dalam perjuangan kemerdekaannya ketua mui bidang fatwa asrorun niam sholeh mengatakan fatwa tersebut teregistrasi dengan nomor 83 tahun 2023 tentang hukum dukungan terhadap palestina mendukung pihak yang diketahui mendukung agresi israel baik langsung maupun tidak langsung seperti dengan membeli produk dari produsen yang secara nyata mendukung agresi israel hukumnya haram kata asrorun niam dalam keterangannya secara tertulis pada jumat 10 11 2023 sebagai bentuk nyata pengharaman dukungan kepada israel asrorun menegaskan umat islam diharuskan untuk menghindari segala transaksi dan penggunaan produk israel atau yang terafiliasi pada negara tersebut dia menyebut setiap produk yang berasal atau terafiliasi dengan israel memiliki kaitan terhadap zionisme dan penjajahan palestina
4-1346,Kristen,1,0,0.28474566,@sutanyola Dari namanya kyk orang kristen tp bahasanya setan,dari namanya kayak orang kristen tapi bahasanya setan
1-6885,Jewish,1,0,0.28637853,Kenapa ?ada apa sih dengan Israel ?kenapa semua seakan akan tunduk sama setan2 itu ? Israel dengan pelanggaran perang segudangpun PBB diam.,kenapa ada apa sih dengan israel kenapa semua seakan akan tunduk sama setan2 itu israel dengan pelanggaran perang segudangpun pbb diam
2-10822,Jewish,1,0,0.29125035,"Bgmn Hkm Mmbunuh Rkyt Sipil dlm Perang? Israel msh trs melancarkn serangannya kpd Palestina, baik mll darat maupun udara. Israel jg mnggunakan senjata2 yg dilarang o/ hkm internasional. Kndisi ini tntunya akan smakin mnambah jmlh korban sipil yg mninggal.",bgmn hkm mmbunuh rkyt sipil dlm perang israel msh terus melancarkn serangannya kpd palestina baik mll darat maupun udara israel juga mnggunakan senjata2 yang dilarang o hkm internasional kndisi ini tntunya akan smakin mnambah jmlh korban sipil yang mninggal
4-2203,LGBTQ+,1,0,0.29142457,FT UGM sebut larangan LGBT dipicu mahasiswa pakaian perempuan pakai toilet perempuan.,ft ugm sebut larangan lgbt dipicu mahasiswa pakaian perempuan pakai toilet perempuan
3-869,Jewish,1,0,0.29611024,"Itulah mengapa orang-orang Yahudi adalah kaum yang dimurkai, salah satunya membunuh orang-orang yang beriman kepada Allah",itulah mengapa orang orang yahudi adalah kaum yang dimurkai salah satunya membunuh orang orang yang beriman kepada allah
2-10481,Disabilitas,1,0,0.30389678,ORANG GILA SATU INI ADA AJA GEBRAKANNYAA,orang gila satu ini ada saja gebrakannyaa
2-7852,Disabilitas,1,0,0.3051844,Jika Anwar Usman terbukti langgar Etik berarti pencalonan Gibran cacat hukum dan etika dong.. Artinya Gibran Cawapres Cacat Hukum ?,jika anwar usman terbukti langgar etik berarti pencalonan gibran cacat hukum dan etika dong artinya gibran calon wakil presiden cacat hukum
2-7950,Jewish,1,0,0.3080849,israel ini emang setan sampe ke akarnya ya,israel ini memang setan sampe ke akarnya ya
1-2859,Jewish,1,0,0.3091638,"Produk Israel yang Mendunia, Tapi Kebunnya di Tanah Palestina",produk israel yang mendunia tapi kebunnya di tanah palestina
2-5099,Jewish,1,0,0.3159372,Dua kata lucu: Zionis pesek.,dua kata lucu zionis pesek
4-2854,Jewish,1,0,0.3166127,Fakta IsraHell hanya merampas tanah Palestina.. Yahudi sendiri bicara 🫵,fakta israhell hanya merampas tanah palestina yahudi sendiri bicara
1-40,Disabilitas,1,0,0.32185572,"Siapapun lawan yang akan kita hadapi, jangan gentar. Jika putusan MK tetap memperbolehkan pasang Prabowo-Gibran maju, tak masalah. Rakyat Indonesia cukup pintar, dan tidak mau memilih pasangan yg cacat moral politik. Mari bergerak lebih lincah meraih dukungan. S",siapapun lawan yang akan kita hadapi jangan gentar jika putusan mk tetap memperbolehkan pasang prabowo gibran maju tak masalah rakyat indonesia cukup pintar dan tidak mau memilih pasangan yang cacat moral politik mari bergerak lebih lincah meraih dukungan s
2-3456,"Jewish, Disabilitas",1,0,0.3234447,"cuma orang gila yg dukung israel, 0% humanity😔",cuma orang gila yang mendukung israel 0 humanity sedih
2-7812,Jewish,1,0,0.33785743,"[TITIK NADIR KEMANUSIAAN DI JALUR GAZA: PENINDASAN TAK BERKESUDAHAN ISRAEL TERHADAP PALESTINA] Konflik Palestina-Israel telah berlangsung selama 75 tahun. Pun, tak kunjung ada solusi untuk permasalahan yang telah menelan ratusan juta korban jiwa. #FreePalestineFromZionist",titik nadir kemanusiaan di jalur gaza penindasan tak berkesudahan israel terhadap palestina konflik palestina israel telah berlangsung selama 75 tahun pun tak kunjung ada solusi untuk permasalahan yang telah menelan ratusan juta korban jiwa
1-5060,LGBTQ+,1,0,0.35351315,"Kapten Sheffield United, Anel Ahmedhodžić, menolak mengenakan ban kapten pelangi di laga vs Liverpool tengah pekan kemarin.

Ia menjadi kapten pertama dalam 7 tahun terakhir yang menolak ikut dalam kampanye LGBT Premier League. ✋🏻 Kapten Sheffield United, Anel Ahmedhodžić, menolak mengenakan ban kapten pelangi di laga vs Liverpool tengah pekan kemarin.

Ia menjadi kapten pertama dalam 7 tahun terakhir yang menolak ikut dalam kampanye LGBT Premier League. ✋🏻",kapten sheffield united anel ahmedhodžić menolak mengenakan ban kapten pelangi di laga vs liverpool tengah pekan kemarin ia menjadi kapten pertama dalam 7 tahun terakhir yang menolak ikut dalam kampanye lgbt premier league berhenti kapten sheffield united anel ahmedhodžić menolak mengenakan ban kapten pelangi di laga vs liverpool tengah pekan kemarin ia menjadi kapten pertama dalam 7 tahun terakhir yang menolak ikut dalam kampanye lgbt premier league berhenti
3-589,Jewish,1,0,0.36183602,Apa yang harus kita lakukan jika melihat tentara Israel terdampar di Indonesia kelak? Bunuh!!!!!!,apa yang harus kita lakukan jika melihat tentara israel terdampar di indonesia kelak bunuh
1-4301,"Kristen, Jewish",1,0,0.363608,"Mana nih suaranya umat Kristen yg dihinakan , umatnya diintimidasi oleh zionis. Jika palestine dianggap kemanusiaan biasa Anda salah besar, karena zionis israel akan menjadi musuh semua umat beragama #IsraelAttack #IsraelTerorrist #GazaHospital #Gaza",mana ini suaranya umat kristen yang dihinakan umatnya diintimidasi oleh zionis jika palestine dianggap kemanusiaan biasa anda salah besar karena zionis israel akan menjadi musuh semua umat beragama
1-1506,UNKNOWN,1,0,0.38015312,"“Mulai Panas, Megawati Janji Akan Minum Baygon Jika Kalah Di Pilpres 2024”",mulai panas megawati janji akan minum baygon jika kalah di pemilu presiden 2024
1-5244,LGBTQ+,1,0,0.39898407,#Terpopuler Elon Musk buka-bukaan soal putranya yang kini jadi transgender wanita. Elon menyalahkan sekolah atas perubahan yang dialami sang putra.,elon musk buka bukaan soal putranya yang kini jadi transgender wanita elon menyalahkan sekolah atas perubahan yang dialami sang putra
2-5780,Disabilitas,1,0,0.40882105,Coba bertahan dengan pekerjaan yang isinya sinting semua,coba bertahan dengan pekerjaan yang isinya sinting semua
1-1052,Tionghoa,1,0,0.41062143,10 thn sdh Hutang ke cina Pabrik dari cina Pekerja dari cina Teknologi dari cina Ada yg bilang katanya ini PRIBUMI. MAU DI LANJUT apa PERUBAHAN.,10 tahun sudah hutang ke cina pabrik dari cina pekerja dari cina teknologi dari cina ada yang bilang katanya ini pribumi mau di lanjut apa perubahan
2-2782,Jewish,1,0,0.41111654,"Stuasi terkini, massa pendemo di Amerika terus bertahan, mengecam zionis penjajah #FreePalestineNow #FreePalaestine #FreePalestineFromIsrael #Gaza_Geniocide",stuasi terkini massa pendemo di amerika terus bertahan mengecam zionis penjajah
2-184,Jewish,1,0,0.4179164,boikot produk yang mendukung Israel adalah bentuk dukungan terhadap Palestina.,boikot produk yang mendukung israel adalah bentuk dukungan terhadap palestina
2-1794,Jewish,1,0,0.4259794,Catat Beli Produk Pendukung Israel Haram,catat beli produk pendukung israel haram
1-6237,Ahmadiyah,1,0,0.42718548,"Bismillahirrahmanirrahim Pengertian Manhaj Salaf/Salafi dan seputar tentang manhaj salaf : 👉SALAFI BUKANLAH SEKTE, ALIRAN, PARTAI ATAU ORGANISASI MASSA❗ 💥Sebagian orang mengira Salafi adalah sebuah sekte, aliran dll sebagaimana : 🔥Jama’ah Tabligh(Quba) 🔥Ahmadiyah 🔥Naqsabandiyah 🔥LDII dll 👉Atau bukan juga sebuah organisasi massa sebagaimana 💥NU 💥Muhammadiyah 💥PERSIS 💥Ikhwanul Muslimin 💥Hizbut Tahrir 💥Wahdah Islamiyah dll 🔷TANGGAPAN : Ini adalah salah ❗ ⭕ Salafi bukanlah sekte, aliran, partai atau organisasi massa dll. ⭕ Namun salafi adalah manhaj (metode beragama), yaitu berusaha mengikuti orang-orang terdahulu dalam cara beragama mereka yaitu Rasulullah shallallahu alaihi wa sallam, para sahabat, tabi'in, tabi'ut tabi'in dst dari para ulama yang telah mengikuti mereka dengan baik. ⭕ Salafi suka menjelaskan bahwa cara beragama harus berdasarkan dalil-dalil yang shohih, ada contohnya atau pernah diamalkan atau dipahami oleh Rasul dan para sahabatnya, para tabi'in dan ulama-ulama yang mengikuti jejak mereka, karena cara seperti itulah yang diinginkan Allah dan Rasul-Nya dalam beragama. ✖️Bukan oleh Syaikh Muhammad bin Abdul Wahab bersama saudaranya Imam Muhammad Bin Su’ud ✖️Tidak juga oleh Syaikhul Islam Ibnu Taimiyah dan murid-muridnya ✖️Bukan pula oleh Imam Mazhab yang empat ✖️Bukan pula oleh salah seorang tabi’in, bukan pula oleh sahabat, bukan pula oleh Nabi shallallahu ’alaihi wa sallam 👉Karena para Nabi dan orang sesudah mereka menyampaikan syariat yang berasal dari Allah Subhanahu Wa Ta'ala 🌿Oleh karena itu, tidak ada yang dapat dijadikan rujukan melainkan nash dan ijma' (Ushul Wa Qowaid Fii Manhajis Salaf) ♨️Oleh karena itu, dalam dakwah Salafiyyah tidak ada : ● Ketua umum Salafi ● Salafi Cabang Jogja ( ed : atau daerah lain nya ) ● Salafi Daerah ● Tata tertib Salafi ● AD ART Salafi ● Alur Kaderisasi Salafi ● Dan tidak ada muassis (tokoh pendiri) Salafi ● Tidak ada pendiri salafi melainkan Allah dan RosulNya ● Tidak ada AD ART Salafi melainkan Al qur'an dan Sunnah dengan pemahaman para sahabat Rasulullah ﷺ Semoga dapat dipahami Wallahu 'alam bissawaab.. Follow & gabung 👇 &id=102943485770767&mibextid=Nif5oz",bismillahirrahmanirrahim pengertian manhaj salaf salafi dan seputar tentang manhaj salaf kanan salafi bukanlah sekte aliran partai atau organisasi massa bom sebagian orang mengira salafi adalah sebuah sekte aliran dll sebagaimana panas jama ah tabligh quba panas ahmadiyah panas naqsabandiyah panas ldii dll kanan atau bukan juga sebuah organisasi massa sebagaimana bom nu bom muhammadiyah bom persis bom ikhwanul muslimin bom hizbut tahrir bom wahdah islamiyah dll tanggapan ini adalah salah salafi bukanlah sekte aliran partai atau organisasi massa dll namun salafi adalah manhaj metode beragama yaitu berusaha mengikuti orang orang terdahulu dalam cara beragama mereka yaitu rasulullah shallallahu alaihi wa sallam para sahabat tabi in tabi ut tabi in dst dari para ulama yang telah mengikuti mereka dengan baik salafi suka menjelaskan bahwa cara beragama harus berdasarkan dalil dalil yang shohih ada contohnya atau pernah diamalkan atau dipahami oleh rasul dan para sahabatnya para tabi in dan ulama ulama yang mengikuti jejak mereka karena cara seperti itulah yang diinginkan allah dan rasul nya dalam beragama bukan oleh syaikh muhammad bin abdul wahab bersama saudaranya imam muhammad bin su ud tidak juga oleh syaikhul islam ibnu taimiyah dan murid muridnya bukan pula oleh imam mazhab yang empat bukan pula oleh salah seorang tabi in bukan pula oleh sahabat bukan pula oleh nabi shallallahu alaihi wa sallam kanan karena para nabi dan orang sesudah mereka menyampaikan syariat yang berasal dari allah subhanahu wa ta ala oleh karena itu tidak ada yang dapat dijadikan rujukan melainkan nash dan ijma ushul wa qowaid fii manhajis salaf oleh karena itu dalam dakwah salafiyyah tidak ada ketua umum salafi salafi cabang jogja ed atau daerah lain nya salafi daerah tata tertib salafi ad art salafi alur kaderisasi salafi dan tidak ada muassis tokoh pendiri salafi tidak ada pendiri salafi melainkan allah dan rosulnya tidak ada ad art salafi melainkan al qur an dan sunnah dengan pemahaman para sahabat rasulullah ﷺ semoga dapat dipahami wallahu alam bissawaab follow gabung bawah id io2gaeabsttot6t mibextid nifsoz
2-7730,Jewish,1,0,0.42801797,Kapal induk sipaling ikut campur dikabarkan menuju Israel 🙄 #غزة_الآن #طوفان_الأقصى #طوفان_الاقصى_ #Gaza,kapal induk sipaling ikut campur dikabarkan menuju israel sebal
1-6132,Ahmadiyah,1,0,0.43207374,"Bismillahirrahmanirrahim Assalamualaikum warahmatullahi wabarakaatuh. *Pengertian Manhaj Salaf/Salafi Dan Seputar Tentang Manhaj Salaf :* SALAFI BUKANLAH SEKTE, ALIRAN, PARTAI ATAU ORGANISASI MASSA❗ Sebagian orang mengira Salafi adalah sebuah sekte, aliran dll sebagaimana : Jama’ah Tabligh(Quba) Ahmadiyah Naqsabandiyah LDII dll Atau bukan juga sebuah organisasi massa sebagaimana : NU Muhammadiyah PERSIS Ikhwanul Muslimin Hizbut Tahrir Wahdah Islamiyah, dll 🔷TANGGAPAN : Ini adalah salah ❗ ⭕ Salafi bukanlah sekte, aliran, partai atau organisasi massa dll. ⭕ Namun salafi adalah manhaj (metode beragama), yaitu berusaha mengikuti orang-orang terdahulu dalam cara beragama mereka yaitu Rasulullah shallallahu alaihi wa sallam, para sahabat, tabi'in, tabi'ut tabi'in dst dari para ulama yang telah mengikuti mereka dengan baik. ✖️Bukan oleh Syaikh Muhammad bin Abdul Wahab bersama saudaranya Imam Muhammad Bin Su’ud ✖️Tidak juga oleh Syaikhul Islam Ibnu Taimiyah dan murid-muridnya ✖️Bukan pula oleh Imam Mazhab yang empat ✖️Bukan pula oleh salah seorang tabi’in, bukan pula oleh sahabat, bukan pula oleh Nabi shallallahu ’alaihi wa sallam Karena para Nabi dan orang sesudah mereka menyampaikan syariat yang berasal dari Allah Subhanahu Wa Ta'ala Oleh karena itu, tidak ada yang dapat dijadikan rujukan melainkan nash dan ijma' (Ushul Wa Qowaid Fii Manhajis Salaf) Oleh karena itu, dalam dakwah Salafiyyah tidak ada : ● Ketua umum Salafi ● Salafi Cabang Jogja ( ed : atau daerah lain nya ) ● Salafi Daerah ● Tata tertib Salafi ● AD ART Salafi ● Alur Kaderisasi Salafi ● Dan tidak ada muassis (tokoh pendiri) Salafi ● Tidak ada pendiri salafi melainkan Allah dan RosulNya ● Tidak ada AD ART Salafi melainkan Al qur'an dan Sunnah dengan pemahaman para sahabat Rasulullah ﷺ Semoga dapat dipahami Wallahu 'alam bissawaab.. Baarakallahu fikum @IslamAdaahSunaah.",bismillahirrahmanirrahim assalamualaikum warahmatullahi wabarakaatuh pengertian manhaj salaf salafi dan seputar tentang manhaj salaf salafi bukanlah sekte aliran partai atau organisasi massa sebagian orang mengira salafi adalah sebuah sekte aliran dll sebagaimana jama ah tabligh quba ahmadiyah naqsabandiyah ldii dll atau bukan juga sebuah organisasi massa sebagaimana nu muhammadiyah persis ikhwanul muslimin hizbut tahrir wahdah islamiyah dll tanggapan ini adalah salah salafi bukanlah sekte aliran partai atau organisasi massa dll namun salafi adalah manhaj metode beragama yaitu berusaha mengikuti orang orang terdahulu dalam cara beragama mereka yaitu rasulullah shallallahu alaihi wa sallam para sahabat tabi in tabi ut tabi in dst dari para ulama yang telah mengikuti mereka dengan baik bukan oleh syaikh muhammad bin abdul wahab bersama saudaranya imam muhammad bin su ud tidak juga oleh syaikhul islam ibnu taimiyah dan murid muridnya bukan pula oleh imam mazhab yang empat bukan pula oleh salah seorang tabi in bukan pula oleh sahabat bukan pula oleh nabi shallallahu alaihi wa sallam karena para nabi dan orang sesudah mereka menyampaikan syariat yang berasal dari allah subhanahu wa ta ala oleh karena itu tidak ada yang dapat dijadikan rujukan melainkan nash dan ijma ushul wa qowaid fii manhajis salaf oleh karena itu dalam dakwah salafiyyah tidak ada ketua umum salafi salafi cabang jogja ed atau daerah lain nya salafi daerah tata tertib salafi ad art salafi alur kaderisasi salafi dan tidak ada muassis tokoh pendiri salafi tidak ada pendiri salafi melainkan allah dan rosulnya tidak ada ad art salafi melainkan al qur an dan sunnah dengan pemahaman para sahabat rasulullah ﷺ semoga dapat dipahami wallahu alam bissawaab baarakallahu fikum
2-36,Jewish,1,0,0.43358195,Eks FPI di Sumut Jagokan Anies Kompas Umur 13 Kompas Teroris Qontol Djaja Belanda Russia Israel Ozil Iran Hamas Taliban,eks fpi di sumut jagokan anies kompas umur 13 kompas teroris qontol djaja belanda russia israel ozil iran hamas taliban
4-617,Rohingya,1,0,0.43501508,"Kalo dibiarkan di Indonesia Hei para pemuda, terutama warga aceh, sidoarjo, makasar, pekanbaru dan seluruh warga indonesia Kalo kelak tanah air tercinta kita diminta rohingya??!!apa kalian terima Ayooo kompak usir rohingya dari sekarang daripada kita dan anak cucu kita kelak yg akan diusir mereka",kalo dibiarkan di indonesia hei para pemuda terutama warga aceh sidoarjo makasar pekanbaru dan seluruh warga indonesia kalo kelak tanah air tercinta kita diminta rohingya apa kalian terima ayoo kompak usir rohingya dari sekarang daripada kita dan anak cucu kita kelak yang akan diusir mereka
1-5533,UNKNOWN,1,0,0.43516934,Dalam Video Ini Prajurit dan Roket akan Dikirim Presiden Jokowi ke Palestina,dalam video ini prajurit dan roket akan dikirim presiden jokowi ke palestina
2-10147,Jewish,1,0,0.45701635,Zionis israel makin hari makin keliatan kelakuannya kek dajjal,zionis israel makin hari makin keliatan kelakuannya kayak dajjal
2-1813,LGBTQ+,1,0,0.4605051,Betah lgbt 15 M coldplay sange kebangun tidur udah bugil Open vcs bugil dah siap say Minat wa 085269249175 #vcs,betah lgbt 15 m coldplay sange kebangun tidur sudah bugil open vcs bugil dah siap saya minat wa 085269249175
3-56,Jewish,1,0,0.4651817,Semoga anak2 dan bayi yang selamat dari reruntuhan setelah di bombardir zionis Israel Allah sehatakan yang kelak akan menjadi penerus bela Al-Aqsha Palestina.,semoga anak2 dan bayi yang selamat dari reruntuhan setelah di bombardir zionis israel allah sehatakan yang kelak akan menjadi penerus bela al aqsha palestina
4-714,Tionghoa,1,0,0.46559447,"@sniperruben45 @Kimberley_2024 Siapa bilang sejak merdeka,.presiden itu org Jawa? Soeharto, China BJ, Habibie dari mana? Baru kali ini aku lht, org Batak bodoh, wkwkwk",asniperrubenas akimberley_2o2a siapa bilang sejak merdeka presiden itu org jawa soeharto cina bj habibie dari mana baru kali ini aku lht org batak bodoh tertawa wk
4-2447,Disabilitas,1,0,0.47099757,@unmagnetism Udah gila ajg reply²nya,sudah gila ajg reply²nya
2-2153,Disabilitas,1,0,0.47328192,@IndiHomeCare bales dm dong elah cs pada makan gaji buta apa gmn si,bales dm dong elah cs pada makan gaji buta apa bagaimana si
2-12387,Jewish,1,0,0.47737494,Semoga doa kita semua bisa membebaskan dan selamatkan Palestine ... Dan semoga Zionis Israel hancur ://,semoga doa kita semua bisa membebaskan dan selamatkan palestine dan semoga zionis israel hancur
1-3752,Disabilitas,1,0,0.4881066,COWOK GILA MEMANG [eric],cowok gila memang eric
1-2636,"Jewish, Disabilitas",1,0,0.4889902,"Serangan Israel ke Jalur Gaza terus menggila dan membabi buta. Gelombang protes pro-Palestina pun pecah di berbagai penjuru dunia. Demonstrasi pro-Palestina itu terjadi di Indonesia, Turki, Inggris, Perancis, Malaysia, Swedia, hingga Amerika Serikat.",serangan israel ke jalur gaza terus menggila dan membabi buta gelombang protes pro palestina pun pecah di berbagai penjuru dunia demonstrasi pro palestina itu terjadi di indonesia turki inggris perancis malaysia swedia hingga amerika serikat
2-2648,Disabilitas,1,0,0.4931862,ada gila gilanya kalo kata gua,ada gila gilanya kalo kata gua
2-2354,Disabilitas,1,0,0.49348792,gila ya laki-laki padahal ppnya sama perempuan tp masih aja gatel,gila ya laki laki padahal ppnya sama perempuan tapi masih saja gatel
3-2829,"Jewish, Rohingya",1,0,0.49429715,"HECERSANS HERASABONTTROTED PESTROTE DUR FAMILIE DESTROY OUR HOPE @ranahfakta Ketika para pengungsi Yahudi tiba di Palestina dengan membawa spanduk yang bertuliskan ""Orang-orang Jerman telah menghancurkan rumah dan keluarga kami, jangan hancurkan harapan kami"". #Repost @ (Berita Internasional) 
_
Jujur jadi rispek 🫡 sama om kumis jika melihat kelakuan mereka seperti ini karena cuma beliau yg bisa melawan meraka sampai kocar kacir dan terbirit birit.",hecersans herasabonttroted pestrote dur familie destroy our hope ketika para pengungsi yahudi tiba di palestina dengan membawa spanduk yang bertuliskan orang orang jerman telah menghancurkan rumah dan keluarga kami jangan hancurkan harapan kami berita internasional _ jujur jadi rispek sama om kumis jika melihat kelakuan mereka seperti ini karena cuma beliau yang bisa melawan meraka sampai kocar kacir dan terbirit birit
